{"timestamp":"2026-02-22T03:00:36.553836Z","level":"info","event":"Filling up the DagBag from /opt/airflow/dags/branch_pipeline.py","logger":"airflow.models.dagbag.BundleDagBag","filename":"dagbag.py","lineno":593}
{"timestamp":"2026-02-22T03:00:36.857993Z","level":"warning","event":"The `airflow.decorators.dag` attribute is deprecated. Please use `'airflow.sdk.dag'`.","category":"DeprecatedImportWarning","filename":"/opt/airflow/dags/branch_pipeline.py","lineno":1,"logger":"py.warnings"}
{"timestamp":"2026-02-22T03:00:36.859041Z","level":"warning","event":"The `airflow.decorators.task` attribute is deprecated. Please use `'airflow.sdk.task'`.","category":"DeprecatedImportWarning","filename":"/opt/airflow/dags/branch_pipeline.py","lineno":1,"logger":"py.warnings"}
{"timestamp":"2026-02-22T03:00:36.859590Z","level":"warning","event":"The `airflow.operators.python.BranchPythonOperator` attribute is deprecated. Please use `'airflow.providers.standard.operators.python.BranchPythonOperator'`.","category":"DeprecatedImportWarning","filename":"/opt/airflow/dags/branch_pipeline.py","lineno":2,"logger":"py.warnings"}
{"timestamp":"2026-02-22T03:00:36.859805Z","level":"warning","event":"The `airflow.operators.bash.BashOperator` attribute is deprecated. Please use `'airflow.providers.standard.operators.bash.BashOperator'`.","category":"DeprecatedImportWarning","filename":"/opt/airflow/dags/branch_pipeline.py","lineno":3,"logger":"py.warnings"}
{"timestamp":"2026-02-22T03:01:08.850884Z","level":"info","event":"Filling up the DagBag from /opt/airflow/dags/branch_pipeline.py","logger":"airflow.models.dagbag.BundleDagBag","filename":"dagbag.py","lineno":593}
{"timestamp":"2026-02-22T03:01:09.136239Z","level":"warning","event":"The `airflow.decorators.dag` attribute is deprecated. Please use `'airflow.sdk.dag'`.","category":"DeprecatedImportWarning","filename":"/opt/airflow/dags/branch_pipeline.py","lineno":1,"logger":"py.warnings"}
{"timestamp":"2026-02-22T03:01:09.137350Z","level":"warning","event":"The `airflow.decorators.task` attribute is deprecated. Please use `'airflow.sdk.task'`.","category":"DeprecatedImportWarning","filename":"/opt/airflow/dags/branch_pipeline.py","lineno":1,"logger":"py.warnings"}
{"timestamp":"2026-02-22T03:01:09.137665Z","level":"warning","event":"The `airflow.operators.python.BranchPythonOperator` attribute is deprecated. Please use `'airflow.providers.standard.operators.python.BranchPythonOperator'`.","category":"DeprecatedImportWarning","filename":"/opt/airflow/dags/branch_pipeline.py","lineno":2,"logger":"py.warnings"}
{"timestamp":"2026-02-22T03:01:09.137919Z","level":"warning","event":"The `airflow.operators.bash.BashOperator` attribute is deprecated. Please use `'airflow.providers.standard.operators.bash.BashOperator'`.","category":"DeprecatedImportWarning","filename":"/opt/airflow/dags/branch_pipeline.py","lineno":3,"logger":"py.warnings"}
{"timestamp":"2026-02-22T03:01:40.003729Z","level":"info","event":"Filling up the DagBag from /opt/airflow/dags/branch_pipeline.py","logger":"airflow.models.dagbag.BundleDagBag","filename":"dagbag.py","lineno":593}
{"timestamp":"2026-02-22T03:01:40.291968Z","level":"warning","event":"The `airflow.decorators.dag` attribute is deprecated. Please use `'airflow.sdk.dag'`.","category":"DeprecatedImportWarning","filename":"/opt/airflow/dags/branch_pipeline.py","lineno":1,"logger":"py.warnings"}
{"timestamp":"2026-02-22T03:01:40.292539Z","level":"warning","event":"The `airflow.decorators.task` attribute is deprecated. Please use `'airflow.sdk.task'`.","category":"DeprecatedImportWarning","filename":"/opt/airflow/dags/branch_pipeline.py","lineno":1,"logger":"py.warnings"}
{"timestamp":"2026-02-22T03:01:40.292883Z","level":"warning","event":"The `airflow.operators.python.BranchPythonOperator` attribute is deprecated. Please use `'airflow.providers.standard.operators.python.BranchPythonOperator'`.","category":"DeprecatedImportWarning","filename":"/opt/airflow/dags/branch_pipeline.py","lineno":2,"logger":"py.warnings"}
{"timestamp":"2026-02-22T03:01:40.293122Z","level":"warning","event":"The `airflow.operators.bash.BashOperator` attribute is deprecated. Please use `'airflow.providers.standard.operators.bash.BashOperator'`.","category":"DeprecatedImportWarning","filename":"/opt/airflow/dags/branch_pipeline.py","lineno":3,"logger":"py.warnings"}
{"timestamp":"2026-02-22T03:02:14.110121Z","level":"info","event":"Filling up the DagBag from /opt/airflow/dags/branch_pipeline.py","logger":"airflow.models.dagbag.BundleDagBag","filename":"dagbag.py","lineno":593}
{"timestamp":"2026-02-22T03:02:14.606052Z","level":"warning","event":"The `airflow.decorators.dag` attribute is deprecated. Please use `'airflow.sdk.dag'`.","category":"DeprecatedImportWarning","filename":"/opt/airflow/dags/branch_pipeline.py","lineno":1,"logger":"py.warnings"}
{"timestamp":"2026-02-22T03:02:14.607522Z","level":"warning","event":"The `airflow.decorators.task` attribute is deprecated. Please use `'airflow.sdk.task'`.","category":"DeprecatedImportWarning","filename":"/opt/airflow/dags/branch_pipeline.py","lineno":1,"logger":"py.warnings"}
{"timestamp":"2026-02-22T03:02:14.608233Z","level":"warning","event":"The `airflow.operators.python.BranchPythonOperator` attribute is deprecated. Please use `'airflow.providers.standard.operators.python.BranchPythonOperator'`.","category":"DeprecatedImportWarning","filename":"/opt/airflow/dags/branch_pipeline.py","lineno":2,"logger":"py.warnings"}
{"timestamp":"2026-02-22T03:02:14.608674Z","level":"warning","event":"The `airflow.operators.bash.BashOperator` attribute is deprecated. Please use `'airflow.providers.standard.operators.bash.BashOperator'`.","category":"DeprecatedImportWarning","filename":"/opt/airflow/dags/branch_pipeline.py","lineno":3,"logger":"py.warnings"}
{"timestamp":"2026-02-22T03:02:44.974769Z","level":"info","event":"Filling up the DagBag from /opt/airflow/dags/branch_pipeline.py","logger":"airflow.models.dagbag.BundleDagBag","filename":"dagbag.py","lineno":593}
{"timestamp":"2026-02-22T03:02:45.044064Z","level":"warning","event":"The `airflow.decorators.dag` attribute is deprecated. Please use `'airflow.sdk.dag'`.","category":"DeprecatedImportWarning","filename":"/opt/airflow/dags/branch_pipeline.py","lineno":1,"logger":"py.warnings"}
{"timestamp":"2026-02-22T03:02:45.044452Z","level":"warning","event":"The `airflow.decorators.task` attribute is deprecated. Please use `'airflow.sdk.task'`.","category":"DeprecatedImportWarning","filename":"/opt/airflow/dags/branch_pipeline.py","lineno":1,"logger":"py.warnings"}
{"timestamp":"2026-02-22T03:02:45.044661Z","level":"warning","event":"The `airflow.operators.python.BranchPythonOperator` attribute is deprecated. Please use `'airflow.providers.standard.operators.python.BranchPythonOperator'`.","category":"DeprecatedImportWarning","filename":"/opt/airflow/dags/branch_pipeline.py","lineno":2,"logger":"py.warnings"}
{"timestamp":"2026-02-22T03:02:45.044797Z","level":"warning","event":"The `airflow.operators.bash.BashOperator` attribute is deprecated. Please use `'airflow.providers.standard.operators.bash.BashOperator'`.","category":"DeprecatedImportWarning","filename":"/opt/airflow/dags/branch_pipeline.py","lineno":3,"logger":"py.warnings"}
{"timestamp":"2026-02-22T03:03:15.776246Z","level":"info","event":"Filling up the DagBag from /opt/airflow/dags/branch_pipeline.py","logger":"airflow.models.dagbag.BundleDagBag","filename":"dagbag.py","lineno":593}
{"timestamp":"2026-02-22T03:03:15.903621Z","level":"warning","event":"The `airflow.decorators.dag` attribute is deprecated. Please use `'airflow.sdk.dag'`.","category":"DeprecatedImportWarning","filename":"/opt/airflow/dags/branch_pipeline.py","lineno":1,"logger":"py.warnings"}
{"timestamp":"2026-02-22T03:03:15.904306Z","level":"warning","event":"The `airflow.decorators.task` attribute is deprecated. Please use `'airflow.sdk.task'`.","category":"DeprecatedImportWarning","filename":"/opt/airflow/dags/branch_pipeline.py","lineno":1,"logger":"py.warnings"}
{"timestamp":"2026-02-22T03:03:15.904602Z","level":"warning","event":"The `airflow.operators.python.BranchPythonOperator` attribute is deprecated. Please use `'airflow.providers.standard.operators.python.BranchPythonOperator'`.","category":"DeprecatedImportWarning","filename":"/opt/airflow/dags/branch_pipeline.py","lineno":2,"logger":"py.warnings"}
{"timestamp":"2026-02-22T03:03:15.904799Z","level":"warning","event":"The `airflow.operators.bash.BashOperator` attribute is deprecated. Please use `'airflow.providers.standard.operators.bash.BashOperator'`.","category":"DeprecatedImportWarning","filename":"/opt/airflow/dags/branch_pipeline.py","lineno":3,"logger":"py.warnings"}
{"timestamp":"2026-02-22T03:15:16.632535Z","level":"info","event":"Filling up the DagBag from /opt/airflow/dags/branch_pipeline.py","logger":"airflow.models.dagbag.BundleDagBag","filename":"dagbag.py","lineno":593}
{"timestamp":"2026-02-22T03:15:17.189739Z","level":"warning","event":"The `airflow.decorators.dag` attribute is deprecated. Please use `'airflow.sdk.dag'`.","category":"DeprecatedImportWarning","filename":"/opt/airflow/dags/branch_pipeline.py","lineno":1,"logger":"py.warnings"}
{"timestamp":"2026-02-22T03:15:17.190218Z","level":"warning","event":"The `airflow.decorators.task` attribute is deprecated. Please use `'airflow.sdk.task'`.","category":"DeprecatedImportWarning","filename":"/opt/airflow/dags/branch_pipeline.py","lineno":1,"logger":"py.warnings"}
{"timestamp":"2026-02-22T03:15:17.190416Z","level":"warning","event":"The `airflow.operators.python.BranchPythonOperator` attribute is deprecated. Please use `'airflow.providers.standard.operators.python.BranchPythonOperator'`.","category":"DeprecatedImportWarning","filename":"/opt/airflow/dags/branch_pipeline.py","lineno":2,"logger":"py.warnings"}
{"timestamp":"2026-02-22T03:15:17.190590Z","level":"warning","event":"The `airflow.operators.bash.BashOperator` attribute is deprecated. Please use `'airflow.providers.standard.operators.bash.BashOperator'`.","category":"DeprecatedImportWarning","filename":"/opt/airflow/dags/branch_pipeline.py","lineno":3,"logger":"py.warnings"}
{"timestamp":"2026-02-22T03:15:47.837395Z","level":"info","event":"Filling up the DagBag from /opt/airflow/dags/branch_pipeline.py","logger":"airflow.models.dagbag.BundleDagBag","filename":"dagbag.py","lineno":593}
{"timestamp":"2026-02-22T03:15:47.893879Z","level":"warning","event":"The `airflow.decorators.dag` attribute is deprecated. Please use `'airflow.sdk.dag'`.","category":"DeprecatedImportWarning","filename":"/opt/airflow/dags/branch_pipeline.py","lineno":1,"logger":"py.warnings"}
{"timestamp":"2026-02-22T03:15:47.894089Z","level":"warning","event":"The `airflow.decorators.task` attribute is deprecated. Please use `'airflow.sdk.task'`.","category":"DeprecatedImportWarning","filename":"/opt/airflow/dags/branch_pipeline.py","lineno":1,"logger":"py.warnings"}
{"timestamp":"2026-02-22T03:15:47.894154Z","level":"warning","event":"The `airflow.operators.python.BranchPythonOperator` attribute is deprecated. Please use `'airflow.providers.standard.operators.python.BranchPythonOperator'`.","category":"DeprecatedImportWarning","filename":"/opt/airflow/dags/branch_pipeline.py","lineno":2,"logger":"py.warnings"}
{"timestamp":"2026-02-22T03:15:47.894203Z","level":"warning","event":"The `airflow.operators.bash.BashOperator` attribute is deprecated. Please use `'airflow.providers.standard.operators.bash.BashOperator'`.","category":"DeprecatedImportWarning","filename":"/opt/airflow/dags/branch_pipeline.py","lineno":3,"logger":"py.warnings"}
{"timestamp":"2026-02-22T03:16:18.440478Z","level":"info","event":"Filling up the DagBag from /opt/airflow/dags/branch_pipeline.py","logger":"airflow.models.dagbag.BundleDagBag","filename":"dagbag.py","lineno":593}
{"timestamp":"2026-02-22T03:16:18.502575Z","level":"warning","event":"The `airflow.decorators.dag` attribute is deprecated. Please use `'airflow.sdk.dag'`.","category":"DeprecatedImportWarning","filename":"/opt/airflow/dags/branch_pipeline.py","lineno":1,"logger":"py.warnings"}
{"timestamp":"2026-02-22T03:16:18.502910Z","level":"warning","event":"The `airflow.decorators.task` attribute is deprecated. Please use `'airflow.sdk.task'`.","category":"DeprecatedImportWarning","filename":"/opt/airflow/dags/branch_pipeline.py","lineno":1,"logger":"py.warnings"}
{"timestamp":"2026-02-22T03:16:18.503305Z","level":"warning","event":"The `airflow.operators.python.BranchPythonOperator` attribute is deprecated. Please use `'airflow.providers.standard.operators.python.BranchPythonOperator'`.","category":"DeprecatedImportWarning","filename":"/opt/airflow/dags/branch_pipeline.py","lineno":2,"logger":"py.warnings"}
{"timestamp":"2026-02-22T03:16:18.503618Z","level":"warning","event":"The `airflow.operators.bash.BashOperator` attribute is deprecated. Please use `'airflow.providers.standard.operators.bash.BashOperator'`.","category":"DeprecatedImportWarning","filename":"/opt/airflow/dags/branch_pipeline.py","lineno":3,"logger":"py.warnings"}
{"timestamp":"2026-02-22T03:16:48.833314Z","level":"info","event":"Filling up the DagBag from /opt/airflow/dags/branch_pipeline.py","logger":"airflow.models.dagbag.BundleDagBag","filename":"dagbag.py","lineno":593}
{"timestamp":"2026-02-22T03:16:48.875384Z","level":"warning","event":"The `airflow.decorators.dag` attribute is deprecated. Please use `'airflow.sdk.dag'`.","category":"DeprecatedImportWarning","filename":"/opt/airflow/dags/branch_pipeline.py","lineno":1,"logger":"py.warnings"}
{"timestamp":"2026-02-22T03:16:48.875566Z","level":"warning","event":"The `airflow.decorators.task` attribute is deprecated. Please use `'airflow.sdk.task'`.","category":"DeprecatedImportWarning","filename":"/opt/airflow/dags/branch_pipeline.py","lineno":1,"logger":"py.warnings"}
{"timestamp":"2026-02-22T03:16:48.875635Z","level":"warning","event":"The `airflow.operators.python.BranchPythonOperator` attribute is deprecated. Please use `'airflow.providers.standard.operators.python.BranchPythonOperator'`.","category":"DeprecatedImportWarning","filename":"/opt/airflow/dags/branch_pipeline.py","lineno":2,"logger":"py.warnings"}
{"timestamp":"2026-02-22T03:16:48.875681Z","level":"warning","event":"The `airflow.operators.bash.BashOperator` attribute is deprecated. Please use `'airflow.providers.standard.operators.bash.BashOperator'`.","category":"DeprecatedImportWarning","filename":"/opt/airflow/dags/branch_pipeline.py","lineno":3,"logger":"py.warnings"}
{"timestamp":"2026-02-22T03:17:19.893022Z","level":"info","event":"Filling up the DagBag from /opt/airflow/dags/branch_pipeline.py","logger":"airflow.models.dagbag.BundleDagBag","filename":"dagbag.py","lineno":593}
{"timestamp":"2026-02-22T03:17:19.949015Z","level":"warning","event":"The `airflow.decorators.dag` attribute is deprecated. Please use `'airflow.sdk.dag'`.","category":"DeprecatedImportWarning","filename":"/opt/airflow/dags/branch_pipeline.py","lineno":1,"logger":"py.warnings"}
{"timestamp":"2026-02-22T03:17:19.949214Z","level":"warning","event":"The `airflow.decorators.task` attribute is deprecated. Please use `'airflow.sdk.task'`.","category":"DeprecatedImportWarning","filename":"/opt/airflow/dags/branch_pipeline.py","lineno":1,"logger":"py.warnings"}
{"timestamp":"2026-02-22T03:17:19.949288Z","level":"warning","event":"The `airflow.operators.python.BranchPythonOperator` attribute is deprecated. Please use `'airflow.providers.standard.operators.python.BranchPythonOperator'`.","category":"DeprecatedImportWarning","filename":"/opt/airflow/dags/branch_pipeline.py","lineno":2,"logger":"py.warnings"}
{"timestamp":"2026-02-22T03:17:19.949343Z","level":"warning","event":"The `airflow.operators.bash.BashOperator` attribute is deprecated. Please use `'airflow.providers.standard.operators.bash.BashOperator'`.","category":"DeprecatedImportWarning","filename":"/opt/airflow/dags/branch_pipeline.py","lineno":3,"logger":"py.warnings"}
{"timestamp":"2026-02-22T03:17:50.755324Z","level":"info","event":"Filling up the DagBag from /opt/airflow/dags/branch_pipeline.py","logger":"airflow.models.dagbag.BundleDagBag","filename":"dagbag.py","lineno":593}
{"timestamp":"2026-02-22T03:17:50.792747Z","level":"warning","event":"The `airflow.decorators.dag` attribute is deprecated. Please use `'airflow.sdk.dag'`.","category":"DeprecatedImportWarning","filename":"/opt/airflow/dags/branch_pipeline.py","lineno":1,"logger":"py.warnings"}
{"timestamp":"2026-02-22T03:17:50.792871Z","level":"warning","event":"The `airflow.decorators.task` attribute is deprecated. Please use `'airflow.sdk.task'`.","category":"DeprecatedImportWarning","filename":"/opt/airflow/dags/branch_pipeline.py","lineno":1,"logger":"py.warnings"}
{"timestamp":"2026-02-22T03:17:50.792927Z","level":"warning","event":"The `airflow.operators.python.BranchPythonOperator` attribute is deprecated. Please use `'airflow.providers.standard.operators.python.BranchPythonOperator'`.","category":"DeprecatedImportWarning","filename":"/opt/airflow/dags/branch_pipeline.py","lineno":2,"logger":"py.warnings"}
{"timestamp":"2026-02-22T03:17:50.792969Z","level":"warning","event":"The `airflow.operators.bash.BashOperator` attribute is deprecated. Please use `'airflow.providers.standard.operators.bash.BashOperator'`.","category":"DeprecatedImportWarning","filename":"/opt/airflow/dags/branch_pipeline.py","lineno":3,"logger":"py.warnings"}
{"timestamp":"2026-02-22T03:18:21.153313Z","level":"info","event":"Filling up the DagBag from /opt/airflow/dags/branch_pipeline.py","logger":"airflow.models.dagbag.BundleDagBag","filename":"dagbag.py","lineno":593}
{"timestamp":"2026-02-22T03:18:21.211783Z","level":"warning","event":"The `airflow.decorators.dag` attribute is deprecated. Please use `'airflow.sdk.dag'`.","category":"DeprecatedImportWarning","filename":"/opt/airflow/dags/branch_pipeline.py","lineno":1,"logger":"py.warnings"}
{"timestamp":"2026-02-22T03:18:21.211935Z","level":"warning","event":"The `airflow.decorators.task` attribute is deprecated. Please use `'airflow.sdk.task'`.","category":"DeprecatedImportWarning","filename":"/opt/airflow/dags/branch_pipeline.py","lineno":1,"logger":"py.warnings"}
{"timestamp":"2026-02-22T03:18:21.212001Z","level":"warning","event":"The `airflow.operators.python.BranchPythonOperator` attribute is deprecated. Please use `'airflow.providers.standard.operators.python.BranchPythonOperator'`.","category":"DeprecatedImportWarning","filename":"/opt/airflow/dags/branch_pipeline.py","lineno":2,"logger":"py.warnings"}
{"timestamp":"2026-02-22T03:18:21.212085Z","level":"warning","event":"The `airflow.operators.bash.BashOperator` attribute is deprecated. Please use `'airflow.providers.standard.operators.bash.BashOperator'`.","category":"DeprecatedImportWarning","filename":"/opt/airflow/dags/branch_pipeline.py","lineno":3,"logger":"py.warnings"}
{"timestamp":"2026-02-22T03:18:51.380448Z","level":"info","event":"Filling up the DagBag from /opt/airflow/dags/branch_pipeline.py","logger":"airflow.models.dagbag.BundleDagBag","filename":"dagbag.py","lineno":593}
{"timestamp":"2026-02-22T03:18:51.417612Z","level":"warning","event":"The `airflow.decorators.dag` attribute is deprecated. Please use `'airflow.sdk.dag'`.","category":"DeprecatedImportWarning","filename":"/opt/airflow/dags/branch_pipeline.py","lineno":1,"logger":"py.warnings"}
{"timestamp":"2026-02-22T03:18:51.417737Z","level":"warning","event":"The `airflow.decorators.task` attribute is deprecated. Please use `'airflow.sdk.task'`.","category":"DeprecatedImportWarning","filename":"/opt/airflow/dags/branch_pipeline.py","lineno":1,"logger":"py.warnings"}
{"timestamp":"2026-02-22T03:18:51.417792Z","level":"warning","event":"The `airflow.operators.python.BranchPythonOperator` attribute is deprecated. Please use `'airflow.providers.standard.operators.python.BranchPythonOperator'`.","category":"DeprecatedImportWarning","filename":"/opt/airflow/dags/branch_pipeline.py","lineno":2,"logger":"py.warnings"}
{"timestamp":"2026-02-22T03:18:51.417834Z","level":"warning","event":"The `airflow.operators.bash.BashOperator` attribute is deprecated. Please use `'airflow.providers.standard.operators.bash.BashOperator'`.","category":"DeprecatedImportWarning","filename":"/opt/airflow/dags/branch_pipeline.py","lineno":3,"logger":"py.warnings"}
{"timestamp":"2026-02-22T03:19:21.617443Z","level":"info","event":"Filling up the DagBag from /opt/airflow/dags/branch_pipeline.py","logger":"airflow.models.dagbag.BundleDagBag","filename":"dagbag.py","lineno":593}
{"timestamp":"2026-02-22T03:19:21.661902Z","level":"warning","event":"The `airflow.decorators.dag` attribute is deprecated. Please use `'airflow.sdk.dag'`.","category":"DeprecatedImportWarning","filename":"/opt/airflow/dags/branch_pipeline.py","lineno":1,"logger":"py.warnings"}
{"timestamp":"2026-02-22T03:19:21.662045Z","level":"warning","event":"The `airflow.decorators.task` attribute is deprecated. Please use `'airflow.sdk.task'`.","category":"DeprecatedImportWarning","filename":"/opt/airflow/dags/branch_pipeline.py","lineno":1,"logger":"py.warnings"}
{"timestamp":"2026-02-22T03:19:21.662107Z","level":"warning","event":"The `airflow.operators.python.BranchPythonOperator` attribute is deprecated. Please use `'airflow.providers.standard.operators.python.BranchPythonOperator'`.","category":"DeprecatedImportWarning","filename":"/opt/airflow/dags/branch_pipeline.py","lineno":2,"logger":"py.warnings"}
{"timestamp":"2026-02-22T03:19:21.662270Z","level":"warning","event":"The `airflow.operators.bash.BashOperator` attribute is deprecated. Please use `'airflow.providers.standard.operators.bash.BashOperator'`.","category":"DeprecatedImportWarning","filename":"/opt/airflow/dags/branch_pipeline.py","lineno":3,"logger":"py.warnings"}
{"timestamp":"2026-02-22T03:19:51.927057Z","level":"info","event":"Filling up the DagBag from /opt/airflow/dags/branch_pipeline.py","logger":"airflow.models.dagbag.BundleDagBag","filename":"dagbag.py","lineno":593}
{"timestamp":"2026-02-22T03:19:51.976209Z","level":"warning","event":"The `airflow.decorators.dag` attribute is deprecated. Please use `'airflow.sdk.dag'`.","category":"DeprecatedImportWarning","filename":"/opt/airflow/dags/branch_pipeline.py","lineno":1,"logger":"py.warnings"}
{"timestamp":"2026-02-22T03:19:51.976370Z","level":"warning","event":"The `airflow.decorators.task` attribute is deprecated. Please use `'airflow.sdk.task'`.","category":"DeprecatedImportWarning","filename":"/opt/airflow/dags/branch_pipeline.py","lineno":1,"logger":"py.warnings"}
{"timestamp":"2026-02-22T03:19:51.976427Z","level":"warning","event":"The `airflow.operators.python.BranchPythonOperator` attribute is deprecated. Please use `'airflow.providers.standard.operators.python.BranchPythonOperator'`.","category":"DeprecatedImportWarning","filename":"/opt/airflow/dags/branch_pipeline.py","lineno":2,"logger":"py.warnings"}
{"timestamp":"2026-02-22T03:19:51.976474Z","level":"warning","event":"The `airflow.operators.bash.BashOperator` attribute is deprecated. Please use `'airflow.providers.standard.operators.bash.BashOperator'`.","category":"DeprecatedImportWarning","filename":"/opt/airflow/dags/branch_pipeline.py","lineno":3,"logger":"py.warnings"}
{"timestamp":"2026-02-22T03:20:22.555847Z","level":"info","event":"Filling up the DagBag from /opt/airflow/dags/branch_pipeline.py","logger":"airflow.models.dagbag.BundleDagBag","filename":"dagbag.py","lineno":593}
{"timestamp":"2026-02-22T03:20:22.606545Z","level":"warning","event":"The `airflow.decorators.dag` attribute is deprecated. Please use `'airflow.sdk.dag'`.","category":"DeprecatedImportWarning","filename":"/opt/airflow/dags/branch_pipeline.py","lineno":1,"logger":"py.warnings"}
{"timestamp":"2026-02-22T03:20:22.606717Z","level":"warning","event":"The `airflow.decorators.task` attribute is deprecated. Please use `'airflow.sdk.task'`.","category":"DeprecatedImportWarning","filename":"/opt/airflow/dags/branch_pipeline.py","lineno":1,"logger":"py.warnings"}
{"timestamp":"2026-02-22T03:20:22.606794Z","level":"warning","event":"The `airflow.operators.python.BranchPythonOperator` attribute is deprecated. Please use `'airflow.providers.standard.operators.python.BranchPythonOperator'`.","category":"DeprecatedImportWarning","filename":"/opt/airflow/dags/branch_pipeline.py","lineno":2,"logger":"py.warnings"}
{"timestamp":"2026-02-22T03:20:22.606849Z","level":"warning","event":"The `airflow.operators.bash.BashOperator` attribute is deprecated. Please use `'airflow.providers.standard.operators.bash.BashOperator'`.","category":"DeprecatedImportWarning","filename":"/opt/airflow/dags/branch_pipeline.py","lineno":3,"logger":"py.warnings"}
{"timestamp":"2026-02-22T03:20:52.919834Z","level":"info","event":"Filling up the DagBag from /opt/airflow/dags/branch_pipeline.py","logger":"airflow.models.dagbag.BundleDagBag","filename":"dagbag.py","lineno":593}
{"timestamp":"2026-02-22T03:20:52.959871Z","level":"warning","event":"The `airflow.decorators.dag` attribute is deprecated. Please use `'airflow.sdk.dag'`.","category":"DeprecatedImportWarning","filename":"/opt/airflow/dags/branch_pipeline.py","lineno":1,"logger":"py.warnings"}
{"timestamp":"2026-02-22T03:20:52.960000Z","level":"warning","event":"The `airflow.decorators.task` attribute is deprecated. Please use `'airflow.sdk.task'`.","category":"DeprecatedImportWarning","filename":"/opt/airflow/dags/branch_pipeline.py","lineno":1,"logger":"py.warnings"}
{"timestamp":"2026-02-22T03:20:52.960061Z","level":"warning","event":"The `airflow.operators.python.BranchPythonOperator` attribute is deprecated. Please use `'airflow.providers.standard.operators.python.BranchPythonOperator'`.","category":"DeprecatedImportWarning","filename":"/opt/airflow/dags/branch_pipeline.py","lineno":2,"logger":"py.warnings"}
{"timestamp":"2026-02-22T03:20:52.960111Z","level":"warning","event":"The `airflow.operators.bash.BashOperator` attribute is deprecated. Please use `'airflow.providers.standard.operators.bash.BashOperator'`.","category":"DeprecatedImportWarning","filename":"/opt/airflow/dags/branch_pipeline.py","lineno":3,"logger":"py.warnings"}
{"timestamp":"2026-02-22T03:21:23.171386Z","level":"info","event":"Filling up the DagBag from /opt/airflow/dags/branch_pipeline.py","logger":"airflow.models.dagbag.BundleDagBag","filename":"dagbag.py","lineno":593}
{"timestamp":"2026-02-22T03:21:23.207585Z","level":"warning","event":"The `airflow.decorators.dag` attribute is deprecated. Please use `'airflow.sdk.dag'`.","category":"DeprecatedImportWarning","filename":"/opt/airflow/dags/branch_pipeline.py","lineno":1,"logger":"py.warnings"}
{"timestamp":"2026-02-22T03:21:23.207718Z","level":"warning","event":"The `airflow.decorators.task` attribute is deprecated. Please use `'airflow.sdk.task'`.","category":"DeprecatedImportWarning","filename":"/opt/airflow/dags/branch_pipeline.py","lineno":1,"logger":"py.warnings"}
{"timestamp":"2026-02-22T03:21:23.207780Z","level":"warning","event":"The `airflow.operators.python.BranchPythonOperator` attribute is deprecated. Please use `'airflow.providers.standard.operators.python.BranchPythonOperator'`.","category":"DeprecatedImportWarning","filename":"/opt/airflow/dags/branch_pipeline.py","lineno":2,"logger":"py.warnings"}
{"timestamp":"2026-02-22T03:21:23.207827Z","level":"warning","event":"The `airflow.operators.bash.BashOperator` attribute is deprecated. Please use `'airflow.providers.standard.operators.bash.BashOperator'`.","category":"DeprecatedImportWarning","filename":"/opt/airflow/dags/branch_pipeline.py","lineno":3,"logger":"py.warnings"}
{"timestamp":"2026-02-22T03:21:53.546206Z","level":"info","event":"Filling up the DagBag from /opt/airflow/dags/branch_pipeline.py","logger":"airflow.models.dagbag.BundleDagBag","filename":"dagbag.py","lineno":593}
{"timestamp":"2026-02-22T03:21:53.598362Z","level":"warning","event":"The `airflow.decorators.dag` attribute is deprecated. Please use `'airflow.sdk.dag'`.","category":"DeprecatedImportWarning","filename":"/opt/airflow/dags/branch_pipeline.py","lineno":1,"logger":"py.warnings"}
{"timestamp":"2026-02-22T03:21:53.598576Z","level":"warning","event":"The `airflow.decorators.task` attribute is deprecated. Please use `'airflow.sdk.task'`.","category":"DeprecatedImportWarning","filename":"/opt/airflow/dags/branch_pipeline.py","lineno":1,"logger":"py.warnings"}
{"timestamp":"2026-02-22T03:21:53.598635Z","level":"warning","event":"The `airflow.operators.python.BranchPythonOperator` attribute is deprecated. Please use `'airflow.providers.standard.operators.python.BranchPythonOperator'`.","category":"DeprecatedImportWarning","filename":"/opt/airflow/dags/branch_pipeline.py","lineno":2,"logger":"py.warnings"}
{"timestamp":"2026-02-22T03:21:53.598682Z","level":"warning","event":"The `airflow.operators.bash.BashOperator` attribute is deprecated. Please use `'airflow.providers.standard.operators.bash.BashOperator'`.","category":"DeprecatedImportWarning","filename":"/opt/airflow/dags/branch_pipeline.py","lineno":3,"logger":"py.warnings"}
{"timestamp":"2026-02-22T03:22:24.065473Z","level":"info","event":"Filling up the DagBag from /opt/airflow/dags/branch_pipeline.py","logger":"airflow.models.dagbag.BundleDagBag","filename":"dagbag.py","lineno":593}
{"timestamp":"2026-02-22T03:22:24.116688Z","level":"warning","event":"The `airflow.decorators.dag` attribute is deprecated. Please use `'airflow.sdk.dag'`.","category":"DeprecatedImportWarning","filename":"/opt/airflow/dags/branch_pipeline.py","lineno":1,"logger":"py.warnings"}
{"timestamp":"2026-02-22T03:22:24.116966Z","level":"warning","event":"The `airflow.decorators.task` attribute is deprecated. Please use `'airflow.sdk.task'`.","category":"DeprecatedImportWarning","filename":"/opt/airflow/dags/branch_pipeline.py","lineno":1,"logger":"py.warnings"}
{"timestamp":"2026-02-22T03:22:24.117108Z","level":"warning","event":"The `airflow.operators.python.BranchPythonOperator` attribute is deprecated. Please use `'airflow.providers.standard.operators.python.BranchPythonOperator'`.","category":"DeprecatedImportWarning","filename":"/opt/airflow/dags/branch_pipeline.py","lineno":2,"logger":"py.warnings"}
{"timestamp":"2026-02-22T03:22:24.117194Z","level":"warning","event":"The `airflow.operators.bash.BashOperator` attribute is deprecated. Please use `'airflow.providers.standard.operators.bash.BashOperator'`.","category":"DeprecatedImportWarning","filename":"/opt/airflow/dags/branch_pipeline.py","lineno":3,"logger":"py.warnings"}
{"timestamp":"2026-02-22T03:22:54.293542Z","level":"info","event":"Filling up the DagBag from /opt/airflow/dags/branch_pipeline.py","logger":"airflow.models.dagbag.BundleDagBag","filename":"dagbag.py","lineno":593}
{"timestamp":"2026-02-22T03:22:54.339425Z","level":"warning","event":"The `airflow.decorators.dag` attribute is deprecated. Please use `'airflow.sdk.dag'`.","category":"DeprecatedImportWarning","filename":"/opt/airflow/dags/branch_pipeline.py","lineno":1,"logger":"py.warnings"}
{"timestamp":"2026-02-22T03:22:54.339582Z","level":"warning","event":"The `airflow.decorators.task` attribute is deprecated. Please use `'airflow.sdk.task'`.","category":"DeprecatedImportWarning","filename":"/opt/airflow/dags/branch_pipeline.py","lineno":1,"logger":"py.warnings"}
{"timestamp":"2026-02-22T03:22:54.339645Z","level":"warning","event":"The `airflow.operators.python.BranchPythonOperator` attribute is deprecated. Please use `'airflow.providers.standard.operators.python.BranchPythonOperator'`.","category":"DeprecatedImportWarning","filename":"/opt/airflow/dags/branch_pipeline.py","lineno":2,"logger":"py.warnings"}
{"timestamp":"2026-02-22T03:22:54.339698Z","level":"warning","event":"The `airflow.operators.bash.BashOperator` attribute is deprecated. Please use `'airflow.providers.standard.operators.bash.BashOperator'`.","category":"DeprecatedImportWarning","filename":"/opt/airflow/dags/branch_pipeline.py","lineno":3,"logger":"py.warnings"}
{"timestamp":"2026-02-22T03:23:24.642888Z","level":"info","event":"Filling up the DagBag from /opt/airflow/dags/branch_pipeline.py","logger":"airflow.models.dagbag.BundleDagBag","filename":"dagbag.py","lineno":593}
{"timestamp":"2026-02-22T03:23:24.684039Z","level":"warning","event":"The `airflow.decorators.dag` attribute is deprecated. Please use `'airflow.sdk.dag'`.","category":"DeprecatedImportWarning","filename":"/opt/airflow/dags/branch_pipeline.py","lineno":1,"logger":"py.warnings"}
{"timestamp":"2026-02-22T03:23:24.684179Z","level":"warning","event":"The `airflow.decorators.task` attribute is deprecated. Please use `'airflow.sdk.task'`.","category":"DeprecatedImportWarning","filename":"/opt/airflow/dags/branch_pipeline.py","lineno":1,"logger":"py.warnings"}
{"timestamp":"2026-02-22T03:23:24.684238Z","level":"warning","event":"The `airflow.operators.python.BranchPythonOperator` attribute is deprecated. Please use `'airflow.providers.standard.operators.python.BranchPythonOperator'`.","category":"DeprecatedImportWarning","filename":"/opt/airflow/dags/branch_pipeline.py","lineno":2,"logger":"py.warnings"}
{"timestamp":"2026-02-22T03:23:24.684287Z","level":"warning","event":"The `airflow.operators.bash.BashOperator` attribute is deprecated. Please use `'airflow.providers.standard.operators.bash.BashOperator'`.","category":"DeprecatedImportWarning","filename":"/opt/airflow/dags/branch_pipeline.py","lineno":3,"logger":"py.warnings"}
{"timestamp":"2026-02-22T03:23:55.055669Z","level":"info","event":"Filling up the DagBag from /opt/airflow/dags/branch_pipeline.py","logger":"airflow.models.dagbag.BundleDagBag","filename":"dagbag.py","lineno":593}
{"timestamp":"2026-02-22T03:23:55.097127Z","level":"warning","event":"The `airflow.decorators.dag` attribute is deprecated. Please use `'airflow.sdk.dag'`.","category":"DeprecatedImportWarning","filename":"/opt/airflow/dags/branch_pipeline.py","lineno":1,"logger":"py.warnings"}
{"timestamp":"2026-02-22T03:23:55.097272Z","level":"warning","event":"The `airflow.decorators.task` attribute is deprecated. Please use `'airflow.sdk.task'`.","category":"DeprecatedImportWarning","filename":"/opt/airflow/dags/branch_pipeline.py","lineno":1,"logger":"py.warnings"}
{"timestamp":"2026-02-22T03:23:55.097334Z","level":"warning","event":"The `airflow.operators.python.BranchPythonOperator` attribute is deprecated. Please use `'airflow.providers.standard.operators.python.BranchPythonOperator'`.","category":"DeprecatedImportWarning","filename":"/opt/airflow/dags/branch_pipeline.py","lineno":2,"logger":"py.warnings"}
{"timestamp":"2026-02-22T03:23:55.097380Z","level":"warning","event":"The `airflow.operators.bash.BashOperator` attribute is deprecated. Please use `'airflow.providers.standard.operators.bash.BashOperator'`.","category":"DeprecatedImportWarning","filename":"/opt/airflow/dags/branch_pipeline.py","lineno":3,"logger":"py.warnings"}
{"timestamp":"2026-02-22T03:24:25.309968Z","level":"info","event":"Filling up the DagBag from /opt/airflow/dags/branch_pipeline.py","logger":"airflow.models.dagbag.BundleDagBag","filename":"dagbag.py","lineno":593}
{"timestamp":"2026-02-22T03:24:25.351132Z","level":"warning","event":"The `airflow.decorators.dag` attribute is deprecated. Please use `'airflow.sdk.dag'`.","category":"DeprecatedImportWarning","filename":"/opt/airflow/dags/branch_pipeline.py","lineno":1,"logger":"py.warnings"}
{"timestamp":"2026-02-22T03:24:25.351275Z","level":"warning","event":"The `airflow.decorators.task` attribute is deprecated. Please use `'airflow.sdk.task'`.","category":"DeprecatedImportWarning","filename":"/opt/airflow/dags/branch_pipeline.py","lineno":1,"logger":"py.warnings"}
{"timestamp":"2026-02-22T03:24:25.351337Z","level":"warning","event":"The `airflow.operators.python.BranchPythonOperator` attribute is deprecated. Please use `'airflow.providers.standard.operators.python.BranchPythonOperator'`.","category":"DeprecatedImportWarning","filename":"/opt/airflow/dags/branch_pipeline.py","lineno":2,"logger":"py.warnings"}
{"timestamp":"2026-02-22T03:24:25.351387Z","level":"warning","event":"The `airflow.operators.bash.BashOperator` attribute is deprecated. Please use `'airflow.providers.standard.operators.bash.BashOperator'`.","category":"DeprecatedImportWarning","filename":"/opt/airflow/dags/branch_pipeline.py","lineno":3,"logger":"py.warnings"}
{"timestamp":"2026-02-22T03:24:56.096421Z","level":"info","event":"Filling up the DagBag from /opt/airflow/dags/branch_pipeline.py","logger":"airflow.models.dagbag.BundleDagBag","filename":"dagbag.py","lineno":593}
{"timestamp":"2026-02-22T03:24:56.151977Z","level":"warning","event":"The `airflow.decorators.dag` attribute is deprecated. Please use `'airflow.sdk.dag'`.","category":"DeprecatedImportWarning","filename":"/opt/airflow/dags/branch_pipeline.py","lineno":1,"logger":"py.warnings"}
{"timestamp":"2026-02-22T03:24:56.152135Z","level":"warning","event":"The `airflow.decorators.task` attribute is deprecated. Please use `'airflow.sdk.task'`.","category":"DeprecatedImportWarning","filename":"/opt/airflow/dags/branch_pipeline.py","lineno":1,"logger":"py.warnings"}
{"timestamp":"2026-02-22T03:24:56.152196Z","level":"warning","event":"The `airflow.operators.python.BranchPythonOperator` attribute is deprecated. Please use `'airflow.providers.standard.operators.python.BranchPythonOperator'`.","category":"DeprecatedImportWarning","filename":"/opt/airflow/dags/branch_pipeline.py","lineno":2,"logger":"py.warnings"}
{"timestamp":"2026-02-22T03:24:56.152244Z","level":"warning","event":"The `airflow.operators.bash.BashOperator` attribute is deprecated. Please use `'airflow.providers.standard.operators.bash.BashOperator'`.","category":"DeprecatedImportWarning","filename":"/opt/airflow/dags/branch_pipeline.py","lineno":3,"logger":"py.warnings"}
{"timestamp":"2026-02-22T03:25:26.779580Z","level":"info","event":"Filling up the DagBag from /opt/airflow/dags/branch_pipeline.py","logger":"airflow.models.dagbag.BundleDagBag","filename":"dagbag.py","lineno":593}
{"timestamp":"2026-02-22T03:25:26.849982Z","level":"warning","event":"The `airflow.decorators.dag` attribute is deprecated. Please use `'airflow.sdk.dag'`.","category":"DeprecatedImportWarning","filename":"/opt/airflow/dags/branch_pipeline.py","lineno":1,"logger":"py.warnings"}
{"timestamp":"2026-02-22T03:25:26.850476Z","level":"warning","event":"The `airflow.decorators.task` attribute is deprecated. Please use `'airflow.sdk.task'`.","category":"DeprecatedImportWarning","filename":"/opt/airflow/dags/branch_pipeline.py","lineno":1,"logger":"py.warnings"}
{"timestamp":"2026-02-22T03:25:26.850594Z","level":"warning","event":"The `airflow.operators.python.BranchPythonOperator` attribute is deprecated. Please use `'airflow.providers.standard.operators.python.BranchPythonOperator'`.","category":"DeprecatedImportWarning","filename":"/opt/airflow/dags/branch_pipeline.py","lineno":2,"logger":"py.warnings"}
{"timestamp":"2026-02-22T03:25:26.850860Z","level":"warning","event":"The `airflow.operators.bash.BashOperator` attribute is deprecated. Please use `'airflow.providers.standard.operators.bash.BashOperator'`.","category":"DeprecatedImportWarning","filename":"/opt/airflow/dags/branch_pipeline.py","lineno":3,"logger":"py.warnings"}
{"timestamp":"2026-02-22T03:25:57.819348Z","level":"info","event":"Filling up the DagBag from /opt/airflow/dags/branch_pipeline.py","logger":"airflow.models.dagbag.BundleDagBag","filename":"dagbag.py","lineno":593}
{"timestamp":"2026-02-22T03:25:57.867826Z","level":"warning","event":"The `airflow.decorators.dag` attribute is deprecated. Please use `'airflow.sdk.dag'`.","category":"DeprecatedImportWarning","filename":"/opt/airflow/dags/branch_pipeline.py","lineno":1,"logger":"py.warnings"}
{"timestamp":"2026-02-22T03:25:57.868064Z","level":"warning","event":"The `airflow.decorators.task` attribute is deprecated. Please use `'airflow.sdk.task'`.","category":"DeprecatedImportWarning","filename":"/opt/airflow/dags/branch_pipeline.py","lineno":1,"logger":"py.warnings"}
{"timestamp":"2026-02-22T03:25:57.868134Z","level":"warning","event":"The `airflow.operators.python.BranchPythonOperator` attribute is deprecated. Please use `'airflow.providers.standard.operators.python.BranchPythonOperator'`.","category":"DeprecatedImportWarning","filename":"/opt/airflow/dags/branch_pipeline.py","lineno":2,"logger":"py.warnings"}
{"timestamp":"2026-02-22T03:25:57.868204Z","level":"warning","event":"The `airflow.operators.bash.BashOperator` attribute is deprecated. Please use `'airflow.providers.standard.operators.bash.BashOperator'`.","category":"DeprecatedImportWarning","filename":"/opt/airflow/dags/branch_pipeline.py","lineno":3,"logger":"py.warnings"}
{"timestamp":"2026-02-22T03:26:28.243952Z","level":"info","event":"Filling up the DagBag from /opt/airflow/dags/branch_pipeline.py","logger":"airflow.models.dagbag.BundleDagBag","filename":"dagbag.py","lineno":593}
{"timestamp":"2026-02-22T03:26:28.321290Z","level":"warning","event":"The `airflow.decorators.dag` attribute is deprecated. Please use `'airflow.sdk.dag'`.","category":"DeprecatedImportWarning","filename":"/opt/airflow/dags/branch_pipeline.py","lineno":1,"logger":"py.warnings"}
{"timestamp":"2026-02-22T03:26:28.321584Z","level":"warning","event":"The `airflow.decorators.task` attribute is deprecated. Please use `'airflow.sdk.task'`.","category":"DeprecatedImportWarning","filename":"/opt/airflow/dags/branch_pipeline.py","lineno":1,"logger":"py.warnings"}
{"timestamp":"2026-02-22T03:26:28.321725Z","level":"warning","event":"The `airflow.operators.python.BranchPythonOperator` attribute is deprecated. Please use `'airflow.providers.standard.operators.python.BranchPythonOperator'`.","category":"DeprecatedImportWarning","filename":"/opt/airflow/dags/branch_pipeline.py","lineno":2,"logger":"py.warnings"}
{"timestamp":"2026-02-22T03:26:28.322010Z","level":"warning","event":"The `airflow.operators.bash.BashOperator` attribute is deprecated. Please use `'airflow.providers.standard.operators.bash.BashOperator'`.","category":"DeprecatedImportWarning","filename":"/opt/airflow/dags/branch_pipeline.py","lineno":3,"logger":"py.warnings"}
{"timestamp":"2026-02-22T03:26:58.581306Z","level":"info","event":"Filling up the DagBag from /opt/airflow/dags/branch_pipeline.py","logger":"airflow.models.dagbag.BundleDagBag","filename":"dagbag.py","lineno":593}
{"timestamp":"2026-02-22T03:26:58.646066Z","level":"warning","event":"The `airflow.decorators.dag` attribute is deprecated. Please use `'airflow.sdk.dag'`.","category":"DeprecatedImportWarning","filename":"/opt/airflow/dags/branch_pipeline.py","lineno":1,"logger":"py.warnings"}
{"timestamp":"2026-02-22T03:26:58.646241Z","level":"warning","event":"The `airflow.decorators.task` attribute is deprecated. Please use `'airflow.sdk.task'`.","category":"DeprecatedImportWarning","filename":"/opt/airflow/dags/branch_pipeline.py","lineno":1,"logger":"py.warnings"}
{"timestamp":"2026-02-22T03:26:58.646312Z","level":"warning","event":"The `airflow.operators.python.BranchPythonOperator` attribute is deprecated. Please use `'airflow.providers.standard.operators.python.BranchPythonOperator'`.","category":"DeprecatedImportWarning","filename":"/opt/airflow/dags/branch_pipeline.py","lineno":2,"logger":"py.warnings"}
{"timestamp":"2026-02-22T03:26:58.646365Z","level":"warning","event":"The `airflow.operators.bash.BashOperator` attribute is deprecated. Please use `'airflow.providers.standard.operators.bash.BashOperator'`.","category":"DeprecatedImportWarning","filename":"/opt/airflow/dags/branch_pipeline.py","lineno":3,"logger":"py.warnings"}
{"timestamp":"2026-02-22T03:27:29.610033Z","level":"info","event":"Filling up the DagBag from /opt/airflow/dags/branch_pipeline.py","logger":"airflow.models.dagbag.BundleDagBag","filename":"dagbag.py","lineno":593}
{"timestamp":"2026-02-22T03:27:29.667683Z","level":"warning","event":"The `airflow.decorators.dag` attribute is deprecated. Please use `'airflow.sdk.dag'`.","category":"DeprecatedImportWarning","filename":"/opt/airflow/dags/branch_pipeline.py","lineno":1,"logger":"py.warnings"}
{"timestamp":"2026-02-22T03:27:29.667860Z","level":"warning","event":"The `airflow.decorators.task` attribute is deprecated. Please use `'airflow.sdk.task'`.","category":"DeprecatedImportWarning","filename":"/opt/airflow/dags/branch_pipeline.py","lineno":1,"logger":"py.warnings"}
{"timestamp":"2026-02-22T03:27:29.667926Z","level":"warning","event":"The `airflow.operators.python.BranchPythonOperator` attribute is deprecated. Please use `'airflow.providers.standard.operators.python.BranchPythonOperator'`.","category":"DeprecatedImportWarning","filename":"/opt/airflow/dags/branch_pipeline.py","lineno":2,"logger":"py.warnings"}
{"timestamp":"2026-02-22T03:27:29.667973Z","level":"warning","event":"The `airflow.operators.bash.BashOperator` attribute is deprecated. Please use `'airflow.providers.standard.operators.bash.BashOperator'`.","category":"DeprecatedImportWarning","filename":"/opt/airflow/dags/branch_pipeline.py","lineno":3,"logger":"py.warnings"}
{"timestamp":"2026-02-22T03:27:59.828723Z","level":"info","event":"Filling up the DagBag from /opt/airflow/dags/branch_pipeline.py","logger":"airflow.models.dagbag.BundleDagBag","filename":"dagbag.py","lineno":593}
{"timestamp":"2026-02-22T03:27:59.880237Z","level":"warning","event":"The `airflow.decorators.dag` attribute is deprecated. Please use `'airflow.sdk.dag'`.","category":"DeprecatedImportWarning","filename":"/opt/airflow/dags/branch_pipeline.py","lineno":1,"logger":"py.warnings"}
{"timestamp":"2026-02-22T03:27:59.880435Z","level":"warning","event":"The `airflow.decorators.task` attribute is deprecated. Please use `'airflow.sdk.task'`.","category":"DeprecatedImportWarning","filename":"/opt/airflow/dags/branch_pipeline.py","lineno":1,"logger":"py.warnings"}
{"timestamp":"2026-02-22T03:27:59.880520Z","level":"warning","event":"The `airflow.operators.python.BranchPythonOperator` attribute is deprecated. Please use `'airflow.providers.standard.operators.python.BranchPythonOperator'`.","category":"DeprecatedImportWarning","filename":"/opt/airflow/dags/branch_pipeline.py","lineno":2,"logger":"py.warnings"}
{"timestamp":"2026-02-22T03:27:59.880572Z","level":"warning","event":"The `airflow.operators.bash.BashOperator` attribute is deprecated. Please use `'airflow.providers.standard.operators.bash.BashOperator'`.","category":"DeprecatedImportWarning","filename":"/opt/airflow/dags/branch_pipeline.py","lineno":3,"logger":"py.warnings"}
{"timestamp":"2026-02-22T03:28:30.096474Z","level":"info","event":"Filling up the DagBag from /opt/airflow/dags/branch_pipeline.py","logger":"airflow.models.dagbag.BundleDagBag","filename":"dagbag.py","lineno":593}
{"timestamp":"2026-02-22T03:28:30.163425Z","level":"warning","event":"The `airflow.decorators.dag` attribute is deprecated. Please use `'airflow.sdk.dag'`.","category":"DeprecatedImportWarning","filename":"/opt/airflow/dags/branch_pipeline.py","lineno":1,"logger":"py.warnings"}
{"timestamp":"2026-02-22T03:28:30.163591Z","level":"warning","event":"The `airflow.decorators.task` attribute is deprecated. Please use `'airflow.sdk.task'`.","category":"DeprecatedImportWarning","filename":"/opt/airflow/dags/branch_pipeline.py","lineno":1,"logger":"py.warnings"}
{"timestamp":"2026-02-22T03:28:30.163662Z","level":"warning","event":"The `airflow.operators.python.BranchPythonOperator` attribute is deprecated. Please use `'airflow.providers.standard.operators.python.BranchPythonOperator'`.","category":"DeprecatedImportWarning","filename":"/opt/airflow/dags/branch_pipeline.py","lineno":2,"logger":"py.warnings"}
{"timestamp":"2026-02-22T03:28:30.163711Z","level":"warning","event":"The `airflow.operators.bash.BashOperator` attribute is deprecated. Please use `'airflow.providers.standard.operators.bash.BashOperator'`.","category":"DeprecatedImportWarning","filename":"/opt/airflow/dags/branch_pipeline.py","lineno":3,"logger":"py.warnings"}
{"timestamp":"2026-02-22T03:29:00.540776Z","level":"info","event":"Filling up the DagBag from /opt/airflow/dags/branch_pipeline.py","logger":"airflow.models.dagbag.BundleDagBag","filename":"dagbag.py","lineno":593}
{"timestamp":"2026-02-22T03:29:00.587441Z","level":"warning","event":"The `airflow.decorators.dag` attribute is deprecated. Please use `'airflow.sdk.dag'`.","category":"DeprecatedImportWarning","filename":"/opt/airflow/dags/branch_pipeline.py","lineno":1,"logger":"py.warnings"}
{"timestamp":"2026-02-22T03:29:00.587581Z","level":"warning","event":"The `airflow.decorators.task` attribute is deprecated. Please use `'airflow.sdk.task'`.","category":"DeprecatedImportWarning","filename":"/opt/airflow/dags/branch_pipeline.py","lineno":1,"logger":"py.warnings"}
{"timestamp":"2026-02-22T03:29:00.587639Z","level":"warning","event":"The `airflow.operators.python.BranchPythonOperator` attribute is deprecated. Please use `'airflow.providers.standard.operators.python.BranchPythonOperator'`.","category":"DeprecatedImportWarning","filename":"/opt/airflow/dags/branch_pipeline.py","lineno":2,"logger":"py.warnings"}
{"timestamp":"2026-02-22T03:29:00.587682Z","level":"warning","event":"The `airflow.operators.bash.BashOperator` attribute is deprecated. Please use `'airflow.providers.standard.operators.bash.BashOperator'`.","category":"DeprecatedImportWarning","filename":"/opt/airflow/dags/branch_pipeline.py","lineno":3,"logger":"py.warnings"}
{"timestamp":"2026-02-22T03:29:30.770513Z","level":"info","event":"Filling up the DagBag from /opt/airflow/dags/branch_pipeline.py","logger":"airflow.models.dagbag.BundleDagBag","filename":"dagbag.py","lineno":593}
{"timestamp":"2026-02-22T03:29:30.830402Z","level":"warning","event":"The `airflow.decorators.dag` attribute is deprecated. Please use `'airflow.sdk.dag'`.","category":"DeprecatedImportWarning","filename":"/opt/airflow/dags/branch_pipeline.py","lineno":1,"logger":"py.warnings"}
{"timestamp":"2026-02-22T03:29:30.830554Z","level":"warning","event":"The `airflow.decorators.task` attribute is deprecated. Please use `'airflow.sdk.task'`.","category":"DeprecatedImportWarning","filename":"/opt/airflow/dags/branch_pipeline.py","lineno":1,"logger":"py.warnings"}
{"timestamp":"2026-02-22T03:29:30.830625Z","level":"warning","event":"The `airflow.operators.python.BranchPythonOperator` attribute is deprecated. Please use `'airflow.providers.standard.operators.python.BranchPythonOperator'`.","category":"DeprecatedImportWarning","filename":"/opt/airflow/dags/branch_pipeline.py","lineno":2,"logger":"py.warnings"}
{"timestamp":"2026-02-22T03:29:30.830684Z","level":"warning","event":"The `airflow.operators.bash.BashOperator` attribute is deprecated. Please use `'airflow.providers.standard.operators.bash.BashOperator'`.","category":"DeprecatedImportWarning","filename":"/opt/airflow/dags/branch_pipeline.py","lineno":3,"logger":"py.warnings"}
{"timestamp":"2026-02-22T03:30:01.166475Z","level":"info","event":"Filling up the DagBag from /opt/airflow/dags/branch_pipeline.py","logger":"airflow.models.dagbag.BundleDagBag","filename":"dagbag.py","lineno":593}
{"timestamp":"2026-02-22T03:30:01.224209Z","level":"warning","event":"The `airflow.decorators.dag` attribute is deprecated. Please use `'airflow.sdk.dag'`.","category":"DeprecatedImportWarning","filename":"/opt/airflow/dags/branch_pipeline.py","lineno":1,"logger":"py.warnings"}
{"timestamp":"2026-02-22T03:30:01.224450Z","level":"warning","event":"The `airflow.decorators.task` attribute is deprecated. Please use `'airflow.sdk.task'`.","category":"DeprecatedImportWarning","filename":"/opt/airflow/dags/branch_pipeline.py","lineno":1,"logger":"py.warnings"}
{"timestamp":"2026-02-22T03:30:01.224576Z","level":"warning","event":"The `airflow.operators.python.BranchPythonOperator` attribute is deprecated. Please use `'airflow.providers.standard.operators.python.BranchPythonOperator'`.","category":"DeprecatedImportWarning","filename":"/opt/airflow/dags/branch_pipeline.py","lineno":2,"logger":"py.warnings"}
{"timestamp":"2026-02-22T03:30:01.224686Z","level":"warning","event":"The `airflow.operators.bash.BashOperator` attribute is deprecated. Please use `'airflow.providers.standard.operators.bash.BashOperator'`.","category":"DeprecatedImportWarning","filename":"/opt/airflow/dags/branch_pipeline.py","lineno":3,"logger":"py.warnings"}
{"timestamp":"2026-02-22T03:30:31.737206Z","level":"info","event":"Filling up the DagBag from /opt/airflow/dags/branch_pipeline.py","logger":"airflow.models.dagbag.BundleDagBag","filename":"dagbag.py","lineno":593}
{"timestamp":"2026-02-22T03:30:31.789862Z","level":"warning","event":"The `airflow.decorators.dag` attribute is deprecated. Please use `'airflow.sdk.dag'`.","category":"DeprecatedImportWarning","filename":"/opt/airflow/dags/branch_pipeline.py","lineno":1,"logger":"py.warnings"}
{"timestamp":"2026-02-22T03:30:31.790035Z","level":"warning","event":"The `airflow.decorators.task` attribute is deprecated. Please use `'airflow.sdk.task'`.","category":"DeprecatedImportWarning","filename":"/opt/airflow/dags/branch_pipeline.py","lineno":1,"logger":"py.warnings"}
{"timestamp":"2026-02-22T03:30:31.790092Z","level":"warning","event":"The `airflow.operators.python.BranchPythonOperator` attribute is deprecated. Please use `'airflow.providers.standard.operators.python.BranchPythonOperator'`.","category":"DeprecatedImportWarning","filename":"/opt/airflow/dags/branch_pipeline.py","lineno":2,"logger":"py.warnings"}
{"timestamp":"2026-02-22T03:30:31.790137Z","level":"warning","event":"The `airflow.operators.bash.BashOperator` attribute is deprecated. Please use `'airflow.providers.standard.operators.bash.BashOperator'`.","category":"DeprecatedImportWarning","filename":"/opt/airflow/dags/branch_pipeline.py","lineno":3,"logger":"py.warnings"}
{"timestamp":"2026-02-22T03:31:02.347630Z","level":"info","event":"Filling up the DagBag from /opt/airflow/dags/branch_pipeline.py","logger":"airflow.models.dagbag.BundleDagBag","filename":"dagbag.py","lineno":593}
{"timestamp":"2026-02-22T03:31:02.391197Z","level":"warning","event":"The `airflow.decorators.dag` attribute is deprecated. Please use `'airflow.sdk.dag'`.","category":"DeprecatedImportWarning","filename":"/opt/airflow/dags/branch_pipeline.py","lineno":1,"logger":"py.warnings"}
{"timestamp":"2026-02-22T03:31:02.391346Z","level":"warning","event":"The `airflow.decorators.task` attribute is deprecated. Please use `'airflow.sdk.task'`.","category":"DeprecatedImportWarning","filename":"/opt/airflow/dags/branch_pipeline.py","lineno":1,"logger":"py.warnings"}
{"timestamp":"2026-02-22T03:31:02.391402Z","level":"warning","event":"The `airflow.operators.python.BranchPythonOperator` attribute is deprecated. Please use `'airflow.providers.standard.operators.python.BranchPythonOperator'`.","category":"DeprecatedImportWarning","filename":"/opt/airflow/dags/branch_pipeline.py","lineno":2,"logger":"py.warnings"}
{"timestamp":"2026-02-22T03:31:02.391458Z","level":"warning","event":"The `airflow.operators.bash.BashOperator` attribute is deprecated. Please use `'airflow.providers.standard.operators.bash.BashOperator'`.","category":"DeprecatedImportWarning","filename":"/opt/airflow/dags/branch_pipeline.py","lineno":3,"logger":"py.warnings"}
{"timestamp":"2026-02-22T03:31:32.729999Z","level":"info","event":"Filling up the DagBag from /opt/airflow/dags/branch_pipeline.py","logger":"airflow.models.dagbag.BundleDagBag","filename":"dagbag.py","lineno":593}
{"timestamp":"2026-02-22T03:31:32.776374Z","level":"warning","event":"The `airflow.decorators.dag` attribute is deprecated. Please use `'airflow.sdk.dag'`.","category":"DeprecatedImportWarning","filename":"/opt/airflow/dags/branch_pipeline.py","lineno":1,"logger":"py.warnings"}
{"timestamp":"2026-02-22T03:31:32.776509Z","level":"warning","event":"The `airflow.decorators.task` attribute is deprecated. Please use `'airflow.sdk.task'`.","category":"DeprecatedImportWarning","filename":"/opt/airflow/dags/branch_pipeline.py","lineno":1,"logger":"py.warnings"}
{"timestamp":"2026-02-22T03:31:32.776566Z","level":"warning","event":"The `airflow.operators.python.BranchPythonOperator` attribute is deprecated. Please use `'airflow.providers.standard.operators.python.BranchPythonOperator'`.","category":"DeprecatedImportWarning","filename":"/opt/airflow/dags/branch_pipeline.py","lineno":2,"logger":"py.warnings"}
{"timestamp":"2026-02-22T03:31:32.776608Z","level":"warning","event":"The `airflow.operators.bash.BashOperator` attribute is deprecated. Please use `'airflow.providers.standard.operators.bash.BashOperator'`.","category":"DeprecatedImportWarning","filename":"/opt/airflow/dags/branch_pipeline.py","lineno":3,"logger":"py.warnings"}
{"timestamp":"2026-02-22T03:32:03.073582Z","level":"info","event":"Filling up the DagBag from /opt/airflow/dags/branch_pipeline.py","logger":"airflow.models.dagbag.BundleDagBag","filename":"dagbag.py","lineno":593}
{"timestamp":"2026-02-22T03:32:03.122046Z","level":"warning","event":"The `airflow.decorators.dag` attribute is deprecated. Please use `'airflow.sdk.dag'`.","category":"DeprecatedImportWarning","filename":"/opt/airflow/dags/branch_pipeline.py","lineno":1,"logger":"py.warnings"}
{"timestamp":"2026-02-22T03:32:03.122218Z","level":"warning","event":"The `airflow.decorators.task` attribute is deprecated. Please use `'airflow.sdk.task'`.","category":"DeprecatedImportWarning","filename":"/opt/airflow/dags/branch_pipeline.py","lineno":1,"logger":"py.warnings"}
{"timestamp":"2026-02-22T03:32:03.122283Z","level":"warning","event":"The `airflow.operators.python.BranchPythonOperator` attribute is deprecated. Please use `'airflow.providers.standard.operators.python.BranchPythonOperator'`.","category":"DeprecatedImportWarning","filename":"/opt/airflow/dags/branch_pipeline.py","lineno":2,"logger":"py.warnings"}
{"timestamp":"2026-02-22T03:32:03.122336Z","level":"warning","event":"The `airflow.operators.bash.BashOperator` attribute is deprecated. Please use `'airflow.providers.standard.operators.bash.BashOperator'`.","category":"DeprecatedImportWarning","filename":"/opt/airflow/dags/branch_pipeline.py","lineno":3,"logger":"py.warnings"}
{"timestamp":"2026-02-22T03:32:33.437782Z","level":"info","event":"Filling up the DagBag from /opt/airflow/dags/branch_pipeline.py","logger":"airflow.models.dagbag.BundleDagBag","filename":"dagbag.py","lineno":593}
{"timestamp":"2026-02-22T03:32:33.508082Z","level":"warning","event":"The `airflow.decorators.dag` attribute is deprecated. Please use `'airflow.sdk.dag'`.","category":"DeprecatedImportWarning","filename":"/opt/airflow/dags/branch_pipeline.py","lineno":1,"logger":"py.warnings"}
{"timestamp":"2026-02-22T03:32:33.508420Z","level":"warning","event":"The `airflow.decorators.task` attribute is deprecated. Please use `'airflow.sdk.task'`.","category":"DeprecatedImportWarning","filename":"/opt/airflow/dags/branch_pipeline.py","lineno":1,"logger":"py.warnings"}
{"timestamp":"2026-02-22T03:32:33.508614Z","level":"warning","event":"The `airflow.operators.python.BranchPythonOperator` attribute is deprecated. Please use `'airflow.providers.standard.operators.python.BranchPythonOperator'`.","category":"DeprecatedImportWarning","filename":"/opt/airflow/dags/branch_pipeline.py","lineno":2,"logger":"py.warnings"}
{"timestamp":"2026-02-22T03:32:33.508807Z","level":"warning","event":"The `airflow.operators.bash.BashOperator` attribute is deprecated. Please use `'airflow.providers.standard.operators.bash.BashOperator'`.","category":"DeprecatedImportWarning","filename":"/opt/airflow/dags/branch_pipeline.py","lineno":3,"logger":"py.warnings"}
{"timestamp":"2026-02-22T03:33:03.942571Z","level":"info","event":"Filling up the DagBag from /opt/airflow/dags/branch_pipeline.py","logger":"airflow.models.dagbag.BundleDagBag","filename":"dagbag.py","lineno":593}
{"timestamp":"2026-02-22T03:33:04.005432Z","level":"warning","event":"The `airflow.decorators.dag` attribute is deprecated. Please use `'airflow.sdk.dag'`.","category":"DeprecatedImportWarning","filename":"/opt/airflow/dags/branch_pipeline.py","lineno":1,"logger":"py.warnings"}
{"timestamp":"2026-02-22T03:33:04.005584Z","level":"warning","event":"The `airflow.decorators.task` attribute is deprecated. Please use `'airflow.sdk.task'`.","category":"DeprecatedImportWarning","filename":"/opt/airflow/dags/branch_pipeline.py","lineno":1,"logger":"py.warnings"}
{"timestamp":"2026-02-22T03:33:04.005651Z","level":"warning","event":"The `airflow.operators.python.BranchPythonOperator` attribute is deprecated. Please use `'airflow.providers.standard.operators.python.BranchPythonOperator'`.","category":"DeprecatedImportWarning","filename":"/opt/airflow/dags/branch_pipeline.py","lineno":2,"logger":"py.warnings"}
{"timestamp":"2026-02-22T03:33:04.005707Z","level":"warning","event":"The `airflow.operators.bash.BashOperator` attribute is deprecated. Please use `'airflow.providers.standard.operators.bash.BashOperator'`.","category":"DeprecatedImportWarning","filename":"/opt/airflow/dags/branch_pipeline.py","lineno":3,"logger":"py.warnings"}
{"timestamp":"2026-02-22T03:33:35.400640Z","level":"info","event":"Filling up the DagBag from /opt/airflow/dags/branch_pipeline.py","logger":"airflow.models.dagbag.BundleDagBag","filename":"dagbag.py","lineno":593}
{"timestamp":"2026-02-22T03:33:35.455509Z","level":"warning","event":"The `airflow.decorators.dag` attribute is deprecated. Please use `'airflow.sdk.dag'`.","category":"DeprecatedImportWarning","filename":"/opt/airflow/dags/branch_pipeline.py","lineno":1,"logger":"py.warnings"}
{"timestamp":"2026-02-22T03:33:35.455712Z","level":"warning","event":"The `airflow.decorators.task` attribute is deprecated. Please use `'airflow.sdk.task'`.","category":"DeprecatedImportWarning","filename":"/opt/airflow/dags/branch_pipeline.py","lineno":1,"logger":"py.warnings"}
{"timestamp":"2026-02-22T03:33:35.455805Z","level":"warning","event":"The `airflow.operators.python.BranchPythonOperator` attribute is deprecated. Please use `'airflow.providers.standard.operators.python.BranchPythonOperator'`.","category":"DeprecatedImportWarning","filename":"/opt/airflow/dags/branch_pipeline.py","lineno":2,"logger":"py.warnings"}
{"timestamp":"2026-02-22T03:33:35.455883Z","level":"warning","event":"The `airflow.operators.bash.BashOperator` attribute is deprecated. Please use `'airflow.providers.standard.operators.bash.BashOperator'`.","category":"DeprecatedImportWarning","filename":"/opt/airflow/dags/branch_pipeline.py","lineno":3,"logger":"py.warnings"}
{"timestamp":"2026-02-22T03:34:05.774008Z","level":"info","event":"Filling up the DagBag from /opt/airflow/dags/branch_pipeline.py","logger":"airflow.models.dagbag.BundleDagBag","filename":"dagbag.py","lineno":593}
{"timestamp":"2026-02-22T03:34:05.854192Z","level":"warning","event":"The `airflow.decorators.dag` attribute is deprecated. Please use `'airflow.sdk.dag'`.","category":"DeprecatedImportWarning","filename":"/opt/airflow/dags/branch_pipeline.py","lineno":1,"logger":"py.warnings"}
{"timestamp":"2026-02-22T03:34:05.854501Z","level":"warning","event":"The `airflow.decorators.task` attribute is deprecated. Please use `'airflow.sdk.task'`.","category":"DeprecatedImportWarning","filename":"/opt/airflow/dags/branch_pipeline.py","lineno":1,"logger":"py.warnings"}
{"timestamp":"2026-02-22T03:34:05.854659Z","level":"warning","event":"The `airflow.operators.python.BranchPythonOperator` attribute is deprecated. Please use `'airflow.providers.standard.operators.python.BranchPythonOperator'`.","category":"DeprecatedImportWarning","filename":"/opt/airflow/dags/branch_pipeline.py","lineno":2,"logger":"py.warnings"}
{"timestamp":"2026-02-22T03:34:05.854724Z","level":"warning","event":"The `airflow.operators.bash.BashOperator` attribute is deprecated. Please use `'airflow.providers.standard.operators.bash.BashOperator'`.","category":"DeprecatedImportWarning","filename":"/opt/airflow/dags/branch_pipeline.py","lineno":3,"logger":"py.warnings"}
{"timestamp":"2026-02-22T03:34:36.283378Z","level":"info","event":"Filling up the DagBag from /opt/airflow/dags/branch_pipeline.py","logger":"airflow.models.dagbag.BundleDagBag","filename":"dagbag.py","lineno":593}
{"timestamp":"2026-02-22T03:34:36.335285Z","level":"warning","event":"The `airflow.decorators.dag` attribute is deprecated. Please use `'airflow.sdk.dag'`.","category":"DeprecatedImportWarning","filename":"/opt/airflow/dags/branch_pipeline.py","lineno":1,"logger":"py.warnings"}
{"timestamp":"2026-02-22T03:34:36.335443Z","level":"warning","event":"The `airflow.decorators.task` attribute is deprecated. Please use `'airflow.sdk.task'`.","category":"DeprecatedImportWarning","filename":"/opt/airflow/dags/branch_pipeline.py","lineno":1,"logger":"py.warnings"}
{"timestamp":"2026-02-22T03:34:36.335509Z","level":"warning","event":"The `airflow.operators.python.BranchPythonOperator` attribute is deprecated. Please use `'airflow.providers.standard.operators.python.BranchPythonOperator'`.","category":"DeprecatedImportWarning","filename":"/opt/airflow/dags/branch_pipeline.py","lineno":2,"logger":"py.warnings"}
{"timestamp":"2026-02-22T03:34:36.335567Z","level":"warning","event":"The `airflow.operators.bash.BashOperator` attribute is deprecated. Please use `'airflow.providers.standard.operators.bash.BashOperator'`.","category":"DeprecatedImportWarning","filename":"/opt/airflow/dags/branch_pipeline.py","lineno":3,"logger":"py.warnings"}
{"timestamp":"2026-02-22T03:35:06.629106Z","level":"info","event":"Filling up the DagBag from /opt/airflow/dags/branch_pipeline.py","logger":"airflow.models.dagbag.BundleDagBag","filename":"dagbag.py","lineno":593}
{"timestamp":"2026-02-22T03:35:06.676232Z","level":"warning","event":"The `airflow.decorators.dag` attribute is deprecated. Please use `'airflow.sdk.dag'`.","category":"DeprecatedImportWarning","filename":"/opt/airflow/dags/branch_pipeline.py","lineno":1,"logger":"py.warnings"}
{"timestamp":"2026-02-22T03:35:06.676381Z","level":"warning","event":"The `airflow.decorators.task` attribute is deprecated. Please use `'airflow.sdk.task'`.","category":"DeprecatedImportWarning","filename":"/opt/airflow/dags/branch_pipeline.py","lineno":1,"logger":"py.warnings"}
{"timestamp":"2026-02-22T03:35:06.676770Z","level":"warning","event":"The `airflow.operators.python.BranchPythonOperator` attribute is deprecated. Please use `'airflow.providers.standard.operators.python.BranchPythonOperator'`.","category":"DeprecatedImportWarning","filename":"/opt/airflow/dags/branch_pipeline.py","lineno":2,"logger":"py.warnings"}
{"timestamp":"2026-02-22T03:35:06.676908Z","level":"warning","event":"The `airflow.operators.bash.BashOperator` attribute is deprecated. Please use `'airflow.providers.standard.operators.bash.BashOperator'`.","category":"DeprecatedImportWarning","filename":"/opt/airflow/dags/branch_pipeline.py","lineno":3,"logger":"py.warnings"}
{"timestamp":"2026-02-22T03:35:37.044888Z","level":"info","event":"Filling up the DagBag from /opt/airflow/dags/branch_pipeline.py","logger":"airflow.models.dagbag.BundleDagBag","filename":"dagbag.py","lineno":593}
{"timestamp":"2026-02-22T03:35:37.096670Z","level":"warning","event":"The `airflow.decorators.dag` attribute is deprecated. Please use `'airflow.sdk.dag'`.","category":"DeprecatedImportWarning","filename":"/opt/airflow/dags/branch_pipeline.py","lineno":1,"logger":"py.warnings"}
{"timestamp":"2026-02-22T03:35:37.096862Z","level":"warning","event":"The `airflow.decorators.task` attribute is deprecated. Please use `'airflow.sdk.task'`.","category":"DeprecatedImportWarning","filename":"/opt/airflow/dags/branch_pipeline.py","lineno":1,"logger":"py.warnings"}
{"timestamp":"2026-02-22T03:35:37.096932Z","level":"warning","event":"The `airflow.operators.python.BranchPythonOperator` attribute is deprecated. Please use `'airflow.providers.standard.operators.python.BranchPythonOperator'`.","category":"DeprecatedImportWarning","filename":"/opt/airflow/dags/branch_pipeline.py","lineno":2,"logger":"py.warnings"}
{"timestamp":"2026-02-22T03:35:37.096987Z","level":"warning","event":"The `airflow.operators.bash.BashOperator` attribute is deprecated. Please use `'airflow.providers.standard.operators.bash.BashOperator'`.","category":"DeprecatedImportWarning","filename":"/opt/airflow/dags/branch_pipeline.py","lineno":3,"logger":"py.warnings"}
{"timestamp":"2026-02-22T03:36:07.405442Z","level":"info","event":"Filling up the DagBag from /opt/airflow/dags/branch_pipeline.py","logger":"airflow.models.dagbag.BundleDagBag","filename":"dagbag.py","lineno":593}
{"timestamp":"2026-02-22T03:36:07.456184Z","level":"warning","event":"The `airflow.decorators.dag` attribute is deprecated. Please use `'airflow.sdk.dag'`.","category":"DeprecatedImportWarning","filename":"/opt/airflow/dags/branch_pipeline.py","lineno":1,"logger":"py.warnings"}
{"timestamp":"2026-02-22T03:36:07.456324Z","level":"warning","event":"The `airflow.decorators.task` attribute is deprecated. Please use `'airflow.sdk.task'`.","category":"DeprecatedImportWarning","filename":"/opt/airflow/dags/branch_pipeline.py","lineno":1,"logger":"py.warnings"}
{"timestamp":"2026-02-22T03:36:07.456391Z","level":"warning","event":"The `airflow.operators.python.BranchPythonOperator` attribute is deprecated. Please use `'airflow.providers.standard.operators.python.BranchPythonOperator'`.","category":"DeprecatedImportWarning","filename":"/opt/airflow/dags/branch_pipeline.py","lineno":2,"logger":"py.warnings"}
{"timestamp":"2026-02-22T03:36:07.456443Z","level":"warning","event":"The `airflow.operators.bash.BashOperator` attribute is deprecated. Please use `'airflow.providers.standard.operators.bash.BashOperator'`.","category":"DeprecatedImportWarning","filename":"/opt/airflow/dags/branch_pipeline.py","lineno":3,"logger":"py.warnings"}
{"timestamp":"2026-02-22T03:36:37.724261Z","level":"info","event":"Filling up the DagBag from /opt/airflow/dags/branch_pipeline.py","logger":"airflow.models.dagbag.BundleDagBag","filename":"dagbag.py","lineno":593}
{"timestamp":"2026-02-22T03:36:37.764351Z","level":"warning","event":"The `airflow.decorators.dag` attribute is deprecated. Please use `'airflow.sdk.dag'`.","category":"DeprecatedImportWarning","filename":"/opt/airflow/dags/branch_pipeline.py","lineno":1,"logger":"py.warnings"}
{"timestamp":"2026-02-22T03:36:37.764481Z","level":"warning","event":"The `airflow.decorators.task` attribute is deprecated. Please use `'airflow.sdk.task'`.","category":"DeprecatedImportWarning","filename":"/opt/airflow/dags/branch_pipeline.py","lineno":1,"logger":"py.warnings"}
{"timestamp":"2026-02-22T03:36:37.764537Z","level":"warning","event":"The `airflow.operators.python.BranchPythonOperator` attribute is deprecated. Please use `'airflow.providers.standard.operators.python.BranchPythonOperator'`.","category":"DeprecatedImportWarning","filename":"/opt/airflow/dags/branch_pipeline.py","lineno":2,"logger":"py.warnings"}
{"timestamp":"2026-02-22T03:36:37.764587Z","level":"warning","event":"The `airflow.operators.bash.BashOperator` attribute is deprecated. Please use `'airflow.providers.standard.operators.bash.BashOperator'`.","category":"DeprecatedImportWarning","filename":"/opt/airflow/dags/branch_pipeline.py","lineno":3,"logger":"py.warnings"}
{"timestamp":"2026-02-22T03:37:08.152178Z","level":"info","event":"Filling up the DagBag from /opt/airflow/dags/branch_pipeline.py","logger":"airflow.models.dagbag.BundleDagBag","filename":"dagbag.py","lineno":593}
{"timestamp":"2026-02-22T03:37:08.205725Z","level":"warning","event":"The `airflow.decorators.dag` attribute is deprecated. Please use `'airflow.sdk.dag'`.","category":"DeprecatedImportWarning","filename":"/opt/airflow/dags/branch_pipeline.py","lineno":1,"logger":"py.warnings"}
{"timestamp":"2026-02-22T03:37:08.205872Z","level":"warning","event":"The `airflow.decorators.task` attribute is deprecated. Please use `'airflow.sdk.task'`.","category":"DeprecatedImportWarning","filename":"/opt/airflow/dags/branch_pipeline.py","lineno":1,"logger":"py.warnings"}
{"timestamp":"2026-02-22T03:37:08.205930Z","level":"warning","event":"The `airflow.operators.python.BranchPythonOperator` attribute is deprecated. Please use `'airflow.providers.standard.operators.python.BranchPythonOperator'`.","category":"DeprecatedImportWarning","filename":"/opt/airflow/dags/branch_pipeline.py","lineno":2,"logger":"py.warnings"}
{"timestamp":"2026-02-22T03:37:08.206006Z","level":"warning","event":"The `airflow.operators.bash.BashOperator` attribute is deprecated. Please use `'airflow.providers.standard.operators.bash.BashOperator'`.","category":"DeprecatedImportWarning","filename":"/opt/airflow/dags/branch_pipeline.py","lineno":3,"logger":"py.warnings"}
{"timestamp":"2026-02-22T03:37:38.556406Z","level":"info","event":"Filling up the DagBag from /opt/airflow/dags/branch_pipeline.py","logger":"airflow.models.dagbag.BundleDagBag","filename":"dagbag.py","lineno":593}
{"timestamp":"2026-02-22T03:37:38.602194Z","level":"warning","event":"The `airflow.decorators.dag` attribute is deprecated. Please use `'airflow.sdk.dag'`.","category":"DeprecatedImportWarning","filename":"/opt/airflow/dags/branch_pipeline.py","lineno":1,"logger":"py.warnings"}
{"timestamp":"2026-02-22T03:37:38.602352Z","level":"warning","event":"The `airflow.decorators.task` attribute is deprecated. Please use `'airflow.sdk.task'`.","category":"DeprecatedImportWarning","filename":"/opt/airflow/dags/branch_pipeline.py","lineno":1,"logger":"py.warnings"}
{"timestamp":"2026-02-22T03:37:38.602413Z","level":"warning","event":"The `airflow.operators.python.BranchPythonOperator` attribute is deprecated. Please use `'airflow.providers.standard.operators.python.BranchPythonOperator'`.","category":"DeprecatedImportWarning","filename":"/opt/airflow/dags/branch_pipeline.py","lineno":2,"logger":"py.warnings"}
{"timestamp":"2026-02-22T03:37:38.602460Z","level":"warning","event":"The `airflow.operators.bash.BashOperator` attribute is deprecated. Please use `'airflow.providers.standard.operators.bash.BashOperator'`.","category":"DeprecatedImportWarning","filename":"/opt/airflow/dags/branch_pipeline.py","lineno":3,"logger":"py.warnings"}
{"timestamp":"2026-02-22T03:38:09.095552Z","level":"info","event":"Filling up the DagBag from /opt/airflow/dags/branch_pipeline.py","logger":"airflow.models.dagbag.BundleDagBag","filename":"dagbag.py","lineno":593}
{"timestamp":"2026-02-22T03:38:09.156228Z","level":"warning","event":"The `airflow.decorators.dag` attribute is deprecated. Please use `'airflow.sdk.dag'`.","category":"DeprecatedImportWarning","filename":"/opt/airflow/dags/branch_pipeline.py","lineno":1,"logger":"py.warnings"}
{"timestamp":"2026-02-22T03:38:09.156523Z","level":"warning","event":"The `airflow.decorators.task` attribute is deprecated. Please use `'airflow.sdk.task'`.","category":"DeprecatedImportWarning","filename":"/opt/airflow/dags/branch_pipeline.py","lineno":1,"logger":"py.warnings"}
{"timestamp":"2026-02-22T03:38:09.156713Z","level":"warning","event":"The `airflow.operators.python.BranchPythonOperator` attribute is deprecated. Please use `'airflow.providers.standard.operators.python.BranchPythonOperator'`.","category":"DeprecatedImportWarning","filename":"/opt/airflow/dags/branch_pipeline.py","lineno":2,"logger":"py.warnings"}
{"timestamp":"2026-02-22T03:38:09.156865Z","level":"warning","event":"The `airflow.operators.bash.BashOperator` attribute is deprecated. Please use `'airflow.providers.standard.operators.bash.BashOperator'`.","category":"DeprecatedImportWarning","filename":"/opt/airflow/dags/branch_pipeline.py","lineno":3,"logger":"py.warnings"}
{"timestamp":"2026-02-22T03:38:39.502441Z","level":"info","event":"Filling up the DagBag from /opt/airflow/dags/branch_pipeline.py","logger":"airflow.models.dagbag.BundleDagBag","filename":"dagbag.py","lineno":593}
{"timestamp":"2026-02-22T03:38:39.542720Z","level":"warning","event":"The `airflow.decorators.dag` attribute is deprecated. Please use `'airflow.sdk.dag'`.","category":"DeprecatedImportWarning","filename":"/opt/airflow/dags/branch_pipeline.py","lineno":1,"logger":"py.warnings"}
{"timestamp":"2026-02-22T03:38:39.542924Z","level":"warning","event":"The `airflow.decorators.task` attribute is deprecated. Please use `'airflow.sdk.task'`.","category":"DeprecatedImportWarning","filename":"/opt/airflow/dags/branch_pipeline.py","lineno":1,"logger":"py.warnings"}
{"timestamp":"2026-02-22T03:38:39.542987Z","level":"warning","event":"The `airflow.operators.python.BranchPythonOperator` attribute is deprecated. Please use `'airflow.providers.standard.operators.python.BranchPythonOperator'`.","category":"DeprecatedImportWarning","filename":"/opt/airflow/dags/branch_pipeline.py","lineno":2,"logger":"py.warnings"}
{"timestamp":"2026-02-22T03:38:39.543033Z","level":"warning","event":"The `airflow.operators.bash.BashOperator` attribute is deprecated. Please use `'airflow.providers.standard.operators.bash.BashOperator'`.","category":"DeprecatedImportWarning","filename":"/opt/airflow/dags/branch_pipeline.py","lineno":3,"logger":"py.warnings"}
{"timestamp":"2026-02-22T03:39:09.972764Z","level":"info","event":"Filling up the DagBag from /opt/airflow/dags/branch_pipeline.py","logger":"airflow.models.dagbag.BundleDagBag","filename":"dagbag.py","lineno":593}
{"timestamp":"2026-02-22T03:39:10.011691Z","level":"warning","event":"The `airflow.decorators.dag` attribute is deprecated. Please use `'airflow.sdk.dag'`.","category":"DeprecatedImportWarning","filename":"/opt/airflow/dags/branch_pipeline.py","lineno":1,"logger":"py.warnings"}
{"timestamp":"2026-02-22T03:39:10.011830Z","level":"warning","event":"The `airflow.decorators.task` attribute is deprecated. Please use `'airflow.sdk.task'`.","category":"DeprecatedImportWarning","filename":"/opt/airflow/dags/branch_pipeline.py","lineno":1,"logger":"py.warnings"}
{"timestamp":"2026-02-22T03:39:10.011892Z","level":"warning","event":"The `airflow.operators.python.BranchPythonOperator` attribute is deprecated. Please use `'airflow.providers.standard.operators.python.BranchPythonOperator'`.","category":"DeprecatedImportWarning","filename":"/opt/airflow/dags/branch_pipeline.py","lineno":2,"logger":"py.warnings"}
{"timestamp":"2026-02-22T03:39:10.011949Z","level":"warning","event":"The `airflow.operators.bash.BashOperator` attribute is deprecated. Please use `'airflow.providers.standard.operators.bash.BashOperator'`.","category":"DeprecatedImportWarning","filename":"/opt/airflow/dags/branch_pipeline.py","lineno":3,"logger":"py.warnings"}
{"timestamp":"2026-02-22T03:39:40.304046Z","level":"info","event":"Filling up the DagBag from /opt/airflow/dags/branch_pipeline.py","logger":"airflow.models.dagbag.BundleDagBag","filename":"dagbag.py","lineno":593}
{"timestamp":"2026-02-22T03:39:40.347928Z","level":"warning","event":"The `airflow.decorators.dag` attribute is deprecated. Please use `'airflow.sdk.dag'`.","category":"DeprecatedImportWarning","filename":"/opt/airflow/dags/branch_pipeline.py","lineno":1,"logger":"py.warnings"}
{"timestamp":"2026-02-22T03:39:40.348060Z","level":"warning","event":"The `airflow.decorators.task` attribute is deprecated. Please use `'airflow.sdk.task'`.","category":"DeprecatedImportWarning","filename":"/opt/airflow/dags/branch_pipeline.py","lineno":1,"logger":"py.warnings"}
{"timestamp":"2026-02-22T03:39:40.348115Z","level":"warning","event":"The `airflow.operators.python.BranchPythonOperator` attribute is deprecated. Please use `'airflow.providers.standard.operators.python.BranchPythonOperator'`.","category":"DeprecatedImportWarning","filename":"/opt/airflow/dags/branch_pipeline.py","lineno":2,"logger":"py.warnings"}
{"timestamp":"2026-02-22T03:39:40.348157Z","level":"warning","event":"The `airflow.operators.bash.BashOperator` attribute is deprecated. Please use `'airflow.providers.standard.operators.bash.BashOperator'`.","category":"DeprecatedImportWarning","filename":"/opt/airflow/dags/branch_pipeline.py","lineno":3,"logger":"py.warnings"}
{"timestamp":"2026-02-22T03:40:10.657207Z","level":"info","event":"Filling up the DagBag from /opt/airflow/dags/branch_pipeline.py","logger":"airflow.models.dagbag.BundleDagBag","filename":"dagbag.py","lineno":593}
{"timestamp":"2026-02-22T03:40:10.700896Z","level":"warning","event":"The `airflow.decorators.dag` attribute is deprecated. Please use `'airflow.sdk.dag'`.","category":"DeprecatedImportWarning","filename":"/opt/airflow/dags/branch_pipeline.py","lineno":1,"logger":"py.warnings"}
{"timestamp":"2026-02-22T03:40:10.701025Z","level":"warning","event":"The `airflow.decorators.task` attribute is deprecated. Please use `'airflow.sdk.task'`.","category":"DeprecatedImportWarning","filename":"/opt/airflow/dags/branch_pipeline.py","lineno":1,"logger":"py.warnings"}
{"timestamp":"2026-02-22T03:40:10.701082Z","level":"warning","event":"The `airflow.operators.python.BranchPythonOperator` attribute is deprecated. Please use `'airflow.providers.standard.operators.python.BranchPythonOperator'`.","category":"DeprecatedImportWarning","filename":"/opt/airflow/dags/branch_pipeline.py","lineno":2,"logger":"py.warnings"}
{"timestamp":"2026-02-22T03:40:10.701125Z","level":"warning","event":"The `airflow.operators.bash.BashOperator` attribute is deprecated. Please use `'airflow.providers.standard.operators.bash.BashOperator'`.","category":"DeprecatedImportWarning","filename":"/opt/airflow/dags/branch_pipeline.py","lineno":3,"logger":"py.warnings"}
{"timestamp":"2026-02-22T03:40:41.146510Z","level":"info","event":"Filling up the DagBag from /opt/airflow/dags/branch_pipeline.py","logger":"airflow.models.dagbag.BundleDagBag","filename":"dagbag.py","lineno":593}
{"timestamp":"2026-02-22T03:40:41.186255Z","level":"warning","event":"The `airflow.decorators.dag` attribute is deprecated. Please use `'airflow.sdk.dag'`.","category":"DeprecatedImportWarning","filename":"/opt/airflow/dags/branch_pipeline.py","lineno":1,"logger":"py.warnings"}
{"timestamp":"2026-02-22T03:40:41.186404Z","level":"warning","event":"The `airflow.decorators.task` attribute is deprecated. Please use `'airflow.sdk.task'`.","category":"DeprecatedImportWarning","filename":"/opt/airflow/dags/branch_pipeline.py","lineno":1,"logger":"py.warnings"}
{"timestamp":"2026-02-22T03:40:41.186465Z","level":"warning","event":"The `airflow.operators.python.BranchPythonOperator` attribute is deprecated. Please use `'airflow.providers.standard.operators.python.BranchPythonOperator'`.","category":"DeprecatedImportWarning","filename":"/opt/airflow/dags/branch_pipeline.py","lineno":2,"logger":"py.warnings"}
{"timestamp":"2026-02-22T03:40:41.186515Z","level":"warning","event":"The `airflow.operators.bash.BashOperator` attribute is deprecated. Please use `'airflow.providers.standard.operators.bash.BashOperator'`.","category":"DeprecatedImportWarning","filename":"/opt/airflow/dags/branch_pipeline.py","lineno":3,"logger":"py.warnings"}
{"timestamp":"2026-02-22T03:41:11.668773Z","level":"info","event":"Filling up the DagBag from /opt/airflow/dags/branch_pipeline.py","logger":"airflow.models.dagbag.BundleDagBag","filename":"dagbag.py","lineno":593}
{"timestamp":"2026-02-22T03:41:11.722562Z","level":"warning","event":"The `airflow.decorators.dag` attribute is deprecated. Please use `'airflow.sdk.dag'`.","category":"DeprecatedImportWarning","filename":"/opt/airflow/dags/branch_pipeline.py","lineno":1,"logger":"py.warnings"}
{"timestamp":"2026-02-22T03:41:11.722805Z","level":"warning","event":"The `airflow.decorators.task` attribute is deprecated. Please use `'airflow.sdk.task'`.","category":"DeprecatedImportWarning","filename":"/opt/airflow/dags/branch_pipeline.py","lineno":1,"logger":"py.warnings"}
{"timestamp":"2026-02-22T03:41:11.722939Z","level":"warning","event":"The `airflow.operators.python.BranchPythonOperator` attribute is deprecated. Please use `'airflow.providers.standard.operators.python.BranchPythonOperator'`.","category":"DeprecatedImportWarning","filename":"/opt/airflow/dags/branch_pipeline.py","lineno":2,"logger":"py.warnings"}
{"timestamp":"2026-02-22T03:41:11.723136Z","level":"warning","event":"The `airflow.operators.bash.BashOperator` attribute is deprecated. Please use `'airflow.providers.standard.operators.bash.BashOperator'`.","category":"DeprecatedImportWarning","filename":"/opt/airflow/dags/branch_pipeline.py","lineno":3,"logger":"py.warnings"}
{"timestamp":"2026-02-22T03:41:41.914288Z","level":"info","event":"Filling up the DagBag from /opt/airflow/dags/branch_pipeline.py","logger":"airflow.models.dagbag.BundleDagBag","filename":"dagbag.py","lineno":593}
{"timestamp":"2026-02-22T03:41:41.953342Z","level":"warning","event":"The `airflow.decorators.dag` attribute is deprecated. Please use `'airflow.sdk.dag'`.","category":"DeprecatedImportWarning","filename":"/opt/airflow/dags/branch_pipeline.py","lineno":1,"logger":"py.warnings"}
{"timestamp":"2026-02-22T03:41:41.953469Z","level":"warning","event":"The `airflow.decorators.task` attribute is deprecated. Please use `'airflow.sdk.task'`.","category":"DeprecatedImportWarning","filename":"/opt/airflow/dags/branch_pipeline.py","lineno":1,"logger":"py.warnings"}
{"timestamp":"2026-02-22T03:41:41.953526Z","level":"warning","event":"The `airflow.operators.python.BranchPythonOperator` attribute is deprecated. Please use `'airflow.providers.standard.operators.python.BranchPythonOperator'`.","category":"DeprecatedImportWarning","filename":"/opt/airflow/dags/branch_pipeline.py","lineno":2,"logger":"py.warnings"}
{"timestamp":"2026-02-22T03:41:41.953569Z","level":"warning","event":"The `airflow.operators.bash.BashOperator` attribute is deprecated. Please use `'airflow.providers.standard.operators.bash.BashOperator'`.","category":"DeprecatedImportWarning","filename":"/opt/airflow/dags/branch_pipeline.py","lineno":3,"logger":"py.warnings"}
{"timestamp":"2026-02-22T03:42:12.323279Z","level":"info","event":"Filling up the DagBag from /opt/airflow/dags/branch_pipeline.py","logger":"airflow.models.dagbag.BundleDagBag","filename":"dagbag.py","lineno":593}
{"timestamp":"2026-02-22T03:42:12.370532Z","level":"warning","event":"The `airflow.decorators.dag` attribute is deprecated. Please use `'airflow.sdk.dag'`.","category":"DeprecatedImportWarning","filename":"/opt/airflow/dags/branch_pipeline.py","lineno":1,"logger":"py.warnings"}
{"timestamp":"2026-02-22T03:42:12.370731Z","level":"warning","event":"The `airflow.decorators.task` attribute is deprecated. Please use `'airflow.sdk.task'`.","category":"DeprecatedImportWarning","filename":"/opt/airflow/dags/branch_pipeline.py","lineno":1,"logger":"py.warnings"}
{"timestamp":"2026-02-22T03:42:12.370792Z","level":"warning","event":"The `airflow.operators.python.BranchPythonOperator` attribute is deprecated. Please use `'airflow.providers.standard.operators.python.BranchPythonOperator'`.","category":"DeprecatedImportWarning","filename":"/opt/airflow/dags/branch_pipeline.py","lineno":2,"logger":"py.warnings"}
{"timestamp":"2026-02-22T03:42:12.370839Z","level":"warning","event":"The `airflow.operators.bash.BashOperator` attribute is deprecated. Please use `'airflow.providers.standard.operators.bash.BashOperator'`.","category":"DeprecatedImportWarning","filename":"/opt/airflow/dags/branch_pipeline.py","lineno":3,"logger":"py.warnings"}
{"timestamp":"2026-02-22T03:42:42.822510Z","level":"info","event":"Filling up the DagBag from /opt/airflow/dags/branch_pipeline.py","logger":"airflow.models.dagbag.BundleDagBag","filename":"dagbag.py","lineno":593}
{"timestamp":"2026-02-22T03:42:42.893579Z","level":"warning","event":"The `airflow.decorators.dag` attribute is deprecated. Please use `'airflow.sdk.dag'`.","category":"DeprecatedImportWarning","filename":"/opt/airflow/dags/branch_pipeline.py","lineno":1,"logger":"py.warnings"}
{"timestamp":"2026-02-22T03:42:42.894067Z","level":"warning","event":"The `airflow.decorators.task` attribute is deprecated. Please use `'airflow.sdk.task'`.","category":"DeprecatedImportWarning","filename":"/opt/airflow/dags/branch_pipeline.py","lineno":1,"logger":"py.warnings"}
{"timestamp":"2026-02-22T03:42:42.894269Z","level":"warning","event":"The `airflow.operators.python.BranchPythonOperator` attribute is deprecated. Please use `'airflow.providers.standard.operators.python.BranchPythonOperator'`.","category":"DeprecatedImportWarning","filename":"/opt/airflow/dags/branch_pipeline.py","lineno":2,"logger":"py.warnings"}
{"timestamp":"2026-02-22T03:42:42.894411Z","level":"warning","event":"The `airflow.operators.bash.BashOperator` attribute is deprecated. Please use `'airflow.providers.standard.operators.bash.BashOperator'`.","category":"DeprecatedImportWarning","filename":"/opt/airflow/dags/branch_pipeline.py","lineno":3,"logger":"py.warnings"}
{"timestamp":"2026-02-22T03:43:13.363323Z","level":"info","event":"Filling up the DagBag from /opt/airflow/dags/branch_pipeline.py","logger":"airflow.models.dagbag.BundleDagBag","filename":"dagbag.py","lineno":593}
{"timestamp":"2026-02-22T03:43:13.403255Z","level":"warning","event":"The `airflow.decorators.dag` attribute is deprecated. Please use `'airflow.sdk.dag'`.","category":"DeprecatedImportWarning","filename":"/opt/airflow/dags/branch_pipeline.py","lineno":1,"logger":"py.warnings"}
{"timestamp":"2026-02-22T03:43:13.403411Z","level":"warning","event":"The `airflow.decorators.task` attribute is deprecated. Please use `'airflow.sdk.task'`.","category":"DeprecatedImportWarning","filename":"/opt/airflow/dags/branch_pipeline.py","lineno":1,"logger":"py.warnings"}
{"timestamp":"2026-02-22T03:43:13.403474Z","level":"warning","event":"The `airflow.operators.python.BranchPythonOperator` attribute is deprecated. Please use `'airflow.providers.standard.operators.python.BranchPythonOperator'`.","category":"DeprecatedImportWarning","filename":"/opt/airflow/dags/branch_pipeline.py","lineno":2,"logger":"py.warnings"}
{"timestamp":"2026-02-22T03:43:13.403524Z","level":"warning","event":"The `airflow.operators.bash.BashOperator` attribute is deprecated. Please use `'airflow.providers.standard.operators.bash.BashOperator'`.","category":"DeprecatedImportWarning","filename":"/opt/airflow/dags/branch_pipeline.py","lineno":3,"logger":"py.warnings"}
{"timestamp":"2026-02-22T03:43:43.675669Z","level":"info","event":"Filling up the DagBag from /opt/airflow/dags/branch_pipeline.py","logger":"airflow.models.dagbag.BundleDagBag","filename":"dagbag.py","lineno":593}
{"timestamp":"2026-02-22T03:43:43.729587Z","level":"warning","event":"The `airflow.decorators.dag` attribute is deprecated. Please use `'airflow.sdk.dag'`.","category":"DeprecatedImportWarning","filename":"/opt/airflow/dags/branch_pipeline.py","lineno":1,"logger":"py.warnings"}
{"timestamp":"2026-02-22T03:43:43.729733Z","level":"warning","event":"The `airflow.decorators.task` attribute is deprecated. Please use `'airflow.sdk.task'`.","category":"DeprecatedImportWarning","filename":"/opt/airflow/dags/branch_pipeline.py","lineno":1,"logger":"py.warnings"}
{"timestamp":"2026-02-22T03:43:43.729791Z","level":"warning","event":"The `airflow.operators.python.BranchPythonOperator` attribute is deprecated. Please use `'airflow.providers.standard.operators.python.BranchPythonOperator'`.","category":"DeprecatedImportWarning","filename":"/opt/airflow/dags/branch_pipeline.py","lineno":2,"logger":"py.warnings"}
{"timestamp":"2026-02-22T03:43:43.729837Z","level":"warning","event":"The `airflow.operators.bash.BashOperator` attribute is deprecated. Please use `'airflow.providers.standard.operators.bash.BashOperator'`.","category":"DeprecatedImportWarning","filename":"/opt/airflow/dags/branch_pipeline.py","lineno":3,"logger":"py.warnings"}
{"timestamp":"2026-02-22T03:44:13.917275Z","level":"info","event":"Filling up the DagBag from /opt/airflow/dags/branch_pipeline.py","logger":"airflow.models.dagbag.BundleDagBag","filename":"dagbag.py","lineno":593}
{"timestamp":"2026-02-22T03:44:13.972175Z","level":"warning","event":"The `airflow.decorators.dag` attribute is deprecated. Please use `'airflow.sdk.dag'`.","category":"DeprecatedImportWarning","filename":"/opt/airflow/dags/branch_pipeline.py","lineno":1,"logger":"py.warnings"}
{"timestamp":"2026-02-22T03:44:13.972321Z","level":"warning","event":"The `airflow.decorators.task` attribute is deprecated. Please use `'airflow.sdk.task'`.","category":"DeprecatedImportWarning","filename":"/opt/airflow/dags/branch_pipeline.py","lineno":1,"logger":"py.warnings"}
{"timestamp":"2026-02-22T03:44:13.972377Z","level":"warning","event":"The `airflow.operators.python.BranchPythonOperator` attribute is deprecated. Please use `'airflow.providers.standard.operators.python.BranchPythonOperator'`.","category":"DeprecatedImportWarning","filename":"/opt/airflow/dags/branch_pipeline.py","lineno":2,"logger":"py.warnings"}
{"timestamp":"2026-02-22T03:44:13.972423Z","level":"warning","event":"The `airflow.operators.bash.BashOperator` attribute is deprecated. Please use `'airflow.providers.standard.operators.bash.BashOperator'`.","category":"DeprecatedImportWarning","filename":"/opt/airflow/dags/branch_pipeline.py","lineno":3,"logger":"py.warnings"}
{"timestamp":"2026-02-22T03:44:44.216649Z","level":"info","event":"Filling up the DagBag from /opt/airflow/dags/branch_pipeline.py","logger":"airflow.models.dagbag.BundleDagBag","filename":"dagbag.py","lineno":593}
{"timestamp":"2026-02-22T03:44:44.271435Z","level":"warning","event":"The `airflow.decorators.dag` attribute is deprecated. Please use `'airflow.sdk.dag'`.","category":"DeprecatedImportWarning","filename":"/opt/airflow/dags/branch_pipeline.py","lineno":1,"logger":"py.warnings"}
{"timestamp":"2026-02-22T03:44:44.271586Z","level":"warning","event":"The `airflow.decorators.task` attribute is deprecated. Please use `'airflow.sdk.task'`.","category":"DeprecatedImportWarning","filename":"/opt/airflow/dags/branch_pipeline.py","lineno":1,"logger":"py.warnings"}
{"timestamp":"2026-02-22T03:44:44.271642Z","level":"warning","event":"The `airflow.operators.python.BranchPythonOperator` attribute is deprecated. Please use `'airflow.providers.standard.operators.python.BranchPythonOperator'`.","category":"DeprecatedImportWarning","filename":"/opt/airflow/dags/branch_pipeline.py","lineno":2,"logger":"py.warnings"}
{"timestamp":"2026-02-22T03:44:44.271691Z","level":"warning","event":"The `airflow.operators.bash.BashOperator` attribute is deprecated. Please use `'airflow.providers.standard.operators.bash.BashOperator'`.","category":"DeprecatedImportWarning","filename":"/opt/airflow/dags/branch_pipeline.py","lineno":3,"logger":"py.warnings"}
{"timestamp":"2026-02-22T03:45:14.504019Z","level":"info","event":"Filling up the DagBag from /opt/airflow/dags/branch_pipeline.py","logger":"airflow.models.dagbag.BundleDagBag","filename":"dagbag.py","lineno":593}
{"timestamp":"2026-02-22T03:45:14.555797Z","level":"warning","event":"The `airflow.decorators.dag` attribute is deprecated. Please use `'airflow.sdk.dag'`.","category":"DeprecatedImportWarning","filename":"/opt/airflow/dags/branch_pipeline.py","lineno":1,"logger":"py.warnings"}
{"timestamp":"2026-02-22T03:45:14.555934Z","level":"warning","event":"The `airflow.decorators.task` attribute is deprecated. Please use `'airflow.sdk.task'`.","category":"DeprecatedImportWarning","filename":"/opt/airflow/dags/branch_pipeline.py","lineno":1,"logger":"py.warnings"}
{"timestamp":"2026-02-22T03:45:14.555991Z","level":"warning","event":"The `airflow.operators.python.BranchPythonOperator` attribute is deprecated. Please use `'airflow.providers.standard.operators.python.BranchPythonOperator'`.","category":"DeprecatedImportWarning","filename":"/opt/airflow/dags/branch_pipeline.py","lineno":2,"logger":"py.warnings"}
{"timestamp":"2026-02-22T03:45:14.556034Z","level":"warning","event":"The `airflow.operators.bash.BashOperator` attribute is deprecated. Please use `'airflow.providers.standard.operators.bash.BashOperator'`.","category":"DeprecatedImportWarning","filename":"/opt/airflow/dags/branch_pipeline.py","lineno":3,"logger":"py.warnings"}
{"timestamp":"2026-02-22T03:45:44.819014Z","level":"info","event":"Filling up the DagBag from /opt/airflow/dags/branch_pipeline.py","logger":"airflow.models.dagbag.BundleDagBag","filename":"dagbag.py","lineno":593}
{"timestamp":"2026-02-22T03:45:44.886587Z","level":"warning","event":"The `airflow.decorators.dag` attribute is deprecated. Please use `'airflow.sdk.dag'`.","category":"DeprecatedImportWarning","filename":"/opt/airflow/dags/branch_pipeline.py","lineno":1,"logger":"py.warnings"}
{"timestamp":"2026-02-22T03:45:44.886978Z","level":"warning","event":"The `airflow.decorators.task` attribute is deprecated. Please use `'airflow.sdk.task'`.","category":"DeprecatedImportWarning","filename":"/opt/airflow/dags/branch_pipeline.py","lineno":1,"logger":"py.warnings"}
{"timestamp":"2026-02-22T03:45:44.887075Z","level":"warning","event":"The `airflow.operators.python.BranchPythonOperator` attribute is deprecated. Please use `'airflow.providers.standard.operators.python.BranchPythonOperator'`.","category":"DeprecatedImportWarning","filename":"/opt/airflow/dags/branch_pipeline.py","lineno":2,"logger":"py.warnings"}
{"timestamp":"2026-02-22T03:45:44.887134Z","level":"warning","event":"The `airflow.operators.bash.BashOperator` attribute is deprecated. Please use `'airflow.providers.standard.operators.bash.BashOperator'`.","category":"DeprecatedImportWarning","filename":"/opt/airflow/dags/branch_pipeline.py","lineno":3,"logger":"py.warnings"}
{"timestamp":"2026-02-22T03:46:15.252792Z","level":"info","event":"Filling up the DagBag from /opt/airflow/dags/branch_pipeline.py","logger":"airflow.models.dagbag.BundleDagBag","filename":"dagbag.py","lineno":593}
{"timestamp":"2026-02-22T03:46:15.304195Z","level":"warning","event":"The `airflow.decorators.dag` attribute is deprecated. Please use `'airflow.sdk.dag'`.","category":"DeprecatedImportWarning","filename":"/opt/airflow/dags/branch_pipeline.py","lineno":1,"logger":"py.warnings"}
{"timestamp":"2026-02-22T03:46:15.304344Z","level":"warning","event":"The `airflow.decorators.task` attribute is deprecated. Please use `'airflow.sdk.task'`.","category":"DeprecatedImportWarning","filename":"/opt/airflow/dags/branch_pipeline.py","lineno":1,"logger":"py.warnings"}
{"timestamp":"2026-02-22T03:46:15.304405Z","level":"warning","event":"The `airflow.operators.python.BranchPythonOperator` attribute is deprecated. Please use `'airflow.providers.standard.operators.python.BranchPythonOperator'`.","category":"DeprecatedImportWarning","filename":"/opt/airflow/dags/branch_pipeline.py","lineno":2,"logger":"py.warnings"}
{"timestamp":"2026-02-22T03:46:15.304483Z","level":"warning","event":"The `airflow.operators.bash.BashOperator` attribute is deprecated. Please use `'airflow.providers.standard.operators.bash.BashOperator'`.","category":"DeprecatedImportWarning","filename":"/opt/airflow/dags/branch_pipeline.py","lineno":3,"logger":"py.warnings"}
{"timestamp":"2026-02-22T03:46:45.833975Z","level":"info","event":"Filling up the DagBag from /opt/airflow/dags/branch_pipeline.py","logger":"airflow.models.dagbag.BundleDagBag","filename":"dagbag.py","lineno":593}
{"timestamp":"2026-02-22T03:46:45.877566Z","level":"warning","event":"The `airflow.decorators.dag` attribute is deprecated. Please use `'airflow.sdk.dag'`.","category":"DeprecatedImportWarning","filename":"/opt/airflow/dags/branch_pipeline.py","lineno":1,"logger":"py.warnings"}
{"timestamp":"2026-02-22T03:46:45.877703Z","level":"warning","event":"The `airflow.decorators.task` attribute is deprecated. Please use `'airflow.sdk.task'`.","category":"DeprecatedImportWarning","filename":"/opt/airflow/dags/branch_pipeline.py","lineno":1,"logger":"py.warnings"}
{"timestamp":"2026-02-22T03:46:45.877769Z","level":"warning","event":"The `airflow.operators.python.BranchPythonOperator` attribute is deprecated. Please use `'airflow.providers.standard.operators.python.BranchPythonOperator'`.","category":"DeprecatedImportWarning","filename":"/opt/airflow/dags/branch_pipeline.py","lineno":2,"logger":"py.warnings"}
{"timestamp":"2026-02-22T03:46:45.877824Z","level":"warning","event":"The `airflow.operators.bash.BashOperator` attribute is deprecated. Please use `'airflow.providers.standard.operators.bash.BashOperator'`.","category":"DeprecatedImportWarning","filename":"/opt/airflow/dags/branch_pipeline.py","lineno":3,"logger":"py.warnings"}
{"timestamp":"2026-02-22T03:47:16.346437Z","level":"info","event":"Filling up the DagBag from /opt/airflow/dags/branch_pipeline.py","logger":"airflow.models.dagbag.BundleDagBag","filename":"dagbag.py","lineno":593}
{"timestamp":"2026-02-22T03:47:16.406086Z","level":"warning","event":"The `airflow.decorators.dag` attribute is deprecated. Please use `'airflow.sdk.dag'`.","category":"DeprecatedImportWarning","filename":"/opt/airflow/dags/branch_pipeline.py","lineno":1,"logger":"py.warnings"}
{"timestamp":"2026-02-22T03:47:16.406256Z","level":"warning","event":"The `airflow.decorators.task` attribute is deprecated. Please use `'airflow.sdk.task'`.","category":"DeprecatedImportWarning","filename":"/opt/airflow/dags/branch_pipeline.py","lineno":1,"logger":"py.warnings"}
{"timestamp":"2026-02-22T03:47:16.406313Z","level":"warning","event":"The `airflow.operators.python.BranchPythonOperator` attribute is deprecated. Please use `'airflow.providers.standard.operators.python.BranchPythonOperator'`.","category":"DeprecatedImportWarning","filename":"/opt/airflow/dags/branch_pipeline.py","lineno":2,"logger":"py.warnings"}
{"timestamp":"2026-02-22T03:47:16.406373Z","level":"warning","event":"The `airflow.operators.bash.BashOperator` attribute is deprecated. Please use `'airflow.providers.standard.operators.bash.BashOperator'`.","category":"DeprecatedImportWarning","filename":"/opt/airflow/dags/branch_pipeline.py","lineno":3,"logger":"py.warnings"}
{"timestamp":"2026-02-22T03:47:46.947115Z","level":"info","event":"Filling up the DagBag from /opt/airflow/dags/branch_pipeline.py","logger":"airflow.models.dagbag.BundleDagBag","filename":"dagbag.py","lineno":593}
{"timestamp":"2026-02-22T03:47:46.992174Z","level":"warning","event":"The `airflow.decorators.dag` attribute is deprecated. Please use `'airflow.sdk.dag'`.","category":"DeprecatedImportWarning","filename":"/opt/airflow/dags/branch_pipeline.py","lineno":1,"logger":"py.warnings"}
{"timestamp":"2026-02-22T03:47:46.992300Z","level":"warning","event":"The `airflow.decorators.task` attribute is deprecated. Please use `'airflow.sdk.task'`.","category":"DeprecatedImportWarning","filename":"/opt/airflow/dags/branch_pipeline.py","lineno":1,"logger":"py.warnings"}
{"timestamp":"2026-02-22T03:47:46.992353Z","level":"warning","event":"The `airflow.operators.python.BranchPythonOperator` attribute is deprecated. Please use `'airflow.providers.standard.operators.python.BranchPythonOperator'`.","category":"DeprecatedImportWarning","filename":"/opt/airflow/dags/branch_pipeline.py","lineno":2,"logger":"py.warnings"}
{"timestamp":"2026-02-22T03:47:46.992397Z","level":"warning","event":"The `airflow.operators.bash.BashOperator` attribute is deprecated. Please use `'airflow.providers.standard.operators.bash.BashOperator'`.","category":"DeprecatedImportWarning","filename":"/opt/airflow/dags/branch_pipeline.py","lineno":3,"logger":"py.warnings"}
{"timestamp":"2026-02-22T03:48:17.338793Z","level":"info","event":"Filling up the DagBag from /opt/airflow/dags/branch_pipeline.py","logger":"airflow.models.dagbag.BundleDagBag","filename":"dagbag.py","lineno":593}
{"timestamp":"2026-02-22T03:48:17.379831Z","level":"warning","event":"The `airflow.decorators.dag` attribute is deprecated. Please use `'airflow.sdk.dag'`.","category":"DeprecatedImportWarning","filename":"/opt/airflow/dags/branch_pipeline.py","lineno":1,"logger":"py.warnings"}
{"timestamp":"2026-02-22T03:48:17.379961Z","level":"warning","event":"The `airflow.decorators.task` attribute is deprecated. Please use `'airflow.sdk.task'`.","category":"DeprecatedImportWarning","filename":"/opt/airflow/dags/branch_pipeline.py","lineno":1,"logger":"py.warnings"}
{"timestamp":"2026-02-22T03:48:17.380024Z","level":"warning","event":"The `airflow.operators.python.BranchPythonOperator` attribute is deprecated. Please use `'airflow.providers.standard.operators.python.BranchPythonOperator'`.","category":"DeprecatedImportWarning","filename":"/opt/airflow/dags/branch_pipeline.py","lineno":2,"logger":"py.warnings"}
{"timestamp":"2026-02-22T03:48:17.380075Z","level":"warning","event":"The `airflow.operators.bash.BashOperator` attribute is deprecated. Please use `'airflow.providers.standard.operators.bash.BashOperator'`.","category":"DeprecatedImportWarning","filename":"/opt/airflow/dags/branch_pipeline.py","lineno":3,"logger":"py.warnings"}
{"timestamp":"2026-02-22T03:48:47.713545Z","level":"info","event":"Filling up the DagBag from /opt/airflow/dags/branch_pipeline.py","logger":"airflow.models.dagbag.BundleDagBag","filename":"dagbag.py","lineno":593}
{"timestamp":"2026-02-22T03:48:47.749331Z","level":"warning","event":"The `airflow.decorators.dag` attribute is deprecated. Please use `'airflow.sdk.dag'`.","category":"DeprecatedImportWarning","filename":"/opt/airflow/dags/branch_pipeline.py","lineno":1,"logger":"py.warnings"}
{"timestamp":"2026-02-22T03:48:47.749471Z","level":"warning","event":"The `airflow.decorators.task` attribute is deprecated. Please use `'airflow.sdk.task'`.","category":"DeprecatedImportWarning","filename":"/opt/airflow/dags/branch_pipeline.py","lineno":1,"logger":"py.warnings"}
{"timestamp":"2026-02-22T03:48:47.749535Z","level":"warning","event":"The `airflow.operators.python.BranchPythonOperator` attribute is deprecated. Please use `'airflow.providers.standard.operators.python.BranchPythonOperator'`.","category":"DeprecatedImportWarning","filename":"/opt/airflow/dags/branch_pipeline.py","lineno":2,"logger":"py.warnings"}
{"timestamp":"2026-02-22T03:48:47.749581Z","level":"warning","event":"The `airflow.operators.bash.BashOperator` attribute is deprecated. Please use `'airflow.providers.standard.operators.bash.BashOperator'`.","category":"DeprecatedImportWarning","filename":"/opt/airflow/dags/branch_pipeline.py","lineno":3,"logger":"py.warnings"}
{"timestamp":"2026-02-22T03:49:18.024359Z","level":"info","event":"Filling up the DagBag from /opt/airflow/dags/branch_pipeline.py","logger":"airflow.models.dagbag.BundleDagBag","filename":"dagbag.py","lineno":593}
{"timestamp":"2026-02-22T03:49:18.076073Z","level":"warning","event":"The `airflow.decorators.dag` attribute is deprecated. Please use `'airflow.sdk.dag'`.","category":"DeprecatedImportWarning","filename":"/opt/airflow/dags/branch_pipeline.py","lineno":1,"logger":"py.warnings"}
{"timestamp":"2026-02-22T03:49:18.076514Z","level":"warning","event":"The `airflow.decorators.task` attribute is deprecated. Please use `'airflow.sdk.task'`.","category":"DeprecatedImportWarning","filename":"/opt/airflow/dags/branch_pipeline.py","lineno":1,"logger":"py.warnings"}
{"timestamp":"2026-02-22T03:49:18.076672Z","level":"warning","event":"The `airflow.operators.python.BranchPythonOperator` attribute is deprecated. Please use `'airflow.providers.standard.operators.python.BranchPythonOperator'`.","category":"DeprecatedImportWarning","filename":"/opt/airflow/dags/branch_pipeline.py","lineno":2,"logger":"py.warnings"}
{"timestamp":"2026-02-22T03:49:18.076737Z","level":"warning","event":"The `airflow.operators.bash.BashOperator` attribute is deprecated. Please use `'airflow.providers.standard.operators.bash.BashOperator'`.","category":"DeprecatedImportWarning","filename":"/opt/airflow/dags/branch_pipeline.py","lineno":3,"logger":"py.warnings"}
{"timestamp":"2026-02-22T03:49:48.307257Z","level":"info","event":"Filling up the DagBag from /opt/airflow/dags/branch_pipeline.py","logger":"airflow.models.dagbag.BundleDagBag","filename":"dagbag.py","lineno":593}
{"timestamp":"2026-02-22T03:49:48.354463Z","level":"warning","event":"The `airflow.decorators.dag` attribute is deprecated. Please use `'airflow.sdk.dag'`.","category":"DeprecatedImportWarning","filename":"/opt/airflow/dags/branch_pipeline.py","lineno":1,"logger":"py.warnings"}
{"timestamp":"2026-02-22T03:49:48.354593Z","level":"warning","event":"The `airflow.decorators.task` attribute is deprecated. Please use `'airflow.sdk.task'`.","category":"DeprecatedImportWarning","filename":"/opt/airflow/dags/branch_pipeline.py","lineno":1,"logger":"py.warnings"}
{"timestamp":"2026-02-22T03:49:48.354648Z","level":"warning","event":"The `airflow.operators.python.BranchPythonOperator` attribute is deprecated. Please use `'airflow.providers.standard.operators.python.BranchPythonOperator'`.","category":"DeprecatedImportWarning","filename":"/opt/airflow/dags/branch_pipeline.py","lineno":2,"logger":"py.warnings"}
{"timestamp":"2026-02-22T03:49:48.354692Z","level":"warning","event":"The `airflow.operators.bash.BashOperator` attribute is deprecated. Please use `'airflow.providers.standard.operators.bash.BashOperator'`.","category":"DeprecatedImportWarning","filename":"/opt/airflow/dags/branch_pipeline.py","lineno":3,"logger":"py.warnings"}
{"timestamp":"2026-02-22T03:50:18.772683Z","level":"info","event":"Filling up the DagBag from /opt/airflow/dags/branch_pipeline.py","logger":"airflow.models.dagbag.BundleDagBag","filename":"dagbag.py","lineno":593}
{"timestamp":"2026-02-22T03:50:18.824898Z","level":"warning","event":"The `airflow.decorators.dag` attribute is deprecated. Please use `'airflow.sdk.dag'`.","category":"DeprecatedImportWarning","filename":"/opt/airflow/dags/branch_pipeline.py","lineno":1,"logger":"py.warnings"}
{"timestamp":"2026-02-22T03:50:18.825050Z","level":"warning","event":"The `airflow.decorators.task` attribute is deprecated. Please use `'airflow.sdk.task'`.","category":"DeprecatedImportWarning","filename":"/opt/airflow/dags/branch_pipeline.py","lineno":1,"logger":"py.warnings"}
{"timestamp":"2026-02-22T03:50:18.825108Z","level":"warning","event":"The `airflow.operators.python.BranchPythonOperator` attribute is deprecated. Please use `'airflow.providers.standard.operators.python.BranchPythonOperator'`.","category":"DeprecatedImportWarning","filename":"/opt/airflow/dags/branch_pipeline.py","lineno":2,"logger":"py.warnings"}
{"timestamp":"2026-02-22T03:50:18.825152Z","level":"warning","event":"The `airflow.operators.bash.BashOperator` attribute is deprecated. Please use `'airflow.providers.standard.operators.bash.BashOperator'`.","category":"DeprecatedImportWarning","filename":"/opt/airflow/dags/branch_pipeline.py","lineno":3,"logger":"py.warnings"}
{"timestamp":"2026-02-22T03:50:49.209109Z","level":"info","event":"Filling up the DagBag from /opt/airflow/dags/branch_pipeline.py","logger":"airflow.models.dagbag.BundleDagBag","filename":"dagbag.py","lineno":593}
{"timestamp":"2026-02-22T03:50:49.260271Z","level":"warning","event":"The `airflow.decorators.dag` attribute is deprecated. Please use `'airflow.sdk.dag'`.","category":"DeprecatedImportWarning","filename":"/opt/airflow/dags/branch_pipeline.py","lineno":1,"logger":"py.warnings"}
{"timestamp":"2026-02-22T03:50:49.260481Z","level":"warning","event":"The `airflow.decorators.task` attribute is deprecated. Please use `'airflow.sdk.task'`.","category":"DeprecatedImportWarning","filename":"/opt/airflow/dags/branch_pipeline.py","lineno":1,"logger":"py.warnings"}
{"timestamp":"2026-02-22T03:50:49.260588Z","level":"warning","event":"The `airflow.operators.python.BranchPythonOperator` attribute is deprecated. Please use `'airflow.providers.standard.operators.python.BranchPythonOperator'`.","category":"DeprecatedImportWarning","filename":"/opt/airflow/dags/branch_pipeline.py","lineno":2,"logger":"py.warnings"}
{"timestamp":"2026-02-22T03:50:49.260680Z","level":"warning","event":"The `airflow.operators.bash.BashOperator` attribute is deprecated. Please use `'airflow.providers.standard.operators.bash.BashOperator'`.","category":"DeprecatedImportWarning","filename":"/opt/airflow/dags/branch_pipeline.py","lineno":3,"logger":"py.warnings"}
{"timestamp":"2026-02-22T03:51:19.488516Z","level":"info","event":"Filling up the DagBag from /opt/airflow/dags/branch_pipeline.py","logger":"airflow.models.dagbag.BundleDagBag","filename":"dagbag.py","lineno":593}
{"timestamp":"2026-02-22T03:51:19.538314Z","level":"warning","event":"The `airflow.decorators.dag` attribute is deprecated. Please use `'airflow.sdk.dag'`.","category":"DeprecatedImportWarning","filename":"/opt/airflow/dags/branch_pipeline.py","lineno":1,"logger":"py.warnings"}
{"timestamp":"2026-02-22T03:51:19.538505Z","level":"warning","event":"The `airflow.decorators.task` attribute is deprecated. Please use `'airflow.sdk.task'`.","category":"DeprecatedImportWarning","filename":"/opt/airflow/dags/branch_pipeline.py","lineno":1,"logger":"py.warnings"}
{"timestamp":"2026-02-22T03:51:19.538579Z","level":"warning","event":"The `airflow.operators.python.BranchPythonOperator` attribute is deprecated. Please use `'airflow.providers.standard.operators.python.BranchPythonOperator'`.","category":"DeprecatedImportWarning","filename":"/opt/airflow/dags/branch_pipeline.py","lineno":2,"logger":"py.warnings"}
{"timestamp":"2026-02-22T03:51:19.538625Z","level":"warning","event":"The `airflow.operators.bash.BashOperator` attribute is deprecated. Please use `'airflow.providers.standard.operators.bash.BashOperator'`.","category":"DeprecatedImportWarning","filename":"/opt/airflow/dags/branch_pipeline.py","lineno":3,"logger":"py.warnings"}
{"timestamp":"2026-02-22T04:03:17.757249Z","level":"info","event":"Filling up the DagBag from /opt/airflow/dags/branch_pipeline.py","logger":"airflow.models.dagbag.BundleDagBag","filename":"dagbag.py","lineno":593}
{"timestamp":"2026-02-22T04:03:18.080683Z","level":"warning","event":"The `airflow.decorators.dag` attribute is deprecated. Please use `'airflow.sdk.dag'`.","category":"DeprecatedImportWarning","filename":"/opt/airflow/dags/branch_pipeline.py","lineno":1,"logger":"py.warnings"}
{"timestamp":"2026-02-22T04:03:18.082957Z","level":"warning","event":"The `airflow.decorators.task` attribute is deprecated. Please use `'airflow.sdk.task'`.","category":"DeprecatedImportWarning","filename":"/opt/airflow/dags/branch_pipeline.py","lineno":1,"logger":"py.warnings"}
{"timestamp":"2026-02-22T04:03:18.087343Z","level":"warning","event":"The `airflow.operators.python.BranchPythonOperator` attribute is deprecated. Please use `'airflow.providers.standard.operators.python.BranchPythonOperator'`.","category":"DeprecatedImportWarning","filename":"/opt/airflow/dags/branch_pipeline.py","lineno":2,"logger":"py.warnings"}
{"timestamp":"2026-02-22T04:03:18.093037Z","level":"warning","event":"The `airflow.operators.bash.BashOperator` attribute is deprecated. Please use `'airflow.providers.standard.operators.bash.BashOperator'`.","category":"DeprecatedImportWarning","filename":"/opt/airflow/dags/branch_pipeline.py","lineno":3,"logger":"py.warnings"}
{"timestamp":"2026-02-22T04:03:49.293360Z","level":"info","event":"Filling up the DagBag from /opt/airflow/dags/branch_pipeline.py","logger":"airflow.models.dagbag.BundleDagBag","filename":"dagbag.py","lineno":593}
{"timestamp":"2026-02-22T04:03:49.351810Z","level":"warning","event":"The `airflow.decorators.dag` attribute is deprecated. Please use `'airflow.sdk.dag'`.","category":"DeprecatedImportWarning","filename":"/opt/airflow/dags/branch_pipeline.py","lineno":1,"logger":"py.warnings"}
{"timestamp":"2026-02-22T04:03:49.352030Z","level":"warning","event":"The `airflow.decorators.task` attribute is deprecated. Please use `'airflow.sdk.task'`.","category":"DeprecatedImportWarning","filename":"/opt/airflow/dags/branch_pipeline.py","lineno":1,"logger":"py.warnings"}
{"timestamp":"2026-02-22T04:03:49.352102Z","level":"warning","event":"The `airflow.operators.python.BranchPythonOperator` attribute is deprecated. Please use `'airflow.providers.standard.operators.python.BranchPythonOperator'`.","category":"DeprecatedImportWarning","filename":"/opt/airflow/dags/branch_pipeline.py","lineno":2,"logger":"py.warnings"}
{"timestamp":"2026-02-22T04:03:49.352153Z","level":"warning","event":"The `airflow.operators.bash.BashOperator` attribute is deprecated. Please use `'airflow.providers.standard.operators.bash.BashOperator'`.","category":"DeprecatedImportWarning","filename":"/opt/airflow/dags/branch_pipeline.py","lineno":3,"logger":"py.warnings"}
{"timestamp":"2026-02-22T04:04:19.595162Z","level":"info","event":"Filling up the DagBag from /opt/airflow/dags/branch_pipeline.py","logger":"airflow.models.dagbag.BundleDagBag","filename":"dagbag.py","lineno":593}
{"timestamp":"2026-02-22T04:04:19.644427Z","level":"warning","event":"The `airflow.decorators.dag` attribute is deprecated. Please use `'airflow.sdk.dag'`.","category":"DeprecatedImportWarning","filename":"/opt/airflow/dags/branch_pipeline.py","lineno":1,"logger":"py.warnings"}
{"timestamp":"2026-02-22T04:04:19.644873Z","level":"warning","event":"The `airflow.decorators.task` attribute is deprecated. Please use `'airflow.sdk.task'`.","category":"DeprecatedImportWarning","filename":"/opt/airflow/dags/branch_pipeline.py","lineno":1,"logger":"py.warnings"}
{"timestamp":"2026-02-22T04:04:19.645049Z","level":"warning","event":"The `airflow.operators.python.BranchPythonOperator` attribute is deprecated. Please use `'airflow.providers.standard.operators.python.BranchPythonOperator'`.","category":"DeprecatedImportWarning","filename":"/opt/airflow/dags/branch_pipeline.py","lineno":2,"logger":"py.warnings"}
{"timestamp":"2026-02-22T04:04:19.645205Z","level":"warning","event":"The `airflow.operators.bash.BashOperator` attribute is deprecated. Please use `'airflow.providers.standard.operators.bash.BashOperator'`.","category":"DeprecatedImportWarning","filename":"/opt/airflow/dags/branch_pipeline.py","lineno":3,"logger":"py.warnings"}
{"timestamp":"2026-02-22T04:04:50.109872Z","level":"info","event":"Filling up the DagBag from /opt/airflow/dags/branch_pipeline.py","logger":"airflow.models.dagbag.BundleDagBag","filename":"dagbag.py","lineno":593}
{"timestamp":"2026-02-22T04:04:50.202907Z","level":"warning","event":"The `airflow.decorators.dag` attribute is deprecated. Please use `'airflow.sdk.dag'`.","category":"DeprecatedImportWarning","filename":"/opt/airflow/dags/branch_pipeline.py","lineno":1,"logger":"py.warnings"}
{"timestamp":"2026-02-22T04:04:50.203274Z","level":"warning","event":"The `airflow.decorators.task` attribute is deprecated. Please use `'airflow.sdk.task'`.","category":"DeprecatedImportWarning","filename":"/opt/airflow/dags/branch_pipeline.py","lineno":1,"logger":"py.warnings"}
{"timestamp":"2026-02-22T04:04:50.203419Z","level":"warning","event":"The `airflow.operators.python.BranchPythonOperator` attribute is deprecated. Please use `'airflow.providers.standard.operators.python.BranchPythonOperator'`.","category":"DeprecatedImportWarning","filename":"/opt/airflow/dags/branch_pipeline.py","lineno":2,"logger":"py.warnings"}
{"timestamp":"2026-02-22T04:04:50.203612Z","level":"warning","event":"The `airflow.operators.bash.BashOperator` attribute is deprecated. Please use `'airflow.providers.standard.operators.bash.BashOperator'`.","category":"DeprecatedImportWarning","filename":"/opt/airflow/dags/branch_pipeline.py","lineno":3,"logger":"py.warnings"}
{"timestamp":"2026-02-22T04:05:21.534041Z","level":"info","event":"Filling up the DagBag from /opt/airflow/dags/branch_pipeline.py","logger":"airflow.models.dagbag.BundleDagBag","filename":"dagbag.py","lineno":593}
{"timestamp":"2026-02-22T04:05:21.627414Z","level":"warning","event":"The `airflow.decorators.dag` attribute is deprecated. Please use `'airflow.sdk.dag'`.","category":"DeprecatedImportWarning","filename":"/opt/airflow/dags/branch_pipeline.py","lineno":1,"logger":"py.warnings"}
{"timestamp":"2026-02-22T04:05:21.627762Z","level":"warning","event":"The `airflow.decorators.task` attribute is deprecated. Please use `'airflow.sdk.task'`.","category":"DeprecatedImportWarning","filename":"/opt/airflow/dags/branch_pipeline.py","lineno":1,"logger":"py.warnings"}
{"timestamp":"2026-02-22T04:05:21.627901Z","level":"warning","event":"The `airflow.operators.python.BranchPythonOperator` attribute is deprecated. Please use `'airflow.providers.standard.operators.python.BranchPythonOperator'`.","category":"DeprecatedImportWarning","filename":"/opt/airflow/dags/branch_pipeline.py","lineno":2,"logger":"py.warnings"}
{"timestamp":"2026-02-22T04:05:21.627998Z","level":"warning","event":"The `airflow.operators.bash.BashOperator` attribute is deprecated. Please use `'airflow.providers.standard.operators.bash.BashOperator'`.","category":"DeprecatedImportWarning","filename":"/opt/airflow/dags/branch_pipeline.py","lineno":3,"logger":"py.warnings"}
{"timestamp":"2026-02-22T04:05:52.227175Z","level":"info","event":"Filling up the DagBag from /opt/airflow/dags/branch_pipeline.py","logger":"airflow.models.dagbag.BundleDagBag","filename":"dagbag.py","lineno":593}
{"timestamp":"2026-02-22T04:05:52.283395Z","level":"warning","event":"The `airflow.decorators.dag` attribute is deprecated. Please use `'airflow.sdk.dag'`.","category":"DeprecatedImportWarning","filename":"/opt/airflow/dags/branch_pipeline.py","lineno":1,"logger":"py.warnings"}
{"timestamp":"2026-02-22T04:05:52.283566Z","level":"warning","event":"The `airflow.decorators.task` attribute is deprecated. Please use `'airflow.sdk.task'`.","category":"DeprecatedImportWarning","filename":"/opt/airflow/dags/branch_pipeline.py","lineno":1,"logger":"py.warnings"}
{"timestamp":"2026-02-22T04:05:52.283633Z","level":"warning","event":"The `airflow.operators.python.BranchPythonOperator` attribute is deprecated. Please use `'airflow.providers.standard.operators.python.BranchPythonOperator'`.","category":"DeprecatedImportWarning","filename":"/opt/airflow/dags/branch_pipeline.py","lineno":2,"logger":"py.warnings"}
{"timestamp":"2026-02-22T04:05:52.283686Z","level":"warning","event":"The `airflow.operators.bash.BashOperator` attribute is deprecated. Please use `'airflow.providers.standard.operators.bash.BashOperator'`.","category":"DeprecatedImportWarning","filename":"/opt/airflow/dags/branch_pipeline.py","lineno":3,"logger":"py.warnings"}
{"timestamp":"2026-02-22T04:06:22.569535Z","level":"info","event":"Filling up the DagBag from /opt/airflow/dags/branch_pipeline.py","logger":"airflow.models.dagbag.BundleDagBag","filename":"dagbag.py","lineno":593}
{"timestamp":"2026-02-22T04:06:22.622761Z","level":"warning","event":"The `airflow.decorators.dag` attribute is deprecated. Please use `'airflow.sdk.dag'`.","category":"DeprecatedImportWarning","filename":"/opt/airflow/dags/branch_pipeline.py","lineno":1,"logger":"py.warnings"}
{"timestamp":"2026-02-22T04:06:22.622913Z","level":"warning","event":"The `airflow.decorators.task` attribute is deprecated. Please use `'airflow.sdk.task'`.","category":"DeprecatedImportWarning","filename":"/opt/airflow/dags/branch_pipeline.py","lineno":1,"logger":"py.warnings"}
{"timestamp":"2026-02-22T04:06:22.622984Z","level":"warning","event":"The `airflow.operators.python.BranchPythonOperator` attribute is deprecated. Please use `'airflow.providers.standard.operators.python.BranchPythonOperator'`.","category":"DeprecatedImportWarning","filename":"/opt/airflow/dags/branch_pipeline.py","lineno":2,"logger":"py.warnings"}
{"timestamp":"2026-02-22T04:06:22.623038Z","level":"warning","event":"The `airflow.operators.bash.BashOperator` attribute is deprecated. Please use `'airflow.providers.standard.operators.bash.BashOperator'`.","category":"DeprecatedImportWarning","filename":"/opt/airflow/dags/branch_pipeline.py","lineno":3,"logger":"py.warnings"}
{"timestamp":"2026-02-22T04:06:53.155318Z","level":"info","event":"Filling up the DagBag from /opt/airflow/dags/branch_pipeline.py","logger":"airflow.models.dagbag.BundleDagBag","filename":"dagbag.py","lineno":593}
{"timestamp":"2026-02-22T04:06:53.303136Z","level":"warning","event":"The `airflow.decorators.dag` attribute is deprecated. Please use `'airflow.sdk.dag'`.","category":"DeprecatedImportWarning","filename":"/opt/airflow/dags/branch_pipeline.py","lineno":1,"logger":"py.warnings"}
{"timestamp":"2026-02-22T04:06:53.303541Z","level":"warning","event":"The `airflow.decorators.task` attribute is deprecated. Please use `'airflow.sdk.task'`.","category":"DeprecatedImportWarning","filename":"/opt/airflow/dags/branch_pipeline.py","lineno":1,"logger":"py.warnings"}
{"timestamp":"2026-02-22T04:06:53.303736Z","level":"warning","event":"The `airflow.operators.python.BranchPythonOperator` attribute is deprecated. Please use `'airflow.providers.standard.operators.python.BranchPythonOperator'`.","category":"DeprecatedImportWarning","filename":"/opt/airflow/dags/branch_pipeline.py","lineno":2,"logger":"py.warnings"}
{"timestamp":"2026-02-22T04:06:53.303889Z","level":"warning","event":"The `airflow.operators.bash.BashOperator` attribute is deprecated. Please use `'airflow.providers.standard.operators.bash.BashOperator'`.","category":"DeprecatedImportWarning","filename":"/opt/airflow/dags/branch_pipeline.py","lineno":3,"logger":"py.warnings"}
{"timestamp":"2026-02-22T04:07:24.420848Z","level":"info","event":"Filling up the DagBag from /opt/airflow/dags/branch_pipeline.py","logger":"airflow.models.dagbag.BundleDagBag","filename":"dagbag.py","lineno":593}
{"timestamp":"2026-02-22T04:07:24.496861Z","level":"warning","event":"The `airflow.decorators.dag` attribute is deprecated. Please use `'airflow.sdk.dag'`.","category":"DeprecatedImportWarning","filename":"/opt/airflow/dags/branch_pipeline.py","lineno":1,"logger":"py.warnings"}
{"timestamp":"2026-02-22T04:07:24.497049Z","level":"warning","event":"The `airflow.decorators.task` attribute is deprecated. Please use `'airflow.sdk.task'`.","category":"DeprecatedImportWarning","filename":"/opt/airflow/dags/branch_pipeline.py","lineno":1,"logger":"py.warnings"}
{"timestamp":"2026-02-22T04:07:24.497114Z","level":"warning","event":"The `airflow.operators.python.BranchPythonOperator` attribute is deprecated. Please use `'airflow.providers.standard.operators.python.BranchPythonOperator'`.","category":"DeprecatedImportWarning","filename":"/opt/airflow/dags/branch_pipeline.py","lineno":2,"logger":"py.warnings"}
{"timestamp":"2026-02-22T04:07:24.497166Z","level":"warning","event":"The `airflow.operators.bash.BashOperator` attribute is deprecated. Please use `'airflow.providers.standard.operators.bash.BashOperator'`.","category":"DeprecatedImportWarning","filename":"/opt/airflow/dags/branch_pipeline.py","lineno":3,"logger":"py.warnings"}
{"timestamp":"2026-02-22T04:07:55.592777Z","level":"info","event":"Filling up the DagBag from /opt/airflow/dags/branch_pipeline.py","logger":"airflow.models.dagbag.BundleDagBag","filename":"dagbag.py","lineno":593}
{"timestamp":"2026-02-22T04:07:55.640738Z","level":"warning","event":"The `airflow.decorators.dag` attribute is deprecated. Please use `'airflow.sdk.dag'`.","category":"DeprecatedImportWarning","filename":"/opt/airflow/dags/branch_pipeline.py","lineno":1,"logger":"py.warnings"}
{"timestamp":"2026-02-22T04:07:55.640902Z","level":"warning","event":"The `airflow.decorators.task` attribute is deprecated. Please use `'airflow.sdk.task'`.","category":"DeprecatedImportWarning","filename":"/opt/airflow/dags/branch_pipeline.py","lineno":1,"logger":"py.warnings"}
{"timestamp":"2026-02-22T04:07:55.640971Z","level":"warning","event":"The `airflow.operators.python.BranchPythonOperator` attribute is deprecated. Please use `'airflow.providers.standard.operators.python.BranchPythonOperator'`.","category":"DeprecatedImportWarning","filename":"/opt/airflow/dags/branch_pipeline.py","lineno":2,"logger":"py.warnings"}
{"timestamp":"2026-02-22T04:07:55.641022Z","level":"warning","event":"The `airflow.operators.bash.BashOperator` attribute is deprecated. Please use `'airflow.providers.standard.operators.bash.BashOperator'`.","category":"DeprecatedImportWarning","filename":"/opt/airflow/dags/branch_pipeline.py","lineno":3,"logger":"py.warnings"}
