{"timestamp":"2026-02-10T05:10:51.464931Z","level":"info","event":"Filling up the DagBag from /opt/airflow/dags/branch_pipeline.py","logger":"airflow.models.dagbag.BundleDagBag","filename":"dagbag.py","lineno":593}
{"timestamp":"2026-02-10T05:10:53.409041Z","level":"warning","event":"The `airflow.decorators.dag` attribute is deprecated. Please use `'airflow.sdk.dag'`.","category":"DeprecatedImportWarning","filename":"/opt/airflow/dags/branch_pipeline.py","lineno":1,"logger":"py.warnings"}
{"timestamp":"2026-02-10T05:10:53.419676Z","level":"warning","event":"The `airflow.decorators.task` attribute is deprecated. Please use `'airflow.sdk.task'`.","category":"DeprecatedImportWarning","filename":"/opt/airflow/dags/branch_pipeline.py","lineno":1,"logger":"py.warnings"}
{"timestamp":"2026-02-10T05:10:53.420400Z","level":"warning","event":"The `airflow.operators.python.BranchPythonOperator` attribute is deprecated. Please use `'airflow.providers.standard.operators.python.BranchPythonOperator'`.","category":"DeprecatedImportWarning","filename":"/opt/airflow/dags/branch_pipeline.py","lineno":2,"logger":"py.warnings"}
{"timestamp":"2026-02-10T05:10:53.420737Z","level":"warning","event":"The `airflow.operators.bash.BashOperator` attribute is deprecated. Please use `'airflow.providers.standard.operators.bash.BashOperator'`.","category":"DeprecatedImportWarning","filename":"/opt/airflow/dags/branch_pipeline.py","lineno":3,"logger":"py.warnings"}
{"timestamp":"2026-02-10T05:11:26.020557Z","level":"info","event":"Filling up the DagBag from /opt/airflow/dags/branch_pipeline.py","logger":"airflow.models.dagbag.BundleDagBag","filename":"dagbag.py","lineno":593}
{"timestamp":"2026-02-10T05:11:26.991701Z","level":"warning","event":"The `airflow.decorators.dag` attribute is deprecated. Please use `'airflow.sdk.dag'`.","category":"DeprecatedImportWarning","filename":"/opt/airflow/dags/branch_pipeline.py","lineno":1,"logger":"py.warnings"}
{"timestamp":"2026-02-10T05:11:26.992141Z","level":"warning","event":"The `airflow.decorators.task` attribute is deprecated. Please use `'airflow.sdk.task'`.","category":"DeprecatedImportWarning","filename":"/opt/airflow/dags/branch_pipeline.py","lineno":1,"logger":"py.warnings"}
{"timestamp":"2026-02-10T05:11:26.992374Z","level":"warning","event":"The `airflow.operators.python.BranchPythonOperator` attribute is deprecated. Please use `'airflow.providers.standard.operators.python.BranchPythonOperator'`.","category":"DeprecatedImportWarning","filename":"/opt/airflow/dags/branch_pipeline.py","lineno":2,"logger":"py.warnings"}
{"timestamp":"2026-02-10T05:11:26.992579Z","level":"warning","event":"The `airflow.operators.bash.BashOperator` attribute is deprecated. Please use `'airflow.providers.standard.operators.bash.BashOperator'`.","category":"DeprecatedImportWarning","filename":"/opt/airflow/dags/branch_pipeline.py","lineno":3,"logger":"py.warnings"}
{"timestamp":"2026-02-10T05:11:58.066866Z","level":"info","event":"Filling up the DagBag from /opt/airflow/dags/branch_pipeline.py","logger":"airflow.models.dagbag.BundleDagBag","filename":"dagbag.py","lineno":593}
{"timestamp":"2026-02-10T05:11:58.181393Z","level":"warning","event":"The `airflow.decorators.dag` attribute is deprecated. Please use `'airflow.sdk.dag'`.","category":"DeprecatedImportWarning","filename":"/opt/airflow/dags/branch_pipeline.py","lineno":1,"logger":"py.warnings"}
{"timestamp":"2026-02-10T05:11:58.181625Z","level":"warning","event":"The `airflow.decorators.task` attribute is deprecated. Please use `'airflow.sdk.task'`.","category":"DeprecatedImportWarning","filename":"/opt/airflow/dags/branch_pipeline.py","lineno":1,"logger":"py.warnings"}
{"timestamp":"2026-02-10T05:11:58.181720Z","level":"warning","event":"The `airflow.operators.python.BranchPythonOperator` attribute is deprecated. Please use `'airflow.providers.standard.operators.python.BranchPythonOperator'`.","category":"DeprecatedImportWarning","filename":"/opt/airflow/dags/branch_pipeline.py","lineno":2,"logger":"py.warnings"}
{"timestamp":"2026-02-10T05:11:58.181789Z","level":"warning","event":"The `airflow.operators.bash.BashOperator` attribute is deprecated. Please use `'airflow.providers.standard.operators.bash.BashOperator'`.","category":"DeprecatedImportWarning","filename":"/opt/airflow/dags/branch_pipeline.py","lineno":3,"logger":"py.warnings"}
{"timestamp":"2026-02-10T05:12:28.567486Z","level":"info","event":"Filling up the DagBag from /opt/airflow/dags/branch_pipeline.py","logger":"airflow.models.dagbag.BundleDagBag","filename":"dagbag.py","lineno":593}
{"timestamp":"2026-02-10T05:12:28.693656Z","level":"warning","event":"The `airflow.decorators.dag` attribute is deprecated. Please use `'airflow.sdk.dag'`.","category":"DeprecatedImportWarning","filename":"/opt/airflow/dags/branch_pipeline.py","lineno":1,"logger":"py.warnings"}
{"timestamp":"2026-02-10T05:12:28.693838Z","level":"warning","event":"The `airflow.decorators.task` attribute is deprecated. Please use `'airflow.sdk.task'`.","category":"DeprecatedImportWarning","filename":"/opt/airflow/dags/branch_pipeline.py","lineno":1,"logger":"py.warnings"}
{"timestamp":"2026-02-10T05:12:28.693993Z","level":"warning","event":"The `airflow.operators.python.BranchPythonOperator` attribute is deprecated. Please use `'airflow.providers.standard.operators.python.BranchPythonOperator'`.","category":"DeprecatedImportWarning","filename":"/opt/airflow/dags/branch_pipeline.py","lineno":2,"logger":"py.warnings"}
{"timestamp":"2026-02-10T05:12:28.694098Z","level":"warning","event":"The `airflow.operators.bash.BashOperator` attribute is deprecated. Please use `'airflow.providers.standard.operators.bash.BashOperator'`.","category":"DeprecatedImportWarning","filename":"/opt/airflow/dags/branch_pipeline.py","lineno":3,"logger":"py.warnings"}
{"timestamp":"2026-02-10T05:12:59.581840Z","level":"info","event":"Filling up the DagBag from /opt/airflow/dags/branch_pipeline.py","logger":"airflow.models.dagbag.BundleDagBag","filename":"dagbag.py","lineno":593}
{"timestamp":"2026-02-10T05:12:59.678191Z","level":"warning","event":"The `airflow.decorators.dag` attribute is deprecated. Please use `'airflow.sdk.dag'`.","category":"DeprecatedImportWarning","filename":"/opt/airflow/dags/branch_pipeline.py","lineno":1,"logger":"py.warnings"}
{"timestamp":"2026-02-10T05:12:59.678462Z","level":"warning","event":"The `airflow.decorators.task` attribute is deprecated. Please use `'airflow.sdk.task'`.","category":"DeprecatedImportWarning","filename":"/opt/airflow/dags/branch_pipeline.py","lineno":1,"logger":"py.warnings"}
{"timestamp":"2026-02-10T05:12:59.678534Z","level":"warning","event":"The `airflow.operators.python.BranchPythonOperator` attribute is deprecated. Please use `'airflow.providers.standard.operators.python.BranchPythonOperator'`.","category":"DeprecatedImportWarning","filename":"/opt/airflow/dags/branch_pipeline.py","lineno":2,"logger":"py.warnings"}
{"timestamp":"2026-02-10T05:12:59.678582Z","level":"warning","event":"The `airflow.operators.bash.BashOperator` attribute is deprecated. Please use `'airflow.providers.standard.operators.bash.BashOperator'`.","category":"DeprecatedImportWarning","filename":"/opt/airflow/dags/branch_pipeline.py","lineno":3,"logger":"py.warnings"}
{"timestamp":"2026-02-10T05:13:30.756663Z","level":"info","event":"Filling up the DagBag from /opt/airflow/dags/branch_pipeline.py","logger":"airflow.models.dagbag.BundleDagBag","filename":"dagbag.py","lineno":593}
{"timestamp":"2026-02-10T05:13:30.857219Z","level":"warning","event":"The `airflow.decorators.dag` attribute is deprecated. Please use `'airflow.sdk.dag'`.","category":"DeprecatedImportWarning","filename":"/opt/airflow/dags/branch_pipeline.py","lineno":1,"logger":"py.warnings"}
{"timestamp":"2026-02-10T05:13:30.857660Z","level":"warning","event":"The `airflow.decorators.task` attribute is deprecated. Please use `'airflow.sdk.task'`.","category":"DeprecatedImportWarning","filename":"/opt/airflow/dags/branch_pipeline.py","lineno":1,"logger":"py.warnings"}
{"timestamp":"2026-02-10T05:13:30.857827Z","level":"warning","event":"The `airflow.operators.python.BranchPythonOperator` attribute is deprecated. Please use `'airflow.providers.standard.operators.python.BranchPythonOperator'`.","category":"DeprecatedImportWarning","filename":"/opt/airflow/dags/branch_pipeline.py","lineno":2,"logger":"py.warnings"}
{"timestamp":"2026-02-10T05:13:30.857966Z","level":"warning","event":"The `airflow.operators.bash.BashOperator` attribute is deprecated. Please use `'airflow.providers.standard.operators.bash.BashOperator'`.","category":"DeprecatedImportWarning","filename":"/opt/airflow/dags/branch_pipeline.py","lineno":3,"logger":"py.warnings"}
{"timestamp":"2026-02-10T05:14:01.901540Z","level":"info","event":"Filling up the DagBag from /opt/airflow/dags/branch_pipeline.py","logger":"airflow.models.dagbag.BundleDagBag","filename":"dagbag.py","lineno":593}
{"timestamp":"2026-02-10T05:14:01.962983Z","level":"warning","event":"The `airflow.decorators.dag` attribute is deprecated. Please use `'airflow.sdk.dag'`.","category":"DeprecatedImportWarning","filename":"/opt/airflow/dags/branch_pipeline.py","lineno":1,"logger":"py.warnings"}
{"timestamp":"2026-02-10T05:14:01.963513Z","level":"warning","event":"The `airflow.decorators.task` attribute is deprecated. Please use `'airflow.sdk.task'`.","category":"DeprecatedImportWarning","filename":"/opt/airflow/dags/branch_pipeline.py","lineno":1,"logger":"py.warnings"}
{"timestamp":"2026-02-10T05:14:01.963965Z","level":"warning","event":"The `airflow.operators.python.BranchPythonOperator` attribute is deprecated. Please use `'airflow.providers.standard.operators.python.BranchPythonOperator'`.","category":"DeprecatedImportWarning","filename":"/opt/airflow/dags/branch_pipeline.py","lineno":2,"logger":"py.warnings"}
{"timestamp":"2026-02-10T05:14:01.964127Z","level":"warning","event":"The `airflow.operators.bash.BashOperator` attribute is deprecated. Please use `'airflow.providers.standard.operators.bash.BashOperator'`.","category":"DeprecatedImportWarning","filename":"/opt/airflow/dags/branch_pipeline.py","lineno":3,"logger":"py.warnings"}
{"timestamp":"2026-02-10T05:14:33.866123Z","level":"info","event":"Filling up the DagBag from /opt/airflow/dags/branch_pipeline.py","logger":"airflow.models.dagbag.BundleDagBag","filename":"dagbag.py","lineno":593}
{"timestamp":"2026-02-10T05:14:33.956111Z","level":"warning","event":"The `airflow.decorators.dag` attribute is deprecated. Please use `'airflow.sdk.dag'`.","category":"DeprecatedImportWarning","filename":"/opt/airflow/dags/branch_pipeline.py","lineno":1,"logger":"py.warnings"}
{"timestamp":"2026-02-10T05:14:33.956878Z","level":"warning","event":"The `airflow.decorators.task` attribute is deprecated. Please use `'airflow.sdk.task'`.","category":"DeprecatedImportWarning","filename":"/opt/airflow/dags/branch_pipeline.py","lineno":1,"logger":"py.warnings"}
{"timestamp":"2026-02-10T05:14:33.957009Z","level":"warning","event":"The `airflow.operators.python.BranchPythonOperator` attribute is deprecated. Please use `'airflow.providers.standard.operators.python.BranchPythonOperator'`.","category":"DeprecatedImportWarning","filename":"/opt/airflow/dags/branch_pipeline.py","lineno":2,"logger":"py.warnings"}
{"timestamp":"2026-02-10T05:14:33.957067Z","level":"warning","event":"The `airflow.operators.bash.BashOperator` attribute is deprecated. Please use `'airflow.providers.standard.operators.bash.BashOperator'`.","category":"DeprecatedImportWarning","filename":"/opt/airflow/dags/branch_pipeline.py","lineno":3,"logger":"py.warnings"}
{"timestamp":"2026-02-10T05:15:04.901535Z","level":"info","event":"Filling up the DagBag from /opt/airflow/dags/branch_pipeline.py","logger":"airflow.models.dagbag.BundleDagBag","filename":"dagbag.py","lineno":593}
{"timestamp":"2026-02-10T05:15:04.946430Z","level":"warning","event":"The `airflow.decorators.dag` attribute is deprecated. Please use `'airflow.sdk.dag'`.","category":"DeprecatedImportWarning","filename":"/opt/airflow/dags/branch_pipeline.py","lineno":1,"logger":"py.warnings"}
{"timestamp":"2026-02-10T05:15:04.946648Z","level":"warning","event":"The `airflow.decorators.task` attribute is deprecated. Please use `'airflow.sdk.task'`.","category":"DeprecatedImportWarning","filename":"/opt/airflow/dags/branch_pipeline.py","lineno":1,"logger":"py.warnings"}
{"timestamp":"2026-02-10T05:15:04.946721Z","level":"warning","event":"The `airflow.operators.python.BranchPythonOperator` attribute is deprecated. Please use `'airflow.providers.standard.operators.python.BranchPythonOperator'`.","category":"DeprecatedImportWarning","filename":"/opt/airflow/dags/branch_pipeline.py","lineno":2,"logger":"py.warnings"}
{"timestamp":"2026-02-10T05:15:04.946768Z","level":"warning","event":"The `airflow.operators.bash.BashOperator` attribute is deprecated. Please use `'airflow.providers.standard.operators.bash.BashOperator'`.","category":"DeprecatedImportWarning","filename":"/opt/airflow/dags/branch_pipeline.py","lineno":3,"logger":"py.warnings"}
{"timestamp":"2026-02-10T05:15:36.591768Z","level":"info","event":"Filling up the DagBag from /opt/airflow/dags/branch_pipeline.py","logger":"airflow.models.dagbag.BundleDagBag","filename":"dagbag.py","lineno":593}
{"timestamp":"2026-02-10T05:15:36.635053Z","level":"warning","event":"The `airflow.decorators.dag` attribute is deprecated. Please use `'airflow.sdk.dag'`.","category":"DeprecatedImportWarning","filename":"/opt/airflow/dags/branch_pipeline.py","lineno":1,"logger":"py.warnings"}
{"timestamp":"2026-02-10T05:15:36.635247Z","level":"warning","event":"The `airflow.decorators.task` attribute is deprecated. Please use `'airflow.sdk.task'`.","category":"DeprecatedImportWarning","filename":"/opt/airflow/dags/branch_pipeline.py","lineno":1,"logger":"py.warnings"}
{"timestamp":"2026-02-10T05:15:36.635319Z","level":"warning","event":"The `airflow.operators.python.BranchPythonOperator` attribute is deprecated. Please use `'airflow.providers.standard.operators.python.BranchPythonOperator'`.","category":"DeprecatedImportWarning","filename":"/opt/airflow/dags/branch_pipeline.py","lineno":2,"logger":"py.warnings"}
{"timestamp":"2026-02-10T05:15:36.635371Z","level":"warning","event":"The `airflow.operators.bash.BashOperator` attribute is deprecated. Please use `'airflow.providers.standard.operators.bash.BashOperator'`.","category":"DeprecatedImportWarning","filename":"/opt/airflow/dags/branch_pipeline.py","lineno":3,"logger":"py.warnings"}
{"timestamp":"2026-02-10T05:16:07.539175Z","level":"info","event":"Filling up the DagBag from /opt/airflow/dags/branch_pipeline.py","logger":"airflow.models.dagbag.BundleDagBag","filename":"dagbag.py","lineno":593}
{"timestamp":"2026-02-10T05:16:07.579101Z","level":"warning","event":"The `airflow.decorators.dag` attribute is deprecated. Please use `'airflow.sdk.dag'`.","category":"DeprecatedImportWarning","filename":"/opt/airflow/dags/branch_pipeline.py","lineno":1,"logger":"py.warnings"}
{"timestamp":"2026-02-10T05:16:07.579292Z","level":"warning","event":"The `airflow.decorators.task` attribute is deprecated. Please use `'airflow.sdk.task'`.","category":"DeprecatedImportWarning","filename":"/opt/airflow/dags/branch_pipeline.py","lineno":1,"logger":"py.warnings"}
{"timestamp":"2026-02-10T05:16:07.579360Z","level":"warning","event":"The `airflow.operators.python.BranchPythonOperator` attribute is deprecated. Please use `'airflow.providers.standard.operators.python.BranchPythonOperator'`.","category":"DeprecatedImportWarning","filename":"/opt/airflow/dags/branch_pipeline.py","lineno":2,"logger":"py.warnings"}
{"timestamp":"2026-02-10T05:16:07.579408Z","level":"warning","event":"The `airflow.operators.bash.BashOperator` attribute is deprecated. Please use `'airflow.providers.standard.operators.bash.BashOperator'`.","category":"DeprecatedImportWarning","filename":"/opt/airflow/dags/branch_pipeline.py","lineno":3,"logger":"py.warnings"}
{"timestamp":"2026-02-10T05:16:39.207708Z","level":"info","event":"Filling up the DagBag from /opt/airflow/dags/branch_pipeline.py","logger":"airflow.models.dagbag.BundleDagBag","filename":"dagbag.py","lineno":593}
{"timestamp":"2026-02-10T05:16:39.257725Z","level":"warning","event":"The `airflow.decorators.dag` attribute is deprecated. Please use `'airflow.sdk.dag'`.","category":"DeprecatedImportWarning","filename":"/opt/airflow/dags/branch_pipeline.py","lineno":1,"logger":"py.warnings"}
{"timestamp":"2026-02-10T05:16:39.257912Z","level":"warning","event":"The `airflow.decorators.task` attribute is deprecated. Please use `'airflow.sdk.task'`.","category":"DeprecatedImportWarning","filename":"/opt/airflow/dags/branch_pipeline.py","lineno":1,"logger":"py.warnings"}
{"timestamp":"2026-02-10T05:16:39.257993Z","level":"warning","event":"The `airflow.operators.python.BranchPythonOperator` attribute is deprecated. Please use `'airflow.providers.standard.operators.python.BranchPythonOperator'`.","category":"DeprecatedImportWarning","filename":"/opt/airflow/dags/branch_pipeline.py","lineno":2,"logger":"py.warnings"}
{"timestamp":"2026-02-10T05:16:39.258041Z","level":"warning","event":"The `airflow.operators.bash.BashOperator` attribute is deprecated. Please use `'airflow.providers.standard.operators.bash.BashOperator'`.","category":"DeprecatedImportWarning","filename":"/opt/airflow/dags/branch_pipeline.py","lineno":3,"logger":"py.warnings"}
{"timestamp":"2026-02-10T05:17:10.877584Z","level":"info","event":"Filling up the DagBag from /opt/airflow/dags/branch_pipeline.py","logger":"airflow.models.dagbag.BundleDagBag","filename":"dagbag.py","lineno":593}
{"timestamp":"2026-02-10T05:17:10.923150Z","level":"warning","event":"The `airflow.decorators.dag` attribute is deprecated. Please use `'airflow.sdk.dag'`.","category":"DeprecatedImportWarning","filename":"/opt/airflow/dags/branch_pipeline.py","lineno":1,"logger":"py.warnings"}
{"timestamp":"2026-02-10T05:17:10.923314Z","level":"warning","event":"The `airflow.decorators.task` attribute is deprecated. Please use `'airflow.sdk.task'`.","category":"DeprecatedImportWarning","filename":"/opt/airflow/dags/branch_pipeline.py","lineno":1,"logger":"py.warnings"}
{"timestamp":"2026-02-10T05:17:10.923391Z","level":"warning","event":"The `airflow.operators.python.BranchPythonOperator` attribute is deprecated. Please use `'airflow.providers.standard.operators.python.BranchPythonOperator'`.","category":"DeprecatedImportWarning","filename":"/opt/airflow/dags/branch_pipeline.py","lineno":2,"logger":"py.warnings"}
{"timestamp":"2026-02-10T05:17:10.923436Z","level":"warning","event":"The `airflow.operators.bash.BashOperator` attribute is deprecated. Please use `'airflow.providers.standard.operators.bash.BashOperator'`.","category":"DeprecatedImportWarning","filename":"/opt/airflow/dags/branch_pipeline.py","lineno":3,"logger":"py.warnings"}
{"timestamp":"2026-02-10T05:17:42.588681Z","level":"info","event":"Filling up the DagBag from /opt/airflow/dags/branch_pipeline.py","logger":"airflow.models.dagbag.BundleDagBag","filename":"dagbag.py","lineno":593}
{"timestamp":"2026-02-10T05:17:42.665501Z","level":"warning","event":"The `airflow.decorators.dag` attribute is deprecated. Please use `'airflow.sdk.dag'`.","category":"DeprecatedImportWarning","filename":"/opt/airflow/dags/branch_pipeline.py","lineno":1,"logger":"py.warnings"}
{"timestamp":"2026-02-10T05:17:42.665809Z","level":"warning","event":"The `airflow.decorators.task` attribute is deprecated. Please use `'airflow.sdk.task'`.","category":"DeprecatedImportWarning","filename":"/opt/airflow/dags/branch_pipeline.py","lineno":1,"logger":"py.warnings"}
{"timestamp":"2026-02-10T05:17:42.665932Z","level":"warning","event":"The `airflow.operators.python.BranchPythonOperator` attribute is deprecated. Please use `'airflow.providers.standard.operators.python.BranchPythonOperator'`.","category":"DeprecatedImportWarning","filename":"/opt/airflow/dags/branch_pipeline.py","lineno":2,"logger":"py.warnings"}
{"timestamp":"2026-02-10T05:17:42.666013Z","level":"warning","event":"The `airflow.operators.bash.BashOperator` attribute is deprecated. Please use `'airflow.providers.standard.operators.bash.BashOperator'`.","category":"DeprecatedImportWarning","filename":"/opt/airflow/dags/branch_pipeline.py","lineno":3,"logger":"py.warnings"}
{"timestamp":"2026-02-10T05:18:13.904392Z","level":"info","event":"Filling up the DagBag from /opt/airflow/dags/branch_pipeline.py","logger":"airflow.models.dagbag.BundleDagBag","filename":"dagbag.py","lineno":593}
{"timestamp":"2026-02-10T05:18:14.020457Z","level":"warning","event":"The `airflow.decorators.dag` attribute is deprecated. Please use `'airflow.sdk.dag'`.","category":"DeprecatedImportWarning","filename":"/opt/airflow/dags/branch_pipeline.py","lineno":1,"logger":"py.warnings"}
{"timestamp":"2026-02-10T05:18:14.020792Z","level":"warning","event":"The `airflow.decorators.task` attribute is deprecated. Please use `'airflow.sdk.task'`.","category":"DeprecatedImportWarning","filename":"/opt/airflow/dags/branch_pipeline.py","lineno":1,"logger":"py.warnings"}
{"timestamp":"2026-02-10T05:18:14.020881Z","level":"warning","event":"The `airflow.operators.python.BranchPythonOperator` attribute is deprecated. Please use `'airflow.providers.standard.operators.python.BranchPythonOperator'`.","category":"DeprecatedImportWarning","filename":"/opt/airflow/dags/branch_pipeline.py","lineno":2,"logger":"py.warnings"}
{"timestamp":"2026-02-10T05:18:14.020938Z","level":"warning","event":"The `airflow.operators.bash.BashOperator` attribute is deprecated. Please use `'airflow.providers.standard.operators.bash.BashOperator'`.","category":"DeprecatedImportWarning","filename":"/opt/airflow/dags/branch_pipeline.py","lineno":3,"logger":"py.warnings"}
{"timestamp":"2026-02-10T05:18:45.063918Z","level":"info","event":"Filling up the DagBag from /opt/airflow/dags/branch_pipeline.py","logger":"airflow.models.dagbag.BundleDagBag","filename":"dagbag.py","lineno":593}
{"timestamp":"2026-02-10T05:18:45.192290Z","level":"warning","event":"The `airflow.decorators.dag` attribute is deprecated. Please use `'airflow.sdk.dag'`.","category":"DeprecatedImportWarning","filename":"/opt/airflow/dags/branch_pipeline.py","lineno":1,"logger":"py.warnings"}
{"timestamp":"2026-02-10T05:18:45.192641Z","level":"warning","event":"The `airflow.decorators.task` attribute is deprecated. Please use `'airflow.sdk.task'`.","category":"DeprecatedImportWarning","filename":"/opt/airflow/dags/branch_pipeline.py","lineno":1,"logger":"py.warnings"}
{"timestamp":"2026-02-10T05:18:45.192783Z","level":"warning","event":"The `airflow.operators.python.BranchPythonOperator` attribute is deprecated. Please use `'airflow.providers.standard.operators.python.BranchPythonOperator'`.","category":"DeprecatedImportWarning","filename":"/opt/airflow/dags/branch_pipeline.py","lineno":2,"logger":"py.warnings"}
{"timestamp":"2026-02-10T05:18:45.192887Z","level":"warning","event":"The `airflow.operators.bash.BashOperator` attribute is deprecated. Please use `'airflow.providers.standard.operators.bash.BashOperator'`.","category":"DeprecatedImportWarning","filename":"/opt/airflow/dags/branch_pipeline.py","lineno":3,"logger":"py.warnings"}
{"timestamp":"2026-02-10T05:19:17.305476Z","level":"info","event":"Filling up the DagBag from /opt/airflow/dags/branch_pipeline.py","logger":"airflow.models.dagbag.BundleDagBag","filename":"dagbag.py","lineno":593}
{"timestamp":"2026-02-10T05:19:17.388613Z","level":"warning","event":"The `airflow.decorators.dag` attribute is deprecated. Please use `'airflow.sdk.dag'`.","category":"DeprecatedImportWarning","filename":"/opt/airflow/dags/branch_pipeline.py","lineno":1,"logger":"py.warnings"}
{"timestamp":"2026-02-10T05:19:17.389262Z","level":"warning","event":"The `airflow.decorators.task` attribute is deprecated. Please use `'airflow.sdk.task'`.","category":"DeprecatedImportWarning","filename":"/opt/airflow/dags/branch_pipeline.py","lineno":1,"logger":"py.warnings"}
{"timestamp":"2026-02-10T05:19:17.389462Z","level":"warning","event":"The `airflow.operators.python.BranchPythonOperator` attribute is deprecated. Please use `'airflow.providers.standard.operators.python.BranchPythonOperator'`.","category":"DeprecatedImportWarning","filename":"/opt/airflow/dags/branch_pipeline.py","lineno":2,"logger":"py.warnings"}
{"timestamp":"2026-02-10T05:19:17.389582Z","level":"warning","event":"The `airflow.operators.bash.BashOperator` attribute is deprecated. Please use `'airflow.providers.standard.operators.bash.BashOperator'`.","category":"DeprecatedImportWarning","filename":"/opt/airflow/dags/branch_pipeline.py","lineno":3,"logger":"py.warnings"}
{"timestamp":"2026-02-10T05:19:48.458121Z","level":"info","event":"Filling up the DagBag from /opt/airflow/dags/branch_pipeline.py","logger":"airflow.models.dagbag.BundleDagBag","filename":"dagbag.py","lineno":593}
{"timestamp":"2026-02-10T05:19:48.530374Z","level":"warning","event":"The `airflow.decorators.dag` attribute is deprecated. Please use `'airflow.sdk.dag'`.","category":"DeprecatedImportWarning","filename":"/opt/airflow/dags/branch_pipeline.py","lineno":1,"logger":"py.warnings"}
{"timestamp":"2026-02-10T05:19:48.530629Z","level":"warning","event":"The `airflow.decorators.task` attribute is deprecated. Please use `'airflow.sdk.task'`.","category":"DeprecatedImportWarning","filename":"/opt/airflow/dags/branch_pipeline.py","lineno":1,"logger":"py.warnings"}
{"timestamp":"2026-02-10T05:19:48.530713Z","level":"warning","event":"The `airflow.operators.python.BranchPythonOperator` attribute is deprecated. Please use `'airflow.providers.standard.operators.python.BranchPythonOperator'`.","category":"DeprecatedImportWarning","filename":"/opt/airflow/dags/branch_pipeline.py","lineno":2,"logger":"py.warnings"}
{"timestamp":"2026-02-10T05:19:48.530784Z","level":"warning","event":"The `airflow.operators.bash.BashOperator` attribute is deprecated. Please use `'airflow.providers.standard.operators.bash.BashOperator'`.","category":"DeprecatedImportWarning","filename":"/opt/airflow/dags/branch_pipeline.py","lineno":3,"logger":"py.warnings"}
{"timestamp":"2026-02-10T05:20:19.594581Z","level":"info","event":"Filling up the DagBag from /opt/airflow/dags/branch_pipeline.py","logger":"airflow.models.dagbag.BundleDagBag","filename":"dagbag.py","lineno":593}
{"timestamp":"2026-02-10T05:20:19.711753Z","level":"warning","event":"The `airflow.decorators.dag` attribute is deprecated. Please use `'airflow.sdk.dag'`.","category":"DeprecatedImportWarning","filename":"/opt/airflow/dags/branch_pipeline.py","lineno":1,"logger":"py.warnings"}
{"timestamp":"2026-02-10T05:20:19.712196Z","level":"warning","event":"The `airflow.decorators.task` attribute is deprecated. Please use `'airflow.sdk.task'`.","category":"DeprecatedImportWarning","filename":"/opt/airflow/dags/branch_pipeline.py","lineno":1,"logger":"py.warnings"}
{"timestamp":"2026-02-10T05:20:19.712354Z","level":"warning","event":"The `airflow.operators.python.BranchPythonOperator` attribute is deprecated. Please use `'airflow.providers.standard.operators.python.BranchPythonOperator'`.","category":"DeprecatedImportWarning","filename":"/opt/airflow/dags/branch_pipeline.py","lineno":2,"logger":"py.warnings"}
{"timestamp":"2026-02-10T05:20:19.712480Z","level":"warning","event":"The `airflow.operators.bash.BashOperator` attribute is deprecated. Please use `'airflow.providers.standard.operators.bash.BashOperator'`.","category":"DeprecatedImportWarning","filename":"/opt/airflow/dags/branch_pipeline.py","lineno":3,"logger":"py.warnings"}
{"timestamp":"2026-02-10T05:20:51.493997Z","level":"info","event":"Filling up the DagBag from /opt/airflow/dags/branch_pipeline.py","logger":"airflow.models.dagbag.BundleDagBag","filename":"dagbag.py","lineno":593}
{"timestamp":"2026-02-10T05:20:51.533581Z","level":"warning","event":"The `airflow.decorators.dag` attribute is deprecated. Please use `'airflow.sdk.dag'`.","category":"DeprecatedImportWarning","filename":"/opt/airflow/dags/branch_pipeline.py","lineno":1,"logger":"py.warnings"}
{"timestamp":"2026-02-10T05:20:51.533782Z","level":"warning","event":"The `airflow.decorators.task` attribute is deprecated. Please use `'airflow.sdk.task'`.","category":"DeprecatedImportWarning","filename":"/opt/airflow/dags/branch_pipeline.py","lineno":1,"logger":"py.warnings"}
{"timestamp":"2026-02-10T05:20:51.533857Z","level":"warning","event":"The `airflow.operators.python.BranchPythonOperator` attribute is deprecated. Please use `'airflow.providers.standard.operators.python.BranchPythonOperator'`.","category":"DeprecatedImportWarning","filename":"/opt/airflow/dags/branch_pipeline.py","lineno":2,"logger":"py.warnings"}
{"timestamp":"2026-02-10T05:20:51.533907Z","level":"warning","event":"The `airflow.operators.bash.BashOperator` attribute is deprecated. Please use `'airflow.providers.standard.operators.bash.BashOperator'`.","category":"DeprecatedImportWarning","filename":"/opt/airflow/dags/branch_pipeline.py","lineno":3,"logger":"py.warnings"}
{"timestamp":"2026-02-10T05:21:22.502462Z","level":"info","event":"Filling up the DagBag from /opt/airflow/dags/branch_pipeline.py","logger":"airflow.models.dagbag.BundleDagBag","filename":"dagbag.py","lineno":593}
{"timestamp":"2026-02-10T05:21:22.563110Z","level":"warning","event":"The `airflow.decorators.dag` attribute is deprecated. Please use `'airflow.sdk.dag'`.","category":"DeprecatedImportWarning","filename":"/opt/airflow/dags/branch_pipeline.py","lineno":1,"logger":"py.warnings"}
{"timestamp":"2026-02-10T05:21:22.563280Z","level":"warning","event":"The `airflow.decorators.task` attribute is deprecated. Please use `'airflow.sdk.task'`.","category":"DeprecatedImportWarning","filename":"/opt/airflow/dags/branch_pipeline.py","lineno":1,"logger":"py.warnings"}
{"timestamp":"2026-02-10T05:21:22.563352Z","level":"warning","event":"The `airflow.operators.python.BranchPythonOperator` attribute is deprecated. Please use `'airflow.providers.standard.operators.python.BranchPythonOperator'`.","category":"DeprecatedImportWarning","filename":"/opt/airflow/dags/branch_pipeline.py","lineno":2,"logger":"py.warnings"}
{"timestamp":"2026-02-10T05:21:22.563396Z","level":"warning","event":"The `airflow.operators.bash.BashOperator` attribute is deprecated. Please use `'airflow.providers.standard.operators.bash.BashOperator'`.","category":"DeprecatedImportWarning","filename":"/opt/airflow/dags/branch_pipeline.py","lineno":3,"logger":"py.warnings"}
{"timestamp":"2026-02-10T05:21:54.565017Z","level":"info","event":"Filling up the DagBag from /opt/airflow/dags/branch_pipeline.py","logger":"airflow.models.dagbag.BundleDagBag","filename":"dagbag.py","lineno":593}
{"timestamp":"2026-02-10T05:21:54.619816Z","level":"warning","event":"The `airflow.decorators.dag` attribute is deprecated. Please use `'airflow.sdk.dag'`.","category":"DeprecatedImportWarning","filename":"/opt/airflow/dags/branch_pipeline.py","lineno":1,"logger":"py.warnings"}
{"timestamp":"2026-02-10T05:21:54.620020Z","level":"warning","event":"The `airflow.decorators.task` attribute is deprecated. Please use `'airflow.sdk.task'`.","category":"DeprecatedImportWarning","filename":"/opt/airflow/dags/branch_pipeline.py","lineno":1,"logger":"py.warnings"}
{"timestamp":"2026-02-10T05:21:54.620095Z","level":"warning","event":"The `airflow.operators.python.BranchPythonOperator` attribute is deprecated. Please use `'airflow.providers.standard.operators.python.BranchPythonOperator'`.","category":"DeprecatedImportWarning","filename":"/opt/airflow/dags/branch_pipeline.py","lineno":2,"logger":"py.warnings"}
{"timestamp":"2026-02-10T05:21:54.620176Z","level":"warning","event":"The `airflow.operators.bash.BashOperator` attribute is deprecated. Please use `'airflow.providers.standard.operators.bash.BashOperator'`.","category":"DeprecatedImportWarning","filename":"/opt/airflow/dags/branch_pipeline.py","lineno":3,"logger":"py.warnings"}
{"timestamp":"2026-02-10T05:22:26.462727Z","level":"info","event":"Filling up the DagBag from /opt/airflow/dags/branch_pipeline.py","logger":"airflow.models.dagbag.BundleDagBag","filename":"dagbag.py","lineno":593}
{"timestamp":"2026-02-10T05:22:26.526986Z","level":"warning","event":"The `airflow.decorators.dag` attribute is deprecated. Please use `'airflow.sdk.dag'`.","category":"DeprecatedImportWarning","filename":"/opt/airflow/dags/branch_pipeline.py","lineno":1,"logger":"py.warnings"}
{"timestamp":"2026-02-10T05:22:26.527170Z","level":"warning","event":"The `airflow.decorators.task` attribute is deprecated. Please use `'airflow.sdk.task'`.","category":"DeprecatedImportWarning","filename":"/opt/airflow/dags/branch_pipeline.py","lineno":1,"logger":"py.warnings"}
{"timestamp":"2026-02-10T05:22:26.527264Z","level":"warning","event":"The `airflow.operators.python.BranchPythonOperator` attribute is deprecated. Please use `'airflow.providers.standard.operators.python.BranchPythonOperator'`.","category":"DeprecatedImportWarning","filename":"/opt/airflow/dags/branch_pipeline.py","lineno":2,"logger":"py.warnings"}
{"timestamp":"2026-02-10T05:22:26.527314Z","level":"warning","event":"The `airflow.operators.bash.BashOperator` attribute is deprecated. Please use `'airflow.providers.standard.operators.bash.BashOperator'`.","category":"DeprecatedImportWarning","filename":"/opt/airflow/dags/branch_pipeline.py","lineno":3,"logger":"py.warnings"}
{"timestamp":"2026-02-10T05:22:57.523262Z","level":"info","event":"Filling up the DagBag from /opt/airflow/dags/branch_pipeline.py","logger":"airflow.models.dagbag.BundleDagBag","filename":"dagbag.py","lineno":593}
{"timestamp":"2026-02-10T05:22:57.568315Z","level":"warning","event":"The `airflow.decorators.dag` attribute is deprecated. Please use `'airflow.sdk.dag'`.","category":"DeprecatedImportWarning","filename":"/opt/airflow/dags/branch_pipeline.py","lineno":1,"logger":"py.warnings"}
{"timestamp":"2026-02-10T05:22:57.568490Z","level":"warning","event":"The `airflow.decorators.task` attribute is deprecated. Please use `'airflow.sdk.task'`.","category":"DeprecatedImportWarning","filename":"/opt/airflow/dags/branch_pipeline.py","lineno":1,"logger":"py.warnings"}
{"timestamp":"2026-02-10T05:22:57.568559Z","level":"warning","event":"The `airflow.operators.python.BranchPythonOperator` attribute is deprecated. Please use `'airflow.providers.standard.operators.python.BranchPythonOperator'`.","category":"DeprecatedImportWarning","filename":"/opt/airflow/dags/branch_pipeline.py","lineno":2,"logger":"py.warnings"}
{"timestamp":"2026-02-10T05:22:57.568605Z","level":"warning","event":"The `airflow.operators.bash.BashOperator` attribute is deprecated. Please use `'airflow.providers.standard.operators.bash.BashOperator'`.","category":"DeprecatedImportWarning","filename":"/opt/airflow/dags/branch_pipeline.py","lineno":3,"logger":"py.warnings"}
{"timestamp":"2026-02-10T05:23:29.567654Z","level":"info","event":"Filling up the DagBag from /opt/airflow/dags/branch_pipeline.py","logger":"airflow.models.dagbag.BundleDagBag","filename":"dagbag.py","lineno":593}
{"timestamp":"2026-02-10T05:23:29.617272Z","level":"warning","event":"The `airflow.decorators.dag` attribute is deprecated. Please use `'airflow.sdk.dag'`.","category":"DeprecatedImportWarning","filename":"/opt/airflow/dags/branch_pipeline.py","lineno":1,"logger":"py.warnings"}
{"timestamp":"2026-02-10T05:23:29.617535Z","level":"warning","event":"The `airflow.decorators.task` attribute is deprecated. Please use `'airflow.sdk.task'`.","category":"DeprecatedImportWarning","filename":"/opt/airflow/dags/branch_pipeline.py","lineno":1,"logger":"py.warnings"}
{"timestamp":"2026-02-10T05:23:29.617675Z","level":"warning","event":"The `airflow.operators.python.BranchPythonOperator` attribute is deprecated. Please use `'airflow.providers.standard.operators.python.BranchPythonOperator'`.","category":"DeprecatedImportWarning","filename":"/opt/airflow/dags/branch_pipeline.py","lineno":2,"logger":"py.warnings"}
{"timestamp":"2026-02-10T05:23:29.617747Z","level":"warning","event":"The `airflow.operators.bash.BashOperator` attribute is deprecated. Please use `'airflow.providers.standard.operators.bash.BashOperator'`.","category":"DeprecatedImportWarning","filename":"/opt/airflow/dags/branch_pipeline.py","lineno":3,"logger":"py.warnings"}
{"timestamp":"2026-02-10T05:24:01.633326Z","level":"info","event":"Filling up the DagBag from /opt/airflow/dags/branch_pipeline.py","logger":"airflow.models.dagbag.BundleDagBag","filename":"dagbag.py","lineno":593}
{"timestamp":"2026-02-10T05:24:01.695171Z","level":"warning","event":"The `airflow.decorators.dag` attribute is deprecated. Please use `'airflow.sdk.dag'`.","category":"DeprecatedImportWarning","filename":"/opt/airflow/dags/branch_pipeline.py","lineno":1,"logger":"py.warnings"}
{"timestamp":"2026-02-10T05:24:01.695360Z","level":"warning","event":"The `airflow.decorators.task` attribute is deprecated. Please use `'airflow.sdk.task'`.","category":"DeprecatedImportWarning","filename":"/opt/airflow/dags/branch_pipeline.py","lineno":1,"logger":"py.warnings"}
{"timestamp":"2026-02-10T05:24:01.695433Z","level":"warning","event":"The `airflow.operators.python.BranchPythonOperator` attribute is deprecated. Please use `'airflow.providers.standard.operators.python.BranchPythonOperator'`.","category":"DeprecatedImportWarning","filename":"/opt/airflow/dags/branch_pipeline.py","lineno":2,"logger":"py.warnings"}
{"timestamp":"2026-02-10T05:24:01.695490Z","level":"warning","event":"The `airflow.operators.bash.BashOperator` attribute is deprecated. Please use `'airflow.providers.standard.operators.bash.BashOperator'`.","category":"DeprecatedImportWarning","filename":"/opt/airflow/dags/branch_pipeline.py","lineno":3,"logger":"py.warnings"}
{"timestamp":"2026-02-10T05:24:33.088708Z","level":"info","event":"Filling up the DagBag from /opt/airflow/dags/branch_pipeline.py","logger":"airflow.models.dagbag.BundleDagBag","filename":"dagbag.py","lineno":593}
{"timestamp":"2026-02-10T05:24:33.151062Z","level":"warning","event":"The `airflow.decorators.dag` attribute is deprecated. Please use `'airflow.sdk.dag'`.","category":"DeprecatedImportWarning","filename":"/opt/airflow/dags/branch_pipeline.py","lineno":1,"logger":"py.warnings"}
{"timestamp":"2026-02-10T05:24:33.151394Z","level":"warning","event":"The `airflow.decorators.task` attribute is deprecated. Please use `'airflow.sdk.task'`.","category":"DeprecatedImportWarning","filename":"/opt/airflow/dags/branch_pipeline.py","lineno":1,"logger":"py.warnings"}
{"timestamp":"2026-02-10T05:24:33.151780Z","level":"warning","event":"The `airflow.operators.python.BranchPythonOperator` attribute is deprecated. Please use `'airflow.providers.standard.operators.python.BranchPythonOperator'`.","category":"DeprecatedImportWarning","filename":"/opt/airflow/dags/branch_pipeline.py","lineno":2,"logger":"py.warnings"}
{"timestamp":"2026-02-10T05:24:33.151883Z","level":"warning","event":"The `airflow.operators.bash.BashOperator` attribute is deprecated. Please use `'airflow.providers.standard.operators.bash.BashOperator'`.","category":"DeprecatedImportWarning","filename":"/opt/airflow/dags/branch_pipeline.py","lineno":3,"logger":"py.warnings"}
{"timestamp":"2026-02-10T05:25:05.230535Z","level":"info","event":"Filling up the DagBag from /opt/airflow/dags/branch_pipeline.py","logger":"airflow.models.dagbag.BundleDagBag","filename":"dagbag.py","lineno":593}
{"timestamp":"2026-02-10T05:25:05.276213Z","level":"warning","event":"The `airflow.decorators.dag` attribute is deprecated. Please use `'airflow.sdk.dag'`.","category":"DeprecatedImportWarning","filename":"/opt/airflow/dags/branch_pipeline.py","lineno":1,"logger":"py.warnings"}
{"timestamp":"2026-02-10T05:25:05.276383Z","level":"warning","event":"The `airflow.decorators.task` attribute is deprecated. Please use `'airflow.sdk.task'`.","category":"DeprecatedImportWarning","filename":"/opt/airflow/dags/branch_pipeline.py","lineno":1,"logger":"py.warnings"}
{"timestamp":"2026-02-10T05:25:05.276448Z","level":"warning","event":"The `airflow.operators.python.BranchPythonOperator` attribute is deprecated. Please use `'airflow.providers.standard.operators.python.BranchPythonOperator'`.","category":"DeprecatedImportWarning","filename":"/opt/airflow/dags/branch_pipeline.py","lineno":2,"logger":"py.warnings"}
{"timestamp":"2026-02-10T05:25:05.276495Z","level":"warning","event":"The `airflow.operators.bash.BashOperator` attribute is deprecated. Please use `'airflow.providers.standard.operators.bash.BashOperator'`.","category":"DeprecatedImportWarning","filename":"/opt/airflow/dags/branch_pipeline.py","lineno":3,"logger":"py.warnings"}
{"timestamp":"2026-02-10T05:25:37.364494Z","level":"info","event":"Filling up the DagBag from /opt/airflow/dags/branch_pipeline.py","logger":"airflow.models.dagbag.BundleDagBag","filename":"dagbag.py","lineno":593}
{"timestamp":"2026-02-10T05:25:37.406165Z","level":"warning","event":"The `airflow.decorators.dag` attribute is deprecated. Please use `'airflow.sdk.dag'`.","category":"DeprecatedImportWarning","filename":"/opt/airflow/dags/branch_pipeline.py","lineno":1,"logger":"py.warnings"}
{"timestamp":"2026-02-10T05:25:37.406334Z","level":"warning","event":"The `airflow.decorators.task` attribute is deprecated. Please use `'airflow.sdk.task'`.","category":"DeprecatedImportWarning","filename":"/opt/airflow/dags/branch_pipeline.py","lineno":1,"logger":"py.warnings"}
{"timestamp":"2026-02-10T05:25:37.406456Z","level":"warning","event":"The `airflow.operators.python.BranchPythonOperator` attribute is deprecated. Please use `'airflow.providers.standard.operators.python.BranchPythonOperator'`.","category":"DeprecatedImportWarning","filename":"/opt/airflow/dags/branch_pipeline.py","lineno":2,"logger":"py.warnings"}
{"timestamp":"2026-02-10T05:25:37.406500Z","level":"warning","event":"The `airflow.operators.bash.BashOperator` attribute is deprecated. Please use `'airflow.providers.standard.operators.bash.BashOperator'`.","category":"DeprecatedImportWarning","filename":"/opt/airflow/dags/branch_pipeline.py","lineno":3,"logger":"py.warnings"}
{"timestamp":"2026-02-10T05:26:08.573276Z","level":"info","event":"Filling up the DagBag from /opt/airflow/dags/branch_pipeline.py","logger":"airflow.models.dagbag.BundleDagBag","filename":"dagbag.py","lineno":593}
{"timestamp":"2026-02-10T05:26:08.620878Z","level":"warning","event":"The `airflow.decorators.dag` attribute is deprecated. Please use `'airflow.sdk.dag'`.","category":"DeprecatedImportWarning","filename":"/opt/airflow/dags/branch_pipeline.py","lineno":1,"logger":"py.warnings"}
{"timestamp":"2026-02-10T05:26:08.621056Z","level":"warning","event":"The `airflow.decorators.task` attribute is deprecated. Please use `'airflow.sdk.task'`.","category":"DeprecatedImportWarning","filename":"/opt/airflow/dags/branch_pipeline.py","lineno":1,"logger":"py.warnings"}
{"timestamp":"2026-02-10T05:26:08.621127Z","level":"warning","event":"The `airflow.operators.python.BranchPythonOperator` attribute is deprecated. Please use `'airflow.providers.standard.operators.python.BranchPythonOperator'`.","category":"DeprecatedImportWarning","filename":"/opt/airflow/dags/branch_pipeline.py","lineno":2,"logger":"py.warnings"}
{"timestamp":"2026-02-10T05:26:08.621174Z","level":"warning","event":"The `airflow.operators.bash.BashOperator` attribute is deprecated. Please use `'airflow.providers.standard.operators.bash.BashOperator'`.","category":"DeprecatedImportWarning","filename":"/opt/airflow/dags/branch_pipeline.py","lineno":3,"logger":"py.warnings"}
{"timestamp":"2026-02-10T05:26:40.524730Z","level":"info","event":"Filling up the DagBag from /opt/airflow/dags/branch_pipeline.py","logger":"airflow.models.dagbag.BundleDagBag","filename":"dagbag.py","lineno":593}
{"timestamp":"2026-02-10T05:26:40.582974Z","level":"warning","event":"The `airflow.decorators.dag` attribute is deprecated. Please use `'airflow.sdk.dag'`.","category":"DeprecatedImportWarning","filename":"/opt/airflow/dags/branch_pipeline.py","lineno":1,"logger":"py.warnings"}
{"timestamp":"2026-02-10T05:26:40.583150Z","level":"warning","event":"The `airflow.decorators.task` attribute is deprecated. Please use `'airflow.sdk.task'`.","category":"DeprecatedImportWarning","filename":"/opt/airflow/dags/branch_pipeline.py","lineno":1,"logger":"py.warnings"}
{"timestamp":"2026-02-10T05:26:40.583222Z","level":"warning","event":"The `airflow.operators.python.BranchPythonOperator` attribute is deprecated. Please use `'airflow.providers.standard.operators.python.BranchPythonOperator'`.","category":"DeprecatedImportWarning","filename":"/opt/airflow/dags/branch_pipeline.py","lineno":2,"logger":"py.warnings"}
{"timestamp":"2026-02-10T05:26:40.583271Z","level":"warning","event":"The `airflow.operators.bash.BashOperator` attribute is deprecated. Please use `'airflow.providers.standard.operators.bash.BashOperator'`.","category":"DeprecatedImportWarning","filename":"/opt/airflow/dags/branch_pipeline.py","lineno":3,"logger":"py.warnings"}
{"timestamp":"2026-02-10T05:27:12.501329Z","level":"info","event":"Filling up the DagBag from /opt/airflow/dags/branch_pipeline.py","logger":"airflow.models.dagbag.BundleDagBag","filename":"dagbag.py","lineno":593}
{"timestamp":"2026-02-10T05:27:12.546561Z","level":"warning","event":"The `airflow.decorators.dag` attribute is deprecated. Please use `'airflow.sdk.dag'`.","category":"DeprecatedImportWarning","filename":"/opt/airflow/dags/branch_pipeline.py","lineno":1,"logger":"py.warnings"}
{"timestamp":"2026-02-10T05:27:12.546727Z","level":"warning","event":"The `airflow.decorators.task` attribute is deprecated. Please use `'airflow.sdk.task'`.","category":"DeprecatedImportWarning","filename":"/opt/airflow/dags/branch_pipeline.py","lineno":1,"logger":"py.warnings"}
{"timestamp":"2026-02-10T05:27:12.546831Z","level":"warning","event":"The `airflow.operators.python.BranchPythonOperator` attribute is deprecated. Please use `'airflow.providers.standard.operators.python.BranchPythonOperator'`.","category":"DeprecatedImportWarning","filename":"/opt/airflow/dags/branch_pipeline.py","lineno":2,"logger":"py.warnings"}
{"timestamp":"2026-02-10T05:27:12.546877Z","level":"warning","event":"The `airflow.operators.bash.BashOperator` attribute is deprecated. Please use `'airflow.providers.standard.operators.bash.BashOperator'`.","category":"DeprecatedImportWarning","filename":"/opt/airflow/dags/branch_pipeline.py","lineno":3,"logger":"py.warnings"}
{"timestamp":"2026-02-10T05:27:43.919514Z","level":"info","event":"Filling up the DagBag from /opt/airflow/dags/branch_pipeline.py","logger":"airflow.models.dagbag.BundleDagBag","filename":"dagbag.py","lineno":593}
{"timestamp":"2026-02-10T05:27:43.971239Z","level":"warning","event":"The `airflow.decorators.dag` attribute is deprecated. Please use `'airflow.sdk.dag'`.","category":"DeprecatedImportWarning","filename":"/opt/airflow/dags/branch_pipeline.py","lineno":1,"logger":"py.warnings"}
{"timestamp":"2026-02-10T05:27:43.971436Z","level":"warning","event":"The `airflow.decorators.task` attribute is deprecated. Please use `'airflow.sdk.task'`.","category":"DeprecatedImportWarning","filename":"/opt/airflow/dags/branch_pipeline.py","lineno":1,"logger":"py.warnings"}
{"timestamp":"2026-02-10T05:27:43.971510Z","level":"warning","event":"The `airflow.operators.python.BranchPythonOperator` attribute is deprecated. Please use `'airflow.providers.standard.operators.python.BranchPythonOperator'`.","category":"DeprecatedImportWarning","filename":"/opt/airflow/dags/branch_pipeline.py","lineno":2,"logger":"py.warnings"}
{"timestamp":"2026-02-10T05:27:43.971558Z","level":"warning","event":"The `airflow.operators.bash.BashOperator` attribute is deprecated. Please use `'airflow.providers.standard.operators.bash.BashOperator'`.","category":"DeprecatedImportWarning","filename":"/opt/airflow/dags/branch_pipeline.py","lineno":3,"logger":"py.warnings"}
{"timestamp":"2026-02-10T05:28:16.165487Z","level":"info","event":"Filling up the DagBag from /opt/airflow/dags/branch_pipeline.py","logger":"airflow.models.dagbag.BundleDagBag","filename":"dagbag.py","lineno":593}
{"timestamp":"2026-02-10T05:28:16.274406Z","level":"warning","event":"The `airflow.decorators.dag` attribute is deprecated. Please use `'airflow.sdk.dag'`.","category":"DeprecatedImportWarning","filename":"/opt/airflow/dags/branch_pipeline.py","lineno":1,"logger":"py.warnings"}
{"timestamp":"2026-02-10T05:28:16.276118Z","level":"warning","event":"The `airflow.decorators.task` attribute is deprecated. Please use `'airflow.sdk.task'`.","category":"DeprecatedImportWarning","filename":"/opt/airflow/dags/branch_pipeline.py","lineno":1,"logger":"py.warnings"}
{"timestamp":"2026-02-10T05:28:16.276415Z","level":"warning","event":"The `airflow.operators.python.BranchPythonOperator` attribute is deprecated. Please use `'airflow.providers.standard.operators.python.BranchPythonOperator'`.","category":"DeprecatedImportWarning","filename":"/opt/airflow/dags/branch_pipeline.py","lineno":2,"logger":"py.warnings"}
{"timestamp":"2026-02-10T05:28:16.276674Z","level":"warning","event":"The `airflow.operators.bash.BashOperator` attribute is deprecated. Please use `'airflow.providers.standard.operators.bash.BashOperator'`.","category":"DeprecatedImportWarning","filename":"/opt/airflow/dags/branch_pipeline.py","lineno":3,"logger":"py.warnings"}
{"timestamp":"2026-02-10T05:28:47.796290Z","level":"info","event":"Filling up the DagBag from /opt/airflow/dags/branch_pipeline.py","logger":"airflow.models.dagbag.BundleDagBag","filename":"dagbag.py","lineno":593}
{"timestamp":"2026-02-10T05:28:47.881269Z","level":"warning","event":"The `airflow.decorators.dag` attribute is deprecated. Please use `'airflow.sdk.dag'`.","category":"DeprecatedImportWarning","filename":"/opt/airflow/dags/branch_pipeline.py","lineno":1,"logger":"py.warnings"}
{"timestamp":"2026-02-10T05:28:47.881451Z","level":"warning","event":"The `airflow.decorators.task` attribute is deprecated. Please use `'airflow.sdk.task'`.","category":"DeprecatedImportWarning","filename":"/opt/airflow/dags/branch_pipeline.py","lineno":1,"logger":"py.warnings"}
{"timestamp":"2026-02-10T05:28:47.881522Z","level":"warning","event":"The `airflow.operators.python.BranchPythonOperator` attribute is deprecated. Please use `'airflow.providers.standard.operators.python.BranchPythonOperator'`.","category":"DeprecatedImportWarning","filename":"/opt/airflow/dags/branch_pipeline.py","lineno":2,"logger":"py.warnings"}
{"timestamp":"2026-02-10T05:28:47.881574Z","level":"warning","event":"The `airflow.operators.bash.BashOperator` attribute is deprecated. Please use `'airflow.providers.standard.operators.bash.BashOperator'`.","category":"DeprecatedImportWarning","filename":"/opt/airflow/dags/branch_pipeline.py","lineno":3,"logger":"py.warnings"}
{"timestamp":"2026-02-10T05:29:20.186400Z","level":"info","event":"Filling up the DagBag from /opt/airflow/dags/branch_pipeline.py","logger":"airflow.models.dagbag.BundleDagBag","filename":"dagbag.py","lineno":593}
{"timestamp":"2026-02-10T05:29:20.240758Z","level":"warning","event":"The `airflow.decorators.dag` attribute is deprecated. Please use `'airflow.sdk.dag'`.","category":"DeprecatedImportWarning","filename":"/opt/airflow/dags/branch_pipeline.py","lineno":1,"logger":"py.warnings"}
{"timestamp":"2026-02-10T05:29:20.241053Z","level":"warning","event":"The `airflow.decorators.task` attribute is deprecated. Please use `'airflow.sdk.task'`.","category":"DeprecatedImportWarning","filename":"/opt/airflow/dags/branch_pipeline.py","lineno":1,"logger":"py.warnings"}
{"timestamp":"2026-02-10T05:29:20.241135Z","level":"warning","event":"The `airflow.operators.python.BranchPythonOperator` attribute is deprecated. Please use `'airflow.providers.standard.operators.python.BranchPythonOperator'`.","category":"DeprecatedImportWarning","filename":"/opt/airflow/dags/branch_pipeline.py","lineno":2,"logger":"py.warnings"}
{"timestamp":"2026-02-10T05:29:20.241180Z","level":"warning","event":"The `airflow.operators.bash.BashOperator` attribute is deprecated. Please use `'airflow.providers.standard.operators.bash.BashOperator'`.","category":"DeprecatedImportWarning","filename":"/opt/airflow/dags/branch_pipeline.py","lineno":3,"logger":"py.warnings"}
{"timestamp":"2026-02-10T05:29:51.305690Z","level":"info","event":"Filling up the DagBag from /opt/airflow/dags/branch_pipeline.py","logger":"airflow.models.dagbag.BundleDagBag","filename":"dagbag.py","lineno":593}
{"timestamp":"2026-02-10T05:29:51.372246Z","level":"warning","event":"The `airflow.decorators.dag` attribute is deprecated. Please use `'airflow.sdk.dag'`.","category":"DeprecatedImportWarning","filename":"/opt/airflow/dags/branch_pipeline.py","lineno":1,"logger":"py.warnings"}
{"timestamp":"2026-02-10T05:29:51.372514Z","level":"warning","event":"The `airflow.decorators.task` attribute is deprecated. Please use `'airflow.sdk.task'`.","category":"DeprecatedImportWarning","filename":"/opt/airflow/dags/branch_pipeline.py","lineno":1,"logger":"py.warnings"}
{"timestamp":"2026-02-10T05:29:51.372605Z","level":"warning","event":"The `airflow.operators.python.BranchPythonOperator` attribute is deprecated. Please use `'airflow.providers.standard.operators.python.BranchPythonOperator'`.","category":"DeprecatedImportWarning","filename":"/opt/airflow/dags/branch_pipeline.py","lineno":2,"logger":"py.warnings"}
{"timestamp":"2026-02-10T05:29:51.372659Z","level":"warning","event":"The `airflow.operators.bash.BashOperator` attribute is deprecated. Please use `'airflow.providers.standard.operators.bash.BashOperator'`.","category":"DeprecatedImportWarning","filename":"/opt/airflow/dags/branch_pipeline.py","lineno":3,"logger":"py.warnings"}
{"timestamp":"2026-02-10T05:30:23.713387Z","level":"info","event":"Filling up the DagBag from /opt/airflow/dags/branch_pipeline.py","logger":"airflow.models.dagbag.BundleDagBag","filename":"dagbag.py","lineno":593}
{"timestamp":"2026-02-10T05:30:23.788929Z","level":"warning","event":"The `airflow.decorators.dag` attribute is deprecated. Please use `'airflow.sdk.dag'`.","category":"DeprecatedImportWarning","filename":"/opt/airflow/dags/branch_pipeline.py","lineno":1,"logger":"py.warnings"}
{"timestamp":"2026-02-10T05:30:23.789358Z","level":"warning","event":"The `airflow.decorators.task` attribute is deprecated. Please use `'airflow.sdk.task'`.","category":"DeprecatedImportWarning","filename":"/opt/airflow/dags/branch_pipeline.py","lineno":1,"logger":"py.warnings"}
{"timestamp":"2026-02-10T05:30:23.789459Z","level":"warning","event":"The `airflow.operators.python.BranchPythonOperator` attribute is deprecated. Please use `'airflow.providers.standard.operators.python.BranchPythonOperator'`.","category":"DeprecatedImportWarning","filename":"/opt/airflow/dags/branch_pipeline.py","lineno":2,"logger":"py.warnings"}
{"timestamp":"2026-02-10T05:30:23.789517Z","level":"warning","event":"The `airflow.operators.bash.BashOperator` attribute is deprecated. Please use `'airflow.providers.standard.operators.bash.BashOperator'`.","category":"DeprecatedImportWarning","filename":"/opt/airflow/dags/branch_pipeline.py","lineno":3,"logger":"py.warnings"}
{"timestamp":"2026-02-10T05:30:55.096038Z","level":"info","event":"Filling up the DagBag from /opt/airflow/dags/branch_pipeline.py","logger":"airflow.models.dagbag.BundleDagBag","filename":"dagbag.py","lineno":593}
{"timestamp":"2026-02-10T05:30:55.144520Z","level":"warning","event":"The `airflow.decorators.dag` attribute is deprecated. Please use `'airflow.sdk.dag'`.","category":"DeprecatedImportWarning","filename":"/opt/airflow/dags/branch_pipeline.py","lineno":1,"logger":"py.warnings"}
{"timestamp":"2026-02-10T05:30:55.144690Z","level":"warning","event":"The `airflow.decorators.task` attribute is deprecated. Please use `'airflow.sdk.task'`.","category":"DeprecatedImportWarning","filename":"/opt/airflow/dags/branch_pipeline.py","lineno":1,"logger":"py.warnings"}
{"timestamp":"2026-02-10T05:30:55.144760Z","level":"warning","event":"The `airflow.operators.python.BranchPythonOperator` attribute is deprecated. Please use `'airflow.providers.standard.operators.python.BranchPythonOperator'`.","category":"DeprecatedImportWarning","filename":"/opt/airflow/dags/branch_pipeline.py","lineno":2,"logger":"py.warnings"}
{"timestamp":"2026-02-10T05:30:55.144810Z","level":"warning","event":"The `airflow.operators.bash.BashOperator` attribute is deprecated. Please use `'airflow.providers.standard.operators.bash.BashOperator'`.","category":"DeprecatedImportWarning","filename":"/opt/airflow/dags/branch_pipeline.py","lineno":3,"logger":"py.warnings"}
{"timestamp":"2026-02-10T05:31:26.902919Z","level":"info","event":"Filling up the DagBag from /opt/airflow/dags/branch_pipeline.py","logger":"airflow.models.dagbag.BundleDagBag","filename":"dagbag.py","lineno":593}
{"timestamp":"2026-02-10T05:31:26.964910Z","level":"warning","event":"The `airflow.decorators.dag` attribute is deprecated. Please use `'airflow.sdk.dag'`.","category":"DeprecatedImportWarning","filename":"/opt/airflow/dags/branch_pipeline.py","lineno":1,"logger":"py.warnings"}
{"timestamp":"2026-02-10T05:31:26.965069Z","level":"warning","event":"The `airflow.decorators.task` attribute is deprecated. Please use `'airflow.sdk.task'`.","category":"DeprecatedImportWarning","filename":"/opt/airflow/dags/branch_pipeline.py","lineno":1,"logger":"py.warnings"}
{"timestamp":"2026-02-10T05:31:26.965137Z","level":"warning","event":"The `airflow.operators.python.BranchPythonOperator` attribute is deprecated. Please use `'airflow.providers.standard.operators.python.BranchPythonOperator'`.","category":"DeprecatedImportWarning","filename":"/opt/airflow/dags/branch_pipeline.py","lineno":2,"logger":"py.warnings"}
{"timestamp":"2026-02-10T05:31:26.965186Z","level":"warning","event":"The `airflow.operators.bash.BashOperator` attribute is deprecated. Please use `'airflow.providers.standard.operators.bash.BashOperator'`.","category":"DeprecatedImportWarning","filename":"/opt/airflow/dags/branch_pipeline.py","lineno":3,"logger":"py.warnings"}
{"timestamp":"2026-02-10T05:31:59.410069Z","level":"info","event":"Filling up the DagBag from /opt/airflow/dags/branch_pipeline.py","logger":"airflow.models.dagbag.BundleDagBag","filename":"dagbag.py","lineno":593}
{"timestamp":"2026-02-10T05:31:59.484755Z","level":"warning","event":"The `airflow.decorators.dag` attribute is deprecated. Please use `'airflow.sdk.dag'`.","category":"DeprecatedImportWarning","filename":"/opt/airflow/dags/branch_pipeline.py","lineno":1,"logger":"py.warnings"}
{"timestamp":"2026-02-10T05:31:59.485898Z","level":"warning","event":"The `airflow.decorators.task` attribute is deprecated. Please use `'airflow.sdk.task'`.","category":"DeprecatedImportWarning","filename":"/opt/airflow/dags/branch_pipeline.py","lineno":1,"logger":"py.warnings"}
{"timestamp":"2026-02-10T05:31:59.486324Z","level":"warning","event":"The `airflow.operators.python.BranchPythonOperator` attribute is deprecated. Please use `'airflow.providers.standard.operators.python.BranchPythonOperator'`.","category":"DeprecatedImportWarning","filename":"/opt/airflow/dags/branch_pipeline.py","lineno":2,"logger":"py.warnings"}
{"timestamp":"2026-02-10T05:31:59.486495Z","level":"warning","event":"The `airflow.operators.bash.BashOperator` attribute is deprecated. Please use `'airflow.providers.standard.operators.bash.BashOperator'`.","category":"DeprecatedImportWarning","filename":"/opt/airflow/dags/branch_pipeline.py","lineno":3,"logger":"py.warnings"}
{"timestamp":"2026-02-10T05:32:31.059024Z","level":"info","event":"Filling up the DagBag from /opt/airflow/dags/branch_pipeline.py","logger":"airflow.models.dagbag.BundleDagBag","filename":"dagbag.py","lineno":593}
{"timestamp":"2026-02-10T05:32:31.144023Z","level":"warning","event":"The `airflow.decorators.dag` attribute is deprecated. Please use `'airflow.sdk.dag'`.","category":"DeprecatedImportWarning","filename":"/opt/airflow/dags/branch_pipeline.py","lineno":1,"logger":"py.warnings"}
{"timestamp":"2026-02-10T05:32:31.144225Z","level":"warning","event":"The `airflow.decorators.task` attribute is deprecated. Please use `'airflow.sdk.task'`.","category":"DeprecatedImportWarning","filename":"/opt/airflow/dags/branch_pipeline.py","lineno":1,"logger":"py.warnings"}
{"timestamp":"2026-02-10T05:32:31.144301Z","level":"warning","event":"The `airflow.operators.python.BranchPythonOperator` attribute is deprecated. Please use `'airflow.providers.standard.operators.python.BranchPythonOperator'`.","category":"DeprecatedImportWarning","filename":"/opt/airflow/dags/branch_pipeline.py","lineno":2,"logger":"py.warnings"}
{"timestamp":"2026-02-10T05:32:31.144355Z","level":"warning","event":"The `airflow.operators.bash.BashOperator` attribute is deprecated. Please use `'airflow.providers.standard.operators.bash.BashOperator'`.","category":"DeprecatedImportWarning","filename":"/opt/airflow/dags/branch_pipeline.py","lineno":3,"logger":"py.warnings"}
{"timestamp":"2026-02-10T05:33:03.309783Z","level":"info","event":"Filling up the DagBag from /opt/airflow/dags/branch_pipeline.py","logger":"airflow.models.dagbag.BundleDagBag","filename":"dagbag.py","lineno":593}
{"timestamp":"2026-02-10T05:33:03.402508Z","level":"warning","event":"The `airflow.decorators.dag` attribute is deprecated. Please use `'airflow.sdk.dag'`.","category":"DeprecatedImportWarning","filename":"/opt/airflow/dags/branch_pipeline.py","lineno":1,"logger":"py.warnings"}
{"timestamp":"2026-02-10T05:33:03.403082Z","level":"warning","event":"The `airflow.decorators.task` attribute is deprecated. Please use `'airflow.sdk.task'`.","category":"DeprecatedImportWarning","filename":"/opt/airflow/dags/branch_pipeline.py","lineno":1,"logger":"py.warnings"}
{"timestamp":"2026-02-10T05:33:03.403281Z","level":"warning","event":"The `airflow.operators.python.BranchPythonOperator` attribute is deprecated. Please use `'airflow.providers.standard.operators.python.BranchPythonOperator'`.","category":"DeprecatedImportWarning","filename":"/opt/airflow/dags/branch_pipeline.py","lineno":2,"logger":"py.warnings"}
{"timestamp":"2026-02-10T05:33:03.403459Z","level":"warning","event":"The `airflow.operators.bash.BashOperator` attribute is deprecated. Please use `'airflow.providers.standard.operators.bash.BashOperator'`.","category":"DeprecatedImportWarning","filename":"/opt/airflow/dags/branch_pipeline.py","lineno":3,"logger":"py.warnings"}
{"timestamp":"2026-02-10T05:33:35.601626Z","level":"info","event":"Filling up the DagBag from /opt/airflow/dags/branch_pipeline.py","logger":"airflow.models.dagbag.BundleDagBag","filename":"dagbag.py","lineno":593}
{"timestamp":"2026-02-10T05:33:35.688767Z","level":"warning","event":"The `airflow.decorators.dag` attribute is deprecated. Please use `'airflow.sdk.dag'`.","category":"DeprecatedImportWarning","filename":"/opt/airflow/dags/branch_pipeline.py","lineno":1,"logger":"py.warnings"}
{"timestamp":"2026-02-10T05:33:35.689029Z","level":"warning","event":"The `airflow.decorators.task` attribute is deprecated. Please use `'airflow.sdk.task'`.","category":"DeprecatedImportWarning","filename":"/opt/airflow/dags/branch_pipeline.py","lineno":1,"logger":"py.warnings"}
{"timestamp":"2026-02-10T05:33:35.689110Z","level":"warning","event":"The `airflow.operators.python.BranchPythonOperator` attribute is deprecated. Please use `'airflow.providers.standard.operators.python.BranchPythonOperator'`.","category":"DeprecatedImportWarning","filename":"/opt/airflow/dags/branch_pipeline.py","lineno":2,"logger":"py.warnings"}
{"timestamp":"2026-02-10T05:33:35.689160Z","level":"warning","event":"The `airflow.operators.bash.BashOperator` attribute is deprecated. Please use `'airflow.providers.standard.operators.bash.BashOperator'`.","category":"DeprecatedImportWarning","filename":"/opt/airflow/dags/branch_pipeline.py","lineno":3,"logger":"py.warnings"}
{"timestamp":"2026-02-10T05:34:07.344710Z","level":"info","event":"Filling up the DagBag from /opt/airflow/dags/branch_pipeline.py","logger":"airflow.models.dagbag.BundleDagBag","filename":"dagbag.py","lineno":593}
{"timestamp":"2026-02-10T05:34:07.416704Z","level":"warning","event":"The `airflow.decorators.dag` attribute is deprecated. Please use `'airflow.sdk.dag'`.","category":"DeprecatedImportWarning","filename":"/opt/airflow/dags/branch_pipeline.py","lineno":1,"logger":"py.warnings"}
{"timestamp":"2026-02-10T05:34:07.416961Z","level":"warning","event":"The `airflow.decorators.task` attribute is deprecated. Please use `'airflow.sdk.task'`.","category":"DeprecatedImportWarning","filename":"/opt/airflow/dags/branch_pipeline.py","lineno":1,"logger":"py.warnings"}
{"timestamp":"2026-02-10T05:34:07.417094Z","level":"warning","event":"The `airflow.operators.python.BranchPythonOperator` attribute is deprecated. Please use `'airflow.providers.standard.operators.python.BranchPythonOperator'`.","category":"DeprecatedImportWarning","filename":"/opt/airflow/dags/branch_pipeline.py","lineno":2,"logger":"py.warnings"}
{"timestamp":"2026-02-10T05:34:07.417327Z","level":"warning","event":"The `airflow.operators.bash.BashOperator` attribute is deprecated. Please use `'airflow.providers.standard.operators.bash.BashOperator'`.","category":"DeprecatedImportWarning","filename":"/opt/airflow/dags/branch_pipeline.py","lineno":3,"logger":"py.warnings"}
{"timestamp":"2026-02-10T05:34:39.907572Z","level":"info","event":"Filling up the DagBag from /opt/airflow/dags/branch_pipeline.py","logger":"airflow.models.dagbag.BundleDagBag","filename":"dagbag.py","lineno":593}
{"timestamp":"2026-02-10T05:34:39.956293Z","level":"warning","event":"The `airflow.decorators.dag` attribute is deprecated. Please use `'airflow.sdk.dag'`.","category":"DeprecatedImportWarning","filename":"/opt/airflow/dags/branch_pipeline.py","lineno":1,"logger":"py.warnings"}
{"timestamp":"2026-02-10T05:34:39.956486Z","level":"warning","event":"The `airflow.decorators.task` attribute is deprecated. Please use `'airflow.sdk.task'`.","category":"DeprecatedImportWarning","filename":"/opt/airflow/dags/branch_pipeline.py","lineno":1,"logger":"py.warnings"}
{"timestamp":"2026-02-10T05:34:39.956556Z","level":"warning","event":"The `airflow.operators.python.BranchPythonOperator` attribute is deprecated. Please use `'airflow.providers.standard.operators.python.BranchPythonOperator'`.","category":"DeprecatedImportWarning","filename":"/opt/airflow/dags/branch_pipeline.py","lineno":2,"logger":"py.warnings"}
{"timestamp":"2026-02-10T05:34:39.956604Z","level":"warning","event":"The `airflow.operators.bash.BashOperator` attribute is deprecated. Please use `'airflow.providers.standard.operators.bash.BashOperator'`.","category":"DeprecatedImportWarning","filename":"/opt/airflow/dags/branch_pipeline.py","lineno":3,"logger":"py.warnings"}
{"timestamp":"2026-02-10T05:35:11.462518Z","level":"info","event":"Filling up the DagBag from /opt/airflow/dags/branch_pipeline.py","logger":"airflow.models.dagbag.BundleDagBag","filename":"dagbag.py","lineno":593}
{"timestamp":"2026-02-10T05:35:11.573148Z","level":"warning","event":"The `airflow.decorators.dag` attribute is deprecated. Please use `'airflow.sdk.dag'`.","category":"DeprecatedImportWarning","filename":"/opt/airflow/dags/branch_pipeline.py","lineno":1,"logger":"py.warnings"}
{"timestamp":"2026-02-10T05:35:11.573586Z","level":"warning","event":"The `airflow.decorators.task` attribute is deprecated. Please use `'airflow.sdk.task'`.","category":"DeprecatedImportWarning","filename":"/opt/airflow/dags/branch_pipeline.py","lineno":1,"logger":"py.warnings"}
{"timestamp":"2026-02-10T05:35:11.573828Z","level":"warning","event":"The `airflow.operators.python.BranchPythonOperator` attribute is deprecated. Please use `'airflow.providers.standard.operators.python.BranchPythonOperator'`.","category":"DeprecatedImportWarning","filename":"/opt/airflow/dags/branch_pipeline.py","lineno":2,"logger":"py.warnings"}
{"timestamp":"2026-02-10T05:35:11.573992Z","level":"warning","event":"The `airflow.operators.bash.BashOperator` attribute is deprecated. Please use `'airflow.providers.standard.operators.bash.BashOperator'`.","category":"DeprecatedImportWarning","filename":"/opt/airflow/dags/branch_pipeline.py","lineno":3,"logger":"py.warnings"}
{"timestamp":"2026-02-10T05:35:43.633477Z","level":"info","event":"Filling up the DagBag from /opt/airflow/dags/branch_pipeline.py","logger":"airflow.models.dagbag.BundleDagBag","filename":"dagbag.py","lineno":593}
{"timestamp":"2026-02-10T05:35:43.684516Z","level":"warning","event":"The `airflow.decorators.dag` attribute is deprecated. Please use `'airflow.sdk.dag'`.","category":"DeprecatedImportWarning","filename":"/opt/airflow/dags/branch_pipeline.py","lineno":1,"logger":"py.warnings"}
{"timestamp":"2026-02-10T05:35:43.684933Z","level":"warning","event":"The `airflow.decorators.task` attribute is deprecated. Please use `'airflow.sdk.task'`.","category":"DeprecatedImportWarning","filename":"/opt/airflow/dags/branch_pipeline.py","lineno":1,"logger":"py.warnings"}
{"timestamp":"2026-02-10T05:35:43.685072Z","level":"warning","event":"The `airflow.operators.python.BranchPythonOperator` attribute is deprecated. Please use `'airflow.providers.standard.operators.python.BranchPythonOperator'`.","category":"DeprecatedImportWarning","filename":"/opt/airflow/dags/branch_pipeline.py","lineno":2,"logger":"py.warnings"}
{"timestamp":"2026-02-10T05:35:43.685136Z","level":"warning","event":"The `airflow.operators.bash.BashOperator` attribute is deprecated. Please use `'airflow.providers.standard.operators.bash.BashOperator'`.","category":"DeprecatedImportWarning","filename":"/opt/airflow/dags/branch_pipeline.py","lineno":3,"logger":"py.warnings"}
{"timestamp":"2026-02-10T05:36:15.673052Z","level":"info","event":"Filling up the DagBag from /opt/airflow/dags/branch_pipeline.py","logger":"airflow.models.dagbag.BundleDagBag","filename":"dagbag.py","lineno":593}
{"timestamp":"2026-02-10T05:36:15.722552Z","level":"warning","event":"The `airflow.decorators.dag` attribute is deprecated. Please use `'airflow.sdk.dag'`.","category":"DeprecatedImportWarning","filename":"/opt/airflow/dags/branch_pipeline.py","lineno":1,"logger":"py.warnings"}
{"timestamp":"2026-02-10T05:36:15.722810Z","level":"warning","event":"The `airflow.decorators.task` attribute is deprecated. Please use `'airflow.sdk.task'`.","category":"DeprecatedImportWarning","filename":"/opt/airflow/dags/branch_pipeline.py","lineno":1,"logger":"py.warnings"}
{"timestamp":"2026-02-10T05:36:15.722920Z","level":"warning","event":"The `airflow.operators.python.BranchPythonOperator` attribute is deprecated. Please use `'airflow.providers.standard.operators.python.BranchPythonOperator'`.","category":"DeprecatedImportWarning","filename":"/opt/airflow/dags/branch_pipeline.py","lineno":2,"logger":"py.warnings"}
{"timestamp":"2026-02-10T05:36:15.723646Z","level":"warning","event":"The `airflow.operators.bash.BashOperator` attribute is deprecated. Please use `'airflow.providers.standard.operators.bash.BashOperator'`.","category":"DeprecatedImportWarning","filename":"/opt/airflow/dags/branch_pipeline.py","lineno":3,"logger":"py.warnings"}
{"timestamp":"2026-02-10T05:36:47.480788Z","level":"info","event":"Filling up the DagBag from /opt/airflow/dags/branch_pipeline.py","logger":"airflow.models.dagbag.BundleDagBag","filename":"dagbag.py","lineno":593}
{"timestamp":"2026-02-10T05:36:47.550148Z","level":"warning","event":"The `airflow.decorators.dag` attribute is deprecated. Please use `'airflow.sdk.dag'`.","category":"DeprecatedImportWarning","filename":"/opt/airflow/dags/branch_pipeline.py","lineno":1,"logger":"py.warnings"}
{"timestamp":"2026-02-10T05:36:47.550357Z","level":"warning","event":"The `airflow.decorators.task` attribute is deprecated. Please use `'airflow.sdk.task'`.","category":"DeprecatedImportWarning","filename":"/opt/airflow/dags/branch_pipeline.py","lineno":1,"logger":"py.warnings"}
{"timestamp":"2026-02-10T05:36:47.550428Z","level":"warning","event":"The `airflow.operators.python.BranchPythonOperator` attribute is deprecated. Please use `'airflow.providers.standard.operators.python.BranchPythonOperator'`.","category":"DeprecatedImportWarning","filename":"/opt/airflow/dags/branch_pipeline.py","lineno":2,"logger":"py.warnings"}
{"timestamp":"2026-02-10T05:36:47.550475Z","level":"warning","event":"The `airflow.operators.bash.BashOperator` attribute is deprecated. Please use `'airflow.providers.standard.operators.bash.BashOperator'`.","category":"DeprecatedImportWarning","filename":"/opt/airflow/dags/branch_pipeline.py","lineno":3,"logger":"py.warnings"}
{"timestamp":"2026-02-10T05:37:20.049911Z","level":"info","event":"Filling up the DagBag from /opt/airflow/dags/branch_pipeline.py","logger":"airflow.models.dagbag.BundleDagBag","filename":"dagbag.py","lineno":593}
{"timestamp":"2026-02-10T05:37:20.149809Z","level":"warning","event":"The `airflow.decorators.dag` attribute is deprecated. Please use `'airflow.sdk.dag'`.","category":"DeprecatedImportWarning","filename":"/opt/airflow/dags/branch_pipeline.py","lineno":1,"logger":"py.warnings"}
{"timestamp":"2026-02-10T05:37:20.149985Z","level":"warning","event":"The `airflow.decorators.task` attribute is deprecated. Please use `'airflow.sdk.task'`.","category":"DeprecatedImportWarning","filename":"/opt/airflow/dags/branch_pipeline.py","lineno":1,"logger":"py.warnings"}
{"timestamp":"2026-02-10T05:37:20.150088Z","level":"warning","event":"The `airflow.operators.python.BranchPythonOperator` attribute is deprecated. Please use `'airflow.providers.standard.operators.python.BranchPythonOperator'`.","category":"DeprecatedImportWarning","filename":"/opt/airflow/dags/branch_pipeline.py","lineno":2,"logger":"py.warnings"}
{"timestamp":"2026-02-10T05:37:20.150153Z","level":"warning","event":"The `airflow.operators.bash.BashOperator` attribute is deprecated. Please use `'airflow.providers.standard.operators.bash.BashOperator'`.","category":"DeprecatedImportWarning","filename":"/opt/airflow/dags/branch_pipeline.py","lineno":3,"logger":"py.warnings"}
{"timestamp":"2026-02-10T05:37:52.340806Z","level":"info","event":"Filling up the DagBag from /opt/airflow/dags/branch_pipeline.py","logger":"airflow.models.dagbag.BundleDagBag","filename":"dagbag.py","lineno":593}
{"timestamp":"2026-02-10T05:37:52.401911Z","level":"warning","event":"The `airflow.decorators.dag` attribute is deprecated. Please use `'airflow.sdk.dag'`.","category":"DeprecatedImportWarning","filename":"/opt/airflow/dags/branch_pipeline.py","lineno":1,"logger":"py.warnings"}
{"timestamp":"2026-02-10T05:37:52.402078Z","level":"warning","event":"The `airflow.decorators.task` attribute is deprecated. Please use `'airflow.sdk.task'`.","category":"DeprecatedImportWarning","filename":"/opt/airflow/dags/branch_pipeline.py","lineno":1,"logger":"py.warnings"}
{"timestamp":"2026-02-10T05:37:52.402172Z","level":"warning","event":"The `airflow.operators.python.BranchPythonOperator` attribute is deprecated. Please use `'airflow.providers.standard.operators.python.BranchPythonOperator'`.","category":"DeprecatedImportWarning","filename":"/opt/airflow/dags/branch_pipeline.py","lineno":2,"logger":"py.warnings"}
{"timestamp":"2026-02-10T05:37:52.402221Z","level":"warning","event":"The `airflow.operators.bash.BashOperator` attribute is deprecated. Please use `'airflow.providers.standard.operators.bash.BashOperator'`.","category":"DeprecatedImportWarning","filename":"/opt/airflow/dags/branch_pipeline.py","lineno":3,"logger":"py.warnings"}
{"timestamp":"2026-02-10T05:38:24.706405Z","level":"info","event":"Filling up the DagBag from /opt/airflow/dags/branch_pipeline.py","logger":"airflow.models.dagbag.BundleDagBag","filename":"dagbag.py","lineno":593}
{"timestamp":"2026-02-10T05:38:24.922209Z","level":"warning","event":"The `airflow.decorators.dag` attribute is deprecated. Please use `'airflow.sdk.dag'`.","category":"DeprecatedImportWarning","filename":"/opt/airflow/dags/branch_pipeline.py","lineno":1,"logger":"py.warnings"}
{"timestamp":"2026-02-10T05:38:24.922691Z","level":"warning","event":"The `airflow.decorators.task` attribute is deprecated. Please use `'airflow.sdk.task'`.","category":"DeprecatedImportWarning","filename":"/opt/airflow/dags/branch_pipeline.py","lineno":1,"logger":"py.warnings"}
{"timestamp":"2026-02-10T05:38:24.922902Z","level":"warning","event":"The `airflow.operators.python.BranchPythonOperator` attribute is deprecated. Please use `'airflow.providers.standard.operators.python.BranchPythonOperator'`.","category":"DeprecatedImportWarning","filename":"/opt/airflow/dags/branch_pipeline.py","lineno":2,"logger":"py.warnings"}
{"timestamp":"2026-02-10T05:38:24.923073Z","level":"warning","event":"The `airflow.operators.bash.BashOperator` attribute is deprecated. Please use `'airflow.providers.standard.operators.bash.BashOperator'`.","category":"DeprecatedImportWarning","filename":"/opt/airflow/dags/branch_pipeline.py","lineno":3,"logger":"py.warnings"}
{"timestamp":"2026-02-10T05:38:56.656248Z","level":"info","event":"Filling up the DagBag from /opt/airflow/dags/branch_pipeline.py","logger":"airflow.models.dagbag.BundleDagBag","filename":"dagbag.py","lineno":593}
{"timestamp":"2026-02-10T05:38:56.737995Z","level":"warning","event":"The `airflow.decorators.dag` attribute is deprecated. Please use `'airflow.sdk.dag'`.","category":"DeprecatedImportWarning","filename":"/opt/airflow/dags/branch_pipeline.py","lineno":1,"logger":"py.warnings"}
{"timestamp":"2026-02-10T05:38:56.738197Z","level":"warning","event":"The `airflow.decorators.task` attribute is deprecated. Please use `'airflow.sdk.task'`.","category":"DeprecatedImportWarning","filename":"/opt/airflow/dags/branch_pipeline.py","lineno":1,"logger":"py.warnings"}
{"timestamp":"2026-02-10T05:38:56.738274Z","level":"warning","event":"The `airflow.operators.python.BranchPythonOperator` attribute is deprecated. Please use `'airflow.providers.standard.operators.python.BranchPythonOperator'`.","category":"DeprecatedImportWarning","filename":"/opt/airflow/dags/branch_pipeline.py","lineno":2,"logger":"py.warnings"}
{"timestamp":"2026-02-10T05:38:56.738326Z","level":"warning","event":"The `airflow.operators.bash.BashOperator` attribute is deprecated. Please use `'airflow.providers.standard.operators.bash.BashOperator'`.","category":"DeprecatedImportWarning","filename":"/opt/airflow/dags/branch_pipeline.py","lineno":3,"logger":"py.warnings"}
{"timestamp":"2026-02-10T05:39:27.907060Z","level":"info","event":"Filling up the DagBag from /opt/airflow/dags/branch_pipeline.py","logger":"airflow.models.dagbag.BundleDagBag","filename":"dagbag.py","lineno":593}
{"timestamp":"2026-02-10T05:39:27.955181Z","level":"warning","event":"The `airflow.decorators.dag` attribute is deprecated. Please use `'airflow.sdk.dag'`.","category":"DeprecatedImportWarning","filename":"/opt/airflow/dags/branch_pipeline.py","lineno":1,"logger":"py.warnings"}
{"timestamp":"2026-02-10T05:39:27.955368Z","level":"warning","event":"The `airflow.decorators.task` attribute is deprecated. Please use `'airflow.sdk.task'`.","category":"DeprecatedImportWarning","filename":"/opt/airflow/dags/branch_pipeline.py","lineno":1,"logger":"py.warnings"}
{"timestamp":"2026-02-10T05:39:27.955437Z","level":"warning","event":"The `airflow.operators.python.BranchPythonOperator` attribute is deprecated. Please use `'airflow.providers.standard.operators.python.BranchPythonOperator'`.","category":"DeprecatedImportWarning","filename":"/opt/airflow/dags/branch_pipeline.py","lineno":2,"logger":"py.warnings"}
{"timestamp":"2026-02-10T05:39:27.955483Z","level":"warning","event":"The `airflow.operators.bash.BashOperator` attribute is deprecated. Please use `'airflow.providers.standard.operators.bash.BashOperator'`.","category":"DeprecatedImportWarning","filename":"/opt/airflow/dags/branch_pipeline.py","lineno":3,"logger":"py.warnings"}
{"timestamp":"2026-02-10T05:40:00.188700Z","level":"info","event":"Filling up the DagBag from /opt/airflow/dags/branch_pipeline.py","logger":"airflow.models.dagbag.BundleDagBag","filename":"dagbag.py","lineno":593}
{"timestamp":"2026-02-10T05:40:00.241520Z","level":"warning","event":"The `airflow.decorators.dag` attribute is deprecated. Please use `'airflow.sdk.dag'`.","category":"DeprecatedImportWarning","filename":"/opt/airflow/dags/branch_pipeline.py","lineno":1,"logger":"py.warnings"}
{"timestamp":"2026-02-10T05:40:00.241766Z","level":"warning","event":"The `airflow.decorators.task` attribute is deprecated. Please use `'airflow.sdk.task'`.","category":"DeprecatedImportWarning","filename":"/opt/airflow/dags/branch_pipeline.py","lineno":1,"logger":"py.warnings"}
{"timestamp":"2026-02-10T05:40:00.241839Z","level":"warning","event":"The `airflow.operators.python.BranchPythonOperator` attribute is deprecated. Please use `'airflow.providers.standard.operators.python.BranchPythonOperator'`.","category":"DeprecatedImportWarning","filename":"/opt/airflow/dags/branch_pipeline.py","lineno":2,"logger":"py.warnings"}
{"timestamp":"2026-02-10T05:40:00.241888Z","level":"warning","event":"The `airflow.operators.bash.BashOperator` attribute is deprecated. Please use `'airflow.providers.standard.operators.bash.BashOperator'`.","category":"DeprecatedImportWarning","filename":"/opt/airflow/dags/branch_pipeline.py","lineno":3,"logger":"py.warnings"}
{"timestamp":"2026-02-10T05:40:32.649257Z","level":"info","event":"Filling up the DagBag from /opt/airflow/dags/branch_pipeline.py","logger":"airflow.models.dagbag.BundleDagBag","filename":"dagbag.py","lineno":593}
{"timestamp":"2026-02-10T05:40:32.702871Z","level":"warning","event":"The `airflow.decorators.dag` attribute is deprecated. Please use `'airflow.sdk.dag'`.","category":"DeprecatedImportWarning","filename":"/opt/airflow/dags/branch_pipeline.py","lineno":1,"logger":"py.warnings"}
{"timestamp":"2026-02-10T05:40:32.703063Z","level":"warning","event":"The `airflow.decorators.task` attribute is deprecated. Please use `'airflow.sdk.task'`.","category":"DeprecatedImportWarning","filename":"/opt/airflow/dags/branch_pipeline.py","lineno":1,"logger":"py.warnings"}
{"timestamp":"2026-02-10T05:40:32.703138Z","level":"warning","event":"The `airflow.operators.python.BranchPythonOperator` attribute is deprecated. Please use `'airflow.providers.standard.operators.python.BranchPythonOperator'`.","category":"DeprecatedImportWarning","filename":"/opt/airflow/dags/branch_pipeline.py","lineno":2,"logger":"py.warnings"}
{"timestamp":"2026-02-10T05:40:32.703187Z","level":"warning","event":"The `airflow.operators.bash.BashOperator` attribute is deprecated. Please use `'airflow.providers.standard.operators.bash.BashOperator'`.","category":"DeprecatedImportWarning","filename":"/opt/airflow/dags/branch_pipeline.py","lineno":3,"logger":"py.warnings"}
{"timestamp":"2026-02-10T05:41:04.485204Z","level":"info","event":"Filling up the DagBag from /opt/airflow/dags/branch_pipeline.py","logger":"airflow.models.dagbag.BundleDagBag","filename":"dagbag.py","lineno":593}
{"timestamp":"2026-02-10T05:41:04.585749Z","level":"warning","event":"The `airflow.decorators.dag` attribute is deprecated. Please use `'airflow.sdk.dag'`.","category":"DeprecatedImportWarning","filename":"/opt/airflow/dags/branch_pipeline.py","lineno":1,"logger":"py.warnings"}
{"timestamp":"2026-02-10T05:41:04.586068Z","level":"warning","event":"The `airflow.decorators.task` attribute is deprecated. Please use `'airflow.sdk.task'`.","category":"DeprecatedImportWarning","filename":"/opt/airflow/dags/branch_pipeline.py","lineno":1,"logger":"py.warnings"}
{"timestamp":"2026-02-10T05:41:04.586243Z","level":"warning","event":"The `airflow.operators.python.BranchPythonOperator` attribute is deprecated. Please use `'airflow.providers.standard.operators.python.BranchPythonOperator'`.","category":"DeprecatedImportWarning","filename":"/opt/airflow/dags/branch_pipeline.py","lineno":2,"logger":"py.warnings"}
{"timestamp":"2026-02-10T05:41:04.586357Z","level":"warning","event":"The `airflow.operators.bash.BashOperator` attribute is deprecated. Please use `'airflow.providers.standard.operators.bash.BashOperator'`.","category":"DeprecatedImportWarning","filename":"/opt/airflow/dags/branch_pipeline.py","lineno":3,"logger":"py.warnings"}
{"timestamp":"2026-02-10T05:41:36.899868Z","level":"info","event":"Filling up the DagBag from /opt/airflow/dags/branch_pipeline.py","logger":"airflow.models.dagbag.BundleDagBag","filename":"dagbag.py","lineno":593}
{"timestamp":"2026-02-10T05:41:36.956018Z","level":"warning","event":"The `airflow.decorators.dag` attribute is deprecated. Please use `'airflow.sdk.dag'`.","category":"DeprecatedImportWarning","filename":"/opt/airflow/dags/branch_pipeline.py","lineno":1,"logger":"py.warnings"}
{"timestamp":"2026-02-10T05:41:36.956201Z","level":"warning","event":"The `airflow.decorators.task` attribute is deprecated. Please use `'airflow.sdk.task'`.","category":"DeprecatedImportWarning","filename":"/opt/airflow/dags/branch_pipeline.py","lineno":1,"logger":"py.warnings"}
{"timestamp":"2026-02-10T05:41:36.956272Z","level":"warning","event":"The `airflow.operators.python.BranchPythonOperator` attribute is deprecated. Please use `'airflow.providers.standard.operators.python.BranchPythonOperator'`.","category":"DeprecatedImportWarning","filename":"/opt/airflow/dags/branch_pipeline.py","lineno":2,"logger":"py.warnings"}
{"timestamp":"2026-02-10T05:41:36.956318Z","level":"warning","event":"The `airflow.operators.bash.BashOperator` attribute is deprecated. Please use `'airflow.providers.standard.operators.bash.BashOperator'`.","category":"DeprecatedImportWarning","filename":"/opt/airflow/dags/branch_pipeline.py","lineno":3,"logger":"py.warnings"}
{"timestamp":"2026-02-10T05:42:08.565153Z","level":"info","event":"Filling up the DagBag from /opt/airflow/dags/branch_pipeline.py","logger":"airflow.models.dagbag.BundleDagBag","filename":"dagbag.py","lineno":593}
{"timestamp":"2026-02-10T05:42:08.613952Z","level":"warning","event":"The `airflow.decorators.dag` attribute is deprecated. Please use `'airflow.sdk.dag'`.","category":"DeprecatedImportWarning","filename":"/opt/airflow/dags/branch_pipeline.py","lineno":1,"logger":"py.warnings"}
{"timestamp":"2026-02-10T05:42:08.614210Z","level":"warning","event":"The `airflow.decorators.task` attribute is deprecated. Please use `'airflow.sdk.task'`.","category":"DeprecatedImportWarning","filename":"/opt/airflow/dags/branch_pipeline.py","lineno":1,"logger":"py.warnings"}
{"timestamp":"2026-02-10T05:42:08.614307Z","level":"warning","event":"The `airflow.operators.python.BranchPythonOperator` attribute is deprecated. Please use `'airflow.providers.standard.operators.python.BranchPythonOperator'`.","category":"DeprecatedImportWarning","filename":"/opt/airflow/dags/branch_pipeline.py","lineno":2,"logger":"py.warnings"}
{"timestamp":"2026-02-10T05:42:08.614368Z","level":"warning","event":"The `airflow.operators.bash.BashOperator` attribute is deprecated. Please use `'airflow.providers.standard.operators.bash.BashOperator'`.","category":"DeprecatedImportWarning","filename":"/opt/airflow/dags/branch_pipeline.py","lineno":3,"logger":"py.warnings"}
{"timestamp":"2026-02-10T05:42:40.748088Z","level":"info","event":"Filling up the DagBag from /opt/airflow/dags/branch_pipeline.py","logger":"airflow.models.dagbag.BundleDagBag","filename":"dagbag.py","lineno":593}
{"timestamp":"2026-02-10T05:42:40.802838Z","level":"warning","event":"The `airflow.decorators.dag` attribute is deprecated. Please use `'airflow.sdk.dag'`.","category":"DeprecatedImportWarning","filename":"/opt/airflow/dags/branch_pipeline.py","lineno":1,"logger":"py.warnings"}
{"timestamp":"2026-02-10T05:42:40.802966Z","level":"warning","event":"The `airflow.decorators.task` attribute is deprecated. Please use `'airflow.sdk.task'`.","category":"DeprecatedImportWarning","filename":"/opt/airflow/dags/branch_pipeline.py","lineno":1,"logger":"py.warnings"}
{"timestamp":"2026-02-10T05:42:40.803023Z","level":"warning","event":"The `airflow.operators.python.BranchPythonOperator` attribute is deprecated. Please use `'airflow.providers.standard.operators.python.BranchPythonOperator'`.","category":"DeprecatedImportWarning","filename":"/opt/airflow/dags/branch_pipeline.py","lineno":2,"logger":"py.warnings"}
{"timestamp":"2026-02-10T05:42:40.803068Z","level":"warning","event":"The `airflow.operators.bash.BashOperator` attribute is deprecated. Please use `'airflow.providers.standard.operators.bash.BashOperator'`.","category":"DeprecatedImportWarning","filename":"/opt/airflow/dags/branch_pipeline.py","lineno":3,"logger":"py.warnings"}
{"timestamp":"2026-02-10T05:43:12.857150Z","level":"info","event":"Filling up the DagBag from /opt/airflow/dags/branch_pipeline.py","logger":"airflow.models.dagbag.BundleDagBag","filename":"dagbag.py","lineno":593}
{"timestamp":"2026-02-10T05:43:12.915658Z","level":"warning","event":"The `airflow.decorators.dag` attribute is deprecated. Please use `'airflow.sdk.dag'`.","category":"DeprecatedImportWarning","filename":"/opt/airflow/dags/branch_pipeline.py","lineno":1,"logger":"py.warnings"}
{"timestamp":"2026-02-10T05:43:12.915899Z","level":"warning","event":"The `airflow.decorators.task` attribute is deprecated. Please use `'airflow.sdk.task'`.","category":"DeprecatedImportWarning","filename":"/opt/airflow/dags/branch_pipeline.py","lineno":1,"logger":"py.warnings"}
{"timestamp":"2026-02-10T05:43:12.915981Z","level":"warning","event":"The `airflow.operators.python.BranchPythonOperator` attribute is deprecated. Please use `'airflow.providers.standard.operators.python.BranchPythonOperator'`.","category":"DeprecatedImportWarning","filename":"/opt/airflow/dags/branch_pipeline.py","lineno":2,"logger":"py.warnings"}
{"timestamp":"2026-02-10T05:43:12.916065Z","level":"warning","event":"The `airflow.operators.bash.BashOperator` attribute is deprecated. Please use `'airflow.providers.standard.operators.bash.BashOperator'`.","category":"DeprecatedImportWarning","filename":"/opt/airflow/dags/branch_pipeline.py","lineno":3,"logger":"py.warnings"}
{"timestamp":"2026-02-10T05:43:45.436152Z","level":"info","event":"Filling up the DagBag from /opt/airflow/dags/branch_pipeline.py","logger":"airflow.models.dagbag.BundleDagBag","filename":"dagbag.py","lineno":593}
{"timestamp":"2026-02-10T05:43:45.503446Z","level":"warning","event":"The `airflow.decorators.dag` attribute is deprecated. Please use `'airflow.sdk.dag'`.","category":"DeprecatedImportWarning","filename":"/opt/airflow/dags/branch_pipeline.py","lineno":1,"logger":"py.warnings"}
{"timestamp":"2026-02-10T05:43:45.503838Z","level":"warning","event":"The `airflow.decorators.task` attribute is deprecated. Please use `'airflow.sdk.task'`.","category":"DeprecatedImportWarning","filename":"/opt/airflow/dags/branch_pipeline.py","lineno":1,"logger":"py.warnings"}
{"timestamp":"2026-02-10T05:43:45.503966Z","level":"warning","event":"The `airflow.operators.python.BranchPythonOperator` attribute is deprecated. Please use `'airflow.providers.standard.operators.python.BranchPythonOperator'`.","category":"DeprecatedImportWarning","filename":"/opt/airflow/dags/branch_pipeline.py","lineno":2,"logger":"py.warnings"}
{"timestamp":"2026-02-10T05:43:45.504037Z","level":"warning","event":"The `airflow.operators.bash.BashOperator` attribute is deprecated. Please use `'airflow.providers.standard.operators.bash.BashOperator'`.","category":"DeprecatedImportWarning","filename":"/opt/airflow/dags/branch_pipeline.py","lineno":3,"logger":"py.warnings"}
{"timestamp":"2026-02-10T05:44:17.157240Z","level":"info","event":"Filling up the DagBag from /opt/airflow/dags/branch_pipeline.py","logger":"airflow.models.dagbag.BundleDagBag","filename":"dagbag.py","lineno":593}
{"timestamp":"2026-02-10T05:44:17.242685Z","level":"warning","event":"The `airflow.decorators.dag` attribute is deprecated. Please use `'airflow.sdk.dag'`.","category":"DeprecatedImportWarning","filename":"/opt/airflow/dags/branch_pipeline.py","lineno":1,"logger":"py.warnings"}
{"timestamp":"2026-02-10T05:44:17.243107Z","level":"warning","event":"The `airflow.decorators.task` attribute is deprecated. Please use `'airflow.sdk.task'`.","category":"DeprecatedImportWarning","filename":"/opt/airflow/dags/branch_pipeline.py","lineno":1,"logger":"py.warnings"}
{"timestamp":"2026-02-10T05:44:17.243244Z","level":"warning","event":"The `airflow.operators.python.BranchPythonOperator` attribute is deprecated. Please use `'airflow.providers.standard.operators.python.BranchPythonOperator'`.","category":"DeprecatedImportWarning","filename":"/opt/airflow/dags/branch_pipeline.py","lineno":2,"logger":"py.warnings"}
{"timestamp":"2026-02-10T05:44:17.243350Z","level":"warning","event":"The `airflow.operators.bash.BashOperator` attribute is deprecated. Please use `'airflow.providers.standard.operators.bash.BashOperator'`.","category":"DeprecatedImportWarning","filename":"/opt/airflow/dags/branch_pipeline.py","lineno":3,"logger":"py.warnings"}
{"timestamp":"2026-02-10T05:44:49.370936Z","level":"info","event":"Filling up the DagBag from /opt/airflow/dags/branch_pipeline.py","logger":"airflow.models.dagbag.BundleDagBag","filename":"dagbag.py","lineno":593}
{"timestamp":"2026-02-10T05:44:49.424242Z","level":"warning","event":"The `airflow.decorators.dag` attribute is deprecated. Please use `'airflow.sdk.dag'`.","category":"DeprecatedImportWarning","filename":"/opt/airflow/dags/branch_pipeline.py","lineno":1,"logger":"py.warnings"}
{"timestamp":"2026-02-10T05:44:49.424772Z","level":"warning","event":"The `airflow.decorators.task` attribute is deprecated. Please use `'airflow.sdk.task'`.","category":"DeprecatedImportWarning","filename":"/opt/airflow/dags/branch_pipeline.py","lineno":1,"logger":"py.warnings"}
{"timestamp":"2026-02-10T05:44:49.424929Z","level":"warning","event":"The `airflow.operators.python.BranchPythonOperator` attribute is deprecated. Please use `'airflow.providers.standard.operators.python.BranchPythonOperator'`.","category":"DeprecatedImportWarning","filename":"/opt/airflow/dags/branch_pipeline.py","lineno":2,"logger":"py.warnings"}
{"timestamp":"2026-02-10T05:44:49.425103Z","level":"warning","event":"The `airflow.operators.bash.BashOperator` attribute is deprecated. Please use `'airflow.providers.standard.operators.bash.BashOperator'`.","category":"DeprecatedImportWarning","filename":"/opt/airflow/dags/branch_pipeline.py","lineno":3,"logger":"py.warnings"}
{"timestamp":"2026-02-10T05:45:21.165664Z","level":"info","event":"Filling up the DagBag from /opt/airflow/dags/branch_pipeline.py","logger":"airflow.models.dagbag.BundleDagBag","filename":"dagbag.py","lineno":593}
{"timestamp":"2026-02-10T05:45:21.219812Z","level":"warning","event":"The `airflow.decorators.dag` attribute is deprecated. Please use `'airflow.sdk.dag'`.","category":"DeprecatedImportWarning","filename":"/opt/airflow/dags/branch_pipeline.py","lineno":1,"logger":"py.warnings"}
{"timestamp":"2026-02-10T05:45:21.220020Z","level":"warning","event":"The `airflow.decorators.task` attribute is deprecated. Please use `'airflow.sdk.task'`.","category":"DeprecatedImportWarning","filename":"/opt/airflow/dags/branch_pipeline.py","lineno":1,"logger":"py.warnings"}
{"timestamp":"2026-02-10T05:45:21.220100Z","level":"warning","event":"The `airflow.operators.python.BranchPythonOperator` attribute is deprecated. Please use `'airflow.providers.standard.operators.python.BranchPythonOperator'`.","category":"DeprecatedImportWarning","filename":"/opt/airflow/dags/branch_pipeline.py","lineno":2,"logger":"py.warnings"}
{"timestamp":"2026-02-10T05:45:21.220152Z","level":"warning","event":"The `airflow.operators.bash.BashOperator` attribute is deprecated. Please use `'airflow.providers.standard.operators.bash.BashOperator'`.","category":"DeprecatedImportWarning","filename":"/opt/airflow/dags/branch_pipeline.py","lineno":3,"logger":"py.warnings"}
{"timestamp":"2026-02-10T05:45:51.356971Z","level":"info","event":"Filling up the DagBag from /opt/airflow/dags/branch_pipeline.py","logger":"airflow.models.dagbag.BundleDagBag","filename":"dagbag.py","lineno":593}
{"timestamp":"2026-02-10T05:45:51.419727Z","level":"warning","event":"The `airflow.decorators.dag` attribute is deprecated. Please use `'airflow.sdk.dag'`.","category":"DeprecatedImportWarning","filename":"/opt/airflow/dags/branch_pipeline.py","lineno":1,"logger":"py.warnings"}
{"timestamp":"2026-02-10T05:45:51.419884Z","level":"warning","event":"The `airflow.decorators.task` attribute is deprecated. Please use `'airflow.sdk.task'`.","category":"DeprecatedImportWarning","filename":"/opt/airflow/dags/branch_pipeline.py","lineno":1,"logger":"py.warnings"}
{"timestamp":"2026-02-10T05:45:51.419949Z","level":"warning","event":"The `airflow.operators.python.BranchPythonOperator` attribute is deprecated. Please use `'airflow.providers.standard.operators.python.BranchPythonOperator'`.","category":"DeprecatedImportWarning","filename":"/opt/airflow/dags/branch_pipeline.py","lineno":2,"logger":"py.warnings"}
{"timestamp":"2026-02-10T05:45:51.419996Z","level":"warning","event":"The `airflow.operators.bash.BashOperator` attribute is deprecated. Please use `'airflow.providers.standard.operators.bash.BashOperator'`.","category":"DeprecatedImportWarning","filename":"/opt/airflow/dags/branch_pipeline.py","lineno":3,"logger":"py.warnings"}
{"timestamp":"2026-02-10T05:46:21.698778Z","level":"info","event":"Filling up the DagBag from /opt/airflow/dags/branch_pipeline.py","logger":"airflow.models.dagbag.BundleDagBag","filename":"dagbag.py","lineno":593}
{"timestamp":"2026-02-10T05:46:21.744697Z","level":"warning","event":"The `airflow.decorators.dag` attribute is deprecated. Please use `'airflow.sdk.dag'`.","category":"DeprecatedImportWarning","filename":"/opt/airflow/dags/branch_pipeline.py","lineno":1,"logger":"py.warnings"}
{"timestamp":"2026-02-10T05:46:21.744875Z","level":"warning","event":"The `airflow.decorators.task` attribute is deprecated. Please use `'airflow.sdk.task'`.","category":"DeprecatedImportWarning","filename":"/opt/airflow/dags/branch_pipeline.py","lineno":1,"logger":"py.warnings"}
{"timestamp":"2026-02-10T05:46:21.744939Z","level":"warning","event":"The `airflow.operators.python.BranchPythonOperator` attribute is deprecated. Please use `'airflow.providers.standard.operators.python.BranchPythonOperator'`.","category":"DeprecatedImportWarning","filename":"/opt/airflow/dags/branch_pipeline.py","lineno":2,"logger":"py.warnings"}
{"timestamp":"2026-02-10T05:46:21.744988Z","level":"warning","event":"The `airflow.operators.bash.BashOperator` attribute is deprecated. Please use `'airflow.providers.standard.operators.bash.BashOperator'`.","category":"DeprecatedImportWarning","filename":"/opt/airflow/dags/branch_pipeline.py","lineno":3,"logger":"py.warnings"}
{"timestamp":"2026-02-10T05:46:52.284074Z","level":"info","event":"Filling up the DagBag from /opt/airflow/dags/branch_pipeline.py","logger":"airflow.models.dagbag.BundleDagBag","filename":"dagbag.py","lineno":593}
{"timestamp":"2026-02-10T05:46:52.348350Z","level":"warning","event":"The `airflow.decorators.dag` attribute is deprecated. Please use `'airflow.sdk.dag'`.","category":"DeprecatedImportWarning","filename":"/opt/airflow/dags/branch_pipeline.py","lineno":1,"logger":"py.warnings"}
{"timestamp":"2026-02-10T05:46:52.348541Z","level":"warning","event":"The `airflow.decorators.task` attribute is deprecated. Please use `'airflow.sdk.task'`.","category":"DeprecatedImportWarning","filename":"/opt/airflow/dags/branch_pipeline.py","lineno":1,"logger":"py.warnings"}
{"timestamp":"2026-02-10T05:46:52.348608Z","level":"warning","event":"The `airflow.operators.python.BranchPythonOperator` attribute is deprecated. Please use `'airflow.providers.standard.operators.python.BranchPythonOperator'`.","category":"DeprecatedImportWarning","filename":"/opt/airflow/dags/branch_pipeline.py","lineno":2,"logger":"py.warnings"}
{"timestamp":"2026-02-10T05:46:52.348653Z","level":"warning","event":"The `airflow.operators.bash.BashOperator` attribute is deprecated. Please use `'airflow.providers.standard.operators.bash.BashOperator'`.","category":"DeprecatedImportWarning","filename":"/opt/airflow/dags/branch_pipeline.py","lineno":3,"logger":"py.warnings"}
{"timestamp":"2026-02-10T05:47:22.562989Z","level":"info","event":"Filling up the DagBag from /opt/airflow/dags/branch_pipeline.py","logger":"airflow.models.dagbag.BundleDagBag","filename":"dagbag.py","lineno":593}
{"timestamp":"2026-02-10T05:47:22.649152Z","level":"warning","event":"The `airflow.decorators.dag` attribute is deprecated. Please use `'airflow.sdk.dag'`.","category":"DeprecatedImportWarning","filename":"/opt/airflow/dags/branch_pipeline.py","lineno":1,"logger":"py.warnings"}
{"timestamp":"2026-02-10T05:47:22.649333Z","level":"warning","event":"The `airflow.decorators.task` attribute is deprecated. Please use `'airflow.sdk.task'`.","category":"DeprecatedImportWarning","filename":"/opt/airflow/dags/branch_pipeline.py","lineno":1,"logger":"py.warnings"}
{"timestamp":"2026-02-10T05:47:22.649402Z","level":"warning","event":"The `airflow.operators.python.BranchPythonOperator` attribute is deprecated. Please use `'airflow.providers.standard.operators.python.BranchPythonOperator'`.","category":"DeprecatedImportWarning","filename":"/opt/airflow/dags/branch_pipeline.py","lineno":2,"logger":"py.warnings"}
{"timestamp":"2026-02-10T05:47:22.649451Z","level":"warning","event":"The `airflow.operators.bash.BashOperator` attribute is deprecated. Please use `'airflow.providers.standard.operators.bash.BashOperator'`.","category":"DeprecatedImportWarning","filename":"/opt/airflow/dags/branch_pipeline.py","lineno":3,"logger":"py.warnings"}
{"timestamp":"2026-02-10T05:47:53.487689Z","level":"info","event":"Filling up the DagBag from /opt/airflow/dags/branch_pipeline.py","logger":"airflow.models.dagbag.BundleDagBag","filename":"dagbag.py","lineno":593}
{"timestamp":"2026-02-10T05:47:53.578936Z","level":"warning","event":"The `airflow.decorators.dag` attribute is deprecated. Please use `'airflow.sdk.dag'`.","category":"DeprecatedImportWarning","filename":"/opt/airflow/dags/branch_pipeline.py","lineno":1,"logger":"py.warnings"}
{"timestamp":"2026-02-10T05:47:53.579256Z","level":"warning","event":"The `airflow.decorators.task` attribute is deprecated. Please use `'airflow.sdk.task'`.","category":"DeprecatedImportWarning","filename":"/opt/airflow/dags/branch_pipeline.py","lineno":1,"logger":"py.warnings"}
{"timestamp":"2026-02-10T05:47:53.579352Z","level":"warning","event":"The `airflow.operators.python.BranchPythonOperator` attribute is deprecated. Please use `'airflow.providers.standard.operators.python.BranchPythonOperator'`.","category":"DeprecatedImportWarning","filename":"/opt/airflow/dags/branch_pipeline.py","lineno":2,"logger":"py.warnings"}
{"timestamp":"2026-02-10T05:47:53.579398Z","level":"warning","event":"The `airflow.operators.bash.BashOperator` attribute is deprecated. Please use `'airflow.providers.standard.operators.bash.BashOperator'`.","category":"DeprecatedImportWarning","filename":"/opt/airflow/dags/branch_pipeline.py","lineno":3,"logger":"py.warnings"}
{"timestamp":"2026-02-10T05:48:24.223074Z","level":"info","event":"Filling up the DagBag from /opt/airflow/dags/branch_pipeline.py","logger":"airflow.models.dagbag.BundleDagBag","filename":"dagbag.py","lineno":593}
{"timestamp":"2026-02-10T05:48:24.270083Z","level":"warning","event":"The `airflow.decorators.dag` attribute is deprecated. Please use `'airflow.sdk.dag'`.","category":"DeprecatedImportWarning","filename":"/opt/airflow/dags/branch_pipeline.py","lineno":1,"logger":"py.warnings"}
{"timestamp":"2026-02-10T05:48:24.270249Z","level":"warning","event":"The `airflow.decorators.task` attribute is deprecated. Please use `'airflow.sdk.task'`.","category":"DeprecatedImportWarning","filename":"/opt/airflow/dags/branch_pipeline.py","lineno":1,"logger":"py.warnings"}
{"timestamp":"2026-02-10T05:48:24.270312Z","level":"warning","event":"The `airflow.operators.python.BranchPythonOperator` attribute is deprecated. Please use `'airflow.providers.standard.operators.python.BranchPythonOperator'`.","category":"DeprecatedImportWarning","filename":"/opt/airflow/dags/branch_pipeline.py","lineno":2,"logger":"py.warnings"}
{"timestamp":"2026-02-10T05:48:24.270355Z","level":"warning","event":"The `airflow.operators.bash.BashOperator` attribute is deprecated. Please use `'airflow.providers.standard.operators.bash.BashOperator'`.","category":"DeprecatedImportWarning","filename":"/opt/airflow/dags/branch_pipeline.py","lineno":3,"logger":"py.warnings"}
{"timestamp":"2026-02-10T05:48:54.601683Z","level":"info","event":"Filling up the DagBag from /opt/airflow/dags/branch_pipeline.py","logger":"airflow.models.dagbag.BundleDagBag","filename":"dagbag.py","lineno":593}
{"timestamp":"2026-02-10T05:48:54.646559Z","level":"warning","event":"The `airflow.decorators.dag` attribute is deprecated. Please use `'airflow.sdk.dag'`.","category":"DeprecatedImportWarning","filename":"/opt/airflow/dags/branch_pipeline.py","lineno":1,"logger":"py.warnings"}
{"timestamp":"2026-02-10T05:48:54.646790Z","level":"warning","event":"The `airflow.decorators.task` attribute is deprecated. Please use `'airflow.sdk.task'`.","category":"DeprecatedImportWarning","filename":"/opt/airflow/dags/branch_pipeline.py","lineno":1,"logger":"py.warnings"}
{"timestamp":"2026-02-10T05:48:54.646852Z","level":"warning","event":"The `airflow.operators.python.BranchPythonOperator` attribute is deprecated. Please use `'airflow.providers.standard.operators.python.BranchPythonOperator'`.","category":"DeprecatedImportWarning","filename":"/opt/airflow/dags/branch_pipeline.py","lineno":2,"logger":"py.warnings"}
{"timestamp":"2026-02-10T05:48:54.646895Z","level":"warning","event":"The `airflow.operators.bash.BashOperator` attribute is deprecated. Please use `'airflow.providers.standard.operators.bash.BashOperator'`.","category":"DeprecatedImportWarning","filename":"/opt/airflow/dags/branch_pipeline.py","lineno":3,"logger":"py.warnings"}
{"timestamp":"2026-02-10T05:49:25.382093Z","level":"info","event":"Filling up the DagBag from /opt/airflow/dags/branch_pipeline.py","logger":"airflow.models.dagbag.BundleDagBag","filename":"dagbag.py","lineno":593}
{"timestamp":"2026-02-10T05:49:25.419905Z","level":"warning","event":"The `airflow.decorators.dag` attribute is deprecated. Please use `'airflow.sdk.dag'`.","category":"DeprecatedImportWarning","filename":"/opt/airflow/dags/branch_pipeline.py","lineno":1,"logger":"py.warnings"}
{"timestamp":"2026-02-10T05:49:25.420114Z","level":"warning","event":"The `airflow.decorators.task` attribute is deprecated. Please use `'airflow.sdk.task'`.","category":"DeprecatedImportWarning","filename":"/opt/airflow/dags/branch_pipeline.py","lineno":1,"logger":"py.warnings"}
{"timestamp":"2026-02-10T05:49:25.420187Z","level":"warning","event":"The `airflow.operators.python.BranchPythonOperator` attribute is deprecated. Please use `'airflow.providers.standard.operators.python.BranchPythonOperator'`.","category":"DeprecatedImportWarning","filename":"/opt/airflow/dags/branch_pipeline.py","lineno":2,"logger":"py.warnings"}
{"timestamp":"2026-02-10T05:49:25.420266Z","level":"warning","event":"The `airflow.operators.bash.BashOperator` attribute is deprecated. Please use `'airflow.providers.standard.operators.bash.BashOperator'`.","category":"DeprecatedImportWarning","filename":"/opt/airflow/dags/branch_pipeline.py","lineno":3,"logger":"py.warnings"}
{"timestamp":"2026-02-10T05:49:55.892272Z","level":"info","event":"Filling up the DagBag from /opt/airflow/dags/branch_pipeline.py","logger":"airflow.models.dagbag.BundleDagBag","filename":"dagbag.py","lineno":593}
{"timestamp":"2026-02-10T05:49:55.977137Z","level":"warning","event":"The `airflow.decorators.dag` attribute is deprecated. Please use `'airflow.sdk.dag'`.","category":"DeprecatedImportWarning","filename":"/opt/airflow/dags/branch_pipeline.py","lineno":1,"logger":"py.warnings"}
{"timestamp":"2026-02-10T05:49:55.977432Z","level":"warning","event":"The `airflow.decorators.task` attribute is deprecated. Please use `'airflow.sdk.task'`.","category":"DeprecatedImportWarning","filename":"/opt/airflow/dags/branch_pipeline.py","lineno":1,"logger":"py.warnings"}
{"timestamp":"2026-02-10T05:49:55.977569Z","level":"warning","event":"The `airflow.operators.python.BranchPythonOperator` attribute is deprecated. Please use `'airflow.providers.standard.operators.python.BranchPythonOperator'`.","category":"DeprecatedImportWarning","filename":"/opt/airflow/dags/branch_pipeline.py","lineno":2,"logger":"py.warnings"}
{"timestamp":"2026-02-10T05:49:55.977791Z","level":"warning","event":"The `airflow.operators.bash.BashOperator` attribute is deprecated. Please use `'airflow.providers.standard.operators.bash.BashOperator'`.","category":"DeprecatedImportWarning","filename":"/opt/airflow/dags/branch_pipeline.py","lineno":3,"logger":"py.warnings"}
{"timestamp":"2026-02-10T05:50:26.638812Z","level":"info","event":"Filling up the DagBag from /opt/airflow/dags/branch_pipeline.py","logger":"airflow.models.dagbag.BundleDagBag","filename":"dagbag.py","lineno":593}
{"timestamp":"2026-02-10T05:50:26.680100Z","level":"warning","event":"The `airflow.decorators.dag` attribute is deprecated. Please use `'airflow.sdk.dag'`.","category":"DeprecatedImportWarning","filename":"/opt/airflow/dags/branch_pipeline.py","lineno":1,"logger":"py.warnings"}
{"timestamp":"2026-02-10T05:50:26.680286Z","level":"warning","event":"The `airflow.decorators.task` attribute is deprecated. Please use `'airflow.sdk.task'`.","category":"DeprecatedImportWarning","filename":"/opt/airflow/dags/branch_pipeline.py","lineno":1,"logger":"py.warnings"}
{"timestamp":"2026-02-10T05:50:26.680362Z","level":"warning","event":"The `airflow.operators.python.BranchPythonOperator` attribute is deprecated. Please use `'airflow.providers.standard.operators.python.BranchPythonOperator'`.","category":"DeprecatedImportWarning","filename":"/opt/airflow/dags/branch_pipeline.py","lineno":2,"logger":"py.warnings"}
{"timestamp":"2026-02-10T05:50:26.680420Z","level":"warning","event":"The `airflow.operators.bash.BashOperator` attribute is deprecated. Please use `'airflow.providers.standard.operators.bash.BashOperator'`.","category":"DeprecatedImportWarning","filename":"/opt/airflow/dags/branch_pipeline.py","lineno":3,"logger":"py.warnings"}
{"timestamp":"2026-02-10T05:50:57.291616Z","level":"info","event":"Filling up the DagBag from /opt/airflow/dags/branch_pipeline.py","logger":"airflow.models.dagbag.BundleDagBag","filename":"dagbag.py","lineno":593}
{"timestamp":"2026-02-10T05:50:57.343795Z","level":"warning","event":"The `airflow.decorators.dag` attribute is deprecated. Please use `'airflow.sdk.dag'`.","category":"DeprecatedImportWarning","filename":"/opt/airflow/dags/branch_pipeline.py","lineno":1,"logger":"py.warnings"}
{"timestamp":"2026-02-10T05:50:57.343957Z","level":"warning","event":"The `airflow.decorators.task` attribute is deprecated. Please use `'airflow.sdk.task'`.","category":"DeprecatedImportWarning","filename":"/opt/airflow/dags/branch_pipeline.py","lineno":1,"logger":"py.warnings"}
{"timestamp":"2026-02-10T05:50:57.344020Z","level":"warning","event":"The `airflow.operators.python.BranchPythonOperator` attribute is deprecated. Please use `'airflow.providers.standard.operators.python.BranchPythonOperator'`.","category":"DeprecatedImportWarning","filename":"/opt/airflow/dags/branch_pipeline.py","lineno":2,"logger":"py.warnings"}
{"timestamp":"2026-02-10T05:50:57.344074Z","level":"warning","event":"The `airflow.operators.bash.BashOperator` attribute is deprecated. Please use `'airflow.providers.standard.operators.bash.BashOperator'`.","category":"DeprecatedImportWarning","filename":"/opt/airflow/dags/branch_pipeline.py","lineno":3,"logger":"py.warnings"}
{"timestamp":"2026-02-10T05:51:27.935485Z","level":"info","event":"Filling up the DagBag from /opt/airflow/dags/branch_pipeline.py","logger":"airflow.models.dagbag.BundleDagBag","filename":"dagbag.py","lineno":593}
{"timestamp":"2026-02-10T05:51:27.972652Z","level":"warning","event":"The `airflow.decorators.dag` attribute is deprecated. Please use `'airflow.sdk.dag'`.","category":"DeprecatedImportWarning","filename":"/opt/airflow/dags/branch_pipeline.py","lineno":1,"logger":"py.warnings"}
{"timestamp":"2026-02-10T05:51:27.972907Z","level":"warning","event":"The `airflow.decorators.task` attribute is deprecated. Please use `'airflow.sdk.task'`.","category":"DeprecatedImportWarning","filename":"/opt/airflow/dags/branch_pipeline.py","lineno":1,"logger":"py.warnings"}
{"timestamp":"2026-02-10T05:51:27.973236Z","level":"warning","event":"The `airflow.operators.python.BranchPythonOperator` attribute is deprecated. Please use `'airflow.providers.standard.operators.python.BranchPythonOperator'`.","category":"DeprecatedImportWarning","filename":"/opt/airflow/dags/branch_pipeline.py","lineno":2,"logger":"py.warnings"}
{"timestamp":"2026-02-10T05:51:27.973384Z","level":"warning","event":"The `airflow.operators.bash.BashOperator` attribute is deprecated. Please use `'airflow.providers.standard.operators.bash.BashOperator'`.","category":"DeprecatedImportWarning","filename":"/opt/airflow/dags/branch_pipeline.py","lineno":3,"logger":"py.warnings"}
{"timestamp":"2026-02-10T05:51:58.936828Z","level":"info","event":"Filling up the DagBag from /opt/airflow/dags/branch_pipeline.py","logger":"airflow.models.dagbag.BundleDagBag","filename":"dagbag.py","lineno":593}
{"timestamp":"2026-02-10T05:51:58.982177Z","level":"warning","event":"The `airflow.decorators.dag` attribute is deprecated. Please use `'airflow.sdk.dag'`.","category":"DeprecatedImportWarning","filename":"/opt/airflow/dags/branch_pipeline.py","lineno":1,"logger":"py.warnings"}
{"timestamp":"2026-02-10T05:51:58.982350Z","level":"warning","event":"The `airflow.decorators.task` attribute is deprecated. Please use `'airflow.sdk.task'`.","category":"DeprecatedImportWarning","filename":"/opt/airflow/dags/branch_pipeline.py","lineno":1,"logger":"py.warnings"}
{"timestamp":"2026-02-10T05:51:58.982425Z","level":"warning","event":"The `airflow.operators.python.BranchPythonOperator` attribute is deprecated. Please use `'airflow.providers.standard.operators.python.BranchPythonOperator'`.","category":"DeprecatedImportWarning","filename":"/opt/airflow/dags/branch_pipeline.py","lineno":2,"logger":"py.warnings"}
{"timestamp":"2026-02-10T05:51:58.982474Z","level":"warning","event":"The `airflow.operators.bash.BashOperator` attribute is deprecated. Please use `'airflow.providers.standard.operators.bash.BashOperator'`.","category":"DeprecatedImportWarning","filename":"/opt/airflow/dags/branch_pipeline.py","lineno":3,"logger":"py.warnings"}
{"timestamp":"2026-02-10T05:52:29.252443Z","level":"info","event":"Filling up the DagBag from /opt/airflow/dags/branch_pipeline.py","logger":"airflow.models.dagbag.BundleDagBag","filename":"dagbag.py","lineno":593}
{"timestamp":"2026-02-10T05:52:29.300612Z","level":"warning","event":"The `airflow.decorators.dag` attribute is deprecated. Please use `'airflow.sdk.dag'`.","category":"DeprecatedImportWarning","filename":"/opt/airflow/dags/branch_pipeline.py","lineno":1,"logger":"py.warnings"}
{"timestamp":"2026-02-10T05:52:29.300804Z","level":"warning","event":"The `airflow.decorators.task` attribute is deprecated. Please use `'airflow.sdk.task'`.","category":"DeprecatedImportWarning","filename":"/opt/airflow/dags/branch_pipeline.py","lineno":1,"logger":"py.warnings"}
{"timestamp":"2026-02-10T05:52:29.300871Z","level":"warning","event":"The `airflow.operators.python.BranchPythonOperator` attribute is deprecated. Please use `'airflow.providers.standard.operators.python.BranchPythonOperator'`.","category":"DeprecatedImportWarning","filename":"/opt/airflow/dags/branch_pipeline.py","lineno":2,"logger":"py.warnings"}
{"timestamp":"2026-02-10T05:52:29.300925Z","level":"warning","event":"The `airflow.operators.bash.BashOperator` attribute is deprecated. Please use `'airflow.providers.standard.operators.bash.BashOperator'`.","category":"DeprecatedImportWarning","filename":"/opt/airflow/dags/branch_pipeline.py","lineno":3,"logger":"py.warnings"}
{"timestamp":"2026-02-10T05:52:59.560995Z","level":"info","event":"Filling up the DagBag from /opt/airflow/dags/branch_pipeline.py","logger":"airflow.models.dagbag.BundleDagBag","filename":"dagbag.py","lineno":593}
{"timestamp":"2026-02-10T05:52:59.619685Z","level":"warning","event":"The `airflow.decorators.dag` attribute is deprecated. Please use `'airflow.sdk.dag'`.","category":"DeprecatedImportWarning","filename":"/opt/airflow/dags/branch_pipeline.py","lineno":1,"logger":"py.warnings"}
{"timestamp":"2026-02-10T05:52:59.619968Z","level":"warning","event":"The `airflow.decorators.task` attribute is deprecated. Please use `'airflow.sdk.task'`.","category":"DeprecatedImportWarning","filename":"/opt/airflow/dags/branch_pipeline.py","lineno":1,"logger":"py.warnings"}
{"timestamp":"2026-02-10T05:52:59.620083Z","level":"warning","event":"The `airflow.operators.python.BranchPythonOperator` attribute is deprecated. Please use `'airflow.providers.standard.operators.python.BranchPythonOperator'`.","category":"DeprecatedImportWarning","filename":"/opt/airflow/dags/branch_pipeline.py","lineno":2,"logger":"py.warnings"}
{"timestamp":"2026-02-10T05:52:59.620157Z","level":"warning","event":"The `airflow.operators.bash.BashOperator` attribute is deprecated. Please use `'airflow.providers.standard.operators.bash.BashOperator'`.","category":"DeprecatedImportWarning","filename":"/opt/airflow/dags/branch_pipeline.py","lineno":3,"logger":"py.warnings"}
{"timestamp":"2026-02-10T05:53:29.857506Z","level":"info","event":"Filling up the DagBag from /opt/airflow/dags/branch_pipeline.py","logger":"airflow.models.dagbag.BundleDagBag","filename":"dagbag.py","lineno":593}
{"timestamp":"2026-02-10T05:53:29.916628Z","level":"warning","event":"The `airflow.decorators.dag` attribute is deprecated. Please use `'airflow.sdk.dag'`.","category":"DeprecatedImportWarning","filename":"/opt/airflow/dags/branch_pipeline.py","lineno":1,"logger":"py.warnings"}
{"timestamp":"2026-02-10T05:53:29.916816Z","level":"warning","event":"The `airflow.decorators.task` attribute is deprecated. Please use `'airflow.sdk.task'`.","category":"DeprecatedImportWarning","filename":"/opt/airflow/dags/branch_pipeline.py","lineno":1,"logger":"py.warnings"}
{"timestamp":"2026-02-10T05:53:29.916902Z","level":"warning","event":"The `airflow.operators.python.BranchPythonOperator` attribute is deprecated. Please use `'airflow.providers.standard.operators.python.BranchPythonOperator'`.","category":"DeprecatedImportWarning","filename":"/opt/airflow/dags/branch_pipeline.py","lineno":2,"logger":"py.warnings"}
{"timestamp":"2026-02-10T05:53:29.916958Z","level":"warning","event":"The `airflow.operators.bash.BashOperator` attribute is deprecated. Please use `'airflow.providers.standard.operators.bash.BashOperator'`.","category":"DeprecatedImportWarning","filename":"/opt/airflow/dags/branch_pipeline.py","lineno":3,"logger":"py.warnings"}
{"timestamp":"2026-02-10T05:54:00.710810Z","level":"info","event":"Filling up the DagBag from /opt/airflow/dags/branch_pipeline.py","logger":"airflow.models.dagbag.BundleDagBag","filename":"dagbag.py","lineno":593}
{"timestamp":"2026-02-10T05:54:00.778685Z","level":"warning","event":"The `airflow.decorators.dag` attribute is deprecated. Please use `'airflow.sdk.dag'`.","category":"DeprecatedImportWarning","filename":"/opt/airflow/dags/branch_pipeline.py","lineno":1,"logger":"py.warnings"}
{"timestamp":"2026-02-10T05:54:00.778933Z","level":"warning","event":"The `airflow.decorators.task` attribute is deprecated. Please use `'airflow.sdk.task'`.","category":"DeprecatedImportWarning","filename":"/opt/airflow/dags/branch_pipeline.py","lineno":1,"logger":"py.warnings"}
{"timestamp":"2026-02-10T05:54:00.779015Z","level":"warning","event":"The `airflow.operators.python.BranchPythonOperator` attribute is deprecated. Please use `'airflow.providers.standard.operators.python.BranchPythonOperator'`.","category":"DeprecatedImportWarning","filename":"/opt/airflow/dags/branch_pipeline.py","lineno":2,"logger":"py.warnings"}
{"timestamp":"2026-02-10T05:54:00.779082Z","level":"warning","event":"The `airflow.operators.bash.BashOperator` attribute is deprecated. Please use `'airflow.providers.standard.operators.bash.BashOperator'`.","category":"DeprecatedImportWarning","filename":"/opt/airflow/dags/branch_pipeline.py","lineno":3,"logger":"py.warnings"}
{"timestamp":"2026-02-10T05:54:31.526141Z","level":"info","event":"Filling up the DagBag from /opt/airflow/dags/branch_pipeline.py","logger":"airflow.models.dagbag.BundleDagBag","filename":"dagbag.py","lineno":593}
{"timestamp":"2026-02-10T05:54:31.575562Z","level":"warning","event":"The `airflow.decorators.dag` attribute is deprecated. Please use `'airflow.sdk.dag'`.","category":"DeprecatedImportWarning","filename":"/opt/airflow/dags/branch_pipeline.py","lineno":1,"logger":"py.warnings"}
{"timestamp":"2026-02-10T05:54:31.575781Z","level":"warning","event":"The `airflow.decorators.task` attribute is deprecated. Please use `'airflow.sdk.task'`.","category":"DeprecatedImportWarning","filename":"/opt/airflow/dags/branch_pipeline.py","lineno":1,"logger":"py.warnings"}
{"timestamp":"2026-02-10T05:54:31.575854Z","level":"warning","event":"The `airflow.operators.python.BranchPythonOperator` attribute is deprecated. Please use `'airflow.providers.standard.operators.python.BranchPythonOperator'`.","category":"DeprecatedImportWarning","filename":"/opt/airflow/dags/branch_pipeline.py","lineno":2,"logger":"py.warnings"}
{"timestamp":"2026-02-10T05:54:31.575902Z","level":"warning","event":"The `airflow.operators.bash.BashOperator` attribute is deprecated. Please use `'airflow.providers.standard.operators.bash.BashOperator'`.","category":"DeprecatedImportWarning","filename":"/opt/airflow/dags/branch_pipeline.py","lineno":3,"logger":"py.warnings"}
{"timestamp":"2026-02-10T05:55:02.334361Z","level":"info","event":"Filling up the DagBag from /opt/airflow/dags/branch_pipeline.py","logger":"airflow.models.dagbag.BundleDagBag","filename":"dagbag.py","lineno":593}
{"timestamp":"2026-02-10T05:55:02.395300Z","level":"warning","event":"The `airflow.decorators.dag` attribute is deprecated. Please use `'airflow.sdk.dag'`.","category":"DeprecatedImportWarning","filename":"/opt/airflow/dags/branch_pipeline.py","lineno":1,"logger":"py.warnings"}
{"timestamp":"2026-02-10T05:55:02.395551Z","level":"warning","event":"The `airflow.decorators.task` attribute is deprecated. Please use `'airflow.sdk.task'`.","category":"DeprecatedImportWarning","filename":"/opt/airflow/dags/branch_pipeline.py","lineno":1,"logger":"py.warnings"}
{"timestamp":"2026-02-10T05:55:02.395663Z","level":"warning","event":"The `airflow.operators.python.BranchPythonOperator` attribute is deprecated. Please use `'airflow.providers.standard.operators.python.BranchPythonOperator'`.","category":"DeprecatedImportWarning","filename":"/opt/airflow/dags/branch_pipeline.py","lineno":2,"logger":"py.warnings"}
{"timestamp":"2026-02-10T05:55:02.395747Z","level":"warning","event":"The `airflow.operators.bash.BashOperator` attribute is deprecated. Please use `'airflow.providers.standard.operators.bash.BashOperator'`.","category":"DeprecatedImportWarning","filename":"/opt/airflow/dags/branch_pipeline.py","lineno":3,"logger":"py.warnings"}
{"timestamp":"2026-02-10T05:55:32.711379Z","level":"info","event":"Filling up the DagBag from /opt/airflow/dags/branch_pipeline.py","logger":"airflow.models.dagbag.BundleDagBag","filename":"dagbag.py","lineno":593}
{"timestamp":"2026-02-10T05:55:32.779906Z","level":"warning","event":"The `airflow.decorators.dag` attribute is deprecated. Please use `'airflow.sdk.dag'`.","category":"DeprecatedImportWarning","filename":"/opt/airflow/dags/branch_pipeline.py","lineno":1,"logger":"py.warnings"}
{"timestamp":"2026-02-10T05:55:32.780133Z","level":"warning","event":"The `airflow.decorators.task` attribute is deprecated. Please use `'airflow.sdk.task'`.","category":"DeprecatedImportWarning","filename":"/opt/airflow/dags/branch_pipeline.py","lineno":1,"logger":"py.warnings"}
{"timestamp":"2026-02-10T05:55:32.780199Z","level":"warning","event":"The `airflow.operators.python.BranchPythonOperator` attribute is deprecated. Please use `'airflow.providers.standard.operators.python.BranchPythonOperator'`.","category":"DeprecatedImportWarning","filename":"/opt/airflow/dags/branch_pipeline.py","lineno":2,"logger":"py.warnings"}
{"timestamp":"2026-02-10T05:55:32.780258Z","level":"warning","event":"The `airflow.operators.bash.BashOperator` attribute is deprecated. Please use `'airflow.providers.standard.operators.bash.BashOperator'`.","category":"DeprecatedImportWarning","filename":"/opt/airflow/dags/branch_pipeline.py","lineno":3,"logger":"py.warnings"}
{"timestamp":"2026-02-10T05:56:04.725668Z","level":"info","event":"Filling up the DagBag from /opt/airflow/dags/branch_pipeline.py","logger":"airflow.models.dagbag.BundleDagBag","filename":"dagbag.py","lineno":593}
{"timestamp":"2026-02-10T05:56:04.827004Z","level":"warning","event":"The `airflow.decorators.dag` attribute is deprecated. Please use `'airflow.sdk.dag'`.","category":"DeprecatedImportWarning","filename":"/opt/airflow/dags/branch_pipeline.py","lineno":1,"logger":"py.warnings"}
{"timestamp":"2026-02-10T05:56:04.827191Z","level":"warning","event":"The `airflow.decorators.task` attribute is deprecated. Please use `'airflow.sdk.task'`.","category":"DeprecatedImportWarning","filename":"/opt/airflow/dags/branch_pipeline.py","lineno":1,"logger":"py.warnings"}
{"timestamp":"2026-02-10T05:56:04.827262Z","level":"warning","event":"The `airflow.operators.python.BranchPythonOperator` attribute is deprecated. Please use `'airflow.providers.standard.operators.python.BranchPythonOperator'`.","category":"DeprecatedImportWarning","filename":"/opt/airflow/dags/branch_pipeline.py","lineno":2,"logger":"py.warnings"}
{"timestamp":"2026-02-10T05:56:04.827306Z","level":"warning","event":"The `airflow.operators.bash.BashOperator` attribute is deprecated. Please use `'airflow.providers.standard.operators.bash.BashOperator'`.","category":"DeprecatedImportWarning","filename":"/opt/airflow/dags/branch_pipeline.py","lineno":3,"logger":"py.warnings"}
{"timestamp":"2026-02-10T05:56:34.995043Z","level":"info","event":"Filling up the DagBag from /opt/airflow/dags/branch_pipeline.py","logger":"airflow.models.dagbag.BundleDagBag","filename":"dagbag.py","lineno":593}
{"timestamp":"2026-02-10T05:56:36.599751Z","level":"warning","event":"The `airflow.decorators.dag` attribute is deprecated. Please use `'airflow.sdk.dag'`.","category":"DeprecatedImportWarning","filename":"/opt/airflow/dags/branch_pipeline.py","lineno":1,"logger":"py.warnings"}
{"timestamp":"2026-02-10T05:56:36.600124Z","level":"warning","event":"The `airflow.decorators.task` attribute is deprecated. Please use `'airflow.sdk.task'`.","category":"DeprecatedImportWarning","filename":"/opt/airflow/dags/branch_pipeline.py","lineno":1,"logger":"py.warnings"}
{"timestamp":"2026-02-10T05:56:36.600301Z","level":"warning","event":"The `airflow.operators.python.BranchPythonOperator` attribute is deprecated. Please use `'airflow.providers.standard.operators.python.BranchPythonOperator'`.","category":"DeprecatedImportWarning","filename":"/opt/airflow/dags/branch_pipeline.py","lineno":2,"logger":"py.warnings"}
{"timestamp":"2026-02-10T05:56:36.600479Z","level":"warning","event":"The `airflow.operators.bash.BashOperator` attribute is deprecated. Please use `'airflow.providers.standard.operators.bash.BashOperator'`.","category":"DeprecatedImportWarning","filename":"/opt/airflow/dags/branch_pipeline.py","lineno":3,"logger":"py.warnings"}
{"timestamp":"2026-02-10T05:57:07.138885Z","level":"info","event":"Filling up the DagBag from /opt/airflow/dags/branch_pipeline.py","logger":"airflow.models.dagbag.BundleDagBag","filename":"dagbag.py","lineno":593}
{"timestamp":"2026-02-10T05:57:08.712797Z","level":"warning","event":"The `airflow.decorators.dag` attribute is deprecated. Please use `'airflow.sdk.dag'`.","category":"DeprecatedImportWarning","filename":"/opt/airflow/dags/branch_pipeline.py","lineno":1,"logger":"py.warnings"}
{"timestamp":"2026-02-10T05:57:08.712949Z","level":"warning","event":"The `airflow.decorators.task` attribute is deprecated. Please use `'airflow.sdk.task'`.","category":"DeprecatedImportWarning","filename":"/opt/airflow/dags/branch_pipeline.py","lineno":1,"logger":"py.warnings"}
{"timestamp":"2026-02-10T05:57:08.713014Z","level":"warning","event":"The `airflow.operators.python.BranchPythonOperator` attribute is deprecated. Please use `'airflow.providers.standard.operators.python.BranchPythonOperator'`.","category":"DeprecatedImportWarning","filename":"/opt/airflow/dags/branch_pipeline.py","lineno":2,"logger":"py.warnings"}
{"timestamp":"2026-02-10T05:57:08.713062Z","level":"warning","event":"The `airflow.operators.bash.BashOperator` attribute is deprecated. Please use `'airflow.providers.standard.operators.bash.BashOperator'`.","category":"DeprecatedImportWarning","filename":"/opt/airflow/dags/branch_pipeline.py","lineno":3,"logger":"py.warnings"}
{"timestamp":"2026-02-10T05:57:39.447375Z","level":"info","event":"Filling up the DagBag from /opt/airflow/dags/branch_pipeline.py","logger":"airflow.models.dagbag.BundleDagBag","filename":"dagbag.py","lineno":593}
{"timestamp":"2026-02-10T05:57:39.496141Z","level":"warning","event":"The `airflow.decorators.dag` attribute is deprecated. Please use `'airflow.sdk.dag'`.","category":"DeprecatedImportWarning","filename":"/opt/airflow/dags/branch_pipeline.py","lineno":1,"logger":"py.warnings"}
{"timestamp":"2026-02-10T05:57:39.496309Z","level":"warning","event":"The `airflow.decorators.task` attribute is deprecated. Please use `'airflow.sdk.task'`.","category":"DeprecatedImportWarning","filename":"/opt/airflow/dags/branch_pipeline.py","lineno":1,"logger":"py.warnings"}
{"timestamp":"2026-02-10T05:57:39.496379Z","level":"warning","event":"The `airflow.operators.python.BranchPythonOperator` attribute is deprecated. Please use `'airflow.providers.standard.operators.python.BranchPythonOperator'`.","category":"DeprecatedImportWarning","filename":"/opt/airflow/dags/branch_pipeline.py","lineno":2,"logger":"py.warnings"}
{"timestamp":"2026-02-10T05:57:39.496424Z","level":"warning","event":"The `airflow.operators.bash.BashOperator` attribute is deprecated. Please use `'airflow.providers.standard.operators.bash.BashOperator'`.","category":"DeprecatedImportWarning","filename":"/opt/airflow/dags/branch_pipeline.py","lineno":3,"logger":"py.warnings"}
{"timestamp":"2026-02-10T05:58:09.832279Z","level":"info","event":"Filling up the DagBag from /opt/airflow/dags/branch_pipeline.py","logger":"airflow.models.dagbag.BundleDagBag","filename":"dagbag.py","lineno":593}
{"timestamp":"2026-02-10T05:58:09.883100Z","level":"warning","event":"The `airflow.decorators.dag` attribute is deprecated. Please use `'airflow.sdk.dag'`.","category":"DeprecatedImportWarning","filename":"/opt/airflow/dags/branch_pipeline.py","lineno":1,"logger":"py.warnings"}
{"timestamp":"2026-02-10T05:58:09.883263Z","level":"warning","event":"The `airflow.decorators.task` attribute is deprecated. Please use `'airflow.sdk.task'`.","category":"DeprecatedImportWarning","filename":"/opt/airflow/dags/branch_pipeline.py","lineno":1,"logger":"py.warnings"}
{"timestamp":"2026-02-10T05:58:09.883331Z","level":"warning","event":"The `airflow.operators.python.BranchPythonOperator` attribute is deprecated. Please use `'airflow.providers.standard.operators.python.BranchPythonOperator'`.","category":"DeprecatedImportWarning","filename":"/opt/airflow/dags/branch_pipeline.py","lineno":2,"logger":"py.warnings"}
{"timestamp":"2026-02-10T05:58:09.883374Z","level":"warning","event":"The `airflow.operators.bash.BashOperator` attribute is deprecated. Please use `'airflow.providers.standard.operators.bash.BashOperator'`.","category":"DeprecatedImportWarning","filename":"/opt/airflow/dags/branch_pipeline.py","lineno":3,"logger":"py.warnings"}
{"timestamp":"2026-02-10T05:58:40.679550Z","level":"info","event":"Filling up the DagBag from /opt/airflow/dags/branch_pipeline.py","logger":"airflow.models.dagbag.BundleDagBag","filename":"dagbag.py","lineno":593}
{"timestamp":"2026-02-10T05:58:40.716541Z","level":"warning","event":"The `airflow.decorators.dag` attribute is deprecated. Please use `'airflow.sdk.dag'`.","category":"DeprecatedImportWarning","filename":"/opt/airflow/dags/branch_pipeline.py","lineno":1,"logger":"py.warnings"}
{"timestamp":"2026-02-10T05:58:40.716728Z","level":"warning","event":"The `airflow.decorators.task` attribute is deprecated. Please use `'airflow.sdk.task'`.","category":"DeprecatedImportWarning","filename":"/opt/airflow/dags/branch_pipeline.py","lineno":1,"logger":"py.warnings"}
{"timestamp":"2026-02-10T05:58:40.716797Z","level":"warning","event":"The `airflow.operators.python.BranchPythonOperator` attribute is deprecated. Please use `'airflow.providers.standard.operators.python.BranchPythonOperator'`.","category":"DeprecatedImportWarning","filename":"/opt/airflow/dags/branch_pipeline.py","lineno":2,"logger":"py.warnings"}
{"timestamp":"2026-02-10T05:58:40.716845Z","level":"warning","event":"The `airflow.operators.bash.BashOperator` attribute is deprecated. Please use `'airflow.providers.standard.operators.bash.BashOperator'`.","category":"DeprecatedImportWarning","filename":"/opt/airflow/dags/branch_pipeline.py","lineno":3,"logger":"py.warnings"}
{"timestamp":"2026-02-10T05:59:11.615466Z","level":"info","event":"Filling up the DagBag from /opt/airflow/dags/branch_pipeline.py","logger":"airflow.models.dagbag.BundleDagBag","filename":"dagbag.py","lineno":593}
{"timestamp":"2026-02-10T05:59:11.666120Z","level":"warning","event":"The `airflow.decorators.dag` attribute is deprecated. Please use `'airflow.sdk.dag'`.","category":"DeprecatedImportWarning","filename":"/opt/airflow/dags/branch_pipeline.py","lineno":1,"logger":"py.warnings"}
{"timestamp":"2026-02-10T05:59:11.666284Z","level":"warning","event":"The `airflow.decorators.task` attribute is deprecated. Please use `'airflow.sdk.task'`.","category":"DeprecatedImportWarning","filename":"/opt/airflow/dags/branch_pipeline.py","lineno":1,"logger":"py.warnings"}
{"timestamp":"2026-02-10T05:59:11.666347Z","level":"warning","event":"The `airflow.operators.python.BranchPythonOperator` attribute is deprecated. Please use `'airflow.providers.standard.operators.python.BranchPythonOperator'`.","category":"DeprecatedImportWarning","filename":"/opt/airflow/dags/branch_pipeline.py","lineno":2,"logger":"py.warnings"}
{"timestamp":"2026-02-10T05:59:11.666395Z","level":"warning","event":"The `airflow.operators.bash.BashOperator` attribute is deprecated. Please use `'airflow.providers.standard.operators.bash.BashOperator'`.","category":"DeprecatedImportWarning","filename":"/opt/airflow/dags/branch_pipeline.py","lineno":3,"logger":"py.warnings"}
{"timestamp":"2026-02-10T05:59:41.872532Z","level":"info","event":"Filling up the DagBag from /opt/airflow/dags/branch_pipeline.py","logger":"airflow.models.dagbag.BundleDagBag","filename":"dagbag.py","lineno":593}
{"timestamp":"2026-02-10T05:59:41.914281Z","level":"warning","event":"The `airflow.decorators.dag` attribute is deprecated. Please use `'airflow.sdk.dag'`.","category":"DeprecatedImportWarning","filename":"/opt/airflow/dags/branch_pipeline.py","lineno":1,"logger":"py.warnings"}
{"timestamp":"2026-02-10T05:59:41.914455Z","level":"warning","event":"The `airflow.decorators.task` attribute is deprecated. Please use `'airflow.sdk.task'`.","category":"DeprecatedImportWarning","filename":"/opt/airflow/dags/branch_pipeline.py","lineno":1,"logger":"py.warnings"}
{"timestamp":"2026-02-10T05:59:41.914523Z","level":"warning","event":"The `airflow.operators.python.BranchPythonOperator` attribute is deprecated. Please use `'airflow.providers.standard.operators.python.BranchPythonOperator'`.","category":"DeprecatedImportWarning","filename":"/opt/airflow/dags/branch_pipeline.py","lineno":2,"logger":"py.warnings"}
{"timestamp":"2026-02-10T05:59:41.914567Z","level":"warning","event":"The `airflow.operators.bash.BashOperator` attribute is deprecated. Please use `'airflow.providers.standard.operators.bash.BashOperator'`.","category":"DeprecatedImportWarning","filename":"/opt/airflow/dags/branch_pipeline.py","lineno":3,"logger":"py.warnings"}
{"timestamp":"2026-02-10T06:00:12.269011Z","level":"info","event":"Filling up the DagBag from /opt/airflow/dags/branch_pipeline.py","logger":"airflow.models.dagbag.BundleDagBag","filename":"dagbag.py","lineno":593}
{"timestamp":"2026-02-10T06:00:12.319252Z","level":"warning","event":"The `airflow.decorators.dag` attribute is deprecated. Please use `'airflow.sdk.dag'`.","category":"DeprecatedImportWarning","filename":"/opt/airflow/dags/branch_pipeline.py","lineno":1,"logger":"py.warnings"}
{"timestamp":"2026-02-10T06:00:12.319419Z","level":"warning","event":"The `airflow.decorators.task` attribute is deprecated. Please use `'airflow.sdk.task'`.","category":"DeprecatedImportWarning","filename":"/opt/airflow/dags/branch_pipeline.py","lineno":1,"logger":"py.warnings"}
{"timestamp":"2026-02-10T06:00:12.319491Z","level":"warning","event":"The `airflow.operators.python.BranchPythonOperator` attribute is deprecated. Please use `'airflow.providers.standard.operators.python.BranchPythonOperator'`.","category":"DeprecatedImportWarning","filename":"/opt/airflow/dags/branch_pipeline.py","lineno":2,"logger":"py.warnings"}
{"timestamp":"2026-02-10T06:00:12.319543Z","level":"warning","event":"The `airflow.operators.bash.BashOperator` attribute is deprecated. Please use `'airflow.providers.standard.operators.bash.BashOperator'`.","category":"DeprecatedImportWarning","filename":"/opt/airflow/dags/branch_pipeline.py","lineno":3,"logger":"py.warnings"}
{"timestamp":"2026-02-10T06:00:43.188419Z","level":"info","event":"Filling up the DagBag from /opt/airflow/dags/branch_pipeline.py","logger":"airflow.models.dagbag.BundleDagBag","filename":"dagbag.py","lineno":593}
{"timestamp":"2026-02-10T06:00:43.228960Z","level":"warning","event":"The `airflow.decorators.dag` attribute is deprecated. Please use `'airflow.sdk.dag'`.","category":"DeprecatedImportWarning","filename":"/opt/airflow/dags/branch_pipeline.py","lineno":1,"logger":"py.warnings"}
{"timestamp":"2026-02-10T06:00:43.229120Z","level":"warning","event":"The `airflow.decorators.task` attribute is deprecated. Please use `'airflow.sdk.task'`.","category":"DeprecatedImportWarning","filename":"/opt/airflow/dags/branch_pipeline.py","lineno":1,"logger":"py.warnings"}
{"timestamp":"2026-02-10T06:00:43.229182Z","level":"warning","event":"The `airflow.operators.python.BranchPythonOperator` attribute is deprecated. Please use `'airflow.providers.standard.operators.python.BranchPythonOperator'`.","category":"DeprecatedImportWarning","filename":"/opt/airflow/dags/branch_pipeline.py","lineno":2,"logger":"py.warnings"}
{"timestamp":"2026-02-10T06:00:43.229224Z","level":"warning","event":"The `airflow.operators.bash.BashOperator` attribute is deprecated. Please use `'airflow.providers.standard.operators.bash.BashOperator'`.","category":"DeprecatedImportWarning","filename":"/opt/airflow/dags/branch_pipeline.py","lineno":3,"logger":"py.warnings"}
{"timestamp":"2026-02-10T06:01:14.017425Z","level":"info","event":"Filling up the DagBag from /opt/airflow/dags/branch_pipeline.py","logger":"airflow.models.dagbag.BundleDagBag","filename":"dagbag.py","lineno":593}
{"timestamp":"2026-02-10T06:01:14.063945Z","level":"warning","event":"The `airflow.decorators.dag` attribute is deprecated. Please use `'airflow.sdk.dag'`.","category":"DeprecatedImportWarning","filename":"/opt/airflow/dags/branch_pipeline.py","lineno":1,"logger":"py.warnings"}
{"timestamp":"2026-02-10T06:01:14.064112Z","level":"warning","event":"The `airflow.decorators.task` attribute is deprecated. Please use `'airflow.sdk.task'`.","category":"DeprecatedImportWarning","filename":"/opt/airflow/dags/branch_pipeline.py","lineno":1,"logger":"py.warnings"}
{"timestamp":"2026-02-10T06:01:14.064177Z","level":"warning","event":"The `airflow.operators.python.BranchPythonOperator` attribute is deprecated. Please use `'airflow.providers.standard.operators.python.BranchPythonOperator'`.","category":"DeprecatedImportWarning","filename":"/opt/airflow/dags/branch_pipeline.py","lineno":2,"logger":"py.warnings"}
{"timestamp":"2026-02-10T06:01:14.064220Z","level":"warning","event":"The `airflow.operators.bash.BashOperator` attribute is deprecated. Please use `'airflow.providers.standard.operators.bash.BashOperator'`.","category":"DeprecatedImportWarning","filename":"/opt/airflow/dags/branch_pipeline.py","lineno":3,"logger":"py.warnings"}
{"timestamp":"2026-02-10T06:01:45.065536Z","level":"info","event":"Filling up the DagBag from /opt/airflow/dags/branch_pipeline.py","logger":"airflow.models.dagbag.BundleDagBag","filename":"dagbag.py","lineno":593}
{"timestamp":"2026-02-10T06:01:45.143140Z","level":"warning","event":"The `airflow.decorators.dag` attribute is deprecated. Please use `'airflow.sdk.dag'`.","category":"DeprecatedImportWarning","filename":"/opt/airflow/dags/branch_pipeline.py","lineno":1,"logger":"py.warnings"}
{"timestamp":"2026-02-10T06:01:45.143437Z","level":"warning","event":"The `airflow.decorators.task` attribute is deprecated. Please use `'airflow.sdk.task'`.","category":"DeprecatedImportWarning","filename":"/opt/airflow/dags/branch_pipeline.py","lineno":1,"logger":"py.warnings"}
{"timestamp":"2026-02-10T06:01:45.143582Z","level":"warning","event":"The `airflow.operators.python.BranchPythonOperator` attribute is deprecated. Please use `'airflow.providers.standard.operators.python.BranchPythonOperator'`.","category":"DeprecatedImportWarning","filename":"/opt/airflow/dags/branch_pipeline.py","lineno":2,"logger":"py.warnings"}
{"timestamp":"2026-02-10T06:01:45.143691Z","level":"warning","event":"The `airflow.operators.bash.BashOperator` attribute is deprecated. Please use `'airflow.providers.standard.operators.bash.BashOperator'`.","category":"DeprecatedImportWarning","filename":"/opt/airflow/dags/branch_pipeline.py","lineno":3,"logger":"py.warnings"}
{"timestamp":"2026-02-10T06:11:56.860033Z","level":"info","event":"Filling up the DagBag from /opt/airflow/dags/branch_pipeline.py","logger":"airflow.models.dagbag.BundleDagBag","filename":"dagbag.py","lineno":593}
{"timestamp":"2026-02-10T06:11:57.201207Z","level":"warning","event":"The `airflow.decorators.dag` attribute is deprecated. Please use `'airflow.sdk.dag'`.","category":"DeprecatedImportWarning","filename":"/opt/airflow/dags/branch_pipeline.py","lineno":1,"logger":"py.warnings"}
{"timestamp":"2026-02-10T06:11:57.202173Z","level":"warning","event":"The `airflow.decorators.task` attribute is deprecated. Please use `'airflow.sdk.task'`.","category":"DeprecatedImportWarning","filename":"/opt/airflow/dags/branch_pipeline.py","lineno":1,"logger":"py.warnings"}
{"timestamp":"2026-02-10T06:11:57.202460Z","level":"warning","event":"The `airflow.operators.python.BranchPythonOperator` attribute is deprecated. Please use `'airflow.providers.standard.operators.python.BranchPythonOperator'`.","category":"DeprecatedImportWarning","filename":"/opt/airflow/dags/branch_pipeline.py","lineno":2,"logger":"py.warnings"}
{"timestamp":"2026-02-10T06:11:57.202566Z","level":"warning","event":"The `airflow.operators.bash.BashOperator` attribute is deprecated. Please use `'airflow.providers.standard.operators.bash.BashOperator'`.","category":"DeprecatedImportWarning","filename":"/opt/airflow/dags/branch_pipeline.py","lineno":3,"logger":"py.warnings"}
{"timestamp":"2026-02-10T06:12:30.705209Z","level":"info","event":"Filling up the DagBag from /opt/airflow/dags/branch_pipeline.py","logger":"airflow.models.dagbag.BundleDagBag","filename":"dagbag.py","lineno":593}
{"timestamp":"2026-02-10T06:12:30.992790Z","level":"warning","event":"The `airflow.decorators.dag` attribute is deprecated. Please use `'airflow.sdk.dag'`.","category":"DeprecatedImportWarning","filename":"/opt/airflow/dags/branch_pipeline.py","lineno":1,"logger":"py.warnings"}
{"timestamp":"2026-02-10T06:12:30.994352Z","level":"warning","event":"The `airflow.decorators.task` attribute is deprecated. Please use `'airflow.sdk.task'`.","category":"DeprecatedImportWarning","filename":"/opt/airflow/dags/branch_pipeline.py","lineno":1,"logger":"py.warnings"}
{"timestamp":"2026-02-10T06:12:30.994698Z","level":"warning","event":"The `airflow.operators.python.BranchPythonOperator` attribute is deprecated. Please use `'airflow.providers.standard.operators.python.BranchPythonOperator'`.","category":"DeprecatedImportWarning","filename":"/opt/airflow/dags/branch_pipeline.py","lineno":2,"logger":"py.warnings"}
{"timestamp":"2026-02-10T06:12:30.994869Z","level":"warning","event":"The `airflow.operators.bash.BashOperator` attribute is deprecated. Please use `'airflow.providers.standard.operators.bash.BashOperator'`.","category":"DeprecatedImportWarning","filename":"/opt/airflow/dags/branch_pipeline.py","lineno":3,"logger":"py.warnings"}
{"timestamp":"2026-02-10T06:13:01.646152Z","level":"info","event":"Filling up the DagBag from /opt/airflow/dags/branch_pipeline.py","logger":"airflow.models.dagbag.BundleDagBag","filename":"dagbag.py","lineno":593}
{"timestamp":"2026-02-10T06:13:01.686784Z","level":"warning","event":"The `airflow.decorators.dag` attribute is deprecated. Please use `'airflow.sdk.dag'`.","category":"DeprecatedImportWarning","filename":"/opt/airflow/dags/branch_pipeline.py","lineno":1,"logger":"py.warnings"}
{"timestamp":"2026-02-10T06:13:01.686951Z","level":"warning","event":"The `airflow.decorators.task` attribute is deprecated. Please use `'airflow.sdk.task'`.","category":"DeprecatedImportWarning","filename":"/opt/airflow/dags/branch_pipeline.py","lineno":1,"logger":"py.warnings"}
{"timestamp":"2026-02-10T06:13:01.687016Z","level":"warning","event":"The `airflow.operators.python.BranchPythonOperator` attribute is deprecated. Please use `'airflow.providers.standard.operators.python.BranchPythonOperator'`.","category":"DeprecatedImportWarning","filename":"/opt/airflow/dags/branch_pipeline.py","lineno":2,"logger":"py.warnings"}
{"timestamp":"2026-02-10T06:13:01.687060Z","level":"warning","event":"The `airflow.operators.bash.BashOperator` attribute is deprecated. Please use `'airflow.providers.standard.operators.bash.BashOperator'`.","category":"DeprecatedImportWarning","filename":"/opt/airflow/dags/branch_pipeline.py","lineno":3,"logger":"py.warnings"}
{"timestamp":"2026-02-10T06:13:32.150964Z","level":"info","event":"Filling up the DagBag from /opt/airflow/dags/branch_pipeline.py","logger":"airflow.models.dagbag.BundleDagBag","filename":"dagbag.py","lineno":593}
{"timestamp":"2026-02-10T06:13:32.210008Z","level":"warning","event":"The `airflow.decorators.dag` attribute is deprecated. Please use `'airflow.sdk.dag'`.","category":"DeprecatedImportWarning","filename":"/opt/airflow/dags/branch_pipeline.py","lineno":1,"logger":"py.warnings"}
{"timestamp":"2026-02-10T06:13:32.210207Z","level":"warning","event":"The `airflow.decorators.task` attribute is deprecated. Please use `'airflow.sdk.task'`.","category":"DeprecatedImportWarning","filename":"/opt/airflow/dags/branch_pipeline.py","lineno":1,"logger":"py.warnings"}
{"timestamp":"2026-02-10T06:13:32.210275Z","level":"warning","event":"The `airflow.operators.python.BranchPythonOperator` attribute is deprecated. Please use `'airflow.providers.standard.operators.python.BranchPythonOperator'`.","category":"DeprecatedImportWarning","filename":"/opt/airflow/dags/branch_pipeline.py","lineno":2,"logger":"py.warnings"}
{"timestamp":"2026-02-10T06:13:32.210322Z","level":"warning","event":"The `airflow.operators.bash.BashOperator` attribute is deprecated. Please use `'airflow.providers.standard.operators.bash.BashOperator'`.","category":"DeprecatedImportWarning","filename":"/opt/airflow/dags/branch_pipeline.py","lineno":3,"logger":"py.warnings"}
{"timestamp":"2026-02-10T06:14:02.438505Z","level":"info","event":"Filling up the DagBag from /opt/airflow/dags/branch_pipeline.py","logger":"airflow.models.dagbag.BundleDagBag","filename":"dagbag.py","lineno":593}
{"timestamp":"2026-02-10T06:14:02.483911Z","level":"warning","event":"The `airflow.decorators.dag` attribute is deprecated. Please use `'airflow.sdk.dag'`.","category":"DeprecatedImportWarning","filename":"/opt/airflow/dags/branch_pipeline.py","lineno":1,"logger":"py.warnings"}
{"timestamp":"2026-02-10T06:14:02.484107Z","level":"warning","event":"The `airflow.decorators.task` attribute is deprecated. Please use `'airflow.sdk.task'`.","category":"DeprecatedImportWarning","filename":"/opt/airflow/dags/branch_pipeline.py","lineno":1,"logger":"py.warnings"}
{"timestamp":"2026-02-10T06:14:02.484177Z","level":"warning","event":"The `airflow.operators.python.BranchPythonOperator` attribute is deprecated. Please use `'airflow.providers.standard.operators.python.BranchPythonOperator'`.","category":"DeprecatedImportWarning","filename":"/opt/airflow/dags/branch_pipeline.py","lineno":2,"logger":"py.warnings"}
{"timestamp":"2026-02-10T06:14:02.484224Z","level":"warning","event":"The `airflow.operators.bash.BashOperator` attribute is deprecated. Please use `'airflow.providers.standard.operators.bash.BashOperator'`.","category":"DeprecatedImportWarning","filename":"/opt/airflow/dags/branch_pipeline.py","lineno":3,"logger":"py.warnings"}
{"timestamp":"2026-02-10T06:14:32.761573Z","level":"info","event":"Filling up the DagBag from /opt/airflow/dags/branch_pipeline.py","logger":"airflow.models.dagbag.BundleDagBag","filename":"dagbag.py","lineno":593}
{"timestamp":"2026-02-10T06:14:32.803160Z","level":"warning","event":"The `airflow.decorators.dag` attribute is deprecated. Please use `'airflow.sdk.dag'`.","category":"DeprecatedImportWarning","filename":"/opt/airflow/dags/branch_pipeline.py","lineno":1,"logger":"py.warnings"}
{"timestamp":"2026-02-10T06:14:32.803274Z","level":"warning","event":"The `airflow.decorators.task` attribute is deprecated. Please use `'airflow.sdk.task'`.","category":"DeprecatedImportWarning","filename":"/opt/airflow/dags/branch_pipeline.py","lineno":1,"logger":"py.warnings"}
{"timestamp":"2026-02-10T06:14:32.803327Z","level":"warning","event":"The `airflow.operators.python.BranchPythonOperator` attribute is deprecated. Please use `'airflow.providers.standard.operators.python.BranchPythonOperator'`.","category":"DeprecatedImportWarning","filename":"/opt/airflow/dags/branch_pipeline.py","lineno":2,"logger":"py.warnings"}
{"timestamp":"2026-02-10T06:14:32.803369Z","level":"warning","event":"The `airflow.operators.bash.BashOperator` attribute is deprecated. Please use `'airflow.providers.standard.operators.bash.BashOperator'`.","category":"DeprecatedImportWarning","filename":"/opt/airflow/dags/branch_pipeline.py","lineno":3,"logger":"py.warnings"}
{"timestamp":"2026-02-10T06:15:03.298746Z","level":"info","event":"Filling up the DagBag from /opt/airflow/dags/branch_pipeline.py","logger":"airflow.models.dagbag.BundleDagBag","filename":"dagbag.py","lineno":593}
{"timestamp":"2026-02-10T06:15:03.347310Z","level":"warning","event":"The `airflow.decorators.dag` attribute is deprecated. Please use `'airflow.sdk.dag'`.","category":"DeprecatedImportWarning","filename":"/opt/airflow/dags/branch_pipeline.py","lineno":1,"logger":"py.warnings"}
{"timestamp":"2026-02-10T06:15:03.347455Z","level":"warning","event":"The `airflow.decorators.task` attribute is deprecated. Please use `'airflow.sdk.task'`.","category":"DeprecatedImportWarning","filename":"/opt/airflow/dags/branch_pipeline.py","lineno":1,"logger":"py.warnings"}
{"timestamp":"2026-02-10T06:15:03.347516Z","level":"warning","event":"The `airflow.operators.python.BranchPythonOperator` attribute is deprecated. Please use `'airflow.providers.standard.operators.python.BranchPythonOperator'`.","category":"DeprecatedImportWarning","filename":"/opt/airflow/dags/branch_pipeline.py","lineno":2,"logger":"py.warnings"}
{"timestamp":"2026-02-10T06:15:03.347589Z","level":"warning","event":"The `airflow.operators.bash.BashOperator` attribute is deprecated. Please use `'airflow.providers.standard.operators.bash.BashOperator'`.","category":"DeprecatedImportWarning","filename":"/opt/airflow/dags/branch_pipeline.py","lineno":3,"logger":"py.warnings"}
{"timestamp":"2026-02-10T06:15:33.715362Z","level":"info","event":"Filling up the DagBag from /opt/airflow/dags/branch_pipeline.py","logger":"airflow.models.dagbag.BundleDagBag","filename":"dagbag.py","lineno":593}
{"timestamp":"2026-02-10T06:15:33.760818Z","level":"warning","event":"The `airflow.decorators.dag` attribute is deprecated. Please use `'airflow.sdk.dag'`.","category":"DeprecatedImportWarning","filename":"/opt/airflow/dags/branch_pipeline.py","lineno":1,"logger":"py.warnings"}
{"timestamp":"2026-02-10T06:15:33.760948Z","level":"warning","event":"The `airflow.decorators.task` attribute is deprecated. Please use `'airflow.sdk.task'`.","category":"DeprecatedImportWarning","filename":"/opt/airflow/dags/branch_pipeline.py","lineno":1,"logger":"py.warnings"}
{"timestamp":"2026-02-10T06:15:33.761001Z","level":"warning","event":"The `airflow.operators.python.BranchPythonOperator` attribute is deprecated. Please use `'airflow.providers.standard.operators.python.BranchPythonOperator'`.","category":"DeprecatedImportWarning","filename":"/opt/airflow/dags/branch_pipeline.py","lineno":2,"logger":"py.warnings"}
{"timestamp":"2026-02-10T06:15:33.761040Z","level":"warning","event":"The `airflow.operators.bash.BashOperator` attribute is deprecated. Please use `'airflow.providers.standard.operators.bash.BashOperator'`.","category":"DeprecatedImportWarning","filename":"/opt/airflow/dags/branch_pipeline.py","lineno":3,"logger":"py.warnings"}
{"timestamp":"2026-02-10T06:16:04.480277Z","level":"info","event":"Filling up the DagBag from /opt/airflow/dags/branch_pipeline.py","logger":"airflow.models.dagbag.BundleDagBag","filename":"dagbag.py","lineno":593}
{"timestamp":"2026-02-10T06:16:04.529554Z","level":"warning","event":"The `airflow.decorators.dag` attribute is deprecated. Please use `'airflow.sdk.dag'`.","category":"DeprecatedImportWarning","filename":"/opt/airflow/dags/branch_pipeline.py","lineno":1,"logger":"py.warnings"}
{"timestamp":"2026-02-10T06:16:04.529741Z","level":"warning","event":"The `airflow.decorators.task` attribute is deprecated. Please use `'airflow.sdk.task'`.","category":"DeprecatedImportWarning","filename":"/opt/airflow/dags/branch_pipeline.py","lineno":1,"logger":"py.warnings"}
{"timestamp":"2026-02-10T06:16:04.529806Z","level":"warning","event":"The `airflow.operators.python.BranchPythonOperator` attribute is deprecated. Please use `'airflow.providers.standard.operators.python.BranchPythonOperator'`.","category":"DeprecatedImportWarning","filename":"/opt/airflow/dags/branch_pipeline.py","lineno":2,"logger":"py.warnings"}
{"timestamp":"2026-02-10T06:16:04.529852Z","level":"warning","event":"The `airflow.operators.bash.BashOperator` attribute is deprecated. Please use `'airflow.providers.standard.operators.bash.BashOperator'`.","category":"DeprecatedImportWarning","filename":"/opt/airflow/dags/branch_pipeline.py","lineno":3,"logger":"py.warnings"}
{"timestamp":"2026-02-10T06:16:35.055597Z","level":"info","event":"Filling up the DagBag from /opt/airflow/dags/branch_pipeline.py","logger":"airflow.models.dagbag.BundleDagBag","filename":"dagbag.py","lineno":593}
{"timestamp":"2026-02-10T06:16:35.093967Z","level":"warning","event":"The `airflow.decorators.dag` attribute is deprecated. Please use `'airflow.sdk.dag'`.","category":"DeprecatedImportWarning","filename":"/opt/airflow/dags/branch_pipeline.py","lineno":1,"logger":"py.warnings"}
{"timestamp":"2026-02-10T06:16:35.094076Z","level":"warning","event":"The `airflow.decorators.task` attribute is deprecated. Please use `'airflow.sdk.task'`.","category":"DeprecatedImportWarning","filename":"/opt/airflow/dags/branch_pipeline.py","lineno":1,"logger":"py.warnings"}
{"timestamp":"2026-02-10T06:16:35.094128Z","level":"warning","event":"The `airflow.operators.python.BranchPythonOperator` attribute is deprecated. Please use `'airflow.providers.standard.operators.python.BranchPythonOperator'`.","category":"DeprecatedImportWarning","filename":"/opt/airflow/dags/branch_pipeline.py","lineno":2,"logger":"py.warnings"}
{"timestamp":"2026-02-10T06:16:35.094179Z","level":"warning","event":"The `airflow.operators.bash.BashOperator` attribute is deprecated. Please use `'airflow.providers.standard.operators.bash.BashOperator'`.","category":"DeprecatedImportWarning","filename":"/opt/airflow/dags/branch_pipeline.py","lineno":3,"logger":"py.warnings"}
{"timestamp":"2026-02-10T06:17:05.815722Z","level":"info","event":"Filling up the DagBag from /opt/airflow/dags/branch_pipeline.py","logger":"airflow.models.dagbag.BundleDagBag","filename":"dagbag.py","lineno":593}
{"timestamp":"2026-02-10T06:17:05.892473Z","level":"warning","event":"The `airflow.decorators.dag` attribute is deprecated. Please use `'airflow.sdk.dag'`.","category":"DeprecatedImportWarning","filename":"/opt/airflow/dags/branch_pipeline.py","lineno":1,"logger":"py.warnings"}
{"timestamp":"2026-02-10T06:17:05.892726Z","level":"warning","event":"The `airflow.decorators.task` attribute is deprecated. Please use `'airflow.sdk.task'`.","category":"DeprecatedImportWarning","filename":"/opt/airflow/dags/branch_pipeline.py","lineno":1,"logger":"py.warnings"}
{"timestamp":"2026-02-10T06:17:05.892845Z","level":"warning","event":"The `airflow.operators.python.BranchPythonOperator` attribute is deprecated. Please use `'airflow.providers.standard.operators.python.BranchPythonOperator'`.","category":"DeprecatedImportWarning","filename":"/opt/airflow/dags/branch_pipeline.py","lineno":2,"logger":"py.warnings"}
{"timestamp":"2026-02-10T06:17:05.892929Z","level":"warning","event":"The `airflow.operators.bash.BashOperator` attribute is deprecated. Please use `'airflow.providers.standard.operators.bash.BashOperator'`.","category":"DeprecatedImportWarning","filename":"/opt/airflow/dags/branch_pipeline.py","lineno":3,"logger":"py.warnings"}
{"timestamp":"2026-02-10T06:17:36.527249Z","level":"info","event":"Filling up the DagBag from /opt/airflow/dags/branch_pipeline.py","logger":"airflow.models.dagbag.BundleDagBag","filename":"dagbag.py","lineno":593}
{"timestamp":"2026-02-10T06:17:36.571357Z","level":"warning","event":"The `airflow.decorators.dag` attribute is deprecated. Please use `'airflow.sdk.dag'`.","category":"DeprecatedImportWarning","filename":"/opt/airflow/dags/branch_pipeline.py","lineno":1,"logger":"py.warnings"}
{"timestamp":"2026-02-10T06:17:36.571561Z","level":"warning","event":"The `airflow.decorators.task` attribute is deprecated. Please use `'airflow.sdk.task'`.","category":"DeprecatedImportWarning","filename":"/opt/airflow/dags/branch_pipeline.py","lineno":1,"logger":"py.warnings"}
{"timestamp":"2026-02-10T06:17:36.571618Z","level":"warning","event":"The `airflow.operators.python.BranchPythonOperator` attribute is deprecated. Please use `'airflow.providers.standard.operators.python.BranchPythonOperator'`.","category":"DeprecatedImportWarning","filename":"/opt/airflow/dags/branch_pipeline.py","lineno":2,"logger":"py.warnings"}
{"timestamp":"2026-02-10T06:17:36.571665Z","level":"warning","event":"The `airflow.operators.bash.BashOperator` attribute is deprecated. Please use `'airflow.providers.standard.operators.bash.BashOperator'`.","category":"DeprecatedImportWarning","filename":"/opt/airflow/dags/branch_pipeline.py","lineno":3,"logger":"py.warnings"}
{"timestamp":"2026-02-10T06:18:06.999672Z","level":"info","event":"Filling up the DagBag from /opt/airflow/dags/branch_pipeline.py","logger":"airflow.models.dagbag.BundleDagBag","filename":"dagbag.py","lineno":593}
{"timestamp":"2026-02-10T06:18:07.043852Z","level":"warning","event":"The `airflow.decorators.dag` attribute is deprecated. Please use `'airflow.sdk.dag'`.","category":"DeprecatedImportWarning","filename":"/opt/airflow/dags/branch_pipeline.py","lineno":1,"logger":"py.warnings"}
{"timestamp":"2026-02-10T06:18:07.043983Z","level":"warning","event":"The `airflow.decorators.task` attribute is deprecated. Please use `'airflow.sdk.task'`.","category":"DeprecatedImportWarning","filename":"/opt/airflow/dags/branch_pipeline.py","lineno":1,"logger":"py.warnings"}
{"timestamp":"2026-02-10T06:18:07.044035Z","level":"warning","event":"The `airflow.operators.python.BranchPythonOperator` attribute is deprecated. Please use `'airflow.providers.standard.operators.python.BranchPythonOperator'`.","category":"DeprecatedImportWarning","filename":"/opt/airflow/dags/branch_pipeline.py","lineno":2,"logger":"py.warnings"}
{"timestamp":"2026-02-10T06:18:07.044076Z","level":"warning","event":"The `airflow.operators.bash.BashOperator` attribute is deprecated. Please use `'airflow.providers.standard.operators.bash.BashOperator'`.","category":"DeprecatedImportWarning","filename":"/opt/airflow/dags/branch_pipeline.py","lineno":3,"logger":"py.warnings"}
{"timestamp":"2026-02-10T06:18:37.718015Z","level":"info","event":"Filling up the DagBag from /opt/airflow/dags/branch_pipeline.py","logger":"airflow.models.dagbag.BundleDagBag","filename":"dagbag.py","lineno":593}
{"timestamp":"2026-02-10T06:18:37.768315Z","level":"warning","event":"The `airflow.decorators.dag` attribute is deprecated. Please use `'airflow.sdk.dag'`.","category":"DeprecatedImportWarning","filename":"/opt/airflow/dags/branch_pipeline.py","lineno":1,"logger":"py.warnings"}
{"timestamp":"2026-02-10T06:18:37.768446Z","level":"warning","event":"The `airflow.decorators.task` attribute is deprecated. Please use `'airflow.sdk.task'`.","category":"DeprecatedImportWarning","filename":"/opt/airflow/dags/branch_pipeline.py","lineno":1,"logger":"py.warnings"}
{"timestamp":"2026-02-10T06:18:37.768584Z","level":"warning","event":"The `airflow.operators.python.BranchPythonOperator` attribute is deprecated. Please use `'airflow.providers.standard.operators.python.BranchPythonOperator'`.","category":"DeprecatedImportWarning","filename":"/opt/airflow/dags/branch_pipeline.py","lineno":2,"logger":"py.warnings"}
{"timestamp":"2026-02-10T06:18:37.768634Z","level":"warning","event":"The `airflow.operators.bash.BashOperator` attribute is deprecated. Please use `'airflow.providers.standard.operators.bash.BashOperator'`.","category":"DeprecatedImportWarning","filename":"/opt/airflow/dags/branch_pipeline.py","lineno":3,"logger":"py.warnings"}
{"timestamp":"2026-02-10T06:19:08.372897Z","level":"info","event":"Filling up the DagBag from /opt/airflow/dags/branch_pipeline.py","logger":"airflow.models.dagbag.BundleDagBag","filename":"dagbag.py","lineno":593}
{"timestamp":"2026-02-10T06:19:08.419297Z","level":"warning","event":"The `airflow.decorators.dag` attribute is deprecated. Please use `'airflow.sdk.dag'`.","category":"DeprecatedImportWarning","filename":"/opt/airflow/dags/branch_pipeline.py","lineno":1,"logger":"py.warnings"}
{"timestamp":"2026-02-10T06:19:08.419433Z","level":"warning","event":"The `airflow.decorators.task` attribute is deprecated. Please use `'airflow.sdk.task'`.","category":"DeprecatedImportWarning","filename":"/opt/airflow/dags/branch_pipeline.py","lineno":1,"logger":"py.warnings"}
{"timestamp":"2026-02-10T06:19:08.419506Z","level":"warning","event":"The `airflow.operators.python.BranchPythonOperator` attribute is deprecated. Please use `'airflow.providers.standard.operators.python.BranchPythonOperator'`.","category":"DeprecatedImportWarning","filename":"/opt/airflow/dags/branch_pipeline.py","lineno":2,"logger":"py.warnings"}
{"timestamp":"2026-02-10T06:19:08.419558Z","level":"warning","event":"The `airflow.operators.bash.BashOperator` attribute is deprecated. Please use `'airflow.providers.standard.operators.bash.BashOperator'`.","category":"DeprecatedImportWarning","filename":"/opt/airflow/dags/branch_pipeline.py","lineno":3,"logger":"py.warnings"}
{"timestamp":"2026-02-10T06:19:39.022921Z","level":"info","event":"Filling up the DagBag from /opt/airflow/dags/branch_pipeline.py","logger":"airflow.models.dagbag.BundleDagBag","filename":"dagbag.py","lineno":593}
{"timestamp":"2026-02-10T06:19:39.090276Z","level":"warning","event":"The `airflow.decorators.dag` attribute is deprecated. Please use `'airflow.sdk.dag'`.","category":"DeprecatedImportWarning","filename":"/opt/airflow/dags/branch_pipeline.py","lineno":1,"logger":"py.warnings"}
{"timestamp":"2026-02-10T06:19:39.090578Z","level":"warning","event":"The `airflow.decorators.task` attribute is deprecated. Please use `'airflow.sdk.task'`.","category":"DeprecatedImportWarning","filename":"/opt/airflow/dags/branch_pipeline.py","lineno":1,"logger":"py.warnings"}
{"timestamp":"2026-02-10T06:19:39.090699Z","level":"warning","event":"The `airflow.operators.python.BranchPythonOperator` attribute is deprecated. Please use `'airflow.providers.standard.operators.python.BranchPythonOperator'`.","category":"DeprecatedImportWarning","filename":"/opt/airflow/dags/branch_pipeline.py","lineno":2,"logger":"py.warnings"}
{"timestamp":"2026-02-10T06:19:39.090797Z","level":"warning","event":"The `airflow.operators.bash.BashOperator` attribute is deprecated. Please use `'airflow.providers.standard.operators.bash.BashOperator'`.","category":"DeprecatedImportWarning","filename":"/opt/airflow/dags/branch_pipeline.py","lineno":3,"logger":"py.warnings"}
{"timestamp":"2026-02-10T06:20:09.701026Z","level":"info","event":"Filling up the DagBag from /opt/airflow/dags/branch_pipeline.py","logger":"airflow.models.dagbag.BundleDagBag","filename":"dagbag.py","lineno":593}
{"timestamp":"2026-02-10T06:20:09.754255Z","level":"warning","event":"The `airflow.decorators.dag` attribute is deprecated. Please use `'airflow.sdk.dag'`.","category":"DeprecatedImportWarning","filename":"/opt/airflow/dags/branch_pipeline.py","lineno":1,"logger":"py.warnings"}
{"timestamp":"2026-02-10T06:20:09.754517Z","level":"warning","event":"The `airflow.decorators.task` attribute is deprecated. Please use `'airflow.sdk.task'`.","category":"DeprecatedImportWarning","filename":"/opt/airflow/dags/branch_pipeline.py","lineno":1,"logger":"py.warnings"}
{"timestamp":"2026-02-10T06:20:09.754582Z","level":"warning","event":"The `airflow.operators.python.BranchPythonOperator` attribute is deprecated. Please use `'airflow.providers.standard.operators.python.BranchPythonOperator'`.","category":"DeprecatedImportWarning","filename":"/opt/airflow/dags/branch_pipeline.py","lineno":2,"logger":"py.warnings"}
{"timestamp":"2026-02-10T06:20:09.754635Z","level":"warning","event":"The `airflow.operators.bash.BashOperator` attribute is deprecated. Please use `'airflow.providers.standard.operators.bash.BashOperator'`.","category":"DeprecatedImportWarning","filename":"/opt/airflow/dags/branch_pipeline.py","lineno":3,"logger":"py.warnings"}
{"timestamp":"2026-02-10T06:20:40.155686Z","level":"info","event":"Filling up the DagBag from /opt/airflow/dags/branch_pipeline.py","logger":"airflow.models.dagbag.BundleDagBag","filename":"dagbag.py","lineno":593}
{"timestamp":"2026-02-10T06:20:40.199035Z","level":"warning","event":"The `airflow.decorators.dag` attribute is deprecated. Please use `'airflow.sdk.dag'`.","category":"DeprecatedImportWarning","filename":"/opt/airflow/dags/branch_pipeline.py","lineno":1,"logger":"py.warnings"}
{"timestamp":"2026-02-10T06:20:40.199163Z","level":"warning","event":"The `airflow.decorators.task` attribute is deprecated. Please use `'airflow.sdk.task'`.","category":"DeprecatedImportWarning","filename":"/opt/airflow/dags/branch_pipeline.py","lineno":1,"logger":"py.warnings"}
{"timestamp":"2026-02-10T06:20:40.199218Z","level":"warning","event":"The `airflow.operators.python.BranchPythonOperator` attribute is deprecated. Please use `'airflow.providers.standard.operators.python.BranchPythonOperator'`.","category":"DeprecatedImportWarning","filename":"/opt/airflow/dags/branch_pipeline.py","lineno":2,"logger":"py.warnings"}
{"timestamp":"2026-02-10T06:20:40.199261Z","level":"warning","event":"The `airflow.operators.bash.BashOperator` attribute is deprecated. Please use `'airflow.providers.standard.operators.bash.BashOperator'`.","category":"DeprecatedImportWarning","filename":"/opt/airflow/dags/branch_pipeline.py","lineno":3,"logger":"py.warnings"}
{"timestamp":"2026-02-10T06:21:11.328329Z","level":"info","event":"Filling up the DagBag from /opt/airflow/dags/branch_pipeline.py","logger":"airflow.models.dagbag.BundleDagBag","filename":"dagbag.py","lineno":593}
{"timestamp":"2026-02-10T06:21:11.373410Z","level":"warning","event":"The `airflow.decorators.dag` attribute is deprecated. Please use `'airflow.sdk.dag'`.","category":"DeprecatedImportWarning","filename":"/opt/airflow/dags/branch_pipeline.py","lineno":1,"logger":"py.warnings"}
{"timestamp":"2026-02-10T06:21:11.373528Z","level":"warning","event":"The `airflow.decorators.task` attribute is deprecated. Please use `'airflow.sdk.task'`.","category":"DeprecatedImportWarning","filename":"/opt/airflow/dags/branch_pipeline.py","lineno":1,"logger":"py.warnings"}
{"timestamp":"2026-02-10T06:21:11.373581Z","level":"warning","event":"The `airflow.operators.python.BranchPythonOperator` attribute is deprecated. Please use `'airflow.providers.standard.operators.python.BranchPythonOperator'`.","category":"DeprecatedImportWarning","filename":"/opt/airflow/dags/branch_pipeline.py","lineno":2,"logger":"py.warnings"}
{"timestamp":"2026-02-10T06:21:11.373622Z","level":"warning","event":"The `airflow.operators.bash.BashOperator` attribute is deprecated. Please use `'airflow.providers.standard.operators.bash.BashOperator'`.","category":"DeprecatedImportWarning","filename":"/opt/airflow/dags/branch_pipeline.py","lineno":3,"logger":"py.warnings"}
{"timestamp":"2026-02-10T06:21:42.088776Z","level":"info","event":"Filling up the DagBag from /opt/airflow/dags/branch_pipeline.py","logger":"airflow.models.dagbag.BundleDagBag","filename":"dagbag.py","lineno":593}
{"timestamp":"2026-02-10T06:21:42.131303Z","level":"warning","event":"The `airflow.decorators.dag` attribute is deprecated. Please use `'airflow.sdk.dag'`.","category":"DeprecatedImportWarning","filename":"/opt/airflow/dags/branch_pipeline.py","lineno":1,"logger":"py.warnings"}
{"timestamp":"2026-02-10T06:21:42.131446Z","level":"warning","event":"The `airflow.decorators.task` attribute is deprecated. Please use `'airflow.sdk.task'`.","category":"DeprecatedImportWarning","filename":"/opt/airflow/dags/branch_pipeline.py","lineno":1,"logger":"py.warnings"}
{"timestamp":"2026-02-10T06:21:42.131508Z","level":"warning","event":"The `airflow.operators.python.BranchPythonOperator` attribute is deprecated. Please use `'airflow.providers.standard.operators.python.BranchPythonOperator'`.","category":"DeprecatedImportWarning","filename":"/opt/airflow/dags/branch_pipeline.py","lineno":2,"logger":"py.warnings"}
{"timestamp":"2026-02-10T06:21:42.131558Z","level":"warning","event":"The `airflow.operators.bash.BashOperator` attribute is deprecated. Please use `'airflow.providers.standard.operators.bash.BashOperator'`.","category":"DeprecatedImportWarning","filename":"/opt/airflow/dags/branch_pipeline.py","lineno":3,"logger":"py.warnings"}
{"timestamp":"2026-02-10T06:22:12.865457Z","level":"info","event":"Filling up the DagBag from /opt/airflow/dags/branch_pipeline.py","logger":"airflow.models.dagbag.BundleDagBag","filename":"dagbag.py","lineno":593}
{"timestamp":"2026-02-10T06:22:12.918847Z","level":"warning","event":"The `airflow.decorators.dag` attribute is deprecated. Please use `'airflow.sdk.dag'`.","category":"DeprecatedImportWarning","filename":"/opt/airflow/dags/branch_pipeline.py","lineno":1,"logger":"py.warnings"}
{"timestamp":"2026-02-10T06:22:12.919007Z","level":"warning","event":"The `airflow.decorators.task` attribute is deprecated. Please use `'airflow.sdk.task'`.","category":"DeprecatedImportWarning","filename":"/opt/airflow/dags/branch_pipeline.py","lineno":1,"logger":"py.warnings"}
{"timestamp":"2026-02-10T06:22:12.919067Z","level":"warning","event":"The `airflow.operators.python.BranchPythonOperator` attribute is deprecated. Please use `'airflow.providers.standard.operators.python.BranchPythonOperator'`.","category":"DeprecatedImportWarning","filename":"/opt/airflow/dags/branch_pipeline.py","lineno":2,"logger":"py.warnings"}
{"timestamp":"2026-02-10T06:22:12.919115Z","level":"warning","event":"The `airflow.operators.bash.BashOperator` attribute is deprecated. Please use `'airflow.providers.standard.operators.bash.BashOperator'`.","category":"DeprecatedImportWarning","filename":"/opt/airflow/dags/branch_pipeline.py","lineno":3,"logger":"py.warnings"}
{"timestamp":"2026-02-10T06:22:44.835174Z","level":"info","event":"Filling up the DagBag from /opt/airflow/dags/branch_pipeline.py","logger":"airflow.models.dagbag.BundleDagBag","filename":"dagbag.py","lineno":593}
{"timestamp":"2026-02-10T06:22:44.893354Z","level":"warning","event":"The `airflow.decorators.dag` attribute is deprecated. Please use `'airflow.sdk.dag'`.","category":"DeprecatedImportWarning","filename":"/opt/airflow/dags/branch_pipeline.py","lineno":1,"logger":"py.warnings"}
{"timestamp":"2026-02-10T06:22:44.893487Z","level":"warning","event":"The `airflow.decorators.task` attribute is deprecated. Please use `'airflow.sdk.task'`.","category":"DeprecatedImportWarning","filename":"/opt/airflow/dags/branch_pipeline.py","lineno":1,"logger":"py.warnings"}
{"timestamp":"2026-02-10T06:22:44.893539Z","level":"warning","event":"The `airflow.operators.python.BranchPythonOperator` attribute is deprecated. Please use `'airflow.providers.standard.operators.python.BranchPythonOperator'`.","category":"DeprecatedImportWarning","filename":"/opt/airflow/dags/branch_pipeline.py","lineno":2,"logger":"py.warnings"}
{"timestamp":"2026-02-10T06:22:44.893581Z","level":"warning","event":"The `airflow.operators.bash.BashOperator` attribute is deprecated. Please use `'airflow.providers.standard.operators.bash.BashOperator'`.","category":"DeprecatedImportWarning","filename":"/opt/airflow/dags/branch_pipeline.py","lineno":3,"logger":"py.warnings"}
{"timestamp":"2026-02-10T06:23:16.898222Z","level":"info","event":"Filling up the DagBag from /opt/airflow/dags/branch_pipeline.py","logger":"airflow.models.dagbag.BundleDagBag","filename":"dagbag.py","lineno":593}
{"timestamp":"2026-02-10T06:23:16.948975Z","level":"warning","event":"The `airflow.decorators.dag` attribute is deprecated. Please use `'airflow.sdk.dag'`.","category":"DeprecatedImportWarning","filename":"/opt/airflow/dags/branch_pipeline.py","lineno":1,"logger":"py.warnings"}
{"timestamp":"2026-02-10T06:23:16.949115Z","level":"warning","event":"The `airflow.decorators.task` attribute is deprecated. Please use `'airflow.sdk.task'`.","category":"DeprecatedImportWarning","filename":"/opt/airflow/dags/branch_pipeline.py","lineno":1,"logger":"py.warnings"}
{"timestamp":"2026-02-10T06:23:16.949174Z","level":"warning","event":"The `airflow.operators.python.BranchPythonOperator` attribute is deprecated. Please use `'airflow.providers.standard.operators.python.BranchPythonOperator'`.","category":"DeprecatedImportWarning","filename":"/opt/airflow/dags/branch_pipeline.py","lineno":2,"logger":"py.warnings"}
{"timestamp":"2026-02-10T06:23:16.949220Z","level":"warning","event":"The `airflow.operators.bash.BashOperator` attribute is deprecated. Please use `'airflow.providers.standard.operators.bash.BashOperator'`.","category":"DeprecatedImportWarning","filename":"/opt/airflow/dags/branch_pipeline.py","lineno":3,"logger":"py.warnings"}
{"timestamp":"2026-02-10T06:23:48.116674Z","level":"info","event":"Filling up the DagBag from /opt/airflow/dags/branch_pipeline.py","logger":"airflow.models.dagbag.BundleDagBag","filename":"dagbag.py","lineno":593}
{"timestamp":"2026-02-10T06:23:48.169609Z","level":"warning","event":"The `airflow.decorators.dag` attribute is deprecated. Please use `'airflow.sdk.dag'`.","category":"DeprecatedImportWarning","filename":"/opt/airflow/dags/branch_pipeline.py","lineno":1,"logger":"py.warnings"}
{"timestamp":"2026-02-10T06:23:48.169820Z","level":"warning","event":"The `airflow.decorators.task` attribute is deprecated. Please use `'airflow.sdk.task'`.","category":"DeprecatedImportWarning","filename":"/opt/airflow/dags/branch_pipeline.py","lineno":1,"logger":"py.warnings"}
{"timestamp":"2026-02-10T06:23:48.169886Z","level":"warning","event":"The `airflow.operators.python.BranchPythonOperator` attribute is deprecated. Please use `'airflow.providers.standard.operators.python.BranchPythonOperator'`.","category":"DeprecatedImportWarning","filename":"/opt/airflow/dags/branch_pipeline.py","lineno":2,"logger":"py.warnings"}
{"timestamp":"2026-02-10T06:23:48.169937Z","level":"warning","event":"The `airflow.operators.bash.BashOperator` attribute is deprecated. Please use `'airflow.providers.standard.operators.bash.BashOperator'`.","category":"DeprecatedImportWarning","filename":"/opt/airflow/dags/branch_pipeline.py","lineno":3,"logger":"py.warnings"}
{"timestamp":"2026-02-10T06:24:19.961930Z","level":"info","event":"Filling up the DagBag from /opt/airflow/dags/branch_pipeline.py","logger":"airflow.models.dagbag.BundleDagBag","filename":"dagbag.py","lineno":593}
{"timestamp":"2026-02-10T06:24:20.014898Z","level":"warning","event":"The `airflow.decorators.dag` attribute is deprecated. Please use `'airflow.sdk.dag'`.","category":"DeprecatedImportWarning","filename":"/opt/airflow/dags/branch_pipeline.py","lineno":1,"logger":"py.warnings"}
{"timestamp":"2026-02-10T06:24:20.015061Z","level":"warning","event":"The `airflow.decorators.task` attribute is deprecated. Please use `'airflow.sdk.task'`.","category":"DeprecatedImportWarning","filename":"/opt/airflow/dags/branch_pipeline.py","lineno":1,"logger":"py.warnings"}
{"timestamp":"2026-02-10T06:24:20.015122Z","level":"warning","event":"The `airflow.operators.python.BranchPythonOperator` attribute is deprecated. Please use `'airflow.providers.standard.operators.python.BranchPythonOperator'`.","category":"DeprecatedImportWarning","filename":"/opt/airflow/dags/branch_pipeline.py","lineno":2,"logger":"py.warnings"}
{"timestamp":"2026-02-10T06:24:20.015167Z","level":"warning","event":"The `airflow.operators.bash.BashOperator` attribute is deprecated. Please use `'airflow.providers.standard.operators.bash.BashOperator'`.","category":"DeprecatedImportWarning","filename":"/opt/airflow/dags/branch_pipeline.py","lineno":3,"logger":"py.warnings"}
{"timestamp":"2026-02-10T06:24:52.540181Z","level":"info","event":"Filling up the DagBag from /opt/airflow/dags/branch_pipeline.py","logger":"airflow.models.dagbag.BundleDagBag","filename":"dagbag.py","lineno":593}
{"timestamp":"2026-02-10T06:24:52.587318Z","level":"warning","event":"The `airflow.decorators.dag` attribute is deprecated. Please use `'airflow.sdk.dag'`.","category":"DeprecatedImportWarning","filename":"/opt/airflow/dags/branch_pipeline.py","lineno":1,"logger":"py.warnings"}
{"timestamp":"2026-02-10T06:24:52.587444Z","level":"warning","event":"The `airflow.decorators.task` attribute is deprecated. Please use `'airflow.sdk.task'`.","category":"DeprecatedImportWarning","filename":"/opt/airflow/dags/branch_pipeline.py","lineno":1,"logger":"py.warnings"}
{"timestamp":"2026-02-10T06:24:52.587496Z","level":"warning","event":"The `airflow.operators.python.BranchPythonOperator` attribute is deprecated. Please use `'airflow.providers.standard.operators.python.BranchPythonOperator'`.","category":"DeprecatedImportWarning","filename":"/opt/airflow/dags/branch_pipeline.py","lineno":2,"logger":"py.warnings"}
{"timestamp":"2026-02-10T06:24:52.587537Z","level":"warning","event":"The `airflow.operators.bash.BashOperator` attribute is deprecated. Please use `'airflow.providers.standard.operators.bash.BashOperator'`.","category":"DeprecatedImportWarning","filename":"/opt/airflow/dags/branch_pipeline.py","lineno":3,"logger":"py.warnings"}
{"timestamp":"2026-02-10T06:25:24.602443Z","level":"info","event":"Filling up the DagBag from /opt/airflow/dags/branch_pipeline.py","logger":"airflow.models.dagbag.BundleDagBag","filename":"dagbag.py","lineno":593}
{"timestamp":"2026-02-10T06:25:24.652709Z","level":"warning","event":"The `airflow.decorators.dag` attribute is deprecated. Please use `'airflow.sdk.dag'`.","category":"DeprecatedImportWarning","filename":"/opt/airflow/dags/branch_pipeline.py","lineno":1,"logger":"py.warnings"}
{"timestamp":"2026-02-10T06:25:24.652834Z","level":"warning","event":"The `airflow.decorators.task` attribute is deprecated. Please use `'airflow.sdk.task'`.","category":"DeprecatedImportWarning","filename":"/opt/airflow/dags/branch_pipeline.py","lineno":1,"logger":"py.warnings"}
{"timestamp":"2026-02-10T06:25:24.652889Z","level":"warning","event":"The `airflow.operators.python.BranchPythonOperator` attribute is deprecated. Please use `'airflow.providers.standard.operators.python.BranchPythonOperator'`.","category":"DeprecatedImportWarning","filename":"/opt/airflow/dags/branch_pipeline.py","lineno":2,"logger":"py.warnings"}
{"timestamp":"2026-02-10T06:25:24.652932Z","level":"warning","event":"The `airflow.operators.bash.BashOperator` attribute is deprecated. Please use `'airflow.providers.standard.operators.bash.BashOperator'`.","category":"DeprecatedImportWarning","filename":"/opt/airflow/dags/branch_pipeline.py","lineno":3,"logger":"py.warnings"}
{"timestamp":"2026-02-10T06:25:56.407610Z","level":"info","event":"Filling up the DagBag from /opt/airflow/dags/branch_pipeline.py","logger":"airflow.models.dagbag.BundleDagBag","filename":"dagbag.py","lineno":593}
{"timestamp":"2026-02-10T06:25:56.486653Z","level":"warning","event":"The `airflow.decorators.dag` attribute is deprecated. Please use `'airflow.sdk.dag'`.","category":"DeprecatedImportWarning","filename":"/opt/airflow/dags/branch_pipeline.py","lineno":1,"logger":"py.warnings"}
{"timestamp":"2026-02-10T06:25:56.486966Z","level":"warning","event":"The `airflow.decorators.task` attribute is deprecated. Please use `'airflow.sdk.task'`.","category":"DeprecatedImportWarning","filename":"/opt/airflow/dags/branch_pipeline.py","lineno":1,"logger":"py.warnings"}
{"timestamp":"2026-02-10T06:25:56.487057Z","level":"warning","event":"The `airflow.operators.python.BranchPythonOperator` attribute is deprecated. Please use `'airflow.providers.standard.operators.python.BranchPythonOperator'`.","category":"DeprecatedImportWarning","filename":"/opt/airflow/dags/branch_pipeline.py","lineno":2,"logger":"py.warnings"}
{"timestamp":"2026-02-10T06:25:56.487113Z","level":"warning","event":"The `airflow.operators.bash.BashOperator` attribute is deprecated. Please use `'airflow.providers.standard.operators.bash.BashOperator'`.","category":"DeprecatedImportWarning","filename":"/opt/airflow/dags/branch_pipeline.py","lineno":3,"logger":"py.warnings"}
{"timestamp":"2026-02-10T06:26:27.967615Z","level":"info","event":"Filling up the DagBag from /opt/airflow/dags/branch_pipeline.py","logger":"airflow.models.dagbag.BundleDagBag","filename":"dagbag.py","lineno":593}
{"timestamp":"2026-02-10T06:26:28.015020Z","level":"warning","event":"The `airflow.decorators.dag` attribute is deprecated. Please use `'airflow.sdk.dag'`.","category":"DeprecatedImportWarning","filename":"/opt/airflow/dags/branch_pipeline.py","lineno":1,"logger":"py.warnings"}
{"timestamp":"2026-02-10T06:26:28.015250Z","level":"warning","event":"The `airflow.decorators.task` attribute is deprecated. Please use `'airflow.sdk.task'`.","category":"DeprecatedImportWarning","filename":"/opt/airflow/dags/branch_pipeline.py","lineno":1,"logger":"py.warnings"}
{"timestamp":"2026-02-10T06:26:28.015313Z","level":"warning","event":"The `airflow.operators.python.BranchPythonOperator` attribute is deprecated. Please use `'airflow.providers.standard.operators.python.BranchPythonOperator'`.","category":"DeprecatedImportWarning","filename":"/opt/airflow/dags/branch_pipeline.py","lineno":2,"logger":"py.warnings"}
{"timestamp":"2026-02-10T06:26:28.015360Z","level":"warning","event":"The `airflow.operators.bash.BashOperator` attribute is deprecated. Please use `'airflow.providers.standard.operators.bash.BashOperator'`.","category":"DeprecatedImportWarning","filename":"/opt/airflow/dags/branch_pipeline.py","lineno":3,"logger":"py.warnings"}
{"timestamp":"2026-02-10T06:26:59.808528Z","level":"info","event":"Filling up the DagBag from /opt/airflow/dags/branch_pipeline.py","logger":"airflow.models.dagbag.BundleDagBag","filename":"dagbag.py","lineno":593}
{"timestamp":"2026-02-10T06:26:59.853874Z","level":"warning","event":"The `airflow.decorators.dag` attribute is deprecated. Please use `'airflow.sdk.dag'`.","category":"DeprecatedImportWarning","filename":"/opt/airflow/dags/branch_pipeline.py","lineno":1,"logger":"py.warnings"}
{"timestamp":"2026-02-10T06:26:59.854035Z","level":"warning","event":"The `airflow.decorators.task` attribute is deprecated. Please use `'airflow.sdk.task'`.","category":"DeprecatedImportWarning","filename":"/opt/airflow/dags/branch_pipeline.py","lineno":1,"logger":"py.warnings"}
{"timestamp":"2026-02-10T06:26:59.854089Z","level":"warning","event":"The `airflow.operators.python.BranchPythonOperator` attribute is deprecated. Please use `'airflow.providers.standard.operators.python.BranchPythonOperator'`.","category":"DeprecatedImportWarning","filename":"/opt/airflow/dags/branch_pipeline.py","lineno":2,"logger":"py.warnings"}
{"timestamp":"2026-02-10T06:26:59.854131Z","level":"warning","event":"The `airflow.operators.bash.BashOperator` attribute is deprecated. Please use `'airflow.providers.standard.operators.bash.BashOperator'`.","category":"DeprecatedImportWarning","filename":"/opt/airflow/dags/branch_pipeline.py","lineno":3,"logger":"py.warnings"}
{"timestamp":"2026-02-10T06:27:31.852627Z","level":"info","event":"Filling up the DagBag from /opt/airflow/dags/branch_pipeline.py","logger":"airflow.models.dagbag.BundleDagBag","filename":"dagbag.py","lineno":593}
{"timestamp":"2026-02-10T06:27:31.911505Z","level":"warning","event":"The `airflow.decorators.dag` attribute is deprecated. Please use `'airflow.sdk.dag'`.","category":"DeprecatedImportWarning","filename":"/opt/airflow/dags/branch_pipeline.py","lineno":1,"logger":"py.warnings"}
{"timestamp":"2026-02-10T06:27:31.911896Z","level":"warning","event":"The `airflow.decorators.task` attribute is deprecated. Please use `'airflow.sdk.task'`.","category":"DeprecatedImportWarning","filename":"/opt/airflow/dags/branch_pipeline.py","lineno":1,"logger":"py.warnings"}
{"timestamp":"2026-02-10T06:27:31.912078Z","level":"warning","event":"The `airflow.operators.python.BranchPythonOperator` attribute is deprecated. Please use `'airflow.providers.standard.operators.python.BranchPythonOperator'`.","category":"DeprecatedImportWarning","filename":"/opt/airflow/dags/branch_pipeline.py","lineno":2,"logger":"py.warnings"}
{"timestamp":"2026-02-10T06:27:31.912737Z","level":"warning","event":"The `airflow.operators.bash.BashOperator` attribute is deprecated. Please use `'airflow.providers.standard.operators.bash.BashOperator'`.","category":"DeprecatedImportWarning","filename":"/opt/airflow/dags/branch_pipeline.py","lineno":3,"logger":"py.warnings"}
{"timestamp":"2026-02-10T06:28:04.159629Z","level":"info","event":"Filling up the DagBag from /opt/airflow/dags/branch_pipeline.py","logger":"airflow.models.dagbag.BundleDagBag","filename":"dagbag.py","lineno":593}
{"timestamp":"2026-02-10T06:28:04.214507Z","level":"warning","event":"The `airflow.decorators.dag` attribute is deprecated. Please use `'airflow.sdk.dag'`.","category":"DeprecatedImportWarning","filename":"/opt/airflow/dags/branch_pipeline.py","lineno":1,"logger":"py.warnings"}
{"timestamp":"2026-02-10T06:28:04.214673Z","level":"warning","event":"The `airflow.decorators.task` attribute is deprecated. Please use `'airflow.sdk.task'`.","category":"DeprecatedImportWarning","filename":"/opt/airflow/dags/branch_pipeline.py","lineno":1,"logger":"py.warnings"}
{"timestamp":"2026-02-10T06:28:04.214737Z","level":"warning","event":"The `airflow.operators.python.BranchPythonOperator` attribute is deprecated. Please use `'airflow.providers.standard.operators.python.BranchPythonOperator'`.","category":"DeprecatedImportWarning","filename":"/opt/airflow/dags/branch_pipeline.py","lineno":2,"logger":"py.warnings"}
{"timestamp":"2026-02-10T06:28:04.214783Z","level":"warning","event":"The `airflow.operators.bash.BashOperator` attribute is deprecated. Please use `'airflow.providers.standard.operators.bash.BashOperator'`.","category":"DeprecatedImportWarning","filename":"/opt/airflow/dags/branch_pipeline.py","lineno":3,"logger":"py.warnings"}
{"timestamp":"2026-02-10T06:28:36.162118Z","level":"info","event":"Filling up the DagBag from /opt/airflow/dags/branch_pipeline.py","logger":"airflow.models.dagbag.BundleDagBag","filename":"dagbag.py","lineno":593}
{"timestamp":"2026-02-10T06:28:36.218177Z","level":"warning","event":"The `airflow.decorators.dag` attribute is deprecated. Please use `'airflow.sdk.dag'`.","category":"DeprecatedImportWarning","filename":"/opt/airflow/dags/branch_pipeline.py","lineno":1,"logger":"py.warnings"}
{"timestamp":"2026-02-10T06:28:36.218511Z","level":"warning","event":"The `airflow.decorators.task` attribute is deprecated. Please use `'airflow.sdk.task'`.","category":"DeprecatedImportWarning","filename":"/opt/airflow/dags/branch_pipeline.py","lineno":1,"logger":"py.warnings"}
{"timestamp":"2026-02-10T06:28:36.218627Z","level":"warning","event":"The `airflow.operators.python.BranchPythonOperator` attribute is deprecated. Please use `'airflow.providers.standard.operators.python.BranchPythonOperator'`.","category":"DeprecatedImportWarning","filename":"/opt/airflow/dags/branch_pipeline.py","lineno":2,"logger":"py.warnings"}
{"timestamp":"2026-02-10T06:28:36.218680Z","level":"warning","event":"The `airflow.operators.bash.BashOperator` attribute is deprecated. Please use `'airflow.providers.standard.operators.bash.BashOperator'`.","category":"DeprecatedImportWarning","filename":"/opt/airflow/dags/branch_pipeline.py","lineno":3,"logger":"py.warnings"}
{"timestamp":"2026-02-10T06:29:08.033324Z","level":"info","event":"Filling up the DagBag from /opt/airflow/dags/branch_pipeline.py","logger":"airflow.models.dagbag.BundleDagBag","filename":"dagbag.py","lineno":593}
{"timestamp":"2026-02-10T06:29:08.075349Z","level":"warning","event":"The `airflow.decorators.dag` attribute is deprecated. Please use `'airflow.sdk.dag'`.","category":"DeprecatedImportWarning","filename":"/opt/airflow/dags/branch_pipeline.py","lineno":1,"logger":"py.warnings"}
{"timestamp":"2026-02-10T06:29:08.075475Z","level":"warning","event":"The `airflow.decorators.task` attribute is deprecated. Please use `'airflow.sdk.task'`.","category":"DeprecatedImportWarning","filename":"/opt/airflow/dags/branch_pipeline.py","lineno":1,"logger":"py.warnings"}
{"timestamp":"2026-02-10T06:29:08.075575Z","level":"warning","event":"The `airflow.operators.python.BranchPythonOperator` attribute is deprecated. Please use `'airflow.providers.standard.operators.python.BranchPythonOperator'`.","category":"DeprecatedImportWarning","filename":"/opt/airflow/dags/branch_pipeline.py","lineno":2,"logger":"py.warnings"}
{"timestamp":"2026-02-10T06:29:08.075638Z","level":"warning","event":"The `airflow.operators.bash.BashOperator` attribute is deprecated. Please use `'airflow.providers.standard.operators.bash.BashOperator'`.","category":"DeprecatedImportWarning","filename":"/opt/airflow/dags/branch_pipeline.py","lineno":3,"logger":"py.warnings"}
{"timestamp":"2026-02-10T06:29:40.016795Z","level":"info","event":"Filling up the DagBag from /opt/airflow/dags/branch_pipeline.py","logger":"airflow.models.dagbag.BundleDagBag","filename":"dagbag.py","lineno":593}
{"timestamp":"2026-02-10T06:29:40.075861Z","level":"warning","event":"The `airflow.decorators.dag` attribute is deprecated. Please use `'airflow.sdk.dag'`.","category":"DeprecatedImportWarning","filename":"/opt/airflow/dags/branch_pipeline.py","lineno":1,"logger":"py.warnings"}
{"timestamp":"2026-02-10T06:29:40.076807Z","level":"warning","event":"The `airflow.decorators.task` attribute is deprecated. Please use `'airflow.sdk.task'`.","category":"DeprecatedImportWarning","filename":"/opt/airflow/dags/branch_pipeline.py","lineno":1,"logger":"py.warnings"}
{"timestamp":"2026-02-10T06:29:40.077209Z","level":"warning","event":"The `airflow.operators.python.BranchPythonOperator` attribute is deprecated. Please use `'airflow.providers.standard.operators.python.BranchPythonOperator'`.","category":"DeprecatedImportWarning","filename":"/opt/airflow/dags/branch_pipeline.py","lineno":2,"logger":"py.warnings"}
{"timestamp":"2026-02-10T06:29:40.077329Z","level":"warning","event":"The `airflow.operators.bash.BashOperator` attribute is deprecated. Please use `'airflow.providers.standard.operators.bash.BashOperator'`.","category":"DeprecatedImportWarning","filename":"/opt/airflow/dags/branch_pipeline.py","lineno":3,"logger":"py.warnings"}
{"timestamp":"2026-02-10T06:30:11.821912Z","level":"info","event":"Filling up the DagBag from /opt/airflow/dags/branch_pipeline.py","logger":"airflow.models.dagbag.BundleDagBag","filename":"dagbag.py","lineno":593}
{"timestamp":"2026-02-10T06:30:11.875572Z","level":"warning","event":"The `airflow.decorators.dag` attribute is deprecated. Please use `'airflow.sdk.dag'`.","category":"DeprecatedImportWarning","filename":"/opt/airflow/dags/branch_pipeline.py","lineno":1,"logger":"py.warnings"}
{"timestamp":"2026-02-10T06:30:11.875734Z","level":"warning","event":"The `airflow.decorators.task` attribute is deprecated. Please use `'airflow.sdk.task'`.","category":"DeprecatedImportWarning","filename":"/opt/airflow/dags/branch_pipeline.py","lineno":1,"logger":"py.warnings"}
{"timestamp":"2026-02-10T06:30:11.875800Z","level":"warning","event":"The `airflow.operators.python.BranchPythonOperator` attribute is deprecated. Please use `'airflow.providers.standard.operators.python.BranchPythonOperator'`.","category":"DeprecatedImportWarning","filename":"/opt/airflow/dags/branch_pipeline.py","lineno":2,"logger":"py.warnings"}
{"timestamp":"2026-02-10T06:30:11.875848Z","level":"warning","event":"The `airflow.operators.bash.BashOperator` attribute is deprecated. Please use `'airflow.providers.standard.operators.bash.BashOperator'`.","category":"DeprecatedImportWarning","filename":"/opt/airflow/dags/branch_pipeline.py","lineno":3,"logger":"py.warnings"}
{"timestamp":"2026-02-10T06:30:44.038091Z","level":"info","event":"Filling up the DagBag from /opt/airflow/dags/branch_pipeline.py","logger":"airflow.models.dagbag.BundleDagBag","filename":"dagbag.py","lineno":593}
{"timestamp":"2026-02-10T06:30:44.128097Z","level":"warning","event":"The `airflow.decorators.dag` attribute is deprecated. Please use `'airflow.sdk.dag'`.","category":"DeprecatedImportWarning","filename":"/opt/airflow/dags/branch_pipeline.py","lineno":1,"logger":"py.warnings"}
{"timestamp":"2026-02-10T06:30:44.128485Z","level":"warning","event":"The `airflow.decorators.task` attribute is deprecated. Please use `'airflow.sdk.task'`.","category":"DeprecatedImportWarning","filename":"/opt/airflow/dags/branch_pipeline.py","lineno":1,"logger":"py.warnings"}
{"timestamp":"2026-02-10T06:30:44.128644Z","level":"warning","event":"The `airflow.operators.python.BranchPythonOperator` attribute is deprecated. Please use `'airflow.providers.standard.operators.python.BranchPythonOperator'`.","category":"DeprecatedImportWarning","filename":"/opt/airflow/dags/branch_pipeline.py","lineno":2,"logger":"py.warnings"}
{"timestamp":"2026-02-10T06:30:44.128769Z","level":"warning","event":"The `airflow.operators.bash.BashOperator` attribute is deprecated. Please use `'airflow.providers.standard.operators.bash.BashOperator'`.","category":"DeprecatedImportWarning","filename":"/opt/airflow/dags/branch_pipeline.py","lineno":3,"logger":"py.warnings"}
{"timestamp":"2026-02-10T06:31:16.148277Z","level":"info","event":"Filling up the DagBag from /opt/airflow/dags/branch_pipeline.py","logger":"airflow.models.dagbag.BundleDagBag","filename":"dagbag.py","lineno":593}
{"timestamp":"2026-02-10T06:31:16.198730Z","level":"warning","event":"The `airflow.decorators.dag` attribute is deprecated. Please use `'airflow.sdk.dag'`.","category":"DeprecatedImportWarning","filename":"/opt/airflow/dags/branch_pipeline.py","lineno":1,"logger":"py.warnings"}
{"timestamp":"2026-02-10T06:31:16.198881Z","level":"warning","event":"The `airflow.decorators.task` attribute is deprecated. Please use `'airflow.sdk.task'`.","category":"DeprecatedImportWarning","filename":"/opt/airflow/dags/branch_pipeline.py","lineno":1,"logger":"py.warnings"}
{"timestamp":"2026-02-10T06:31:16.198942Z","level":"warning","event":"The `airflow.operators.python.BranchPythonOperator` attribute is deprecated. Please use `'airflow.providers.standard.operators.python.BranchPythonOperator'`.","category":"DeprecatedImportWarning","filename":"/opt/airflow/dags/branch_pipeline.py","lineno":2,"logger":"py.warnings"}
{"timestamp":"2026-02-10T06:31:16.198990Z","level":"warning","event":"The `airflow.operators.bash.BashOperator` attribute is deprecated. Please use `'airflow.providers.standard.operators.bash.BashOperator'`.","category":"DeprecatedImportWarning","filename":"/opt/airflow/dags/branch_pipeline.py","lineno":3,"logger":"py.warnings"}
{"timestamp":"2026-02-10T06:31:48.150121Z","level":"info","event":"Filling up the DagBag from /opt/airflow/dags/branch_pipeline.py","logger":"airflow.models.dagbag.BundleDagBag","filename":"dagbag.py","lineno":593}
{"timestamp":"2026-02-10T06:31:48.205911Z","level":"warning","event":"The `airflow.decorators.dag` attribute is deprecated. Please use `'airflow.sdk.dag'`.","category":"DeprecatedImportWarning","filename":"/opt/airflow/dags/branch_pipeline.py","lineno":1,"logger":"py.warnings"}
{"timestamp":"2026-02-10T06:31:48.206113Z","level":"warning","event":"The `airflow.decorators.task` attribute is deprecated. Please use `'airflow.sdk.task'`.","category":"DeprecatedImportWarning","filename":"/opt/airflow/dags/branch_pipeline.py","lineno":1,"logger":"py.warnings"}
{"timestamp":"2026-02-10T06:31:48.206189Z","level":"warning","event":"The `airflow.operators.python.BranchPythonOperator` attribute is deprecated. Please use `'airflow.providers.standard.operators.python.BranchPythonOperator'`.","category":"DeprecatedImportWarning","filename":"/opt/airflow/dags/branch_pipeline.py","lineno":2,"logger":"py.warnings"}
{"timestamp":"2026-02-10T06:31:48.206241Z","level":"warning","event":"The `airflow.operators.bash.BashOperator` attribute is deprecated. Please use `'airflow.providers.standard.operators.bash.BashOperator'`.","category":"DeprecatedImportWarning","filename":"/opt/airflow/dags/branch_pipeline.py","lineno":3,"logger":"py.warnings"}
{"timestamp":"2026-02-10T06:32:20.078426Z","level":"info","event":"Filling up the DagBag from /opt/airflow/dags/branch_pipeline.py","logger":"airflow.models.dagbag.BundleDagBag","filename":"dagbag.py","lineno":593}
{"timestamp":"2026-02-10T06:32:20.131285Z","level":"warning","event":"The `airflow.decorators.dag` attribute is deprecated. Please use `'airflow.sdk.dag'`.","category":"DeprecatedImportWarning","filename":"/opt/airflow/dags/branch_pipeline.py","lineno":1,"logger":"py.warnings"}
{"timestamp":"2026-02-10T06:32:20.131423Z","level":"warning","event":"The `airflow.decorators.task` attribute is deprecated. Please use `'airflow.sdk.task'`.","category":"DeprecatedImportWarning","filename":"/opt/airflow/dags/branch_pipeline.py","lineno":1,"logger":"py.warnings"}
{"timestamp":"2026-02-10T06:32:20.131481Z","level":"warning","event":"The `airflow.operators.python.BranchPythonOperator` attribute is deprecated. Please use `'airflow.providers.standard.operators.python.BranchPythonOperator'`.","category":"DeprecatedImportWarning","filename":"/opt/airflow/dags/branch_pipeline.py","lineno":2,"logger":"py.warnings"}
{"timestamp":"2026-02-10T06:32:20.131525Z","level":"warning","event":"The `airflow.operators.bash.BashOperator` attribute is deprecated. Please use `'airflow.providers.standard.operators.bash.BashOperator'`.","category":"DeprecatedImportWarning","filename":"/opt/airflow/dags/branch_pipeline.py","lineno":3,"logger":"py.warnings"}
{"timestamp":"2026-02-10T06:32:52.157080Z","level":"info","event":"Filling up the DagBag from /opt/airflow/dags/branch_pipeline.py","logger":"airflow.models.dagbag.BundleDagBag","filename":"dagbag.py","lineno":593}
{"timestamp":"2026-02-10T06:32:52.208318Z","level":"warning","event":"The `airflow.decorators.dag` attribute is deprecated. Please use `'airflow.sdk.dag'`.","category":"DeprecatedImportWarning","filename":"/opt/airflow/dags/branch_pipeline.py","lineno":1,"logger":"py.warnings"}
{"timestamp":"2026-02-10T06:32:52.208443Z","level":"warning","event":"The `airflow.decorators.task` attribute is deprecated. Please use `'airflow.sdk.task'`.","category":"DeprecatedImportWarning","filename":"/opt/airflow/dags/branch_pipeline.py","lineno":1,"logger":"py.warnings"}
{"timestamp":"2026-02-10T06:32:52.208499Z","level":"warning","event":"The `airflow.operators.python.BranchPythonOperator` attribute is deprecated. Please use `'airflow.providers.standard.operators.python.BranchPythonOperator'`.","category":"DeprecatedImportWarning","filename":"/opt/airflow/dags/branch_pipeline.py","lineno":2,"logger":"py.warnings"}
{"timestamp":"2026-02-10T06:32:52.208577Z","level":"warning","event":"The `airflow.operators.bash.BashOperator` attribute is deprecated. Please use `'airflow.providers.standard.operators.bash.BashOperator'`.","category":"DeprecatedImportWarning","filename":"/opt/airflow/dags/branch_pipeline.py","lineno":3,"logger":"py.warnings"}
{"timestamp":"2026-02-10T06:33:22.539921Z","level":"info","event":"Filling up the DagBag from /opt/airflow/dags/branch_pipeline.py","logger":"airflow.models.dagbag.BundleDagBag","filename":"dagbag.py","lineno":593}
{"timestamp":"2026-02-10T06:33:22.591360Z","level":"warning","event":"The `airflow.decorators.dag` attribute is deprecated. Please use `'airflow.sdk.dag'`.","category":"DeprecatedImportWarning","filename":"/opt/airflow/dags/branch_pipeline.py","lineno":1,"logger":"py.warnings"}
{"timestamp":"2026-02-10T06:33:24.146992Z","level":"warning","event":"The `airflow.decorators.task` attribute is deprecated. Please use `'airflow.sdk.task'`.","category":"DeprecatedImportWarning","filename":"/opt/airflow/dags/branch_pipeline.py","lineno":1,"logger":"py.warnings"}
{"timestamp":"2026-02-10T06:33:24.147058Z","level":"warning","event":"The `airflow.operators.python.BranchPythonOperator` attribute is deprecated. Please use `'airflow.providers.standard.operators.python.BranchPythonOperator'`.","category":"DeprecatedImportWarning","filename":"/opt/airflow/dags/branch_pipeline.py","lineno":2,"logger":"py.warnings"}
{"timestamp":"2026-02-10T06:33:24.147123Z","level":"warning","event":"The `airflow.operators.bash.BashOperator` attribute is deprecated. Please use `'airflow.providers.standard.operators.bash.BashOperator'`.","category":"DeprecatedImportWarning","filename":"/opt/airflow/dags/branch_pipeline.py","lineno":3,"logger":"py.warnings"}
{"timestamp":"2026-02-10T06:33:54.768493Z","level":"info","event":"Filling up the DagBag from /opt/airflow/dags/branch_pipeline.py","logger":"airflow.models.dagbag.BundleDagBag","filename":"dagbag.py","lineno":593}
{"timestamp":"2026-02-10T06:33:54.814323Z","level":"warning","event":"The `airflow.decorators.dag` attribute is deprecated. Please use `'airflow.sdk.dag'`.","category":"DeprecatedImportWarning","filename":"/opt/airflow/dags/branch_pipeline.py","lineno":1,"logger":"py.warnings"}
{"timestamp":"2026-02-10T06:33:54.814500Z","level":"warning","event":"The `airflow.decorators.task` attribute is deprecated. Please use `'airflow.sdk.task'`.","category":"DeprecatedImportWarning","filename":"/opt/airflow/dags/branch_pipeline.py","lineno":1,"logger":"py.warnings"}
{"timestamp":"2026-02-10T06:33:54.814567Z","level":"warning","event":"The `airflow.operators.python.BranchPythonOperator` attribute is deprecated. Please use `'airflow.providers.standard.operators.python.BranchPythonOperator'`.","category":"DeprecatedImportWarning","filename":"/opt/airflow/dags/branch_pipeline.py","lineno":2,"logger":"py.warnings"}
{"timestamp":"2026-02-10T06:33:54.814611Z","level":"warning","event":"The `airflow.operators.bash.BashOperator` attribute is deprecated. Please use `'airflow.providers.standard.operators.bash.BashOperator'`.","category":"DeprecatedImportWarning","filename":"/opt/airflow/dags/branch_pipeline.py","lineno":3,"logger":"py.warnings"}
{"timestamp":"2026-02-10T06:34:25.441582Z","level":"info","event":"Filling up the DagBag from /opt/airflow/dags/branch_pipeline.py","logger":"airflow.models.dagbag.BundleDagBag","filename":"dagbag.py","lineno":593}
{"timestamp":"2026-02-10T06:34:25.517681Z","level":"warning","event":"The `airflow.decorators.dag` attribute is deprecated. Please use `'airflow.sdk.dag'`.","category":"DeprecatedImportWarning","filename":"/opt/airflow/dags/branch_pipeline.py","lineno":1,"logger":"py.warnings"}
{"timestamp":"2026-02-10T06:34:25.517956Z","level":"warning","event":"The `airflow.decorators.task` attribute is deprecated. Please use `'airflow.sdk.task'`.","category":"DeprecatedImportWarning","filename":"/opt/airflow/dags/branch_pipeline.py","lineno":1,"logger":"py.warnings"}
{"timestamp":"2026-02-10T06:34:25.518045Z","level":"warning","event":"The `airflow.operators.python.BranchPythonOperator` attribute is deprecated. Please use `'airflow.providers.standard.operators.python.BranchPythonOperator'`.","category":"DeprecatedImportWarning","filename":"/opt/airflow/dags/branch_pipeline.py","lineno":2,"logger":"py.warnings"}
{"timestamp":"2026-02-10T06:34:25.518094Z","level":"warning","event":"The `airflow.operators.bash.BashOperator` attribute is deprecated. Please use `'airflow.providers.standard.operators.bash.BashOperator'`.","category":"DeprecatedImportWarning","filename":"/opt/airflow/dags/branch_pipeline.py","lineno":3,"logger":"py.warnings"}
{"timestamp":"2026-02-10T06:34:55.710028Z","level":"info","event":"Filling up the DagBag from /opt/airflow/dags/branch_pipeline.py","logger":"airflow.models.dagbag.BundleDagBag","filename":"dagbag.py","lineno":593}
{"timestamp":"2026-02-10T06:34:55.748980Z","level":"warning","event":"The `airflow.decorators.dag` attribute is deprecated. Please use `'airflow.sdk.dag'`.","category":"DeprecatedImportWarning","filename":"/opt/airflow/dags/branch_pipeline.py","lineno":1,"logger":"py.warnings"}
{"timestamp":"2026-02-10T06:34:55.749241Z","level":"warning","event":"The `airflow.decorators.task` attribute is deprecated. Please use `'airflow.sdk.task'`.","category":"DeprecatedImportWarning","filename":"/opt/airflow/dags/branch_pipeline.py","lineno":1,"logger":"py.warnings"}
{"timestamp":"2026-02-10T06:34:55.749337Z","level":"warning","event":"The `airflow.operators.python.BranchPythonOperator` attribute is deprecated. Please use `'airflow.providers.standard.operators.python.BranchPythonOperator'`.","category":"DeprecatedImportWarning","filename":"/opt/airflow/dags/branch_pipeline.py","lineno":2,"logger":"py.warnings"}
{"timestamp":"2026-02-10T06:34:55.749389Z","level":"warning","event":"The `airflow.operators.bash.BashOperator` attribute is deprecated. Please use `'airflow.providers.standard.operators.bash.BashOperator'`.","category":"DeprecatedImportWarning","filename":"/opt/airflow/dags/branch_pipeline.py","lineno":3,"logger":"py.warnings"}
{"timestamp":"2026-02-10T06:35:26.872675Z","level":"info","event":"Filling up the DagBag from /opt/airflow/dags/branch_pipeline.py","logger":"airflow.models.dagbag.BundleDagBag","filename":"dagbag.py","lineno":593}
{"timestamp":"2026-02-10T06:35:26.918462Z","level":"warning","event":"The `airflow.decorators.dag` attribute is deprecated. Please use `'airflow.sdk.dag'`.","category":"DeprecatedImportWarning","filename":"/opt/airflow/dags/branch_pipeline.py","lineno":1,"logger":"py.warnings"}
{"timestamp":"2026-02-10T06:35:26.918630Z","level":"warning","event":"The `airflow.decorators.task` attribute is deprecated. Please use `'airflow.sdk.task'`.","category":"DeprecatedImportWarning","filename":"/opt/airflow/dags/branch_pipeline.py","lineno":1,"logger":"py.warnings"}
{"timestamp":"2026-02-10T06:35:26.918699Z","level":"warning","event":"The `airflow.operators.python.BranchPythonOperator` attribute is deprecated. Please use `'airflow.providers.standard.operators.python.BranchPythonOperator'`.","category":"DeprecatedImportWarning","filename":"/opt/airflow/dags/branch_pipeline.py","lineno":2,"logger":"py.warnings"}
{"timestamp":"2026-02-10T06:35:26.918749Z","level":"warning","event":"The `airflow.operators.bash.BashOperator` attribute is deprecated. Please use `'airflow.providers.standard.operators.bash.BashOperator'`.","category":"DeprecatedImportWarning","filename":"/opt/airflow/dags/branch_pipeline.py","lineno":3,"logger":"py.warnings"}
{"timestamp":"2026-02-10T06:35:57.812669Z","level":"info","event":"Filling up the DagBag from /opt/airflow/dags/branch_pipeline.py","logger":"airflow.models.dagbag.BundleDagBag","filename":"dagbag.py","lineno":593}
{"timestamp":"2026-02-10T06:35:57.887575Z","level":"warning","event":"The `airflow.decorators.dag` attribute is deprecated. Please use `'airflow.sdk.dag'`.","category":"DeprecatedImportWarning","filename":"/opt/airflow/dags/branch_pipeline.py","lineno":1,"logger":"py.warnings"}
{"timestamp":"2026-02-10T06:35:57.887815Z","level":"warning","event":"The `airflow.decorators.task` attribute is deprecated. Please use `'airflow.sdk.task'`.","category":"DeprecatedImportWarning","filename":"/opt/airflow/dags/branch_pipeline.py","lineno":1,"logger":"py.warnings"}
{"timestamp":"2026-02-10T06:35:57.887906Z","level":"warning","event":"The `airflow.operators.python.BranchPythonOperator` attribute is deprecated. Please use `'airflow.providers.standard.operators.python.BranchPythonOperator'`.","category":"DeprecatedImportWarning","filename":"/opt/airflow/dags/branch_pipeline.py","lineno":2,"logger":"py.warnings"}
{"timestamp":"2026-02-10T06:35:57.887968Z","level":"warning","event":"The `airflow.operators.bash.BashOperator` attribute is deprecated. Please use `'airflow.providers.standard.operators.bash.BashOperator'`.","category":"DeprecatedImportWarning","filename":"/opt/airflow/dags/branch_pipeline.py","lineno":3,"logger":"py.warnings"}
{"timestamp":"2026-02-10T06:36:28.141587Z","level":"info","event":"Filling up the DagBag from /opt/airflow/dags/branch_pipeline.py","logger":"airflow.models.dagbag.BundleDagBag","filename":"dagbag.py","lineno":593}
{"timestamp":"2026-02-10T06:36:28.199182Z","level":"warning","event":"The `airflow.decorators.dag` attribute is deprecated. Please use `'airflow.sdk.dag'`.","category":"DeprecatedImportWarning","filename":"/opt/airflow/dags/branch_pipeline.py","lineno":1,"logger":"py.warnings"}
{"timestamp":"2026-02-10T06:36:28.199381Z","level":"warning","event":"The `airflow.decorators.task` attribute is deprecated. Please use `'airflow.sdk.task'`.","category":"DeprecatedImportWarning","filename":"/opt/airflow/dags/branch_pipeline.py","lineno":1,"logger":"py.warnings"}
{"timestamp":"2026-02-10T06:36:28.199472Z","level":"warning","event":"The `airflow.operators.python.BranchPythonOperator` attribute is deprecated. Please use `'airflow.providers.standard.operators.python.BranchPythonOperator'`.","category":"DeprecatedImportWarning","filename":"/opt/airflow/dags/branch_pipeline.py","lineno":2,"logger":"py.warnings"}
{"timestamp":"2026-02-10T06:36:28.199604Z","level":"warning","event":"The `airflow.operators.bash.BashOperator` attribute is deprecated. Please use `'airflow.providers.standard.operators.bash.BashOperator'`.","category":"DeprecatedImportWarning","filename":"/opt/airflow/dags/branch_pipeline.py","lineno":3,"logger":"py.warnings"}
{"timestamp":"2026-02-10T06:36:58.928111Z","level":"info","event":"Filling up the DagBag from /opt/airflow/dags/branch_pipeline.py","logger":"airflow.models.dagbag.BundleDagBag","filename":"dagbag.py","lineno":593}
{"timestamp":"2026-02-10T06:36:58.979847Z","level":"warning","event":"The `airflow.decorators.dag` attribute is deprecated. Please use `'airflow.sdk.dag'`.","category":"DeprecatedImportWarning","filename":"/opt/airflow/dags/branch_pipeline.py","lineno":1,"logger":"py.warnings"}
{"timestamp":"2026-02-10T06:36:58.980019Z","level":"warning","event":"The `airflow.decorators.task` attribute is deprecated. Please use `'airflow.sdk.task'`.","category":"DeprecatedImportWarning","filename":"/opt/airflow/dags/branch_pipeline.py","lineno":1,"logger":"py.warnings"}
{"timestamp":"2026-02-10T06:36:58.980094Z","level":"warning","event":"The `airflow.operators.python.BranchPythonOperator` attribute is deprecated. Please use `'airflow.providers.standard.operators.python.BranchPythonOperator'`.","category":"DeprecatedImportWarning","filename":"/opt/airflow/dags/branch_pipeline.py","lineno":2,"logger":"py.warnings"}
{"timestamp":"2026-02-10T06:36:58.980141Z","level":"warning","event":"The `airflow.operators.bash.BashOperator` attribute is deprecated. Please use `'airflow.providers.standard.operators.bash.BashOperator'`.","category":"DeprecatedImportWarning","filename":"/opt/airflow/dags/branch_pipeline.py","lineno":3,"logger":"py.warnings"}
{"timestamp":"2026-02-10T06:37:29.193902Z","level":"info","event":"Filling up the DagBag from /opt/airflow/dags/branch_pipeline.py","logger":"airflow.models.dagbag.BundleDagBag","filename":"dagbag.py","lineno":593}
{"timestamp":"2026-02-10T06:37:29.269641Z","level":"warning","event":"The `airflow.decorators.dag` attribute is deprecated. Please use `'airflow.sdk.dag'`.","category":"DeprecatedImportWarning","filename":"/opt/airflow/dags/branch_pipeline.py","lineno":1,"logger":"py.warnings"}
{"timestamp":"2026-02-10T06:37:29.269830Z","level":"warning","event":"The `airflow.decorators.task` attribute is deprecated. Please use `'airflow.sdk.task'`.","category":"DeprecatedImportWarning","filename":"/opt/airflow/dags/branch_pipeline.py","lineno":1,"logger":"py.warnings"}
{"timestamp":"2026-02-10T06:37:29.269901Z","level":"warning","event":"The `airflow.operators.python.BranchPythonOperator` attribute is deprecated. Please use `'airflow.providers.standard.operators.python.BranchPythonOperator'`.","category":"DeprecatedImportWarning","filename":"/opt/airflow/dags/branch_pipeline.py","lineno":2,"logger":"py.warnings"}
{"timestamp":"2026-02-10T06:37:29.269946Z","level":"warning","event":"The `airflow.operators.bash.BashOperator` attribute is deprecated. Please use `'airflow.providers.standard.operators.bash.BashOperator'`.","category":"DeprecatedImportWarning","filename":"/opt/airflow/dags/branch_pipeline.py","lineno":3,"logger":"py.warnings"}
{"timestamp":"2026-02-10T06:37:59.648468Z","level":"info","event":"Filling up the DagBag from /opt/airflow/dags/branch_pipeline.py","logger":"airflow.models.dagbag.BundleDagBag","filename":"dagbag.py","lineno":593}
{"timestamp":"2026-02-10T06:37:59.698184Z","level":"warning","event":"The `airflow.decorators.dag` attribute is deprecated. Please use `'airflow.sdk.dag'`.","category":"DeprecatedImportWarning","filename":"/opt/airflow/dags/branch_pipeline.py","lineno":1,"logger":"py.warnings"}
{"timestamp":"2026-02-10T06:37:59.698400Z","level":"warning","event":"The `airflow.decorators.task` attribute is deprecated. Please use `'airflow.sdk.task'`.","category":"DeprecatedImportWarning","filename":"/opt/airflow/dags/branch_pipeline.py","lineno":1,"logger":"py.warnings"}
{"timestamp":"2026-02-10T06:37:59.698468Z","level":"warning","event":"The `airflow.operators.python.BranchPythonOperator` attribute is deprecated. Please use `'airflow.providers.standard.operators.python.BranchPythonOperator'`.","category":"DeprecatedImportWarning","filename":"/opt/airflow/dags/branch_pipeline.py","lineno":2,"logger":"py.warnings"}
{"timestamp":"2026-02-10T06:37:59.698519Z","level":"warning","event":"The `airflow.operators.bash.BashOperator` attribute is deprecated. Please use `'airflow.providers.standard.operators.bash.BashOperator'`.","category":"DeprecatedImportWarning","filename":"/opt/airflow/dags/branch_pipeline.py","lineno":3,"logger":"py.warnings"}
{"timestamp":"2026-02-10T06:38:30.053491Z","level":"info","event":"Filling up the DagBag from /opt/airflow/dags/branch_pipeline.py","logger":"airflow.models.dagbag.BundleDagBag","filename":"dagbag.py","lineno":593}
{"timestamp":"2026-02-10T06:38:30.106867Z","level":"warning","event":"The `airflow.decorators.dag` attribute is deprecated. Please use `'airflow.sdk.dag'`.","category":"DeprecatedImportWarning","filename":"/opt/airflow/dags/branch_pipeline.py","lineno":1,"logger":"py.warnings"}
{"timestamp":"2026-02-10T06:38:30.107013Z","level":"warning","event":"The `airflow.decorators.task` attribute is deprecated. Please use `'airflow.sdk.task'`.","category":"DeprecatedImportWarning","filename":"/opt/airflow/dags/branch_pipeline.py","lineno":1,"logger":"py.warnings"}
{"timestamp":"2026-02-10T06:38:30.107072Z","level":"warning","event":"The `airflow.operators.python.BranchPythonOperator` attribute is deprecated. Please use `'airflow.providers.standard.operators.python.BranchPythonOperator'`.","category":"DeprecatedImportWarning","filename":"/opt/airflow/dags/branch_pipeline.py","lineno":2,"logger":"py.warnings"}
{"timestamp":"2026-02-10T06:38:30.107116Z","level":"warning","event":"The `airflow.operators.bash.BashOperator` attribute is deprecated. Please use `'airflow.providers.standard.operators.bash.BashOperator'`.","category":"DeprecatedImportWarning","filename":"/opt/airflow/dags/branch_pipeline.py","lineno":3,"logger":"py.warnings"}
{"timestamp":"2026-02-10T06:39:00.438765Z","level":"info","event":"Filling up the DagBag from /opt/airflow/dags/branch_pipeline.py","logger":"airflow.models.dagbag.BundleDagBag","filename":"dagbag.py","lineno":593}
{"timestamp":"2026-02-10T06:39:00.505997Z","level":"warning","event":"The `airflow.decorators.dag` attribute is deprecated. Please use `'airflow.sdk.dag'`.","category":"DeprecatedImportWarning","filename":"/opt/airflow/dags/branch_pipeline.py","lineno":1,"logger":"py.warnings"}
{"timestamp":"2026-02-10T06:39:00.506478Z","level":"warning","event":"The `airflow.decorators.task` attribute is deprecated. Please use `'airflow.sdk.task'`.","category":"DeprecatedImportWarning","filename":"/opt/airflow/dags/branch_pipeline.py","lineno":1,"logger":"py.warnings"}
{"timestamp":"2026-02-10T06:39:00.506677Z","level":"warning","event":"The `airflow.operators.python.BranchPythonOperator` attribute is deprecated. Please use `'airflow.providers.standard.operators.python.BranchPythonOperator'`.","category":"DeprecatedImportWarning","filename":"/opt/airflow/dags/branch_pipeline.py","lineno":2,"logger":"py.warnings"}
{"timestamp":"2026-02-10T06:39:00.506750Z","level":"warning","event":"The `airflow.operators.bash.BashOperator` attribute is deprecated. Please use `'airflow.providers.standard.operators.bash.BashOperator'`.","category":"DeprecatedImportWarning","filename":"/opt/airflow/dags/branch_pipeline.py","lineno":3,"logger":"py.warnings"}
{"timestamp":"2026-02-10T06:39:30.758991Z","level":"info","event":"Filling up the DagBag from /opt/airflow/dags/branch_pipeline.py","logger":"airflow.models.dagbag.BundleDagBag","filename":"dagbag.py","lineno":593}
{"timestamp":"2026-02-10T06:39:30.862316Z","level":"warning","event":"The `airflow.decorators.dag` attribute is deprecated. Please use `'airflow.sdk.dag'`.","category":"DeprecatedImportWarning","filename":"/opt/airflow/dags/branch_pipeline.py","lineno":1,"logger":"py.warnings"}
{"timestamp":"2026-02-10T06:39:30.862582Z","level":"warning","event":"The `airflow.decorators.task` attribute is deprecated. Please use `'airflow.sdk.task'`.","category":"DeprecatedImportWarning","filename":"/opt/airflow/dags/branch_pipeline.py","lineno":1,"logger":"py.warnings"}
{"timestamp":"2026-02-10T06:39:30.862643Z","level":"warning","event":"The `airflow.operators.python.BranchPythonOperator` attribute is deprecated. Please use `'airflow.providers.standard.operators.python.BranchPythonOperator'`.","category":"DeprecatedImportWarning","filename":"/opt/airflow/dags/branch_pipeline.py","lineno":2,"logger":"py.warnings"}
{"timestamp":"2026-02-10T06:39:30.862690Z","level":"warning","event":"The `airflow.operators.bash.BashOperator` attribute is deprecated. Please use `'airflow.providers.standard.operators.bash.BashOperator'`.","category":"DeprecatedImportWarning","filename":"/opt/airflow/dags/branch_pipeline.py","lineno":3,"logger":"py.warnings"}
{"timestamp":"2026-02-10T06:40:01.680537Z","level":"info","event":"Filling up the DagBag from /opt/airflow/dags/branch_pipeline.py","logger":"airflow.models.dagbag.BundleDagBag","filename":"dagbag.py","lineno":593}
{"timestamp":"2026-02-10T06:40:01.728956Z","level":"warning","event":"The `airflow.decorators.dag` attribute is deprecated. Please use `'airflow.sdk.dag'`.","category":"DeprecatedImportWarning","filename":"/opt/airflow/dags/branch_pipeline.py","lineno":1,"logger":"py.warnings"}
{"timestamp":"2026-02-10T06:40:01.729187Z","level":"warning","event":"The `airflow.decorators.task` attribute is deprecated. Please use `'airflow.sdk.task'`.","category":"DeprecatedImportWarning","filename":"/opt/airflow/dags/branch_pipeline.py","lineno":1,"logger":"py.warnings"}
{"timestamp":"2026-02-10T06:40:01.729267Z","level":"warning","event":"The `airflow.operators.python.BranchPythonOperator` attribute is deprecated. Please use `'airflow.providers.standard.operators.python.BranchPythonOperator'`.","category":"DeprecatedImportWarning","filename":"/opt/airflow/dags/branch_pipeline.py","lineno":2,"logger":"py.warnings"}
{"timestamp":"2026-02-10T06:40:01.729318Z","level":"warning","event":"The `airflow.operators.bash.BashOperator` attribute is deprecated. Please use `'airflow.providers.standard.operators.bash.BashOperator'`.","category":"DeprecatedImportWarning","filename":"/opt/airflow/dags/branch_pipeline.py","lineno":3,"logger":"py.warnings"}
{"timestamp":"2026-02-10T06:40:32.234766Z","level":"info","event":"Filling up the DagBag from /opt/airflow/dags/branch_pipeline.py","logger":"airflow.models.dagbag.BundleDagBag","filename":"dagbag.py","lineno":593}
{"timestamp":"2026-02-10T06:40:32.290426Z","level":"warning","event":"The `airflow.decorators.dag` attribute is deprecated. Please use `'airflow.sdk.dag'`.","category":"DeprecatedImportWarning","filename":"/opt/airflow/dags/branch_pipeline.py","lineno":1,"logger":"py.warnings"}
{"timestamp":"2026-02-10T06:40:32.290632Z","level":"warning","event":"The `airflow.decorators.task` attribute is deprecated. Please use `'airflow.sdk.task'`.","category":"DeprecatedImportWarning","filename":"/opt/airflow/dags/branch_pipeline.py","lineno":1,"logger":"py.warnings"}
{"timestamp":"2026-02-10T06:40:32.290738Z","level":"warning","event":"The `airflow.operators.python.BranchPythonOperator` attribute is deprecated. Please use `'airflow.providers.standard.operators.python.BranchPythonOperator'`.","category":"DeprecatedImportWarning","filename":"/opt/airflow/dags/branch_pipeline.py","lineno":2,"logger":"py.warnings"}
{"timestamp":"2026-02-10T06:40:32.290797Z","level":"warning","event":"The `airflow.operators.bash.BashOperator` attribute is deprecated. Please use `'airflow.providers.standard.operators.bash.BashOperator'`.","category":"DeprecatedImportWarning","filename":"/opt/airflow/dags/branch_pipeline.py","lineno":3,"logger":"py.warnings"}
{"timestamp":"2026-02-10T06:41:02.545633Z","level":"info","event":"Filling up the DagBag from /opt/airflow/dags/branch_pipeline.py","logger":"airflow.models.dagbag.BundleDagBag","filename":"dagbag.py","lineno":593}
{"timestamp":"2026-02-10T06:41:02.594456Z","level":"warning","event":"The `airflow.decorators.dag` attribute is deprecated. Please use `'airflow.sdk.dag'`.","category":"DeprecatedImportWarning","filename":"/opt/airflow/dags/branch_pipeline.py","lineno":1,"logger":"py.warnings"}
{"timestamp":"2026-02-10T06:41:02.594590Z","level":"warning","event":"The `airflow.decorators.task` attribute is deprecated. Please use `'airflow.sdk.task'`.","category":"DeprecatedImportWarning","filename":"/opt/airflow/dags/branch_pipeline.py","lineno":1,"logger":"py.warnings"}
{"timestamp":"2026-02-10T06:41:02.594644Z","level":"warning","event":"The `airflow.operators.python.BranchPythonOperator` attribute is deprecated. Please use `'airflow.providers.standard.operators.python.BranchPythonOperator'`.","category":"DeprecatedImportWarning","filename":"/opt/airflow/dags/branch_pipeline.py","lineno":2,"logger":"py.warnings"}
{"timestamp":"2026-02-10T06:41:02.594685Z","level":"warning","event":"The `airflow.operators.bash.BashOperator` attribute is deprecated. Please use `'airflow.providers.standard.operators.bash.BashOperator'`.","category":"DeprecatedImportWarning","filename":"/opt/airflow/dags/branch_pipeline.py","lineno":3,"logger":"py.warnings"}
{"timestamp":"2026-02-10T06:41:33.467389Z","level":"info","event":"Filling up the DagBag from /opt/airflow/dags/branch_pipeline.py","logger":"airflow.models.dagbag.BundleDagBag","filename":"dagbag.py","lineno":593}
{"timestamp":"2026-02-10T06:41:33.524639Z","level":"warning","event":"The `airflow.decorators.dag` attribute is deprecated. Please use `'airflow.sdk.dag'`.","category":"DeprecatedImportWarning","filename":"/opt/airflow/dags/branch_pipeline.py","lineno":1,"logger":"py.warnings"}
{"timestamp":"2026-02-10T06:41:33.524850Z","level":"warning","event":"The `airflow.decorators.task` attribute is deprecated. Please use `'airflow.sdk.task'`.","category":"DeprecatedImportWarning","filename":"/opt/airflow/dags/branch_pipeline.py","lineno":1,"logger":"py.warnings"}
{"timestamp":"2026-02-10T06:41:33.524924Z","level":"warning","event":"The `airflow.operators.python.BranchPythonOperator` attribute is deprecated. Please use `'airflow.providers.standard.operators.python.BranchPythonOperator'`.","category":"DeprecatedImportWarning","filename":"/opt/airflow/dags/branch_pipeline.py","lineno":2,"logger":"py.warnings"}
{"timestamp":"2026-02-10T06:41:33.525005Z","level":"warning","event":"The `airflow.operators.bash.BashOperator` attribute is deprecated. Please use `'airflow.providers.standard.operators.bash.BashOperator'`.","category":"DeprecatedImportWarning","filename":"/opt/airflow/dags/branch_pipeline.py","lineno":3,"logger":"py.warnings"}
{"timestamp":"2026-02-10T06:42:03.778637Z","level":"info","event":"Filling up the DagBag from /opt/airflow/dags/branch_pipeline.py","logger":"airflow.models.dagbag.BundleDagBag","filename":"dagbag.py","lineno":593}
{"timestamp":"2026-02-10T06:42:03.830678Z","level":"warning","event":"The `airflow.decorators.dag` attribute is deprecated. Please use `'airflow.sdk.dag'`.","category":"DeprecatedImportWarning","filename":"/opt/airflow/dags/branch_pipeline.py","lineno":1,"logger":"py.warnings"}
{"timestamp":"2026-02-10T06:42:03.831073Z","level":"warning","event":"The `airflow.decorators.task` attribute is deprecated. Please use `'airflow.sdk.task'`.","category":"DeprecatedImportWarning","filename":"/opt/airflow/dags/branch_pipeline.py","lineno":1,"logger":"py.warnings"}
{"timestamp":"2026-02-10T06:42:03.831228Z","level":"warning","event":"The `airflow.operators.python.BranchPythonOperator` attribute is deprecated. Please use `'airflow.providers.standard.operators.python.BranchPythonOperator'`.","category":"DeprecatedImportWarning","filename":"/opt/airflow/dags/branch_pipeline.py","lineno":2,"logger":"py.warnings"}
{"timestamp":"2026-02-10T06:42:03.831323Z","level":"warning","event":"The `airflow.operators.bash.BashOperator` attribute is deprecated. Please use `'airflow.providers.standard.operators.bash.BashOperator'`.","category":"DeprecatedImportWarning","filename":"/opt/airflow/dags/branch_pipeline.py","lineno":3,"logger":"py.warnings"}
{"timestamp":"2026-02-10T06:42:34.798311Z","level":"info","event":"Filling up the DagBag from /opt/airflow/dags/branch_pipeline.py","logger":"airflow.models.dagbag.BundleDagBag","filename":"dagbag.py","lineno":593}
{"timestamp":"2026-02-10T06:42:34.850698Z","level":"warning","event":"The `airflow.decorators.dag` attribute is deprecated. Please use `'airflow.sdk.dag'`.","category":"DeprecatedImportWarning","filename":"/opt/airflow/dags/branch_pipeline.py","lineno":1,"logger":"py.warnings"}
{"timestamp":"2026-02-10T06:42:34.850914Z","level":"warning","event":"The `airflow.decorators.task` attribute is deprecated. Please use `'airflow.sdk.task'`.","category":"DeprecatedImportWarning","filename":"/opt/airflow/dags/branch_pipeline.py","lineno":1,"logger":"py.warnings"}
{"timestamp":"2026-02-10T06:42:34.850983Z","level":"warning","event":"The `airflow.operators.python.BranchPythonOperator` attribute is deprecated. Please use `'airflow.providers.standard.operators.python.BranchPythonOperator'`.","category":"DeprecatedImportWarning","filename":"/opt/airflow/dags/branch_pipeline.py","lineno":2,"logger":"py.warnings"}
{"timestamp":"2026-02-10T06:42:34.851032Z","level":"warning","event":"The `airflow.operators.bash.BashOperator` attribute is deprecated. Please use `'airflow.providers.standard.operators.bash.BashOperator'`.","category":"DeprecatedImportWarning","filename":"/opt/airflow/dags/branch_pipeline.py","lineno":3,"logger":"py.warnings"}
{"timestamp":"2026-02-10T06:43:05.119660Z","level":"info","event":"Filling up the DagBag from /opt/airflow/dags/branch_pipeline.py","logger":"airflow.models.dagbag.BundleDagBag","filename":"dagbag.py","lineno":593}
{"timestamp":"2026-02-10T06:43:05.208800Z","level":"warning","event":"The `airflow.decorators.dag` attribute is deprecated. Please use `'airflow.sdk.dag'`.","category":"DeprecatedImportWarning","filename":"/opt/airflow/dags/branch_pipeline.py","lineno":1,"logger":"py.warnings"}
{"timestamp":"2026-02-10T06:43:05.209128Z","level":"warning","event":"The `airflow.decorators.task` attribute is deprecated. Please use `'airflow.sdk.task'`.","category":"DeprecatedImportWarning","filename":"/opt/airflow/dags/branch_pipeline.py","lineno":1,"logger":"py.warnings"}
{"timestamp":"2026-02-10T06:43:05.209270Z","level":"warning","event":"The `airflow.operators.python.BranchPythonOperator` attribute is deprecated. Please use `'airflow.providers.standard.operators.python.BranchPythonOperator'`.","category":"DeprecatedImportWarning","filename":"/opt/airflow/dags/branch_pipeline.py","lineno":2,"logger":"py.warnings"}
{"timestamp":"2026-02-10T06:43:05.209394Z","level":"warning","event":"The `airflow.operators.bash.BashOperator` attribute is deprecated. Please use `'airflow.providers.standard.operators.bash.BashOperator'`.","category":"DeprecatedImportWarning","filename":"/opt/airflow/dags/branch_pipeline.py","lineno":3,"logger":"py.warnings"}
{"timestamp":"2026-02-10T06:43:36.487048Z","level":"info","event":"Filling up the DagBag from /opt/airflow/dags/branch_pipeline.py","logger":"airflow.models.dagbag.BundleDagBag","filename":"dagbag.py","lineno":593}
{"timestamp":"2026-02-10T06:43:36.549129Z","level":"warning","event":"The `airflow.decorators.dag` attribute is deprecated. Please use `'airflow.sdk.dag'`.","category":"DeprecatedImportWarning","filename":"/opt/airflow/dags/branch_pipeline.py","lineno":1,"logger":"py.warnings"}
{"timestamp":"2026-02-10T06:43:36.549273Z","level":"warning","event":"The `airflow.decorators.task` attribute is deprecated. Please use `'airflow.sdk.task'`.","category":"DeprecatedImportWarning","filename":"/opt/airflow/dags/branch_pipeline.py","lineno":1,"logger":"py.warnings"}
{"timestamp":"2026-02-10T06:43:36.549338Z","level":"warning","event":"The `airflow.operators.python.BranchPythonOperator` attribute is deprecated. Please use `'airflow.providers.standard.operators.python.BranchPythonOperator'`.","category":"DeprecatedImportWarning","filename":"/opt/airflow/dags/branch_pipeline.py","lineno":2,"logger":"py.warnings"}
{"timestamp":"2026-02-10T06:43:36.549394Z","level":"warning","event":"The `airflow.operators.bash.BashOperator` attribute is deprecated. Please use `'airflow.providers.standard.operators.bash.BashOperator'`.","category":"DeprecatedImportWarning","filename":"/opt/airflow/dags/branch_pipeline.py","lineno":3,"logger":"py.warnings"}
{"timestamp":"2026-02-10T06:44:08.758953Z","level":"info","event":"Filling up the DagBag from /opt/airflow/dags/branch_pipeline.py","logger":"airflow.models.dagbag.BundleDagBag","filename":"dagbag.py","lineno":593}
{"timestamp":"2026-02-10T06:44:08.822282Z","level":"warning","event":"The `airflow.decorators.dag` attribute is deprecated. Please use `'airflow.sdk.dag'`.","category":"DeprecatedImportWarning","filename":"/opt/airflow/dags/branch_pipeline.py","lineno":1,"logger":"py.warnings"}
{"timestamp":"2026-02-10T06:44:08.822444Z","level":"warning","event":"The `airflow.decorators.task` attribute is deprecated. Please use `'airflow.sdk.task'`.","category":"DeprecatedImportWarning","filename":"/opt/airflow/dags/branch_pipeline.py","lineno":1,"logger":"py.warnings"}
{"timestamp":"2026-02-10T06:44:08.822541Z","level":"warning","event":"The `airflow.operators.python.BranchPythonOperator` attribute is deprecated. Please use `'airflow.providers.standard.operators.python.BranchPythonOperator'`.","category":"DeprecatedImportWarning","filename":"/opt/airflow/dags/branch_pipeline.py","lineno":2,"logger":"py.warnings"}
{"timestamp":"2026-02-10T06:44:08.822619Z","level":"warning","event":"The `airflow.operators.bash.BashOperator` attribute is deprecated. Please use `'airflow.providers.standard.operators.bash.BashOperator'`.","category":"DeprecatedImportWarning","filename":"/opt/airflow/dags/branch_pipeline.py","lineno":3,"logger":"py.warnings"}
{"timestamp":"2026-02-10T06:44:40.853009Z","level":"info","event":"Filling up the DagBag from /opt/airflow/dags/branch_pipeline.py","logger":"airflow.models.dagbag.BundleDagBag","filename":"dagbag.py","lineno":593}
{"timestamp":"2026-02-10T06:44:40.896671Z","level":"warning","event":"The `airflow.decorators.dag` attribute is deprecated. Please use `'airflow.sdk.dag'`.","category":"DeprecatedImportWarning","filename":"/opt/airflow/dags/branch_pipeline.py","lineno":1,"logger":"py.warnings"}
{"timestamp":"2026-02-10T06:44:40.896950Z","level":"warning","event":"The `airflow.decorators.task` attribute is deprecated. Please use `'airflow.sdk.task'`.","category":"DeprecatedImportWarning","filename":"/opt/airflow/dags/branch_pipeline.py","lineno":1,"logger":"py.warnings"}
{"timestamp":"2026-02-10T06:44:40.897019Z","level":"warning","event":"The `airflow.operators.python.BranchPythonOperator` attribute is deprecated. Please use `'airflow.providers.standard.operators.python.BranchPythonOperator'`.","category":"DeprecatedImportWarning","filename":"/opt/airflow/dags/branch_pipeline.py","lineno":2,"logger":"py.warnings"}
{"timestamp":"2026-02-10T06:44:40.897070Z","level":"warning","event":"The `airflow.operators.bash.BashOperator` attribute is deprecated. Please use `'airflow.providers.standard.operators.bash.BashOperator'`.","category":"DeprecatedImportWarning","filename":"/opt/airflow/dags/branch_pipeline.py","lineno":3,"logger":"py.warnings"}
{"timestamp":"2026-02-10T06:45:12.753357Z","level":"info","event":"Filling up the DagBag from /opt/airflow/dags/branch_pipeline.py","logger":"airflow.models.dagbag.BundleDagBag","filename":"dagbag.py","lineno":593}
{"timestamp":"2026-02-10T06:45:12.797638Z","level":"warning","event":"The `airflow.decorators.dag` attribute is deprecated. Please use `'airflow.sdk.dag'`.","category":"DeprecatedImportWarning","filename":"/opt/airflow/dags/branch_pipeline.py","lineno":1,"logger":"py.warnings"}
{"timestamp":"2026-02-10T06:45:12.797787Z","level":"warning","event":"The `airflow.decorators.task` attribute is deprecated. Please use `'airflow.sdk.task'`.","category":"DeprecatedImportWarning","filename":"/opt/airflow/dags/branch_pipeline.py","lineno":1,"logger":"py.warnings"}
{"timestamp":"2026-02-10T06:45:12.797884Z","level":"warning","event":"The `airflow.operators.python.BranchPythonOperator` attribute is deprecated. Please use `'airflow.providers.standard.operators.python.BranchPythonOperator'`.","category":"DeprecatedImportWarning","filename":"/opt/airflow/dags/branch_pipeline.py","lineno":2,"logger":"py.warnings"}
{"timestamp":"2026-02-10T06:45:12.797933Z","level":"warning","event":"The `airflow.operators.bash.BashOperator` attribute is deprecated. Please use `'airflow.providers.standard.operators.bash.BashOperator'`.","category":"DeprecatedImportWarning","filename":"/opt/airflow/dags/branch_pipeline.py","lineno":3,"logger":"py.warnings"}
{"timestamp":"2026-02-10T06:45:44.880750Z","level":"info","event":"Filling up the DagBag from /opt/airflow/dags/branch_pipeline.py","logger":"airflow.models.dagbag.BundleDagBag","filename":"dagbag.py","lineno":593}
{"timestamp":"2026-02-10T06:45:44.944581Z","level":"warning","event":"The `airflow.decorators.dag` attribute is deprecated. Please use `'airflow.sdk.dag'`.","category":"DeprecatedImportWarning","filename":"/opt/airflow/dags/branch_pipeline.py","lineno":1,"logger":"py.warnings"}
{"timestamp":"2026-02-10T06:45:44.944819Z","level":"warning","event":"The `airflow.decorators.task` attribute is deprecated. Please use `'airflow.sdk.task'`.","category":"DeprecatedImportWarning","filename":"/opt/airflow/dags/branch_pipeline.py","lineno":1,"logger":"py.warnings"}
{"timestamp":"2026-02-10T06:45:44.944882Z","level":"warning","event":"The `airflow.operators.python.BranchPythonOperator` attribute is deprecated. Please use `'airflow.providers.standard.operators.python.BranchPythonOperator'`.","category":"DeprecatedImportWarning","filename":"/opt/airflow/dags/branch_pipeline.py","lineno":2,"logger":"py.warnings"}
{"timestamp":"2026-02-10T06:45:44.944937Z","level":"warning","event":"The `airflow.operators.bash.BashOperator` attribute is deprecated. Please use `'airflow.providers.standard.operators.bash.BashOperator'`.","category":"DeprecatedImportWarning","filename":"/opt/airflow/dags/branch_pipeline.py","lineno":3,"logger":"py.warnings"}
{"timestamp":"2026-02-10T06:46:16.971010Z","level":"info","event":"Filling up the DagBag from /opt/airflow/dags/branch_pipeline.py","logger":"airflow.models.dagbag.BundleDagBag","filename":"dagbag.py","lineno":593}
{"timestamp":"2026-02-10T06:46:17.013388Z","level":"warning","event":"The `airflow.decorators.dag` attribute is deprecated. Please use `'airflow.sdk.dag'`.","category":"DeprecatedImportWarning","filename":"/opt/airflow/dags/branch_pipeline.py","lineno":1,"logger":"py.warnings"}
{"timestamp":"2026-02-10T06:46:17.013501Z","level":"warning","event":"The `airflow.decorators.task` attribute is deprecated. Please use `'airflow.sdk.task'`.","category":"DeprecatedImportWarning","filename":"/opt/airflow/dags/branch_pipeline.py","lineno":1,"logger":"py.warnings"}
{"timestamp":"2026-02-10T06:46:17.013561Z","level":"warning","event":"The `airflow.operators.python.BranchPythonOperator` attribute is deprecated. Please use `'airflow.providers.standard.operators.python.BranchPythonOperator'`.","category":"DeprecatedImportWarning","filename":"/opt/airflow/dags/branch_pipeline.py","lineno":2,"logger":"py.warnings"}
{"timestamp":"2026-02-10T06:46:17.013611Z","level":"warning","event":"The `airflow.operators.bash.BashOperator` attribute is deprecated. Please use `'airflow.providers.standard.operators.bash.BashOperator'`.","category":"DeprecatedImportWarning","filename":"/opt/airflow/dags/branch_pipeline.py","lineno":3,"logger":"py.warnings"}
{"timestamp":"2026-02-10T06:46:49.030546Z","level":"info","event":"Filling up the DagBag from /opt/airflow/dags/branch_pipeline.py","logger":"airflow.models.dagbag.BundleDagBag","filename":"dagbag.py","lineno":593}
{"timestamp":"2026-02-10T06:46:49.117243Z","level":"warning","event":"The `airflow.decorators.dag` attribute is deprecated. Please use `'airflow.sdk.dag'`.","category":"DeprecatedImportWarning","filename":"/opt/airflow/dags/branch_pipeline.py","lineno":1,"logger":"py.warnings"}
{"timestamp":"2026-02-10T06:46:49.117464Z","level":"warning","event":"The `airflow.decorators.task` attribute is deprecated. Please use `'airflow.sdk.task'`.","category":"DeprecatedImportWarning","filename":"/opt/airflow/dags/branch_pipeline.py","lineno":1,"logger":"py.warnings"}
{"timestamp":"2026-02-10T06:46:49.117642Z","level":"warning","event":"The `airflow.operators.python.BranchPythonOperator` attribute is deprecated. Please use `'airflow.providers.standard.operators.python.BranchPythonOperator'`.","category":"DeprecatedImportWarning","filename":"/opt/airflow/dags/branch_pipeline.py","lineno":2,"logger":"py.warnings"}
{"timestamp":"2026-02-10T06:46:49.117761Z","level":"warning","event":"The `airflow.operators.bash.BashOperator` attribute is deprecated. Please use `'airflow.providers.standard.operators.bash.BashOperator'`.","category":"DeprecatedImportWarning","filename":"/opt/airflow/dags/branch_pipeline.py","lineno":3,"logger":"py.warnings"}
{"timestamp":"2026-02-10T06:47:21.145138Z","level":"info","event":"Filling up the DagBag from /opt/airflow/dags/branch_pipeline.py","logger":"airflow.models.dagbag.BundleDagBag","filename":"dagbag.py","lineno":593}
{"timestamp":"2026-02-10T06:47:21.204780Z","level":"warning","event":"The `airflow.decorators.dag` attribute is deprecated. Please use `'airflow.sdk.dag'`.","category":"DeprecatedImportWarning","filename":"/opt/airflow/dags/branch_pipeline.py","lineno":1,"logger":"py.warnings"}
{"timestamp":"2026-02-10T06:47:21.205038Z","level":"warning","event":"The `airflow.decorators.task` attribute is deprecated. Please use `'airflow.sdk.task'`.","category":"DeprecatedImportWarning","filename":"/opt/airflow/dags/branch_pipeline.py","lineno":1,"logger":"py.warnings"}
{"timestamp":"2026-02-10T06:47:21.205111Z","level":"warning","event":"The `airflow.operators.python.BranchPythonOperator` attribute is deprecated. Please use `'airflow.providers.standard.operators.python.BranchPythonOperator'`.","category":"DeprecatedImportWarning","filename":"/opt/airflow/dags/branch_pipeline.py","lineno":2,"logger":"py.warnings"}
{"timestamp":"2026-02-10T06:47:21.205291Z","level":"warning","event":"The `airflow.operators.bash.BashOperator` attribute is deprecated. Please use `'airflow.providers.standard.operators.bash.BashOperator'`.","category":"DeprecatedImportWarning","filename":"/opt/airflow/dags/branch_pipeline.py","lineno":3,"logger":"py.warnings"}
{"timestamp":"2026-02-10T06:47:53.706002Z","level":"info","event":"Filling up the DagBag from /opt/airflow/dags/branch_pipeline.py","logger":"airflow.models.dagbag.BundleDagBag","filename":"dagbag.py","lineno":593}
{"timestamp":"2026-02-10T06:47:53.768455Z","level":"warning","event":"The `airflow.decorators.dag` attribute is deprecated. Please use `'airflow.sdk.dag'`.","category":"DeprecatedImportWarning","filename":"/opt/airflow/dags/branch_pipeline.py","lineno":1,"logger":"py.warnings"}
{"timestamp":"2026-02-10T06:47:53.768592Z","level":"warning","event":"The `airflow.decorators.task` attribute is deprecated. Please use `'airflow.sdk.task'`.","category":"DeprecatedImportWarning","filename":"/opt/airflow/dags/branch_pipeline.py","lineno":1,"logger":"py.warnings"}
{"timestamp":"2026-02-10T06:47:53.768653Z","level":"warning","event":"The `airflow.operators.python.BranchPythonOperator` attribute is deprecated. Please use `'airflow.providers.standard.operators.python.BranchPythonOperator'`.","category":"DeprecatedImportWarning","filename":"/opt/airflow/dags/branch_pipeline.py","lineno":2,"logger":"py.warnings"}
{"timestamp":"2026-02-10T06:47:53.768705Z","level":"warning","event":"The `airflow.operators.bash.BashOperator` attribute is deprecated. Please use `'airflow.providers.standard.operators.bash.BashOperator'`.","category":"DeprecatedImportWarning","filename":"/opt/airflow/dags/branch_pipeline.py","lineno":3,"logger":"py.warnings"}
{"timestamp":"2026-02-10T06:48:25.922259Z","level":"info","event":"Filling up the DagBag from /opt/airflow/dags/branch_pipeline.py","logger":"airflow.models.dagbag.BundleDagBag","filename":"dagbag.py","lineno":593}
{"timestamp":"2026-02-10T06:48:25.975442Z","level":"warning","event":"The `airflow.decorators.dag` attribute is deprecated. Please use `'airflow.sdk.dag'`.","category":"DeprecatedImportWarning","filename":"/opt/airflow/dags/branch_pipeline.py","lineno":1,"logger":"py.warnings"}
{"timestamp":"2026-02-10T06:48:25.975673Z","level":"warning","event":"The `airflow.decorators.task` attribute is deprecated. Please use `'airflow.sdk.task'`.","category":"DeprecatedImportWarning","filename":"/opt/airflow/dags/branch_pipeline.py","lineno":1,"logger":"py.warnings"}
{"timestamp":"2026-02-10T06:48:25.975756Z","level":"warning","event":"The `airflow.operators.python.BranchPythonOperator` attribute is deprecated. Please use `'airflow.providers.standard.operators.python.BranchPythonOperator'`.","category":"DeprecatedImportWarning","filename":"/opt/airflow/dags/branch_pipeline.py","lineno":2,"logger":"py.warnings"}
{"timestamp":"2026-02-10T06:48:25.975811Z","level":"warning","event":"The `airflow.operators.bash.BashOperator` attribute is deprecated. Please use `'airflow.providers.standard.operators.bash.BashOperator'`.","category":"DeprecatedImportWarning","filename":"/opt/airflow/dags/branch_pipeline.py","lineno":3,"logger":"py.warnings"}
{"timestamp":"2026-02-10T06:48:56.455443Z","level":"info","event":"Filling up the DagBag from /opt/airflow/dags/branch_pipeline.py","logger":"airflow.models.dagbag.BundleDagBag","filename":"dagbag.py","lineno":593}
{"timestamp":"2026-02-10T06:48:56.505682Z","level":"warning","event":"The `airflow.decorators.dag` attribute is deprecated. Please use `'airflow.sdk.dag'`.","category":"DeprecatedImportWarning","filename":"/opt/airflow/dags/branch_pipeline.py","lineno":1,"logger":"py.warnings"}
{"timestamp":"2026-02-10T06:48:56.505876Z","level":"warning","event":"The `airflow.decorators.task` attribute is deprecated. Please use `'airflow.sdk.task'`.","category":"DeprecatedImportWarning","filename":"/opt/airflow/dags/branch_pipeline.py","lineno":1,"logger":"py.warnings"}
{"timestamp":"2026-02-10T06:48:56.505933Z","level":"warning","event":"The `airflow.operators.python.BranchPythonOperator` attribute is deprecated. Please use `'airflow.providers.standard.operators.python.BranchPythonOperator'`.","category":"DeprecatedImportWarning","filename":"/opt/airflow/dags/branch_pipeline.py","lineno":2,"logger":"py.warnings"}
{"timestamp":"2026-02-10T06:48:56.505981Z","level":"warning","event":"The `airflow.operators.bash.BashOperator` attribute is deprecated. Please use `'airflow.providers.standard.operators.bash.BashOperator'`.","category":"DeprecatedImportWarning","filename":"/opt/airflow/dags/branch_pipeline.py","lineno":3,"logger":"py.warnings"}
{"timestamp":"2026-02-10T06:49:26.797364Z","level":"info","event":"Filling up the DagBag from /opt/airflow/dags/branch_pipeline.py","logger":"airflow.models.dagbag.BundleDagBag","filename":"dagbag.py","lineno":593}
{"timestamp":"2026-02-10T06:49:26.837938Z","level":"warning","event":"The `airflow.decorators.dag` attribute is deprecated. Please use `'airflow.sdk.dag'`.","category":"DeprecatedImportWarning","filename":"/opt/airflow/dags/branch_pipeline.py","lineno":1,"logger":"py.warnings"}
{"timestamp":"2026-02-10T06:49:26.838071Z","level":"warning","event":"The `airflow.decorators.task` attribute is deprecated. Please use `'airflow.sdk.task'`.","category":"DeprecatedImportWarning","filename":"/opt/airflow/dags/branch_pipeline.py","lineno":1,"logger":"py.warnings"}
{"timestamp":"2026-02-10T06:49:26.838129Z","level":"warning","event":"The `airflow.operators.python.BranchPythonOperator` attribute is deprecated. Please use `'airflow.providers.standard.operators.python.BranchPythonOperator'`.","category":"DeprecatedImportWarning","filename":"/opt/airflow/dags/branch_pipeline.py","lineno":2,"logger":"py.warnings"}
{"timestamp":"2026-02-10T06:49:26.838173Z","level":"warning","event":"The `airflow.operators.bash.BashOperator` attribute is deprecated. Please use `'airflow.providers.standard.operators.bash.BashOperator'`.","category":"DeprecatedImportWarning","filename":"/opt/airflow/dags/branch_pipeline.py","lineno":3,"logger":"py.warnings"}
{"timestamp":"2026-02-10T06:49:57.475736Z","level":"info","event":"Filling up the DagBag from /opt/airflow/dags/branch_pipeline.py","logger":"airflow.models.dagbag.BundleDagBag","filename":"dagbag.py","lineno":593}
{"timestamp":"2026-02-10T06:49:57.594049Z","level":"warning","event":"The `airflow.decorators.dag` attribute is deprecated. Please use `'airflow.sdk.dag'`.","category":"DeprecatedImportWarning","filename":"/opt/airflow/dags/branch_pipeline.py","lineno":1,"logger":"py.warnings"}
{"timestamp":"2026-02-10T06:49:57.594306Z","level":"warning","event":"The `airflow.decorators.task` attribute is deprecated. Please use `'airflow.sdk.task'`.","category":"DeprecatedImportWarning","filename":"/opt/airflow/dags/branch_pipeline.py","lineno":1,"logger":"py.warnings"}
{"timestamp":"2026-02-10T06:49:57.594395Z","level":"warning","event":"The `airflow.operators.python.BranchPythonOperator` attribute is deprecated. Please use `'airflow.providers.standard.operators.python.BranchPythonOperator'`.","category":"DeprecatedImportWarning","filename":"/opt/airflow/dags/branch_pipeline.py","lineno":2,"logger":"py.warnings"}
{"timestamp":"2026-02-10T06:49:57.594470Z","level":"warning","event":"The `airflow.operators.bash.BashOperator` attribute is deprecated. Please use `'airflow.providers.standard.operators.bash.BashOperator'`.","category":"DeprecatedImportWarning","filename":"/opt/airflow/dags/branch_pipeline.py","lineno":3,"logger":"py.warnings"}
{"timestamp":"2026-02-10T06:50:28.103384Z","level":"info","event":"Filling up the DagBag from /opt/airflow/dags/branch_pipeline.py","logger":"airflow.models.dagbag.BundleDagBag","filename":"dagbag.py","lineno":593}
{"timestamp":"2026-02-10T06:50:28.155171Z","level":"warning","event":"The `airflow.decorators.dag` attribute is deprecated. Please use `'airflow.sdk.dag'`.","category":"DeprecatedImportWarning","filename":"/opt/airflow/dags/branch_pipeline.py","lineno":1,"logger":"py.warnings"}
{"timestamp":"2026-02-10T06:50:28.155297Z","level":"warning","event":"The `airflow.decorators.task` attribute is deprecated. Please use `'airflow.sdk.task'`.","category":"DeprecatedImportWarning","filename":"/opt/airflow/dags/branch_pipeline.py","lineno":1,"logger":"py.warnings"}
{"timestamp":"2026-02-10T06:50:28.155351Z","level":"warning","event":"The `airflow.operators.python.BranchPythonOperator` attribute is deprecated. Please use `'airflow.providers.standard.operators.python.BranchPythonOperator'`.","category":"DeprecatedImportWarning","filename":"/opt/airflow/dags/branch_pipeline.py","lineno":2,"logger":"py.warnings"}
{"timestamp":"2026-02-10T06:50:28.155396Z","level":"warning","event":"The `airflow.operators.bash.BashOperator` attribute is deprecated. Please use `'airflow.providers.standard.operators.bash.BashOperator'`.","category":"DeprecatedImportWarning","filename":"/opt/airflow/dags/branch_pipeline.py","lineno":3,"logger":"py.warnings"}
{"timestamp":"2026-02-10T06:50:58.571347Z","level":"info","event":"Filling up the DagBag from /opt/airflow/dags/branch_pipeline.py","logger":"airflow.models.dagbag.BundleDagBag","filename":"dagbag.py","lineno":593}
{"timestamp":"2026-02-10T06:50:58.623924Z","level":"warning","event":"The `airflow.decorators.dag` attribute is deprecated. Please use `'airflow.sdk.dag'`.","category":"DeprecatedImportWarning","filename":"/opt/airflow/dags/branch_pipeline.py","lineno":1,"logger":"py.warnings"}
{"timestamp":"2026-02-10T06:50:58.624049Z","level":"warning","event":"The `airflow.decorators.task` attribute is deprecated. Please use `'airflow.sdk.task'`.","category":"DeprecatedImportWarning","filename":"/opt/airflow/dags/branch_pipeline.py","lineno":1,"logger":"py.warnings"}
{"timestamp":"2026-02-10T06:50:58.624105Z","level":"warning","event":"The `airflow.operators.python.BranchPythonOperator` attribute is deprecated. Please use `'airflow.providers.standard.operators.python.BranchPythonOperator'`.","category":"DeprecatedImportWarning","filename":"/opt/airflow/dags/branch_pipeline.py","lineno":2,"logger":"py.warnings"}
{"timestamp":"2026-02-10T06:50:58.624145Z","level":"warning","event":"The `airflow.operators.bash.BashOperator` attribute is deprecated. Please use `'airflow.providers.standard.operators.bash.BashOperator'`.","category":"DeprecatedImportWarning","filename":"/opt/airflow/dags/branch_pipeline.py","lineno":3,"logger":"py.warnings"}
{"timestamp":"2026-02-10T06:51:29.584304Z","level":"info","event":"Filling up the DagBag from /opt/airflow/dags/branch_pipeline.py","logger":"airflow.models.dagbag.BundleDagBag","filename":"dagbag.py","lineno":593}
{"timestamp":"2026-02-10T06:51:29.689641Z","level":"warning","event":"The `airflow.decorators.dag` attribute is deprecated. Please use `'airflow.sdk.dag'`.","category":"DeprecatedImportWarning","filename":"/opt/airflow/dags/branch_pipeline.py","lineno":1,"logger":"py.warnings"}
{"timestamp":"2026-02-10T06:51:29.690117Z","level":"warning","event":"The `airflow.decorators.task` attribute is deprecated. Please use `'airflow.sdk.task'`.","category":"DeprecatedImportWarning","filename":"/opt/airflow/dags/branch_pipeline.py","lineno":1,"logger":"py.warnings"}
{"timestamp":"2026-02-10T06:51:29.690978Z","level":"warning","event":"The `airflow.operators.python.BranchPythonOperator` attribute is deprecated. Please use `'airflow.providers.standard.operators.python.BranchPythonOperator'`.","category":"DeprecatedImportWarning","filename":"/opt/airflow/dags/branch_pipeline.py","lineno":2,"logger":"py.warnings"}
{"timestamp":"2026-02-10T06:51:29.691780Z","level":"warning","event":"The `airflow.operators.bash.BashOperator` attribute is deprecated. Please use `'airflow.providers.standard.operators.bash.BashOperator'`.","category":"DeprecatedImportWarning","filename":"/opt/airflow/dags/branch_pipeline.py","lineno":3,"logger":"py.warnings"}
{"timestamp":"2026-02-10T06:52:00.137597Z","level":"info","event":"Filling up the DagBag from /opt/airflow/dags/branch_pipeline.py","logger":"airflow.models.dagbag.BundleDagBag","filename":"dagbag.py","lineno":593}
{"timestamp":"2026-02-10T06:52:00.181328Z","level":"warning","event":"The `airflow.decorators.dag` attribute is deprecated. Please use `'airflow.sdk.dag'`.","category":"DeprecatedImportWarning","filename":"/opt/airflow/dags/branch_pipeline.py","lineno":1,"logger":"py.warnings"}
{"timestamp":"2026-02-10T06:52:00.181470Z","level":"warning","event":"The `airflow.decorators.task` attribute is deprecated. Please use `'airflow.sdk.task'`.","category":"DeprecatedImportWarning","filename":"/opt/airflow/dags/branch_pipeline.py","lineno":1,"logger":"py.warnings"}
{"timestamp":"2026-02-10T06:52:00.181524Z","level":"warning","event":"The `airflow.operators.python.BranchPythonOperator` attribute is deprecated. Please use `'airflow.providers.standard.operators.python.BranchPythonOperator'`.","category":"DeprecatedImportWarning","filename":"/opt/airflow/dags/branch_pipeline.py","lineno":2,"logger":"py.warnings"}
{"timestamp":"2026-02-10T06:52:00.181567Z","level":"warning","event":"The `airflow.operators.bash.BashOperator` attribute is deprecated. Please use `'airflow.providers.standard.operators.bash.BashOperator'`.","category":"DeprecatedImportWarning","filename":"/opt/airflow/dags/branch_pipeline.py","lineno":3,"logger":"py.warnings"}
{"timestamp":"2026-02-10T06:52:30.380612Z","level":"info","event":"Filling up the DagBag from /opt/airflow/dags/branch_pipeline.py","logger":"airflow.models.dagbag.BundleDagBag","filename":"dagbag.py","lineno":593}
{"timestamp":"2026-02-10T06:52:30.431982Z","level":"warning","event":"The `airflow.decorators.dag` attribute is deprecated. Please use `'airflow.sdk.dag'`.","category":"DeprecatedImportWarning","filename":"/opt/airflow/dags/branch_pipeline.py","lineno":1,"logger":"py.warnings"}
{"timestamp":"2026-02-10T06:52:30.432137Z","level":"warning","event":"The `airflow.decorators.task` attribute is deprecated. Please use `'airflow.sdk.task'`.","category":"DeprecatedImportWarning","filename":"/opt/airflow/dags/branch_pipeline.py","lineno":1,"logger":"py.warnings"}
{"timestamp":"2026-02-10T06:52:30.432198Z","level":"warning","event":"The `airflow.operators.python.BranchPythonOperator` attribute is deprecated. Please use `'airflow.providers.standard.operators.python.BranchPythonOperator'`.","category":"DeprecatedImportWarning","filename":"/opt/airflow/dags/branch_pipeline.py","lineno":2,"logger":"py.warnings"}
{"timestamp":"2026-02-10T06:52:30.432240Z","level":"warning","event":"The `airflow.operators.bash.BashOperator` attribute is deprecated. Please use `'airflow.providers.standard.operators.bash.BashOperator'`.","category":"DeprecatedImportWarning","filename":"/opt/airflow/dags/branch_pipeline.py","lineno":3,"logger":"py.warnings"}
{"timestamp":"2026-02-10T06:53:00.717812Z","level":"info","event":"Filling up the DagBag from /opt/airflow/dags/branch_pipeline.py","logger":"airflow.models.dagbag.BundleDagBag","filename":"dagbag.py","lineno":593}
{"timestamp":"2026-02-10T06:53:00.793173Z","level":"warning","event":"The `airflow.decorators.dag` attribute is deprecated. Please use `'airflow.sdk.dag'`.","category":"DeprecatedImportWarning","filename":"/opt/airflow/dags/branch_pipeline.py","lineno":1,"logger":"py.warnings"}
{"timestamp":"2026-02-10T06:53:00.793514Z","level":"warning","event":"The `airflow.decorators.task` attribute is deprecated. Please use `'airflow.sdk.task'`.","category":"DeprecatedImportWarning","filename":"/opt/airflow/dags/branch_pipeline.py","lineno":1,"logger":"py.warnings"}
{"timestamp":"2026-02-10T06:53:00.793651Z","level":"warning","event":"The `airflow.operators.python.BranchPythonOperator` attribute is deprecated. Please use `'airflow.providers.standard.operators.python.BranchPythonOperator'`.","category":"DeprecatedImportWarning","filename":"/opt/airflow/dags/branch_pipeline.py","lineno":2,"logger":"py.warnings"}
{"timestamp":"2026-02-10T06:53:00.793777Z","level":"warning","event":"The `airflow.operators.bash.BashOperator` attribute is deprecated. Please use `'airflow.providers.standard.operators.bash.BashOperator'`.","category":"DeprecatedImportWarning","filename":"/opt/airflow/dags/branch_pipeline.py","lineno":3,"logger":"py.warnings"}
{"timestamp":"2026-02-10T06:53:31.251153Z","level":"info","event":"Filling up the DagBag from /opt/airflow/dags/branch_pipeline.py","logger":"airflow.models.dagbag.BundleDagBag","filename":"dagbag.py","lineno":593}
{"timestamp":"2026-02-10T06:53:31.341466Z","level":"warning","event":"The `airflow.decorators.dag` attribute is deprecated. Please use `'airflow.sdk.dag'`.","category":"DeprecatedImportWarning","filename":"/opt/airflow/dags/branch_pipeline.py","lineno":1,"logger":"py.warnings"}
{"timestamp":"2026-02-10T06:53:31.342009Z","level":"warning","event":"The `airflow.decorators.task` attribute is deprecated. Please use `'airflow.sdk.task'`.","category":"DeprecatedImportWarning","filename":"/opt/airflow/dags/branch_pipeline.py","lineno":1,"logger":"py.warnings"}
{"timestamp":"2026-02-10T06:53:31.342288Z","level":"warning","event":"The `airflow.operators.python.BranchPythonOperator` attribute is deprecated. Please use `'airflow.providers.standard.operators.python.BranchPythonOperator'`.","category":"DeprecatedImportWarning","filename":"/opt/airflow/dags/branch_pipeline.py","lineno":2,"logger":"py.warnings"}
{"timestamp":"2026-02-10T06:53:31.342459Z","level":"warning","event":"The `airflow.operators.bash.BashOperator` attribute is deprecated. Please use `'airflow.providers.standard.operators.bash.BashOperator'`.","category":"DeprecatedImportWarning","filename":"/opt/airflow/dags/branch_pipeline.py","lineno":3,"logger":"py.warnings"}
{"timestamp":"2026-02-10T06:54:01.803193Z","level":"info","event":"Filling up the DagBag from /opt/airflow/dags/branch_pipeline.py","logger":"airflow.models.dagbag.BundleDagBag","filename":"dagbag.py","lineno":593}
{"timestamp":"2026-02-10T06:54:01.863745Z","level":"warning","event":"The `airflow.decorators.dag` attribute is deprecated. Please use `'airflow.sdk.dag'`.","category":"DeprecatedImportWarning","filename":"/opt/airflow/dags/branch_pipeline.py","lineno":1,"logger":"py.warnings"}
{"timestamp":"2026-02-10T06:54:01.864100Z","level":"warning","event":"The `airflow.decorators.task` attribute is deprecated. Please use `'airflow.sdk.task'`.","category":"DeprecatedImportWarning","filename":"/opt/airflow/dags/branch_pipeline.py","lineno":1,"logger":"py.warnings"}
{"timestamp":"2026-02-10T06:54:01.864179Z","level":"warning","event":"The `airflow.operators.python.BranchPythonOperator` attribute is deprecated. Please use `'airflow.providers.standard.operators.python.BranchPythonOperator'`.","category":"DeprecatedImportWarning","filename":"/opt/airflow/dags/branch_pipeline.py","lineno":2,"logger":"py.warnings"}
{"timestamp":"2026-02-10T06:54:01.864250Z","level":"warning","event":"The `airflow.operators.bash.BashOperator` attribute is deprecated. Please use `'airflow.providers.standard.operators.bash.BashOperator'`.","category":"DeprecatedImportWarning","filename":"/opt/airflow/dags/branch_pipeline.py","lineno":3,"logger":"py.warnings"}
{"timestamp":"2026-02-10T06:54:32.127109Z","level":"info","event":"Filling up the DagBag from /opt/airflow/dags/branch_pipeline.py","logger":"airflow.models.dagbag.BundleDagBag","filename":"dagbag.py","lineno":593}
{"timestamp":"2026-02-10T06:54:32.181779Z","level":"warning","event":"The `airflow.decorators.dag` attribute is deprecated. Please use `'airflow.sdk.dag'`.","category":"DeprecatedImportWarning","filename":"/opt/airflow/dags/branch_pipeline.py","lineno":1,"logger":"py.warnings"}
{"timestamp":"2026-02-10T06:54:32.181920Z","level":"warning","event":"The `airflow.decorators.task` attribute is deprecated. Please use `'airflow.sdk.task'`.","category":"DeprecatedImportWarning","filename":"/opt/airflow/dags/branch_pipeline.py","lineno":1,"logger":"py.warnings"}
{"timestamp":"2026-02-10T06:54:32.181974Z","level":"warning","event":"The `airflow.operators.python.BranchPythonOperator` attribute is deprecated. Please use `'airflow.providers.standard.operators.python.BranchPythonOperator'`.","category":"DeprecatedImportWarning","filename":"/opt/airflow/dags/branch_pipeline.py","lineno":2,"logger":"py.warnings"}
{"timestamp":"2026-02-10T06:54:32.182018Z","level":"warning","event":"The `airflow.operators.bash.BashOperator` attribute is deprecated. Please use `'airflow.providers.standard.operators.bash.BashOperator'`.","category":"DeprecatedImportWarning","filename":"/opt/airflow/dags/branch_pipeline.py","lineno":3,"logger":"py.warnings"}
{"timestamp":"2026-02-10T06:55:02.414487Z","level":"info","event":"Filling up the DagBag from /opt/airflow/dags/branch_pipeline.py","logger":"airflow.models.dagbag.BundleDagBag","filename":"dagbag.py","lineno":593}
{"timestamp":"2026-02-10T06:55:02.465103Z","level":"warning","event":"The `airflow.decorators.dag` attribute is deprecated. Please use `'airflow.sdk.dag'`.","category":"DeprecatedImportWarning","filename":"/opt/airflow/dags/branch_pipeline.py","lineno":1,"logger":"py.warnings"}
{"timestamp":"2026-02-10T06:55:02.465258Z","level":"warning","event":"The `airflow.decorators.task` attribute is deprecated. Please use `'airflow.sdk.task'`.","category":"DeprecatedImportWarning","filename":"/opt/airflow/dags/branch_pipeline.py","lineno":1,"logger":"py.warnings"}
{"timestamp":"2026-02-10T06:55:02.465317Z","level":"warning","event":"The `airflow.operators.python.BranchPythonOperator` attribute is deprecated. Please use `'airflow.providers.standard.operators.python.BranchPythonOperator'`.","category":"DeprecatedImportWarning","filename":"/opt/airflow/dags/branch_pipeline.py","lineno":2,"logger":"py.warnings"}
{"timestamp":"2026-02-10T06:55:02.465358Z","level":"warning","event":"The `airflow.operators.bash.BashOperator` attribute is deprecated. Please use `'airflow.providers.standard.operators.bash.BashOperator'`.","category":"DeprecatedImportWarning","filename":"/opt/airflow/dags/branch_pipeline.py","lineno":3,"logger":"py.warnings"}
{"timestamp":"2026-02-10T06:55:32.633520Z","level":"info","event":"Filling up the DagBag from /opt/airflow/dags/branch_pipeline.py","logger":"airflow.models.dagbag.BundleDagBag","filename":"dagbag.py","lineno":593}
{"timestamp":"2026-02-10T06:55:32.672540Z","level":"warning","event":"The `airflow.decorators.dag` attribute is deprecated. Please use `'airflow.sdk.dag'`.","category":"DeprecatedImportWarning","filename":"/opt/airflow/dags/branch_pipeline.py","lineno":1,"logger":"py.warnings"}
{"timestamp":"2026-02-10T06:55:32.672754Z","level":"warning","event":"The `airflow.decorators.task` attribute is deprecated. Please use `'airflow.sdk.task'`.","category":"DeprecatedImportWarning","filename":"/opt/airflow/dags/branch_pipeline.py","lineno":1,"logger":"py.warnings"}
{"timestamp":"2026-02-10T06:55:32.672853Z","level":"warning","event":"The `airflow.operators.python.BranchPythonOperator` attribute is deprecated. Please use `'airflow.providers.standard.operators.python.BranchPythonOperator'`.","category":"DeprecatedImportWarning","filename":"/opt/airflow/dags/branch_pipeline.py","lineno":2,"logger":"py.warnings"}
{"timestamp":"2026-02-10T06:55:32.672933Z","level":"warning","event":"The `airflow.operators.bash.BashOperator` attribute is deprecated. Please use `'airflow.providers.standard.operators.bash.BashOperator'`.","category":"DeprecatedImportWarning","filename":"/opt/airflow/dags/branch_pipeline.py","lineno":3,"logger":"py.warnings"}
{"timestamp":"2026-02-10T06:56:03.152225Z","level":"info","event":"Filling up the DagBag from /opt/airflow/dags/branch_pipeline.py","logger":"airflow.models.dagbag.BundleDagBag","filename":"dagbag.py","lineno":593}
{"timestamp":"2026-02-10T06:56:03.202745Z","level":"warning","event":"The `airflow.decorators.dag` attribute is deprecated. Please use `'airflow.sdk.dag'`.","category":"DeprecatedImportWarning","filename":"/opt/airflow/dags/branch_pipeline.py","lineno":1,"logger":"py.warnings"}
{"timestamp":"2026-02-10T06:56:03.202857Z","level":"warning","event":"The `airflow.decorators.task` attribute is deprecated. Please use `'airflow.sdk.task'`.","category":"DeprecatedImportWarning","filename":"/opt/airflow/dags/branch_pipeline.py","lineno":1,"logger":"py.warnings"}
{"timestamp":"2026-02-10T06:56:03.202911Z","level":"warning","event":"The `airflow.operators.python.BranchPythonOperator` attribute is deprecated. Please use `'airflow.providers.standard.operators.python.BranchPythonOperator'`.","category":"DeprecatedImportWarning","filename":"/opt/airflow/dags/branch_pipeline.py","lineno":2,"logger":"py.warnings"}
{"timestamp":"2026-02-10T06:56:03.202959Z","level":"warning","event":"The `airflow.operators.bash.BashOperator` attribute is deprecated. Please use `'airflow.providers.standard.operators.bash.BashOperator'`.","category":"DeprecatedImportWarning","filename":"/opt/airflow/dags/branch_pipeline.py","lineno":3,"logger":"py.warnings"}
{"timestamp":"2026-02-10T06:56:33.518800Z","level":"info","event":"Filling up the DagBag from /opt/airflow/dags/branch_pipeline.py","logger":"airflow.models.dagbag.BundleDagBag","filename":"dagbag.py","lineno":593}
{"timestamp":"2026-02-10T06:56:33.567819Z","level":"warning","event":"The `airflow.decorators.dag` attribute is deprecated. Please use `'airflow.sdk.dag'`.","category":"DeprecatedImportWarning","filename":"/opt/airflow/dags/branch_pipeline.py","lineno":1,"logger":"py.warnings"}
{"timestamp":"2026-02-10T06:56:33.567946Z","level":"warning","event":"The `airflow.decorators.task` attribute is deprecated. Please use `'airflow.sdk.task'`.","category":"DeprecatedImportWarning","filename":"/opt/airflow/dags/branch_pipeline.py","lineno":1,"logger":"py.warnings"}
{"timestamp":"2026-02-10T06:56:33.568003Z","level":"warning","event":"The `airflow.operators.python.BranchPythonOperator` attribute is deprecated. Please use `'airflow.providers.standard.operators.python.BranchPythonOperator'`.","category":"DeprecatedImportWarning","filename":"/opt/airflow/dags/branch_pipeline.py","lineno":2,"logger":"py.warnings"}
{"timestamp":"2026-02-10T06:56:33.568054Z","level":"warning","event":"The `airflow.operators.bash.BashOperator` attribute is deprecated. Please use `'airflow.providers.standard.operators.bash.BashOperator'`.","category":"DeprecatedImportWarning","filename":"/opt/airflow/dags/branch_pipeline.py","lineno":3,"logger":"py.warnings"}
{"timestamp":"2026-02-10T06:57:04.560180Z","level":"info","event":"Filling up the DagBag from /opt/airflow/dags/branch_pipeline.py","logger":"airflow.models.dagbag.BundleDagBag","filename":"dagbag.py","lineno":593}
{"timestamp":"2026-02-10T06:57:04.602504Z","level":"warning","event":"The `airflow.decorators.dag` attribute is deprecated. Please use `'airflow.sdk.dag'`.","category":"DeprecatedImportWarning","filename":"/opt/airflow/dags/branch_pipeline.py","lineno":1,"logger":"py.warnings"}
{"timestamp":"2026-02-10T06:57:04.602680Z","level":"warning","event":"The `airflow.decorators.task` attribute is deprecated. Please use `'airflow.sdk.task'`.","category":"DeprecatedImportWarning","filename":"/opt/airflow/dags/branch_pipeline.py","lineno":1,"logger":"py.warnings"}
{"timestamp":"2026-02-10T06:57:04.602744Z","level":"warning","event":"The `airflow.operators.python.BranchPythonOperator` attribute is deprecated. Please use `'airflow.providers.standard.operators.python.BranchPythonOperator'`.","category":"DeprecatedImportWarning","filename":"/opt/airflow/dags/branch_pipeline.py","lineno":2,"logger":"py.warnings"}
{"timestamp":"2026-02-10T06:57:04.602795Z","level":"warning","event":"The `airflow.operators.bash.BashOperator` attribute is deprecated. Please use `'airflow.providers.standard.operators.bash.BashOperator'`.","category":"DeprecatedImportWarning","filename":"/opt/airflow/dags/branch_pipeline.py","lineno":3,"logger":"py.warnings"}
{"timestamp":"2026-02-10T06:57:34.924028Z","level":"info","event":"Filling up the DagBag from /opt/airflow/dags/branch_pipeline.py","logger":"airflow.models.dagbag.BundleDagBag","filename":"dagbag.py","lineno":593}
{"timestamp":"2026-02-10T06:57:34.994149Z","level":"warning","event":"The `airflow.decorators.dag` attribute is deprecated. Please use `'airflow.sdk.dag'`.","category":"DeprecatedImportWarning","filename":"/opt/airflow/dags/branch_pipeline.py","lineno":1,"logger":"py.warnings"}
{"timestamp":"2026-02-10T06:57:34.994456Z","level":"warning","event":"The `airflow.decorators.task` attribute is deprecated. Please use `'airflow.sdk.task'`.","category":"DeprecatedImportWarning","filename":"/opt/airflow/dags/branch_pipeline.py","lineno":1,"logger":"py.warnings"}
{"timestamp":"2026-02-10T06:57:34.994589Z","level":"warning","event":"The `airflow.operators.python.BranchPythonOperator` attribute is deprecated. Please use `'airflow.providers.standard.operators.python.BranchPythonOperator'`.","category":"DeprecatedImportWarning","filename":"/opt/airflow/dags/branch_pipeline.py","lineno":2,"logger":"py.warnings"}
{"timestamp":"2026-02-10T06:57:34.994707Z","level":"warning","event":"The `airflow.operators.bash.BashOperator` attribute is deprecated. Please use `'airflow.providers.standard.operators.bash.BashOperator'`.","category":"DeprecatedImportWarning","filename":"/opt/airflow/dags/branch_pipeline.py","lineno":3,"logger":"py.warnings"}
{"timestamp":"2026-02-10T06:58:06.349799Z","level":"info","event":"Filling up the DagBag from /opt/airflow/dags/branch_pipeline.py","logger":"airflow.models.dagbag.BundleDagBag","filename":"dagbag.py","lineno":593}
{"timestamp":"2026-02-10T06:58:06.401051Z","level":"warning","event":"The `airflow.decorators.dag` attribute is deprecated. Please use `'airflow.sdk.dag'`.","category":"DeprecatedImportWarning","filename":"/opt/airflow/dags/branch_pipeline.py","lineno":1,"logger":"py.warnings"}
{"timestamp":"2026-02-10T06:58:06.401206Z","level":"warning","event":"The `airflow.decorators.task` attribute is deprecated. Please use `'airflow.sdk.task'`.","category":"DeprecatedImportWarning","filename":"/opt/airflow/dags/branch_pipeline.py","lineno":1,"logger":"py.warnings"}
{"timestamp":"2026-02-10T06:58:06.401264Z","level":"warning","event":"The `airflow.operators.python.BranchPythonOperator` attribute is deprecated. Please use `'airflow.providers.standard.operators.python.BranchPythonOperator'`.","category":"DeprecatedImportWarning","filename":"/opt/airflow/dags/branch_pipeline.py","lineno":2,"logger":"py.warnings"}
{"timestamp":"2026-02-10T06:58:06.401317Z","level":"warning","event":"The `airflow.operators.bash.BashOperator` attribute is deprecated. Please use `'airflow.providers.standard.operators.bash.BashOperator'`.","category":"DeprecatedImportWarning","filename":"/opt/airflow/dags/branch_pipeline.py","lineno":3,"logger":"py.warnings"}
{"timestamp":"2026-02-10T06:58:38.856691Z","level":"info","event":"Filling up the DagBag from /opt/airflow/dags/branch_pipeline.py","logger":"airflow.models.dagbag.BundleDagBag","filename":"dagbag.py","lineno":593}
{"timestamp":"2026-02-10T06:58:38.903643Z","level":"warning","event":"The `airflow.decorators.dag` attribute is deprecated. Please use `'airflow.sdk.dag'`.","category":"DeprecatedImportWarning","filename":"/opt/airflow/dags/branch_pipeline.py","lineno":1,"logger":"py.warnings"}
{"timestamp":"2026-02-10T06:58:38.903799Z","level":"warning","event":"The `airflow.decorators.task` attribute is deprecated. Please use `'airflow.sdk.task'`.","category":"DeprecatedImportWarning","filename":"/opt/airflow/dags/branch_pipeline.py","lineno":1,"logger":"py.warnings"}
{"timestamp":"2026-02-10T06:58:38.903855Z","level":"warning","event":"The `airflow.operators.python.BranchPythonOperator` attribute is deprecated. Please use `'airflow.providers.standard.operators.python.BranchPythonOperator'`.","category":"DeprecatedImportWarning","filename":"/opt/airflow/dags/branch_pipeline.py","lineno":2,"logger":"py.warnings"}
{"timestamp":"2026-02-10T06:58:38.903899Z","level":"warning","event":"The `airflow.operators.bash.BashOperator` attribute is deprecated. Please use `'airflow.providers.standard.operators.bash.BashOperator'`.","category":"DeprecatedImportWarning","filename":"/opt/airflow/dags/branch_pipeline.py","lineno":3,"logger":"py.warnings"}
{"timestamp":"2026-02-10T06:59:11.024212Z","level":"info","event":"Filling up the DagBag from /opt/airflow/dags/branch_pipeline.py","logger":"airflow.models.dagbag.BundleDagBag","filename":"dagbag.py","lineno":593}
{"timestamp":"2026-02-10T06:59:11.075412Z","level":"warning","event":"The `airflow.decorators.dag` attribute is deprecated. Please use `'airflow.sdk.dag'`.","category":"DeprecatedImportWarning","filename":"/opt/airflow/dags/branch_pipeline.py","lineno":1,"logger":"py.warnings"}
{"timestamp":"2026-02-10T06:59:11.075549Z","level":"warning","event":"The `airflow.decorators.task` attribute is deprecated. Please use `'airflow.sdk.task'`.","category":"DeprecatedImportWarning","filename":"/opt/airflow/dags/branch_pipeline.py","lineno":1,"logger":"py.warnings"}
{"timestamp":"2026-02-10T06:59:11.075604Z","level":"warning","event":"The `airflow.operators.python.BranchPythonOperator` attribute is deprecated. Please use `'airflow.providers.standard.operators.python.BranchPythonOperator'`.","category":"DeprecatedImportWarning","filename":"/opt/airflow/dags/branch_pipeline.py","lineno":2,"logger":"py.warnings"}
{"timestamp":"2026-02-10T06:59:11.075647Z","level":"warning","event":"The `airflow.operators.bash.BashOperator` attribute is deprecated. Please use `'airflow.providers.standard.operators.bash.BashOperator'`.","category":"DeprecatedImportWarning","filename":"/opt/airflow/dags/branch_pipeline.py","lineno":3,"logger":"py.warnings"}
{"timestamp":"2026-02-10T06:59:42.883471Z","level":"info","event":"Filling up the DagBag from /opt/airflow/dags/branch_pipeline.py","logger":"airflow.models.dagbag.BundleDagBag","filename":"dagbag.py","lineno":593}
{"timestamp":"2026-02-10T06:59:42.916825Z","level":"warning","event":"The `airflow.decorators.dag` attribute is deprecated. Please use `'airflow.sdk.dag'`.","category":"DeprecatedImportWarning","filename":"/opt/airflow/dags/branch_pipeline.py","lineno":1,"logger":"py.warnings"}
{"timestamp":"2026-02-10T06:59:42.916944Z","level":"warning","event":"The `airflow.decorators.task` attribute is deprecated. Please use `'airflow.sdk.task'`.","category":"DeprecatedImportWarning","filename":"/opt/airflow/dags/branch_pipeline.py","lineno":1,"logger":"py.warnings"}
{"timestamp":"2026-02-10T06:59:42.917001Z","level":"warning","event":"The `airflow.operators.python.BranchPythonOperator` attribute is deprecated. Please use `'airflow.providers.standard.operators.python.BranchPythonOperator'`.","category":"DeprecatedImportWarning","filename":"/opt/airflow/dags/branch_pipeline.py","lineno":2,"logger":"py.warnings"}
{"timestamp":"2026-02-10T06:59:42.917044Z","level":"warning","event":"The `airflow.operators.bash.BashOperator` attribute is deprecated. Please use `'airflow.providers.standard.operators.bash.BashOperator'`.","category":"DeprecatedImportWarning","filename":"/opt/airflow/dags/branch_pipeline.py","lineno":3,"logger":"py.warnings"}
{"timestamp":"2026-02-10T07:00:15.726937Z","level":"info","event":"Filling up the DagBag from /opt/airflow/dags/branch_pipeline.py","logger":"airflow.models.dagbag.BundleDagBag","filename":"dagbag.py","lineno":593}
{"timestamp":"2026-02-10T07:00:15.773622Z","level":"warning","event":"The `airflow.decorators.dag` attribute is deprecated. Please use `'airflow.sdk.dag'`.","category":"DeprecatedImportWarning","filename":"/opt/airflow/dags/branch_pipeline.py","lineno":1,"logger":"py.warnings"}
{"timestamp":"2026-02-10T07:00:15.773758Z","level":"warning","event":"The `airflow.decorators.task` attribute is deprecated. Please use `'airflow.sdk.task'`.","category":"DeprecatedImportWarning","filename":"/opt/airflow/dags/branch_pipeline.py","lineno":1,"logger":"py.warnings"}
{"timestamp":"2026-02-10T07:00:15.773832Z","level":"warning","event":"The `airflow.operators.python.BranchPythonOperator` attribute is deprecated. Please use `'airflow.providers.standard.operators.python.BranchPythonOperator'`.","category":"DeprecatedImportWarning","filename":"/opt/airflow/dags/branch_pipeline.py","lineno":2,"logger":"py.warnings"}
{"timestamp":"2026-02-10T07:00:15.773882Z","level":"warning","event":"The `airflow.operators.bash.BashOperator` attribute is deprecated. Please use `'airflow.providers.standard.operators.bash.BashOperator'`.","category":"DeprecatedImportWarning","filename":"/opt/airflow/dags/branch_pipeline.py","lineno":3,"logger":"py.warnings"}
{"timestamp":"2026-02-10T07:00:47.714590Z","level":"info","event":"Filling up the DagBag from /opt/airflow/dags/branch_pipeline.py","logger":"airflow.models.dagbag.BundleDagBag","filename":"dagbag.py","lineno":593}
{"timestamp":"2026-02-10T07:00:47.758764Z","level":"warning","event":"The `airflow.decorators.dag` attribute is deprecated. Please use `'airflow.sdk.dag'`.","category":"DeprecatedImportWarning","filename":"/opt/airflow/dags/branch_pipeline.py","lineno":1,"logger":"py.warnings"}
{"timestamp":"2026-02-10T07:00:47.758889Z","level":"warning","event":"The `airflow.decorators.task` attribute is deprecated. Please use `'airflow.sdk.task'`.","category":"DeprecatedImportWarning","filename":"/opt/airflow/dags/branch_pipeline.py","lineno":1,"logger":"py.warnings"}
{"timestamp":"2026-02-10T07:00:47.758943Z","level":"warning","event":"The `airflow.operators.python.BranchPythonOperator` attribute is deprecated. Please use `'airflow.providers.standard.operators.python.BranchPythonOperator'`.","category":"DeprecatedImportWarning","filename":"/opt/airflow/dags/branch_pipeline.py","lineno":2,"logger":"py.warnings"}
{"timestamp":"2026-02-10T07:00:47.758988Z","level":"warning","event":"The `airflow.operators.bash.BashOperator` attribute is deprecated. Please use `'airflow.providers.standard.operators.bash.BashOperator'`.","category":"DeprecatedImportWarning","filename":"/opt/airflow/dags/branch_pipeline.py","lineno":3,"logger":"py.warnings"}
{"timestamp":"2026-02-10T07:01:18.226762Z","level":"info","event":"Filling up the DagBag from /opt/airflow/dags/branch_pipeline.py","logger":"airflow.models.dagbag.BundleDagBag","filename":"dagbag.py","lineno":593}
{"timestamp":"2026-02-10T07:01:19.842873Z","level":"warning","event":"The `airflow.decorators.dag` attribute is deprecated. Please use `'airflow.sdk.dag'`.","category":"DeprecatedImportWarning","filename":"/opt/airflow/dags/branch_pipeline.py","lineno":1,"logger":"py.warnings"}
{"timestamp":"2026-02-10T07:01:19.843056Z","level":"warning","event":"The `airflow.decorators.task` attribute is deprecated. Please use `'airflow.sdk.task'`.","category":"DeprecatedImportWarning","filename":"/opt/airflow/dags/branch_pipeline.py","lineno":1,"logger":"py.warnings"}
{"timestamp":"2026-02-10T07:01:19.843120Z","level":"warning","event":"The `airflow.operators.python.BranchPythonOperator` attribute is deprecated. Please use `'airflow.providers.standard.operators.python.BranchPythonOperator'`.","category":"DeprecatedImportWarning","filename":"/opt/airflow/dags/branch_pipeline.py","lineno":2,"logger":"py.warnings"}
{"timestamp":"2026-02-10T07:01:19.843172Z","level":"warning","event":"The `airflow.operators.bash.BashOperator` attribute is deprecated. Please use `'airflow.providers.standard.operators.bash.BashOperator'`.","category":"DeprecatedImportWarning","filename":"/opt/airflow/dags/branch_pipeline.py","lineno":3,"logger":"py.warnings"}
{"timestamp":"2026-02-10T07:01:52.961426Z","level":"info","event":"Filling up the DagBag from /opt/airflow/dags/branch_pipeline.py","logger":"airflow.models.dagbag.BundleDagBag","filename":"dagbag.py","lineno":593}
{"timestamp":"2026-02-10T07:01:53.047825Z","level":"warning","event":"The `airflow.decorators.dag` attribute is deprecated. Please use `'airflow.sdk.dag'`.","category":"DeprecatedImportWarning","filename":"/opt/airflow/dags/branch_pipeline.py","lineno":1,"logger":"py.warnings"}
{"timestamp":"2026-02-10T07:01:53.048200Z","level":"warning","event":"The `airflow.decorators.task` attribute is deprecated. Please use `'airflow.sdk.task'`.","category":"DeprecatedImportWarning","filename":"/opt/airflow/dags/branch_pipeline.py","lineno":1,"logger":"py.warnings"}
{"timestamp":"2026-02-10T07:01:53.048361Z","level":"warning","event":"The `airflow.operators.python.BranchPythonOperator` attribute is deprecated. Please use `'airflow.providers.standard.operators.python.BranchPythonOperator'`.","category":"DeprecatedImportWarning","filename":"/opt/airflow/dags/branch_pipeline.py","lineno":2,"logger":"py.warnings"}
{"timestamp":"2026-02-10T07:01:53.048483Z","level":"warning","event":"The `airflow.operators.bash.BashOperator` attribute is deprecated. Please use `'airflow.providers.standard.operators.bash.BashOperator'`.","category":"DeprecatedImportWarning","filename":"/opt/airflow/dags/branch_pipeline.py","lineno":3,"logger":"py.warnings"}
{"timestamp":"2026-02-10T07:02:25.399206Z","level":"info","event":"Filling up the DagBag from /opt/airflow/dags/branch_pipeline.py","logger":"airflow.models.dagbag.BundleDagBag","filename":"dagbag.py","lineno":593}
{"timestamp":"2026-02-10T07:02:25.461101Z","level":"warning","event":"The `airflow.decorators.dag` attribute is deprecated. Please use `'airflow.sdk.dag'`.","category":"DeprecatedImportWarning","filename":"/opt/airflow/dags/branch_pipeline.py","lineno":1,"logger":"py.warnings"}
{"timestamp":"2026-02-10T07:02:25.461270Z","level":"warning","event":"The `airflow.decorators.task` attribute is deprecated. Please use `'airflow.sdk.task'`.","category":"DeprecatedImportWarning","filename":"/opt/airflow/dags/branch_pipeline.py","lineno":1,"logger":"py.warnings"}
{"timestamp":"2026-02-10T07:02:25.461480Z","level":"warning","event":"The `airflow.operators.python.BranchPythonOperator` attribute is deprecated. Please use `'airflow.providers.standard.operators.python.BranchPythonOperator'`.","category":"DeprecatedImportWarning","filename":"/opt/airflow/dags/branch_pipeline.py","lineno":2,"logger":"py.warnings"}
{"timestamp":"2026-02-10T07:02:25.461598Z","level":"warning","event":"The `airflow.operators.bash.BashOperator` attribute is deprecated. Please use `'airflow.providers.standard.operators.bash.BashOperator'`.","category":"DeprecatedImportWarning","filename":"/opt/airflow/dags/branch_pipeline.py","lineno":3,"logger":"py.warnings"}
{"timestamp":"2026-02-10T07:02:58.029241Z","level":"info","event":"Filling up the DagBag from /opt/airflow/dags/branch_pipeline.py","logger":"airflow.models.dagbag.BundleDagBag","filename":"dagbag.py","lineno":593}
{"timestamp":"2026-02-10T07:02:58.069933Z","level":"warning","event":"The `airflow.decorators.dag` attribute is deprecated. Please use `'airflow.sdk.dag'`.","category":"DeprecatedImportWarning","filename":"/opt/airflow/dags/branch_pipeline.py","lineno":1,"logger":"py.warnings"}
{"timestamp":"2026-02-10T07:02:58.070091Z","level":"warning","event":"The `airflow.decorators.task` attribute is deprecated. Please use `'airflow.sdk.task'`.","category":"DeprecatedImportWarning","filename":"/opt/airflow/dags/branch_pipeline.py","lineno":1,"logger":"py.warnings"}
{"timestamp":"2026-02-10T07:02:58.070156Z","level":"warning","event":"The `airflow.operators.python.BranchPythonOperator` attribute is deprecated. Please use `'airflow.providers.standard.operators.python.BranchPythonOperator'`.","category":"DeprecatedImportWarning","filename":"/opt/airflow/dags/branch_pipeline.py","lineno":2,"logger":"py.warnings"}
{"timestamp":"2026-02-10T07:02:58.070199Z","level":"warning","event":"The `airflow.operators.bash.BashOperator` attribute is deprecated. Please use `'airflow.providers.standard.operators.bash.BashOperator'`.","category":"DeprecatedImportWarning","filename":"/opt/airflow/dags/branch_pipeline.py","lineno":3,"logger":"py.warnings"}
{"timestamp":"2026-02-10T07:03:30.364118Z","level":"info","event":"Filling up the DagBag from /opt/airflow/dags/branch_pipeline.py","logger":"airflow.models.dagbag.BundleDagBag","filename":"dagbag.py","lineno":593}
{"timestamp":"2026-02-10T07:03:30.412910Z","level":"warning","event":"The `airflow.decorators.dag` attribute is deprecated. Please use `'airflow.sdk.dag'`.","category":"DeprecatedImportWarning","filename":"/opt/airflow/dags/branch_pipeline.py","lineno":1,"logger":"py.warnings"}
{"timestamp":"2026-02-10T07:03:30.413096Z","level":"warning","event":"The `airflow.decorators.task` attribute is deprecated. Please use `'airflow.sdk.task'`.","category":"DeprecatedImportWarning","filename":"/opt/airflow/dags/branch_pipeline.py","lineno":1,"logger":"py.warnings"}
{"timestamp":"2026-02-10T07:03:30.413150Z","level":"warning","event":"The `airflow.operators.python.BranchPythonOperator` attribute is deprecated. Please use `'airflow.providers.standard.operators.python.BranchPythonOperator'`.","category":"DeprecatedImportWarning","filename":"/opt/airflow/dags/branch_pipeline.py","lineno":2,"logger":"py.warnings"}
{"timestamp":"2026-02-10T07:03:30.413193Z","level":"warning","event":"The `airflow.operators.bash.BashOperator` attribute is deprecated. Please use `'airflow.providers.standard.operators.bash.BashOperator'`.","category":"DeprecatedImportWarning","filename":"/opt/airflow/dags/branch_pipeline.py","lineno":3,"logger":"py.warnings"}
{"timestamp":"2026-02-10T07:04:02.410224Z","level":"info","event":"Filling up the DagBag from /opt/airflow/dags/branch_pipeline.py","logger":"airflow.models.dagbag.BundleDagBag","filename":"dagbag.py","lineno":593}
{"timestamp":"2026-02-10T07:04:02.459893Z","level":"warning","event":"The `airflow.decorators.dag` attribute is deprecated. Please use `'airflow.sdk.dag'`.","category":"DeprecatedImportWarning","filename":"/opt/airflow/dags/branch_pipeline.py","lineno":1,"logger":"py.warnings"}
{"timestamp":"2026-02-10T07:04:02.460322Z","level":"warning","event":"The `airflow.decorators.task` attribute is deprecated. Please use `'airflow.sdk.task'`.","category":"DeprecatedImportWarning","filename":"/opt/airflow/dags/branch_pipeline.py","lineno":1,"logger":"py.warnings"}
{"timestamp":"2026-02-10T07:04:02.460498Z","level":"warning","event":"The `airflow.operators.python.BranchPythonOperator` attribute is deprecated. Please use `'airflow.providers.standard.operators.python.BranchPythonOperator'`.","category":"DeprecatedImportWarning","filename":"/opt/airflow/dags/branch_pipeline.py","lineno":2,"logger":"py.warnings"}
{"timestamp":"2026-02-10T07:04:02.460618Z","level":"warning","event":"The `airflow.operators.bash.BashOperator` attribute is deprecated. Please use `'airflow.providers.standard.operators.bash.BashOperator'`.","category":"DeprecatedImportWarning","filename":"/opt/airflow/dags/branch_pipeline.py","lineno":3,"logger":"py.warnings"}
{"timestamp":"2026-02-10T07:04:34.608795Z","level":"info","event":"Filling up the DagBag from /opt/airflow/dags/branch_pipeline.py","logger":"airflow.models.dagbag.BundleDagBag","filename":"dagbag.py","lineno":593}
{"timestamp":"2026-02-10T07:04:34.657293Z","level":"warning","event":"The `airflow.decorators.dag` attribute is deprecated. Please use `'airflow.sdk.dag'`.","category":"DeprecatedImportWarning","filename":"/opt/airflow/dags/branch_pipeline.py","lineno":1,"logger":"py.warnings"}
{"timestamp":"2026-02-10T07:04:34.657429Z","level":"warning","event":"The `airflow.decorators.task` attribute is deprecated. Please use `'airflow.sdk.task'`.","category":"DeprecatedImportWarning","filename":"/opt/airflow/dags/branch_pipeline.py","lineno":1,"logger":"py.warnings"}
{"timestamp":"2026-02-10T07:04:34.657510Z","level":"warning","event":"The `airflow.operators.python.BranchPythonOperator` attribute is deprecated. Please use `'airflow.providers.standard.operators.python.BranchPythonOperator'`.","category":"DeprecatedImportWarning","filename":"/opt/airflow/dags/branch_pipeline.py","lineno":2,"logger":"py.warnings"}
{"timestamp":"2026-02-10T07:04:34.657571Z","level":"warning","event":"The `airflow.operators.bash.BashOperator` attribute is deprecated. Please use `'airflow.providers.standard.operators.bash.BashOperator'`.","category":"DeprecatedImportWarning","filename":"/opt/airflow/dags/branch_pipeline.py","lineno":3,"logger":"py.warnings"}
{"timestamp":"2026-02-10T07:05:07.113848Z","level":"info","event":"Filling up the DagBag from /opt/airflow/dags/branch_pipeline.py","logger":"airflow.models.dagbag.BundleDagBag","filename":"dagbag.py","lineno":593}
{"timestamp":"2026-02-10T07:05:07.160983Z","level":"warning","event":"The `airflow.decorators.dag` attribute is deprecated. Please use `'airflow.sdk.dag'`.","category":"DeprecatedImportWarning","filename":"/opt/airflow/dags/branch_pipeline.py","lineno":1,"logger":"py.warnings"}
{"timestamp":"2026-02-10T07:05:07.161108Z","level":"warning","event":"The `airflow.decorators.task` attribute is deprecated. Please use `'airflow.sdk.task'`.","category":"DeprecatedImportWarning","filename":"/opt/airflow/dags/branch_pipeline.py","lineno":1,"logger":"py.warnings"}
{"timestamp":"2026-02-10T07:05:07.161163Z","level":"warning","event":"The `airflow.operators.python.BranchPythonOperator` attribute is deprecated. Please use `'airflow.providers.standard.operators.python.BranchPythonOperator'`.","category":"DeprecatedImportWarning","filename":"/opt/airflow/dags/branch_pipeline.py","lineno":2,"logger":"py.warnings"}
{"timestamp":"2026-02-10T07:05:07.161206Z","level":"warning","event":"The `airflow.operators.bash.BashOperator` attribute is deprecated. Please use `'airflow.providers.standard.operators.bash.BashOperator'`.","category":"DeprecatedImportWarning","filename":"/opt/airflow/dags/branch_pipeline.py","lineno":3,"logger":"py.warnings"}
{"timestamp":"2026-02-10T07:05:39.148588Z","level":"info","event":"Filling up the DagBag from /opt/airflow/dags/branch_pipeline.py","logger":"airflow.models.dagbag.BundleDagBag","filename":"dagbag.py","lineno":593}
{"timestamp":"2026-02-10T07:05:39.198235Z","level":"warning","event":"The `airflow.decorators.dag` attribute is deprecated. Please use `'airflow.sdk.dag'`.","category":"DeprecatedImportWarning","filename":"/opt/airflow/dags/branch_pipeline.py","lineno":1,"logger":"py.warnings"}
{"timestamp":"2026-02-10T07:05:39.198443Z","level":"warning","event":"The `airflow.decorators.task` attribute is deprecated. Please use `'airflow.sdk.task'`.","category":"DeprecatedImportWarning","filename":"/opt/airflow/dags/branch_pipeline.py","lineno":1,"logger":"py.warnings"}
{"timestamp":"2026-02-10T07:05:39.198591Z","level":"warning","event":"The `airflow.operators.python.BranchPythonOperator` attribute is deprecated. Please use `'airflow.providers.standard.operators.python.BranchPythonOperator'`.","category":"DeprecatedImportWarning","filename":"/opt/airflow/dags/branch_pipeline.py","lineno":2,"logger":"py.warnings"}
{"timestamp":"2026-02-10T07:05:39.198730Z","level":"warning","event":"The `airflow.operators.bash.BashOperator` attribute is deprecated. Please use `'airflow.providers.standard.operators.bash.BashOperator'`.","category":"DeprecatedImportWarning","filename":"/opt/airflow/dags/branch_pipeline.py","lineno":3,"logger":"py.warnings"}
{"timestamp":"2026-02-10T07:06:09.753719Z","level":"info","event":"Filling up the DagBag from /opt/airflow/dags/branch_pipeline.py","logger":"airflow.models.dagbag.BundleDagBag","filename":"dagbag.py","lineno":593}
{"timestamp":"2026-02-10T07:06:11.390360Z","level":"warning","event":"The `airflow.decorators.dag` attribute is deprecated. Please use `'airflow.sdk.dag'`.","category":"DeprecatedImportWarning","filename":"/opt/airflow/dags/branch_pipeline.py","lineno":1,"logger":"py.warnings"}
{"timestamp":"2026-02-10T07:06:11.390712Z","level":"warning","event":"The `airflow.decorators.task` attribute is deprecated. Please use `'airflow.sdk.task'`.","category":"DeprecatedImportWarning","filename":"/opt/airflow/dags/branch_pipeline.py","lineno":1,"logger":"py.warnings"}
{"timestamp":"2026-02-10T07:06:11.390873Z","level":"warning","event":"The `airflow.operators.python.BranchPythonOperator` attribute is deprecated. Please use `'airflow.providers.standard.operators.python.BranchPythonOperator'`.","category":"DeprecatedImportWarning","filename":"/opt/airflow/dags/branch_pipeline.py","lineno":2,"logger":"py.warnings"}
{"timestamp":"2026-02-10T07:06:11.391048Z","level":"warning","event":"The `airflow.operators.bash.BashOperator` attribute is deprecated. Please use `'airflow.providers.standard.operators.bash.BashOperator'`.","category":"DeprecatedImportWarning","filename":"/opt/airflow/dags/branch_pipeline.py","lineno":3,"logger":"py.warnings"}
{"timestamp":"2026-02-10T07:06:43.783922Z","level":"info","event":"Filling up the DagBag from /opt/airflow/dags/branch_pipeline.py","logger":"airflow.models.dagbag.BundleDagBag","filename":"dagbag.py","lineno":593}
{"timestamp":"2026-02-10T07:06:43.841264Z","level":"warning","event":"The `airflow.decorators.dag` attribute is deprecated. Please use `'airflow.sdk.dag'`.","category":"DeprecatedImportWarning","filename":"/opt/airflow/dags/branch_pipeline.py","lineno":1,"logger":"py.warnings"}
{"timestamp":"2026-02-10T07:06:43.841451Z","level":"warning","event":"The `airflow.decorators.task` attribute is deprecated. Please use `'airflow.sdk.task'`.","category":"DeprecatedImportWarning","filename":"/opt/airflow/dags/branch_pipeline.py","lineno":1,"logger":"py.warnings"}
{"timestamp":"2026-02-10T07:06:43.841546Z","level":"warning","event":"The `airflow.operators.python.BranchPythonOperator` attribute is deprecated. Please use `'airflow.providers.standard.operators.python.BranchPythonOperator'`.","category":"DeprecatedImportWarning","filename":"/opt/airflow/dags/branch_pipeline.py","lineno":2,"logger":"py.warnings"}
{"timestamp":"2026-02-10T07:06:43.841608Z","level":"warning","event":"The `airflow.operators.bash.BashOperator` attribute is deprecated. Please use `'airflow.providers.standard.operators.bash.BashOperator'`.","category":"DeprecatedImportWarning","filename":"/opt/airflow/dags/branch_pipeline.py","lineno":3,"logger":"py.warnings"}
{"timestamp":"2026-02-10T07:07:14.494248Z","level":"info","event":"Filling up the DagBag from /opt/airflow/dags/branch_pipeline.py","logger":"airflow.models.dagbag.BundleDagBag","filename":"dagbag.py","lineno":593}
{"timestamp":"2026-02-10T07:07:14.535182Z","level":"warning","event":"The `airflow.decorators.dag` attribute is deprecated. Please use `'airflow.sdk.dag'`.","category":"DeprecatedImportWarning","filename":"/opt/airflow/dags/branch_pipeline.py","lineno":1,"logger":"py.warnings"}
{"timestamp":"2026-02-10T07:07:14.535361Z","level":"warning","event":"The `airflow.decorators.task` attribute is deprecated. Please use `'airflow.sdk.task'`.","category":"DeprecatedImportWarning","filename":"/opt/airflow/dags/branch_pipeline.py","lineno":1,"logger":"py.warnings"}
{"timestamp":"2026-02-10T07:07:14.535429Z","level":"warning","event":"The `airflow.operators.python.BranchPythonOperator` attribute is deprecated. Please use `'airflow.providers.standard.operators.python.BranchPythonOperator'`.","category":"DeprecatedImportWarning","filename":"/opt/airflow/dags/branch_pipeline.py","lineno":2,"logger":"py.warnings"}
{"timestamp":"2026-02-10T07:07:14.535473Z","level":"warning","event":"The `airflow.operators.bash.BashOperator` attribute is deprecated. Please use `'airflow.providers.standard.operators.bash.BashOperator'`.","category":"DeprecatedImportWarning","filename":"/opt/airflow/dags/branch_pipeline.py","lineno":3,"logger":"py.warnings"}
{"timestamp":"2026-02-10T07:07:45.077178Z","level":"info","event":"Filling up the DagBag from /opt/airflow/dags/branch_pipeline.py","logger":"airflow.models.dagbag.BundleDagBag","filename":"dagbag.py","lineno":593}
{"timestamp":"2026-02-10T07:07:45.120302Z","level":"warning","event":"The `airflow.decorators.dag` attribute is deprecated. Please use `'airflow.sdk.dag'`.","category":"DeprecatedImportWarning","filename":"/opt/airflow/dags/branch_pipeline.py","lineno":1,"logger":"py.warnings"}
{"timestamp":"2026-02-10T07:07:45.120477Z","level":"warning","event":"The `airflow.decorators.task` attribute is deprecated. Please use `'airflow.sdk.task'`.","category":"DeprecatedImportWarning","filename":"/opt/airflow/dags/branch_pipeline.py","lineno":1,"logger":"py.warnings"}
{"timestamp":"2026-02-10T07:07:45.120546Z","level":"warning","event":"The `airflow.operators.python.BranchPythonOperator` attribute is deprecated. Please use `'airflow.providers.standard.operators.python.BranchPythonOperator'`.","category":"DeprecatedImportWarning","filename":"/opt/airflow/dags/branch_pipeline.py","lineno":2,"logger":"py.warnings"}
{"timestamp":"2026-02-10T07:07:45.120591Z","level":"warning","event":"The `airflow.operators.bash.BashOperator` attribute is deprecated. Please use `'airflow.providers.standard.operators.bash.BashOperator'`.","category":"DeprecatedImportWarning","filename":"/opt/airflow/dags/branch_pipeline.py","lineno":3,"logger":"py.warnings"}
{"timestamp":"2026-02-10T07:08:15.679563Z","level":"info","event":"Filling up the DagBag from /opt/airflow/dags/branch_pipeline.py","logger":"airflow.models.dagbag.BundleDagBag","filename":"dagbag.py","lineno":593}
{"timestamp":"2026-02-10T07:08:15.721430Z","level":"warning","event":"The `airflow.decorators.dag` attribute is deprecated. Please use `'airflow.sdk.dag'`.","category":"DeprecatedImportWarning","filename":"/opt/airflow/dags/branch_pipeline.py","lineno":1,"logger":"py.warnings"}
{"timestamp":"2026-02-10T07:08:15.721642Z","level":"warning","event":"The `airflow.decorators.task` attribute is deprecated. Please use `'airflow.sdk.task'`.","category":"DeprecatedImportWarning","filename":"/opt/airflow/dags/branch_pipeline.py","lineno":1,"logger":"py.warnings"}
{"timestamp":"2026-02-10T07:08:15.721715Z","level":"warning","event":"The `airflow.operators.python.BranchPythonOperator` attribute is deprecated. Please use `'airflow.providers.standard.operators.python.BranchPythonOperator'`.","category":"DeprecatedImportWarning","filename":"/opt/airflow/dags/branch_pipeline.py","lineno":2,"logger":"py.warnings"}
{"timestamp":"2026-02-10T07:08:15.721766Z","level":"warning","event":"The `airflow.operators.bash.BashOperator` attribute is deprecated. Please use `'airflow.providers.standard.operators.bash.BashOperator'`.","category":"DeprecatedImportWarning","filename":"/opt/airflow/dags/branch_pipeline.py","lineno":3,"logger":"py.warnings"}
{"timestamp":"2026-02-10T07:08:45.972483Z","level":"info","event":"Filling up the DagBag from /opt/airflow/dags/branch_pipeline.py","logger":"airflow.models.dagbag.BundleDagBag","filename":"dagbag.py","lineno":593}
{"timestamp":"2026-02-10T07:08:46.066819Z","level":"warning","event":"The `airflow.decorators.dag` attribute is deprecated. Please use `'airflow.sdk.dag'`.","category":"DeprecatedImportWarning","filename":"/opt/airflow/dags/branch_pipeline.py","lineno":1,"logger":"py.warnings"}
{"timestamp":"2026-02-10T07:08:46.067284Z","level":"warning","event":"The `airflow.decorators.task` attribute is deprecated. Please use `'airflow.sdk.task'`.","category":"DeprecatedImportWarning","filename":"/opt/airflow/dags/branch_pipeline.py","lineno":1,"logger":"py.warnings"}
{"timestamp":"2026-02-10T07:08:46.067412Z","level":"warning","event":"The `airflow.operators.python.BranchPythonOperator` attribute is deprecated. Please use `'airflow.providers.standard.operators.python.BranchPythonOperator'`.","category":"DeprecatedImportWarning","filename":"/opt/airflow/dags/branch_pipeline.py","lineno":2,"logger":"py.warnings"}
{"timestamp":"2026-02-10T07:08:46.067467Z","level":"warning","event":"The `airflow.operators.bash.BashOperator` attribute is deprecated. Please use `'airflow.providers.standard.operators.bash.BashOperator'`.","category":"DeprecatedImportWarning","filename":"/opt/airflow/dags/branch_pipeline.py","lineno":3,"logger":"py.warnings"}
{"timestamp":"2026-02-10T07:09:16.424755Z","level":"info","event":"Filling up the DagBag from /opt/airflow/dags/branch_pipeline.py","logger":"airflow.models.dagbag.BundleDagBag","filename":"dagbag.py","lineno":593}
{"timestamp":"2026-02-10T07:09:16.480098Z","level":"warning","event":"The `airflow.decorators.dag` attribute is deprecated. Please use `'airflow.sdk.dag'`.","category":"DeprecatedImportWarning","filename":"/opt/airflow/dags/branch_pipeline.py","lineno":1,"logger":"py.warnings"}
{"timestamp":"2026-02-10T07:09:16.480338Z","level":"warning","event":"The `airflow.decorators.task` attribute is deprecated. Please use `'airflow.sdk.task'`.","category":"DeprecatedImportWarning","filename":"/opt/airflow/dags/branch_pipeline.py","lineno":1,"logger":"py.warnings"}
{"timestamp":"2026-02-10T07:09:16.480437Z","level":"warning","event":"The `airflow.operators.python.BranchPythonOperator` attribute is deprecated. Please use `'airflow.providers.standard.operators.python.BranchPythonOperator'`.","category":"DeprecatedImportWarning","filename":"/opt/airflow/dags/branch_pipeline.py","lineno":2,"logger":"py.warnings"}
{"timestamp":"2026-02-10T07:09:16.480506Z","level":"warning","event":"The `airflow.operators.bash.BashOperator` attribute is deprecated. Please use `'airflow.providers.standard.operators.bash.BashOperator'`.","category":"DeprecatedImportWarning","filename":"/opt/airflow/dags/branch_pipeline.py","lineno":3,"logger":"py.warnings"}
{"timestamp":"2026-02-10T07:09:46.709941Z","level":"info","event":"Filling up the DagBag from /opt/airflow/dags/branch_pipeline.py","logger":"airflow.models.dagbag.BundleDagBag","filename":"dagbag.py","lineno":593}
{"timestamp":"2026-02-10T07:09:46.762863Z","level":"warning","event":"The `airflow.decorators.dag` attribute is deprecated. Please use `'airflow.sdk.dag'`.","category":"DeprecatedImportWarning","filename":"/opt/airflow/dags/branch_pipeline.py","lineno":1,"logger":"py.warnings"}
{"timestamp":"2026-02-10T07:09:46.763155Z","level":"warning","event":"The `airflow.decorators.task` attribute is deprecated. Please use `'airflow.sdk.task'`.","category":"DeprecatedImportWarning","filename":"/opt/airflow/dags/branch_pipeline.py","lineno":1,"logger":"py.warnings"}
{"timestamp":"2026-02-10T07:09:46.763244Z","level":"warning","event":"The `airflow.operators.python.BranchPythonOperator` attribute is deprecated. Please use `'airflow.providers.standard.operators.python.BranchPythonOperator'`.","category":"DeprecatedImportWarning","filename":"/opt/airflow/dags/branch_pipeline.py","lineno":2,"logger":"py.warnings"}
{"timestamp":"2026-02-10T07:09:46.763305Z","level":"warning","event":"The `airflow.operators.bash.BashOperator` attribute is deprecated. Please use `'airflow.providers.standard.operators.bash.BashOperator'`.","category":"DeprecatedImportWarning","filename":"/opt/airflow/dags/branch_pipeline.py","lineno":3,"logger":"py.warnings"}
{"timestamp":"2026-02-10T07:10:17.098366Z","level":"info","event":"Filling up the DagBag from /opt/airflow/dags/branch_pipeline.py","logger":"airflow.models.dagbag.BundleDagBag","filename":"dagbag.py","lineno":593}
{"timestamp":"2026-02-10T07:10:17.137460Z","level":"warning","event":"The `airflow.decorators.dag` attribute is deprecated. Please use `'airflow.sdk.dag'`.","category":"DeprecatedImportWarning","filename":"/opt/airflow/dags/branch_pipeline.py","lineno":1,"logger":"py.warnings"}
{"timestamp":"2026-02-10T07:10:17.137625Z","level":"warning","event":"The `airflow.decorators.task` attribute is deprecated. Please use `'airflow.sdk.task'`.","category":"DeprecatedImportWarning","filename":"/opt/airflow/dags/branch_pipeline.py","lineno":1,"logger":"py.warnings"}
{"timestamp":"2026-02-10T07:10:17.137688Z","level":"warning","event":"The `airflow.operators.python.BranchPythonOperator` attribute is deprecated. Please use `'airflow.providers.standard.operators.python.BranchPythonOperator'`.","category":"DeprecatedImportWarning","filename":"/opt/airflow/dags/branch_pipeline.py","lineno":2,"logger":"py.warnings"}
{"timestamp":"2026-02-10T07:10:17.137752Z","level":"warning","event":"The `airflow.operators.bash.BashOperator` attribute is deprecated. Please use `'airflow.providers.standard.operators.bash.BashOperator'`.","category":"DeprecatedImportWarning","filename":"/opt/airflow/dags/branch_pipeline.py","lineno":3,"logger":"py.warnings"}
{"timestamp":"2026-02-10T07:10:47.357403Z","level":"info","event":"Filling up the DagBag from /opt/airflow/dags/branch_pipeline.py","logger":"airflow.models.dagbag.BundleDagBag","filename":"dagbag.py","lineno":593}
{"timestamp":"2026-02-10T07:10:47.398338Z","level":"warning","event":"The `airflow.decorators.dag` attribute is deprecated. Please use `'airflow.sdk.dag'`.","category":"DeprecatedImportWarning","filename":"/opt/airflow/dags/branch_pipeline.py","lineno":1,"logger":"py.warnings"}
{"timestamp":"2026-02-10T07:10:47.398734Z","level":"warning","event":"The `airflow.decorators.task` attribute is deprecated. Please use `'airflow.sdk.task'`.","category":"DeprecatedImportWarning","filename":"/opt/airflow/dags/branch_pipeline.py","lineno":1,"logger":"py.warnings"}
{"timestamp":"2026-02-10T07:10:47.398849Z","level":"warning","event":"The `airflow.operators.python.BranchPythonOperator` attribute is deprecated. Please use `'airflow.providers.standard.operators.python.BranchPythonOperator'`.","category":"DeprecatedImportWarning","filename":"/opt/airflow/dags/branch_pipeline.py","lineno":2,"logger":"py.warnings"}
{"timestamp":"2026-02-10T07:10:47.398914Z","level":"warning","event":"The `airflow.operators.bash.BashOperator` attribute is deprecated. Please use `'airflow.providers.standard.operators.bash.BashOperator'`.","category":"DeprecatedImportWarning","filename":"/opt/airflow/dags/branch_pipeline.py","lineno":3,"logger":"py.warnings"}
{"timestamp":"2026-02-10T07:11:17.796918Z","level":"info","event":"Filling up the DagBag from /opt/airflow/dags/branch_pipeline.py","logger":"airflow.models.dagbag.BundleDagBag","filename":"dagbag.py","lineno":593}
{"timestamp":"2026-02-10T07:11:17.852122Z","level":"warning","event":"The `airflow.decorators.dag` attribute is deprecated. Please use `'airflow.sdk.dag'`.","category":"DeprecatedImportWarning","filename":"/opt/airflow/dags/branch_pipeline.py","lineno":1,"logger":"py.warnings"}
{"timestamp":"2026-02-10T07:11:17.852327Z","level":"warning","event":"The `airflow.decorators.task` attribute is deprecated. Please use `'airflow.sdk.task'`.","category":"DeprecatedImportWarning","filename":"/opt/airflow/dags/branch_pipeline.py","lineno":1,"logger":"py.warnings"}
{"timestamp":"2026-02-10T07:11:17.852396Z","level":"warning","event":"The `airflow.operators.python.BranchPythonOperator` attribute is deprecated. Please use `'airflow.providers.standard.operators.python.BranchPythonOperator'`.","category":"DeprecatedImportWarning","filename":"/opt/airflow/dags/branch_pipeline.py","lineno":2,"logger":"py.warnings"}
{"timestamp":"2026-02-10T07:11:17.852465Z","level":"warning","event":"The `airflow.operators.bash.BashOperator` attribute is deprecated. Please use `'airflow.providers.standard.operators.bash.BashOperator'`.","category":"DeprecatedImportWarning","filename":"/opt/airflow/dags/branch_pipeline.py","lineno":3,"logger":"py.warnings"}
{"timestamp":"2026-02-10T07:11:48.173440Z","level":"info","event":"Filling up the DagBag from /opt/airflow/dags/branch_pipeline.py","logger":"airflow.models.dagbag.BundleDagBag","filename":"dagbag.py","lineno":593}
{"timestamp":"2026-02-10T07:11:48.230005Z","level":"warning","event":"The `airflow.decorators.dag` attribute is deprecated. Please use `'airflow.sdk.dag'`.","category":"DeprecatedImportWarning","filename":"/opt/airflow/dags/branch_pipeline.py","lineno":1,"logger":"py.warnings"}
{"timestamp":"2026-02-10T07:11:48.230428Z","level":"warning","event":"The `airflow.decorators.task` attribute is deprecated. Please use `'airflow.sdk.task'`.","category":"DeprecatedImportWarning","filename":"/opt/airflow/dags/branch_pipeline.py","lineno":1,"logger":"py.warnings"}
{"timestamp":"2026-02-10T07:11:48.230551Z","level":"warning","event":"The `airflow.operators.python.BranchPythonOperator` attribute is deprecated. Please use `'airflow.providers.standard.operators.python.BranchPythonOperator'`.","category":"DeprecatedImportWarning","filename":"/opt/airflow/dags/branch_pipeline.py","lineno":2,"logger":"py.warnings"}
{"timestamp":"2026-02-10T07:11:48.230614Z","level":"warning","event":"The `airflow.operators.bash.BashOperator` attribute is deprecated. Please use `'airflow.providers.standard.operators.bash.BashOperator'`.","category":"DeprecatedImportWarning","filename":"/opt/airflow/dags/branch_pipeline.py","lineno":3,"logger":"py.warnings"}
