{"timestamp":"2026-02-13T04:02:11.428589Z","level":"info","event":"Filling up the DagBag from /opt/airflow/dags/branch_pipeline.py","logger":"airflow.models.dagbag.BundleDagBag","filename":"dagbag.py","lineno":593}
{"timestamp":"2026-02-13T04:02:11.804648Z","level":"warning","event":"The `airflow.decorators.dag` attribute is deprecated. Please use `'airflow.sdk.dag'`.","category":"DeprecatedImportWarning","filename":"/opt/airflow/dags/branch_pipeline.py","lineno":1,"logger":"py.warnings"}
{"timestamp":"2026-02-13T04:02:11.805361Z","level":"warning","event":"The `airflow.decorators.task` attribute is deprecated. Please use `'airflow.sdk.task'`.","category":"DeprecatedImportWarning","filename":"/opt/airflow/dags/branch_pipeline.py","lineno":1,"logger":"py.warnings"}
{"timestamp":"2026-02-13T04:02:11.805595Z","level":"warning","event":"The `airflow.operators.python.BranchPythonOperator` attribute is deprecated. Please use `'airflow.providers.standard.operators.python.BranchPythonOperator'`.","category":"DeprecatedImportWarning","filename":"/opt/airflow/dags/branch_pipeline.py","lineno":2,"logger":"py.warnings"}
{"timestamp":"2026-02-13T04:02:11.805943Z","level":"warning","event":"The `airflow.operators.bash.BashOperator` attribute is deprecated. Please use `'airflow.providers.standard.operators.bash.BashOperator'`.","category":"DeprecatedImportWarning","filename":"/opt/airflow/dags/branch_pipeline.py","lineno":3,"logger":"py.warnings"}
{"timestamp":"2026-02-13T04:02:46.769941Z","level":"info","event":"Filling up the DagBag from /opt/airflow/dags/branch_pipeline.py","logger":"airflow.models.dagbag.BundleDagBag","filename":"dagbag.py","lineno":593}
{"timestamp":"2026-02-13T04:02:46.959951Z","level":"warning","event":"The `airflow.decorators.dag` attribute is deprecated. Please use `'airflow.sdk.dag'`.","category":"DeprecatedImportWarning","filename":"/opt/airflow/dags/branch_pipeline.py","lineno":1,"logger":"py.warnings"}
{"timestamp":"2026-02-13T04:02:46.960625Z","level":"warning","event":"The `airflow.decorators.task` attribute is deprecated. Please use `'airflow.sdk.task'`.","category":"DeprecatedImportWarning","filename":"/opt/airflow/dags/branch_pipeline.py","lineno":1,"logger":"py.warnings"}
{"timestamp":"2026-02-13T04:02:46.961147Z","level":"warning","event":"The `airflow.operators.python.BranchPythonOperator` attribute is deprecated. Please use `'airflow.providers.standard.operators.python.BranchPythonOperator'`.","category":"DeprecatedImportWarning","filename":"/opt/airflow/dags/branch_pipeline.py","lineno":2,"logger":"py.warnings"}
{"timestamp":"2026-02-13T04:02:46.961507Z","level":"warning","event":"The `airflow.operators.bash.BashOperator` attribute is deprecated. Please use `'airflow.providers.standard.operators.bash.BashOperator'`.","category":"DeprecatedImportWarning","filename":"/opt/airflow/dags/branch_pipeline.py","lineno":3,"logger":"py.warnings"}
{"timestamp":"2026-02-13T04:03:26.705984Z","level":"info","event":"Filling up the DagBag from /opt/airflow/dags/branch_pipeline.py","logger":"airflow.models.dagbag.BundleDagBag","filename":"dagbag.py","lineno":593}
{"timestamp":"2026-02-13T04:03:26.900463Z","level":"warning","event":"The `airflow.decorators.dag` attribute is deprecated. Please use `'airflow.sdk.dag'`.","category":"DeprecatedImportWarning","filename":"/opt/airflow/dags/branch_pipeline.py","lineno":1,"logger":"py.warnings"}
{"timestamp":"2026-02-13T04:03:26.901132Z","level":"warning","event":"The `airflow.decorators.task` attribute is deprecated. Please use `'airflow.sdk.task'`.","category":"DeprecatedImportWarning","filename":"/opt/airflow/dags/branch_pipeline.py","lineno":1,"logger":"py.warnings"}
{"timestamp":"2026-02-13T04:03:26.901595Z","level":"warning","event":"The `airflow.operators.python.BranchPythonOperator` attribute is deprecated. Please use `'airflow.providers.standard.operators.python.BranchPythonOperator'`.","category":"DeprecatedImportWarning","filename":"/opt/airflow/dags/branch_pipeline.py","lineno":2,"logger":"py.warnings"}
{"timestamp":"2026-02-13T04:03:26.901787Z","level":"warning","event":"The `airflow.operators.bash.BashOperator` attribute is deprecated. Please use `'airflow.providers.standard.operators.bash.BashOperator'`.","category":"DeprecatedImportWarning","filename":"/opt/airflow/dags/branch_pipeline.py","lineno":3,"logger":"py.warnings"}
{"timestamp":"2026-02-13T04:03:58.020514Z","level":"info","event":"Filling up the DagBag from /opt/airflow/dags/branch_pipeline.py","logger":"airflow.models.dagbag.BundleDagBag","filename":"dagbag.py","lineno":593}
{"timestamp":"2026-02-13T04:03:59.006277Z","level":"warning","event":"The `airflow.decorators.dag` attribute is deprecated. Please use `'airflow.sdk.dag'`.","category":"DeprecatedImportWarning","filename":"/opt/airflow/dags/branch_pipeline.py","lineno":1,"logger":"py.warnings"}
{"timestamp":"2026-02-13T04:03:59.006894Z","level":"warning","event":"The `airflow.decorators.task` attribute is deprecated. Please use `'airflow.sdk.task'`.","category":"DeprecatedImportWarning","filename":"/opt/airflow/dags/branch_pipeline.py","lineno":1,"logger":"py.warnings"}
{"timestamp":"2026-02-13T04:03:59.007162Z","level":"warning","event":"The `airflow.operators.python.BranchPythonOperator` attribute is deprecated. Please use `'airflow.providers.standard.operators.python.BranchPythonOperator'`.","category":"DeprecatedImportWarning","filename":"/opt/airflow/dags/branch_pipeline.py","lineno":2,"logger":"py.warnings"}
{"timestamp":"2026-02-13T04:03:59.007312Z","level":"warning","event":"The `airflow.operators.bash.BashOperator` attribute is deprecated. Please use `'airflow.providers.standard.operators.bash.BashOperator'`.","category":"DeprecatedImportWarning","filename":"/opt/airflow/dags/branch_pipeline.py","lineno":3,"logger":"py.warnings"}
{"timestamp":"2026-02-13T04:04:29.855306Z","level":"info","event":"Filling up the DagBag from /opt/airflow/dags/branch_pipeline.py","logger":"airflow.models.dagbag.BundleDagBag","filename":"dagbag.py","lineno":593}
{"timestamp":"2026-02-13T04:04:29.935613Z","level":"warning","event":"The `airflow.decorators.dag` attribute is deprecated. Please use `'airflow.sdk.dag'`.","category":"DeprecatedImportWarning","filename":"/opt/airflow/dags/branch_pipeline.py","lineno":1,"logger":"py.warnings"}
{"timestamp":"2026-02-13T04:04:29.935794Z","level":"warning","event":"The `airflow.decorators.task` attribute is deprecated. Please use `'airflow.sdk.task'`.","category":"DeprecatedImportWarning","filename":"/opt/airflow/dags/branch_pipeline.py","lineno":1,"logger":"py.warnings"}
{"timestamp":"2026-02-13T04:04:29.935858Z","level":"warning","event":"The `airflow.operators.python.BranchPythonOperator` attribute is deprecated. Please use `'airflow.providers.standard.operators.python.BranchPythonOperator'`.","category":"DeprecatedImportWarning","filename":"/opt/airflow/dags/branch_pipeline.py","lineno":2,"logger":"py.warnings"}
{"timestamp":"2026-02-13T04:04:29.935906Z","level":"warning","event":"The `airflow.operators.bash.BashOperator` attribute is deprecated. Please use `'airflow.providers.standard.operators.bash.BashOperator'`.","category":"DeprecatedImportWarning","filename":"/opt/airflow/dags/branch_pipeline.py","lineno":3,"logger":"py.warnings"}
{"timestamp":"2026-02-13T04:05:00.418938Z","level":"info","event":"Filling up the DagBag from /opt/airflow/dags/branch_pipeline.py","logger":"airflow.models.dagbag.BundleDagBag","filename":"dagbag.py","lineno":593}
{"timestamp":"2026-02-13T04:05:00.509220Z","level":"warning","event":"The `airflow.decorators.dag` attribute is deprecated. Please use `'airflow.sdk.dag'`.","category":"DeprecatedImportWarning","filename":"/opt/airflow/dags/branch_pipeline.py","lineno":1,"logger":"py.warnings"}
{"timestamp":"2026-02-13T04:05:00.509665Z","level":"warning","event":"The `airflow.decorators.task` attribute is deprecated. Please use `'airflow.sdk.task'`.","category":"DeprecatedImportWarning","filename":"/opt/airflow/dags/branch_pipeline.py","lineno":1,"logger":"py.warnings"}
{"timestamp":"2026-02-13T04:05:00.509821Z","level":"warning","event":"The `airflow.operators.python.BranchPythonOperator` attribute is deprecated. Please use `'airflow.providers.standard.operators.python.BranchPythonOperator'`.","category":"DeprecatedImportWarning","filename":"/opt/airflow/dags/branch_pipeline.py","lineno":2,"logger":"py.warnings"}
{"timestamp":"2026-02-13T04:05:00.509935Z","level":"warning","event":"The `airflow.operators.bash.BashOperator` attribute is deprecated. Please use `'airflow.providers.standard.operators.bash.BashOperator'`.","category":"DeprecatedImportWarning","filename":"/opt/airflow/dags/branch_pipeline.py","lineno":3,"logger":"py.warnings"}
{"timestamp":"2026-02-13T04:05:31.344954Z","level":"info","event":"Filling up the DagBag from /opt/airflow/dags/branch_pipeline.py","logger":"airflow.models.dagbag.BundleDagBag","filename":"dagbag.py","lineno":593}
{"timestamp":"2026-02-13T04:05:31.404129Z","level":"warning","event":"The `airflow.decorators.dag` attribute is deprecated. Please use `'airflow.sdk.dag'`.","category":"DeprecatedImportWarning","filename":"/opt/airflow/dags/branch_pipeline.py","lineno":1,"logger":"py.warnings"}
{"timestamp":"2026-02-13T04:05:31.404281Z","level":"warning","event":"The `airflow.decorators.task` attribute is deprecated. Please use `'airflow.sdk.task'`.","category":"DeprecatedImportWarning","filename":"/opt/airflow/dags/branch_pipeline.py","lineno":1,"logger":"py.warnings"}
{"timestamp":"2026-02-13T04:05:31.404340Z","level":"warning","event":"The `airflow.operators.python.BranchPythonOperator` attribute is deprecated. Please use `'airflow.providers.standard.operators.python.BranchPythonOperator'`.","category":"DeprecatedImportWarning","filename":"/opt/airflow/dags/branch_pipeline.py","lineno":2,"logger":"py.warnings"}
{"timestamp":"2026-02-13T04:05:31.404386Z","level":"warning","event":"The `airflow.operators.bash.BashOperator` attribute is deprecated. Please use `'airflow.providers.standard.operators.bash.BashOperator'`.","category":"DeprecatedImportWarning","filename":"/opt/airflow/dags/branch_pipeline.py","lineno":3,"logger":"py.warnings"}
{"timestamp":"2026-02-13T04:06:01.821067Z","level":"info","event":"Filling up the DagBag from /opt/airflow/dags/branch_pipeline.py","logger":"airflow.models.dagbag.BundleDagBag","filename":"dagbag.py","lineno":593}
{"timestamp":"2026-02-13T04:06:01.878341Z","level":"warning","event":"The `airflow.decorators.dag` attribute is deprecated. Please use `'airflow.sdk.dag'`.","category":"DeprecatedImportWarning","filename":"/opt/airflow/dags/branch_pipeline.py","lineno":1,"logger":"py.warnings"}
{"timestamp":"2026-02-13T04:06:01.878494Z","level":"warning","event":"The `airflow.decorators.task` attribute is deprecated. Please use `'airflow.sdk.task'`.","category":"DeprecatedImportWarning","filename":"/opt/airflow/dags/branch_pipeline.py","lineno":1,"logger":"py.warnings"}
{"timestamp":"2026-02-13T04:06:01.878584Z","level":"warning","event":"The `airflow.operators.python.BranchPythonOperator` attribute is deprecated. Please use `'airflow.providers.standard.operators.python.BranchPythonOperator'`.","category":"DeprecatedImportWarning","filename":"/opt/airflow/dags/branch_pipeline.py","lineno":2,"logger":"py.warnings"}
{"timestamp":"2026-02-13T04:06:01.878667Z","level":"warning","event":"The `airflow.operators.bash.BashOperator` attribute is deprecated. Please use `'airflow.providers.standard.operators.bash.BashOperator'`.","category":"DeprecatedImportWarning","filename":"/opt/airflow/dags/branch_pipeline.py","lineno":3,"logger":"py.warnings"}
{"timestamp":"2026-02-13T04:06:32.315677Z","level":"info","event":"Filling up the DagBag from /opt/airflow/dags/branch_pipeline.py","logger":"airflow.models.dagbag.BundleDagBag","filename":"dagbag.py","lineno":593}
{"timestamp":"2026-02-13T04:06:32.394027Z","level":"warning","event":"The `airflow.decorators.dag` attribute is deprecated. Please use `'airflow.sdk.dag'`.","category":"DeprecatedImportWarning","filename":"/opt/airflow/dags/branch_pipeline.py","lineno":1,"logger":"py.warnings"}
{"timestamp":"2026-02-13T04:06:32.394255Z","level":"warning","event":"The `airflow.decorators.task` attribute is deprecated. Please use `'airflow.sdk.task'`.","category":"DeprecatedImportWarning","filename":"/opt/airflow/dags/branch_pipeline.py","lineno":1,"logger":"py.warnings"}
{"timestamp":"2026-02-13T04:06:32.394331Z","level":"warning","event":"The `airflow.operators.python.BranchPythonOperator` attribute is deprecated. Please use `'airflow.providers.standard.operators.python.BranchPythonOperator'`.","category":"DeprecatedImportWarning","filename":"/opt/airflow/dags/branch_pipeline.py","lineno":2,"logger":"py.warnings"}
{"timestamp":"2026-02-13T04:06:32.394384Z","level":"warning","event":"The `airflow.operators.bash.BashOperator` attribute is deprecated. Please use `'airflow.providers.standard.operators.bash.BashOperator'`.","category":"DeprecatedImportWarning","filename":"/opt/airflow/dags/branch_pipeline.py","lineno":3,"logger":"py.warnings"}
{"timestamp":"2026-02-13T04:07:03.069011Z","level":"info","event":"Filling up the DagBag from /opt/airflow/dags/branch_pipeline.py","logger":"airflow.models.dagbag.BundleDagBag","filename":"dagbag.py","lineno":593}
{"timestamp":"2026-02-13T04:07:03.126919Z","level":"warning","event":"The `airflow.decorators.dag` attribute is deprecated. Please use `'airflow.sdk.dag'`.","category":"DeprecatedImportWarning","filename":"/opt/airflow/dags/branch_pipeline.py","lineno":1,"logger":"py.warnings"}
{"timestamp":"2026-02-13T04:07:03.127062Z","level":"warning","event":"The `airflow.decorators.task` attribute is deprecated. Please use `'airflow.sdk.task'`.","category":"DeprecatedImportWarning","filename":"/opt/airflow/dags/branch_pipeline.py","lineno":1,"logger":"py.warnings"}
{"timestamp":"2026-02-13T04:07:03.127124Z","level":"warning","event":"The `airflow.operators.python.BranchPythonOperator` attribute is deprecated. Please use `'airflow.providers.standard.operators.python.BranchPythonOperator'`.","category":"DeprecatedImportWarning","filename":"/opt/airflow/dags/branch_pipeline.py","lineno":2,"logger":"py.warnings"}
{"timestamp":"2026-02-13T04:07:03.127171Z","level":"warning","event":"The `airflow.operators.bash.BashOperator` attribute is deprecated. Please use `'airflow.providers.standard.operators.bash.BashOperator'`.","category":"DeprecatedImportWarning","filename":"/opt/airflow/dags/branch_pipeline.py","lineno":3,"logger":"py.warnings"}
{"timestamp":"2026-02-13T04:07:33.818431Z","level":"info","event":"Filling up the DagBag from /opt/airflow/dags/branch_pipeline.py","logger":"airflow.models.dagbag.BundleDagBag","filename":"dagbag.py","lineno":593}
{"timestamp":"2026-02-13T04:07:33.912830Z","level":"warning","event":"The `airflow.decorators.dag` attribute is deprecated. Please use `'airflow.sdk.dag'`.","category":"DeprecatedImportWarning","filename":"/opt/airflow/dags/branch_pipeline.py","lineno":1,"logger":"py.warnings"}
{"timestamp":"2026-02-13T04:07:33.914114Z","level":"warning","event":"The `airflow.decorators.task` attribute is deprecated. Please use `'airflow.sdk.task'`.","category":"DeprecatedImportWarning","filename":"/opt/airflow/dags/branch_pipeline.py","lineno":1,"logger":"py.warnings"}
{"timestamp":"2026-02-13T04:07:33.914519Z","level":"warning","event":"The `airflow.operators.python.BranchPythonOperator` attribute is deprecated. Please use `'airflow.providers.standard.operators.python.BranchPythonOperator'`.","category":"DeprecatedImportWarning","filename":"/opt/airflow/dags/branch_pipeline.py","lineno":2,"logger":"py.warnings"}
{"timestamp":"2026-02-13T04:07:33.914965Z","level":"warning","event":"The `airflow.operators.bash.BashOperator` attribute is deprecated. Please use `'airflow.providers.standard.operators.bash.BashOperator'`.","category":"DeprecatedImportWarning","filename":"/opt/airflow/dags/branch_pipeline.py","lineno":3,"logger":"py.warnings"}
{"timestamp":"2026-02-13T04:08:04.357686Z","level":"info","event":"Filling up the DagBag from /opt/airflow/dags/branch_pipeline.py","logger":"airflow.models.dagbag.BundleDagBag","filename":"dagbag.py","lineno":593}
{"timestamp":"2026-02-13T04:08:04.416629Z","level":"warning","event":"The `airflow.decorators.dag` attribute is deprecated. Please use `'airflow.sdk.dag'`.","category":"DeprecatedImportWarning","filename":"/opt/airflow/dags/branch_pipeline.py","lineno":1,"logger":"py.warnings"}
{"timestamp":"2026-02-13T04:08:04.417132Z","level":"warning","event":"The `airflow.decorators.task` attribute is deprecated. Please use `'airflow.sdk.task'`.","category":"DeprecatedImportWarning","filename":"/opt/airflow/dags/branch_pipeline.py","lineno":1,"logger":"py.warnings"}
{"timestamp":"2026-02-13T04:08:04.417266Z","level":"warning","event":"The `airflow.operators.python.BranchPythonOperator` attribute is deprecated. Please use `'airflow.providers.standard.operators.python.BranchPythonOperator'`.","category":"DeprecatedImportWarning","filename":"/opt/airflow/dags/branch_pipeline.py","lineno":2,"logger":"py.warnings"}
{"timestamp":"2026-02-13T04:08:04.417363Z","level":"warning","event":"The `airflow.operators.bash.BashOperator` attribute is deprecated. Please use `'airflow.providers.standard.operators.bash.BashOperator'`.","category":"DeprecatedImportWarning","filename":"/opt/airflow/dags/branch_pipeline.py","lineno":3,"logger":"py.warnings"}
{"timestamp":"2026-02-13T04:08:34.771362Z","level":"info","event":"Filling up the DagBag from /opt/airflow/dags/branch_pipeline.py","logger":"airflow.models.dagbag.BundleDagBag","filename":"dagbag.py","lineno":593}
{"timestamp":"2026-02-13T04:08:34.825082Z","level":"warning","event":"The `airflow.decorators.dag` attribute is deprecated. Please use `'airflow.sdk.dag'`.","category":"DeprecatedImportWarning","filename":"/opt/airflow/dags/branch_pipeline.py","lineno":1,"logger":"py.warnings"}
{"timestamp":"2026-02-13T04:08:34.825387Z","level":"warning","event":"The `airflow.decorators.task` attribute is deprecated. Please use `'airflow.sdk.task'`.","category":"DeprecatedImportWarning","filename":"/opt/airflow/dags/branch_pipeline.py","lineno":1,"logger":"py.warnings"}
{"timestamp":"2026-02-13T04:08:34.825481Z","level":"warning","event":"The `airflow.operators.python.BranchPythonOperator` attribute is deprecated. Please use `'airflow.providers.standard.operators.python.BranchPythonOperator'`.","category":"DeprecatedImportWarning","filename":"/opt/airflow/dags/branch_pipeline.py","lineno":2,"logger":"py.warnings"}
{"timestamp":"2026-02-13T04:08:34.825532Z","level":"warning","event":"The `airflow.operators.bash.BashOperator` attribute is deprecated. Please use `'airflow.providers.standard.operators.bash.BashOperator'`.","category":"DeprecatedImportWarning","filename":"/opt/airflow/dags/branch_pipeline.py","lineno":3,"logger":"py.warnings"}
{"timestamp":"2026-02-13T04:09:05.089231Z","level":"info","event":"Filling up the DagBag from /opt/airflow/dags/branch_pipeline.py","logger":"airflow.models.dagbag.BundleDagBag","filename":"dagbag.py","lineno":593}
{"timestamp":"2026-02-13T04:09:05.143104Z","level":"warning","event":"The `airflow.decorators.dag` attribute is deprecated. Please use `'airflow.sdk.dag'`.","category":"DeprecatedImportWarning","filename":"/opt/airflow/dags/branch_pipeline.py","lineno":1,"logger":"py.warnings"}
{"timestamp":"2026-02-13T04:09:05.143269Z","level":"warning","event":"The `airflow.decorators.task` attribute is deprecated. Please use `'airflow.sdk.task'`.","category":"DeprecatedImportWarning","filename":"/opt/airflow/dags/branch_pipeline.py","lineno":1,"logger":"py.warnings"}
{"timestamp":"2026-02-13T04:09:05.143498Z","level":"warning","event":"The `airflow.operators.python.BranchPythonOperator` attribute is deprecated. Please use `'airflow.providers.standard.operators.python.BranchPythonOperator'`.","category":"DeprecatedImportWarning","filename":"/opt/airflow/dags/branch_pipeline.py","lineno":2,"logger":"py.warnings"}
{"timestamp":"2026-02-13T04:09:05.143612Z","level":"warning","event":"The `airflow.operators.bash.BashOperator` attribute is deprecated. Please use `'airflow.providers.standard.operators.bash.BashOperator'`.","category":"DeprecatedImportWarning","filename":"/opt/airflow/dags/branch_pipeline.py","lineno":3,"logger":"py.warnings"}
{"timestamp":"2026-02-13T04:09:35.419534Z","level":"info","event":"Filling up the DagBag from /opt/airflow/dags/branch_pipeline.py","logger":"airflow.models.dagbag.BundleDagBag","filename":"dagbag.py","lineno":593}
{"timestamp":"2026-02-13T04:09:35.479893Z","level":"warning","event":"The `airflow.decorators.dag` attribute is deprecated. Please use `'airflow.sdk.dag'`.","category":"DeprecatedImportWarning","filename":"/opt/airflow/dags/branch_pipeline.py","lineno":1,"logger":"py.warnings"}
{"timestamp":"2026-02-13T04:09:35.480054Z","level":"warning","event":"The `airflow.decorators.task` attribute is deprecated. Please use `'airflow.sdk.task'`.","category":"DeprecatedImportWarning","filename":"/opt/airflow/dags/branch_pipeline.py","lineno":1,"logger":"py.warnings"}
{"timestamp":"2026-02-13T04:09:35.480118Z","level":"warning","event":"The `airflow.operators.python.BranchPythonOperator` attribute is deprecated. Please use `'airflow.providers.standard.operators.python.BranchPythonOperator'`.","category":"DeprecatedImportWarning","filename":"/opt/airflow/dags/branch_pipeline.py","lineno":2,"logger":"py.warnings"}
{"timestamp":"2026-02-13T04:09:35.480164Z","level":"warning","event":"The `airflow.operators.bash.BashOperator` attribute is deprecated. Please use `'airflow.providers.standard.operators.bash.BashOperator'`.","category":"DeprecatedImportWarning","filename":"/opt/airflow/dags/branch_pipeline.py","lineno":3,"logger":"py.warnings"}
{"timestamp":"2026-02-13T04:10:05.745084Z","level":"info","event":"Filling up the DagBag from /opt/airflow/dags/branch_pipeline.py","logger":"airflow.models.dagbag.BundleDagBag","filename":"dagbag.py","lineno":593}
{"timestamp":"2026-02-13T04:10:05.818597Z","level":"warning","event":"The `airflow.decorators.dag` attribute is deprecated. Please use `'airflow.sdk.dag'`.","category":"DeprecatedImportWarning","filename":"/opt/airflow/dags/branch_pipeline.py","lineno":1,"logger":"py.warnings"}
{"timestamp":"2026-02-13T04:10:05.818774Z","level":"warning","event":"The `airflow.decorators.task` attribute is deprecated. Please use `'airflow.sdk.task'`.","category":"DeprecatedImportWarning","filename":"/opt/airflow/dags/branch_pipeline.py","lineno":1,"logger":"py.warnings"}
{"timestamp":"2026-02-13T04:10:05.818837Z","level":"warning","event":"The `airflow.operators.python.BranchPythonOperator` attribute is deprecated. Please use `'airflow.providers.standard.operators.python.BranchPythonOperator'`.","category":"DeprecatedImportWarning","filename":"/opt/airflow/dags/branch_pipeline.py","lineno":2,"logger":"py.warnings"}
{"timestamp":"2026-02-13T04:10:05.818885Z","level":"warning","event":"The `airflow.operators.bash.BashOperator` attribute is deprecated. Please use `'airflow.providers.standard.operators.bash.BashOperator'`.","category":"DeprecatedImportWarning","filename":"/opt/airflow/dags/branch_pipeline.py","lineno":3,"logger":"py.warnings"}
{"timestamp":"2026-02-13T04:10:36.104647Z","level":"info","event":"Filling up the DagBag from /opt/airflow/dags/branch_pipeline.py","logger":"airflow.models.dagbag.BundleDagBag","filename":"dagbag.py","lineno":593}
{"timestamp":"2026-02-13T04:10:36.157851Z","level":"warning","event":"The `airflow.decorators.dag` attribute is deprecated. Please use `'airflow.sdk.dag'`.","category":"DeprecatedImportWarning","filename":"/opt/airflow/dags/branch_pipeline.py","lineno":1,"logger":"py.warnings"}
{"timestamp":"2026-02-13T04:10:36.158059Z","level":"warning","event":"The `airflow.decorators.task` attribute is deprecated. Please use `'airflow.sdk.task'`.","category":"DeprecatedImportWarning","filename":"/opt/airflow/dags/branch_pipeline.py","lineno":1,"logger":"py.warnings"}
{"timestamp":"2026-02-13T04:10:36.158130Z","level":"warning","event":"The `airflow.operators.python.BranchPythonOperator` attribute is deprecated. Please use `'airflow.providers.standard.operators.python.BranchPythonOperator'`.","category":"DeprecatedImportWarning","filename":"/opt/airflow/dags/branch_pipeline.py","lineno":2,"logger":"py.warnings"}
{"timestamp":"2026-02-13T04:10:36.158182Z","level":"warning","event":"The `airflow.operators.bash.BashOperator` attribute is deprecated. Please use `'airflow.providers.standard.operators.bash.BashOperator'`.","category":"DeprecatedImportWarning","filename":"/opt/airflow/dags/branch_pipeline.py","lineno":3,"logger":"py.warnings"}
{"timestamp":"2026-02-13T04:11:06.334797Z","level":"info","event":"Filling up the DagBag from /opt/airflow/dags/branch_pipeline.py","logger":"airflow.models.dagbag.BundleDagBag","filename":"dagbag.py","lineno":593}
{"timestamp":"2026-02-13T04:11:06.387308Z","level":"warning","event":"The `airflow.decorators.dag` attribute is deprecated. Please use `'airflow.sdk.dag'`.","category":"DeprecatedImportWarning","filename":"/opt/airflow/dags/branch_pipeline.py","lineno":1,"logger":"py.warnings"}
{"timestamp":"2026-02-13T04:11:06.387598Z","level":"warning","event":"The `airflow.decorators.task` attribute is deprecated. Please use `'airflow.sdk.task'`.","category":"DeprecatedImportWarning","filename":"/opt/airflow/dags/branch_pipeline.py","lineno":1,"logger":"py.warnings"}
{"timestamp":"2026-02-13T04:11:06.387675Z","level":"warning","event":"The `airflow.operators.python.BranchPythonOperator` attribute is deprecated. Please use `'airflow.providers.standard.operators.python.BranchPythonOperator'`.","category":"DeprecatedImportWarning","filename":"/opt/airflow/dags/branch_pipeline.py","lineno":2,"logger":"py.warnings"}
{"timestamp":"2026-02-13T04:11:06.387733Z","level":"warning","event":"The `airflow.operators.bash.BashOperator` attribute is deprecated. Please use `'airflow.providers.standard.operators.bash.BashOperator'`.","category":"DeprecatedImportWarning","filename":"/opt/airflow/dags/branch_pipeline.py","lineno":3,"logger":"py.warnings"}
{"timestamp":"2026-02-13T04:11:36.803264Z","level":"info","event":"Filling up the DagBag from /opt/airflow/dags/branch_pipeline.py","logger":"airflow.models.dagbag.BundleDagBag","filename":"dagbag.py","lineno":593}
{"timestamp":"2026-02-13T04:11:36.883456Z","level":"warning","event":"The `airflow.decorators.dag` attribute is deprecated. Please use `'airflow.sdk.dag'`.","category":"DeprecatedImportWarning","filename":"/opt/airflow/dags/branch_pipeline.py","lineno":1,"logger":"py.warnings"}
{"timestamp":"2026-02-13T04:11:36.883711Z","level":"warning","event":"The `airflow.decorators.task` attribute is deprecated. Please use `'airflow.sdk.task'`.","category":"DeprecatedImportWarning","filename":"/opt/airflow/dags/branch_pipeline.py","lineno":1,"logger":"py.warnings"}
{"timestamp":"2026-02-13T04:11:36.883795Z","level":"warning","event":"The `airflow.operators.python.BranchPythonOperator` attribute is deprecated. Please use `'airflow.providers.standard.operators.python.BranchPythonOperator'`.","category":"DeprecatedImportWarning","filename":"/opt/airflow/dags/branch_pipeline.py","lineno":2,"logger":"py.warnings"}
{"timestamp":"2026-02-13T04:11:36.883863Z","level":"warning","event":"The `airflow.operators.bash.BashOperator` attribute is deprecated. Please use `'airflow.providers.standard.operators.bash.BashOperator'`.","category":"DeprecatedImportWarning","filename":"/opt/airflow/dags/branch_pipeline.py","lineno":3,"logger":"py.warnings"}
{"timestamp":"2026-02-13T04:12:07.535043Z","level":"info","event":"Filling up the DagBag from /opt/airflow/dags/branch_pipeline.py","logger":"airflow.models.dagbag.BundleDagBag","filename":"dagbag.py","lineno":593}
{"timestamp":"2026-02-13T04:12:07.601728Z","level":"warning","event":"The `airflow.decorators.dag` attribute is deprecated. Please use `'airflow.sdk.dag'`.","category":"DeprecatedImportWarning","filename":"/opt/airflow/dags/branch_pipeline.py","lineno":1,"logger":"py.warnings"}
{"timestamp":"2026-02-13T04:12:07.602331Z","level":"warning","event":"The `airflow.decorators.task` attribute is deprecated. Please use `'airflow.sdk.task'`.","category":"DeprecatedImportWarning","filename":"/opt/airflow/dags/branch_pipeline.py","lineno":1,"logger":"py.warnings"}
{"timestamp":"2026-02-13T04:12:07.602543Z","level":"warning","event":"The `airflow.operators.python.BranchPythonOperator` attribute is deprecated. Please use `'airflow.providers.standard.operators.python.BranchPythonOperator'`.","category":"DeprecatedImportWarning","filename":"/opt/airflow/dags/branch_pipeline.py","lineno":2,"logger":"py.warnings"}
{"timestamp":"2026-02-13T04:12:07.602707Z","level":"warning","event":"The `airflow.operators.bash.BashOperator` attribute is deprecated. Please use `'airflow.providers.standard.operators.bash.BashOperator'`.","category":"DeprecatedImportWarning","filename":"/opt/airflow/dags/branch_pipeline.py","lineno":3,"logger":"py.warnings"}
{"timestamp":"2026-02-13T04:12:37.913110Z","level":"info","event":"Filling up the DagBag from /opt/airflow/dags/branch_pipeline.py","logger":"airflow.models.dagbag.BundleDagBag","filename":"dagbag.py","lineno":593}
{"timestamp":"2026-02-13T04:12:37.993091Z","level":"warning","event":"The `airflow.decorators.dag` attribute is deprecated. Please use `'airflow.sdk.dag'`.","category":"DeprecatedImportWarning","filename":"/opt/airflow/dags/branch_pipeline.py","lineno":1,"logger":"py.warnings"}
{"timestamp":"2026-02-13T04:12:37.993337Z","level":"warning","event":"The `airflow.decorators.task` attribute is deprecated. Please use `'airflow.sdk.task'`.","category":"DeprecatedImportWarning","filename":"/opt/airflow/dags/branch_pipeline.py","lineno":1,"logger":"py.warnings"}
{"timestamp":"2026-02-13T04:12:37.993412Z","level":"warning","event":"The `airflow.operators.python.BranchPythonOperator` attribute is deprecated. Please use `'airflow.providers.standard.operators.python.BranchPythonOperator'`.","category":"DeprecatedImportWarning","filename":"/opt/airflow/dags/branch_pipeline.py","lineno":2,"logger":"py.warnings"}
{"timestamp":"2026-02-13T04:12:37.993471Z","level":"warning","event":"The `airflow.operators.bash.BashOperator` attribute is deprecated. Please use `'airflow.providers.standard.operators.bash.BashOperator'`.","category":"DeprecatedImportWarning","filename":"/opt/airflow/dags/branch_pipeline.py","lineno":3,"logger":"py.warnings"}
{"timestamp":"2026-02-13T04:13:08.576608Z","level":"info","event":"Filling up the DagBag from /opt/airflow/dags/branch_pipeline.py","logger":"airflow.models.dagbag.BundleDagBag","filename":"dagbag.py","lineno":593}
{"timestamp":"2026-02-13T04:13:08.677233Z","level":"warning","event":"The `airflow.decorators.dag` attribute is deprecated. Please use `'airflow.sdk.dag'`.","category":"DeprecatedImportWarning","filename":"/opt/airflow/dags/branch_pipeline.py","lineno":1,"logger":"py.warnings"}
{"timestamp":"2026-02-13T04:13:08.678554Z","level":"warning","event":"The `airflow.decorators.task` attribute is deprecated. Please use `'airflow.sdk.task'`.","category":"DeprecatedImportWarning","filename":"/opt/airflow/dags/branch_pipeline.py","lineno":1,"logger":"py.warnings"}
{"timestamp":"2026-02-13T04:13:08.678790Z","level":"warning","event":"The `airflow.operators.python.BranchPythonOperator` attribute is deprecated. Please use `'airflow.providers.standard.operators.python.BranchPythonOperator'`.","category":"DeprecatedImportWarning","filename":"/opt/airflow/dags/branch_pipeline.py","lineno":2,"logger":"py.warnings"}
{"timestamp":"2026-02-13T04:13:08.679100Z","level":"warning","event":"The `airflow.operators.bash.BashOperator` attribute is deprecated. Please use `'airflow.providers.standard.operators.bash.BashOperator'`.","category":"DeprecatedImportWarning","filename":"/opt/airflow/dags/branch_pipeline.py","lineno":3,"logger":"py.warnings"}
{"timestamp":"2026-02-13T04:13:38.932503Z","level":"info","event":"Filling up the DagBag from /opt/airflow/dags/branch_pipeline.py","logger":"airflow.models.dagbag.BundleDagBag","filename":"dagbag.py","lineno":593}
{"timestamp":"2026-02-13T04:13:38.986443Z","level":"warning","event":"The `airflow.decorators.dag` attribute is deprecated. Please use `'airflow.sdk.dag'`.","category":"DeprecatedImportWarning","filename":"/opt/airflow/dags/branch_pipeline.py","lineno":1,"logger":"py.warnings"}
{"timestamp":"2026-02-13T04:13:38.986646Z","level":"warning","event":"The `airflow.decorators.task` attribute is deprecated. Please use `'airflow.sdk.task'`.","category":"DeprecatedImportWarning","filename":"/opt/airflow/dags/branch_pipeline.py","lineno":1,"logger":"py.warnings"}
{"timestamp":"2026-02-13T04:13:38.986719Z","level":"warning","event":"The `airflow.operators.python.BranchPythonOperator` attribute is deprecated. Please use `'airflow.providers.standard.operators.python.BranchPythonOperator'`.","category":"DeprecatedImportWarning","filename":"/opt/airflow/dags/branch_pipeline.py","lineno":2,"logger":"py.warnings"}
{"timestamp":"2026-02-13T04:13:38.986767Z","level":"warning","event":"The `airflow.operators.bash.BashOperator` attribute is deprecated. Please use `'airflow.providers.standard.operators.bash.BashOperator'`.","category":"DeprecatedImportWarning","filename":"/opt/airflow/dags/branch_pipeline.py","lineno":3,"logger":"py.warnings"}
{"timestamp":"2026-02-13T04:14:09.240080Z","level":"info","event":"Filling up the DagBag from /opt/airflow/dags/branch_pipeline.py","logger":"airflow.models.dagbag.BundleDagBag","filename":"dagbag.py","lineno":593}
{"timestamp":"2026-02-13T04:14:09.298712Z","level":"warning","event":"The `airflow.decorators.dag` attribute is deprecated. Please use `'airflow.sdk.dag'`.","category":"DeprecatedImportWarning","filename":"/opt/airflow/dags/branch_pipeline.py","lineno":1,"logger":"py.warnings"}
{"timestamp":"2026-02-13T04:14:09.299522Z","level":"warning","event":"The `airflow.decorators.task` attribute is deprecated. Please use `'airflow.sdk.task'`.","category":"DeprecatedImportWarning","filename":"/opt/airflow/dags/branch_pipeline.py","lineno":1,"logger":"py.warnings"}
{"timestamp":"2026-02-13T04:14:09.299843Z","level":"warning","event":"The `airflow.operators.python.BranchPythonOperator` attribute is deprecated. Please use `'airflow.providers.standard.operators.python.BranchPythonOperator'`.","category":"DeprecatedImportWarning","filename":"/opt/airflow/dags/branch_pipeline.py","lineno":2,"logger":"py.warnings"}
{"timestamp":"2026-02-13T04:14:09.300149Z","level":"warning","event":"The `airflow.operators.bash.BashOperator` attribute is deprecated. Please use `'airflow.providers.standard.operators.bash.BashOperator'`.","category":"DeprecatedImportWarning","filename":"/opt/airflow/dags/branch_pipeline.py","lineno":3,"logger":"py.warnings"}
{"timestamp":"2026-02-13T04:14:39.855055Z","level":"info","event":"Filling up the DagBag from /opt/airflow/dags/branch_pipeline.py","logger":"airflow.models.dagbag.BundleDagBag","filename":"dagbag.py","lineno":593}
{"timestamp":"2026-02-13T04:14:39.919954Z","level":"warning","event":"The `airflow.decorators.dag` attribute is deprecated. Please use `'airflow.sdk.dag'`.","category":"DeprecatedImportWarning","filename":"/opt/airflow/dags/branch_pipeline.py","lineno":1,"logger":"py.warnings"}
{"timestamp":"2026-02-13T04:14:39.920139Z","level":"warning","event":"The `airflow.decorators.task` attribute is deprecated. Please use `'airflow.sdk.task'`.","category":"DeprecatedImportWarning","filename":"/opt/airflow/dags/branch_pipeline.py","lineno":1,"logger":"py.warnings"}
{"timestamp":"2026-02-13T04:14:39.920207Z","level":"warning","event":"The `airflow.operators.python.BranchPythonOperator` attribute is deprecated. Please use `'airflow.providers.standard.operators.python.BranchPythonOperator'`.","category":"DeprecatedImportWarning","filename":"/opt/airflow/dags/branch_pipeline.py","lineno":2,"logger":"py.warnings"}
{"timestamp":"2026-02-13T04:14:39.920258Z","level":"warning","event":"The `airflow.operators.bash.BashOperator` attribute is deprecated. Please use `'airflow.providers.standard.operators.bash.BashOperator'`.","category":"DeprecatedImportWarning","filename":"/opt/airflow/dags/branch_pipeline.py","lineno":3,"logger":"py.warnings"}
{"timestamp":"2026-02-13T04:15:10.203807Z","level":"info","event":"Filling up the DagBag from /opt/airflow/dags/branch_pipeline.py","logger":"airflow.models.dagbag.BundleDagBag","filename":"dagbag.py","lineno":593}
{"timestamp":"2026-02-13T04:15:10.255590Z","level":"warning","event":"The `airflow.decorators.dag` attribute is deprecated. Please use `'airflow.sdk.dag'`.","category":"DeprecatedImportWarning","filename":"/opt/airflow/dags/branch_pipeline.py","lineno":1,"logger":"py.warnings"}
{"timestamp":"2026-02-13T04:15:10.255785Z","level":"warning","event":"The `airflow.decorators.task` attribute is deprecated. Please use `'airflow.sdk.task'`.","category":"DeprecatedImportWarning","filename":"/opt/airflow/dags/branch_pipeline.py","lineno":1,"logger":"py.warnings"}
{"timestamp":"2026-02-13T04:15:10.255851Z","level":"warning","event":"The `airflow.operators.python.BranchPythonOperator` attribute is deprecated. Please use `'airflow.providers.standard.operators.python.BranchPythonOperator'`.","category":"DeprecatedImportWarning","filename":"/opt/airflow/dags/branch_pipeline.py","lineno":2,"logger":"py.warnings"}
{"timestamp":"2026-02-13T04:15:10.255898Z","level":"warning","event":"The `airflow.operators.bash.BashOperator` attribute is deprecated. Please use `'airflow.providers.standard.operators.bash.BashOperator'`.","category":"DeprecatedImportWarning","filename":"/opt/airflow/dags/branch_pipeline.py","lineno":3,"logger":"py.warnings"}
{"timestamp":"2026-02-13T04:15:40.589231Z","level":"info","event":"Filling up the DagBag from /opt/airflow/dags/branch_pipeline.py","logger":"airflow.models.dagbag.BundleDagBag","filename":"dagbag.py","lineno":593}
{"timestamp":"2026-02-13T04:15:40.654523Z","level":"warning","event":"The `airflow.decorators.dag` attribute is deprecated. Please use `'airflow.sdk.dag'`.","category":"DeprecatedImportWarning","filename":"/opt/airflow/dags/branch_pipeline.py","lineno":1,"logger":"py.warnings"}
{"timestamp":"2026-02-13T04:15:40.654858Z","level":"warning","event":"The `airflow.decorators.task` attribute is deprecated. Please use `'airflow.sdk.task'`.","category":"DeprecatedImportWarning","filename":"/opt/airflow/dags/branch_pipeline.py","lineno":1,"logger":"py.warnings"}
{"timestamp":"2026-02-13T04:15:40.654982Z","level":"warning","event":"The `airflow.operators.python.BranchPythonOperator` attribute is deprecated. Please use `'airflow.providers.standard.operators.python.BranchPythonOperator'`.","category":"DeprecatedImportWarning","filename":"/opt/airflow/dags/branch_pipeline.py","lineno":2,"logger":"py.warnings"}
{"timestamp":"2026-02-13T04:15:40.655188Z","level":"warning","event":"The `airflow.operators.bash.BashOperator` attribute is deprecated. Please use `'airflow.providers.standard.operators.bash.BashOperator'`.","category":"DeprecatedImportWarning","filename":"/opt/airflow/dags/branch_pipeline.py","lineno":3,"logger":"py.warnings"}
{"timestamp":"2026-02-13T04:16:10.915804Z","level":"info","event":"Filling up the DagBag from /opt/airflow/dags/branch_pipeline.py","logger":"airflow.models.dagbag.BundleDagBag","filename":"dagbag.py","lineno":593}
{"timestamp":"2026-02-13T04:16:10.972381Z","level":"warning","event":"The `airflow.decorators.dag` attribute is deprecated. Please use `'airflow.sdk.dag'`.","category":"DeprecatedImportWarning","filename":"/opt/airflow/dags/branch_pipeline.py","lineno":1,"logger":"py.warnings"}
{"timestamp":"2026-02-13T04:16:10.972516Z","level":"warning","event":"The `airflow.decorators.task` attribute is deprecated. Please use `'airflow.sdk.task'`.","category":"DeprecatedImportWarning","filename":"/opt/airflow/dags/branch_pipeline.py","lineno":1,"logger":"py.warnings"}
{"timestamp":"2026-02-13T04:16:10.972572Z","level":"warning","event":"The `airflow.operators.python.BranchPythonOperator` attribute is deprecated. Please use `'airflow.providers.standard.operators.python.BranchPythonOperator'`.","category":"DeprecatedImportWarning","filename":"/opt/airflow/dags/branch_pipeline.py","lineno":2,"logger":"py.warnings"}
{"timestamp":"2026-02-13T04:16:10.972745Z","level":"warning","event":"The `airflow.operators.bash.BashOperator` attribute is deprecated. Please use `'airflow.providers.standard.operators.bash.BashOperator'`.","category":"DeprecatedImportWarning","filename":"/opt/airflow/dags/branch_pipeline.py","lineno":3,"logger":"py.warnings"}
{"timestamp":"2026-02-13T04:16:41.305367Z","level":"info","event":"Filling up the DagBag from /opt/airflow/dags/branch_pipeline.py","logger":"airflow.models.dagbag.BundleDagBag","filename":"dagbag.py","lineno":593}
{"timestamp":"2026-02-13T04:16:41.394679Z","level":"warning","event":"The `airflow.decorators.dag` attribute is deprecated. Please use `'airflow.sdk.dag'`.","category":"DeprecatedImportWarning","filename":"/opt/airflow/dags/branch_pipeline.py","lineno":1,"logger":"py.warnings"}
{"timestamp":"2026-02-13T04:16:41.395042Z","level":"warning","event":"The `airflow.decorators.task` attribute is deprecated. Please use `'airflow.sdk.task'`.","category":"DeprecatedImportWarning","filename":"/opt/airflow/dags/branch_pipeline.py","lineno":1,"logger":"py.warnings"}
{"timestamp":"2026-02-13T04:16:41.395129Z","level":"warning","event":"The `airflow.operators.python.BranchPythonOperator` attribute is deprecated. Please use `'airflow.providers.standard.operators.python.BranchPythonOperator'`.","category":"DeprecatedImportWarning","filename":"/opt/airflow/dags/branch_pipeline.py","lineno":2,"logger":"py.warnings"}
{"timestamp":"2026-02-13T04:16:41.395185Z","level":"warning","event":"The `airflow.operators.bash.BashOperator` attribute is deprecated. Please use `'airflow.providers.standard.operators.bash.BashOperator'`.","category":"DeprecatedImportWarning","filename":"/opt/airflow/dags/branch_pipeline.py","lineno":3,"logger":"py.warnings"}
{"timestamp":"2026-02-13T04:17:11.965938Z","level":"info","event":"Filling up the DagBag from /opt/airflow/dags/branch_pipeline.py","logger":"airflow.models.dagbag.BundleDagBag","filename":"dagbag.py","lineno":593}
{"timestamp":"2026-02-13T04:17:12.020689Z","level":"warning","event":"The `airflow.decorators.dag` attribute is deprecated. Please use `'airflow.sdk.dag'`.","category":"DeprecatedImportWarning","filename":"/opt/airflow/dags/branch_pipeline.py","lineno":1,"logger":"py.warnings"}
{"timestamp":"2026-02-13T04:17:12.020925Z","level":"warning","event":"The `airflow.decorators.task` attribute is deprecated. Please use `'airflow.sdk.task'`.","category":"DeprecatedImportWarning","filename":"/opt/airflow/dags/branch_pipeline.py","lineno":1,"logger":"py.warnings"}
{"timestamp":"2026-02-13T04:17:12.021092Z","level":"warning","event":"The `airflow.operators.python.BranchPythonOperator` attribute is deprecated. Please use `'airflow.providers.standard.operators.python.BranchPythonOperator'`.","category":"DeprecatedImportWarning","filename":"/opt/airflow/dags/branch_pipeline.py","lineno":2,"logger":"py.warnings"}
{"timestamp":"2026-02-13T04:17:12.021231Z","level":"warning","event":"The `airflow.operators.bash.BashOperator` attribute is deprecated. Please use `'airflow.providers.standard.operators.bash.BashOperator'`.","category":"DeprecatedImportWarning","filename":"/opt/airflow/dags/branch_pipeline.py","lineno":3,"logger":"py.warnings"}
{"timestamp":"2026-02-13T04:17:42.330826Z","level":"info","event":"Filling up the DagBag from /opt/airflow/dags/branch_pipeline.py","logger":"airflow.models.dagbag.BundleDagBag","filename":"dagbag.py","lineno":593}
{"timestamp":"2026-02-13T04:17:42.380439Z","level":"warning","event":"The `airflow.decorators.dag` attribute is deprecated. Please use `'airflow.sdk.dag'`.","category":"DeprecatedImportWarning","filename":"/opt/airflow/dags/branch_pipeline.py","lineno":1,"logger":"py.warnings"}
{"timestamp":"2026-02-13T04:17:42.380570Z","level":"warning","event":"The `airflow.decorators.task` attribute is deprecated. Please use `'airflow.sdk.task'`.","category":"DeprecatedImportWarning","filename":"/opt/airflow/dags/branch_pipeline.py","lineno":1,"logger":"py.warnings"}
{"timestamp":"2026-02-13T04:17:42.380627Z","level":"warning","event":"The `airflow.operators.python.BranchPythonOperator` attribute is deprecated. Please use `'airflow.providers.standard.operators.python.BranchPythonOperator'`.","category":"DeprecatedImportWarning","filename":"/opt/airflow/dags/branch_pipeline.py","lineno":2,"logger":"py.warnings"}
{"timestamp":"2026-02-13T04:17:42.380696Z","level":"warning","event":"The `airflow.operators.bash.BashOperator` attribute is deprecated. Please use `'airflow.providers.standard.operators.bash.BashOperator'`.","category":"DeprecatedImportWarning","filename":"/opt/airflow/dags/branch_pipeline.py","lineno":3,"logger":"py.warnings"}
{"timestamp":"2026-02-13T04:18:13.333828Z","level":"info","event":"Filling up the DagBag from /opt/airflow/dags/branch_pipeline.py","logger":"airflow.models.dagbag.BundleDagBag","filename":"dagbag.py","lineno":593}
{"timestamp":"2026-02-13T04:18:13.396912Z","level":"warning","event":"The `airflow.decorators.dag` attribute is deprecated. Please use `'airflow.sdk.dag'`.","category":"DeprecatedImportWarning","filename":"/opt/airflow/dags/branch_pipeline.py","lineno":1,"logger":"py.warnings"}
{"timestamp":"2026-02-13T04:18:13.397188Z","level":"warning","event":"The `airflow.decorators.task` attribute is deprecated. Please use `'airflow.sdk.task'`.","category":"DeprecatedImportWarning","filename":"/opt/airflow/dags/branch_pipeline.py","lineno":1,"logger":"py.warnings"}
{"timestamp":"2026-02-13T04:18:13.397258Z","level":"warning","event":"The `airflow.operators.python.BranchPythonOperator` attribute is deprecated. Please use `'airflow.providers.standard.operators.python.BranchPythonOperator'`.","category":"DeprecatedImportWarning","filename":"/opt/airflow/dags/branch_pipeline.py","lineno":2,"logger":"py.warnings"}
{"timestamp":"2026-02-13T04:18:13.397307Z","level":"warning","event":"The `airflow.operators.bash.BashOperator` attribute is deprecated. Please use `'airflow.providers.standard.operators.bash.BashOperator'`.","category":"DeprecatedImportWarning","filename":"/opt/airflow/dags/branch_pipeline.py","lineno":3,"logger":"py.warnings"}
{"timestamp":"2026-02-13T04:18:44.267467Z","level":"info","event":"Filling up the DagBag from /opt/airflow/dags/branch_pipeline.py","logger":"airflow.models.dagbag.BundleDagBag","filename":"dagbag.py","lineno":593}
{"timestamp":"2026-02-13T04:18:44.345601Z","level":"warning","event":"The `airflow.decorators.dag` attribute is deprecated. Please use `'airflow.sdk.dag'`.","category":"DeprecatedImportWarning","filename":"/opt/airflow/dags/branch_pipeline.py","lineno":1,"logger":"py.warnings"}
{"timestamp":"2026-02-13T04:18:44.345755Z","level":"warning","event":"The `airflow.decorators.task` attribute is deprecated. Please use `'airflow.sdk.task'`.","category":"DeprecatedImportWarning","filename":"/opt/airflow/dags/branch_pipeline.py","lineno":1,"logger":"py.warnings"}
{"timestamp":"2026-02-13T04:18:44.345811Z","level":"warning","event":"The `airflow.operators.python.BranchPythonOperator` attribute is deprecated. Please use `'airflow.providers.standard.operators.python.BranchPythonOperator'`.","category":"DeprecatedImportWarning","filename":"/opt/airflow/dags/branch_pipeline.py","lineno":2,"logger":"py.warnings"}
{"timestamp":"2026-02-13T04:18:44.345857Z","level":"warning","event":"The `airflow.operators.bash.BashOperator` attribute is deprecated. Please use `'airflow.providers.standard.operators.bash.BashOperator'`.","category":"DeprecatedImportWarning","filename":"/opt/airflow/dags/branch_pipeline.py","lineno":3,"logger":"py.warnings"}
{"timestamp":"2026-02-13T04:19:14.678340Z","level":"info","event":"Filling up the DagBag from /opt/airflow/dags/branch_pipeline.py","logger":"airflow.models.dagbag.BundleDagBag","filename":"dagbag.py","lineno":593}
{"timestamp":"2026-02-13T04:19:14.747643Z","level":"warning","event":"The `airflow.decorators.dag` attribute is deprecated. Please use `'airflow.sdk.dag'`.","category":"DeprecatedImportWarning","filename":"/opt/airflow/dags/branch_pipeline.py","lineno":1,"logger":"py.warnings"}
{"timestamp":"2026-02-13T04:19:14.747915Z","level":"warning","event":"The `airflow.decorators.task` attribute is deprecated. Please use `'airflow.sdk.task'`.","category":"DeprecatedImportWarning","filename":"/opt/airflow/dags/branch_pipeline.py","lineno":1,"logger":"py.warnings"}
{"timestamp":"2026-02-13T04:19:14.748057Z","level":"warning","event":"The `airflow.operators.python.BranchPythonOperator` attribute is deprecated. Please use `'airflow.providers.standard.operators.python.BranchPythonOperator'`.","category":"DeprecatedImportWarning","filename":"/opt/airflow/dags/branch_pipeline.py","lineno":2,"logger":"py.warnings"}
{"timestamp":"2026-02-13T04:19:14.748276Z","level":"warning","event":"The `airflow.operators.bash.BashOperator` attribute is deprecated. Please use `'airflow.providers.standard.operators.bash.BashOperator'`.","category":"DeprecatedImportWarning","filename":"/opt/airflow/dags/branch_pipeline.py","lineno":3,"logger":"py.warnings"}
{"timestamp":"2026-02-13T04:19:45.357212Z","level":"info","event":"Filling up the DagBag from /opt/airflow/dags/branch_pipeline.py","logger":"airflow.models.dagbag.BundleDagBag","filename":"dagbag.py","lineno":593}
{"timestamp":"2026-02-13T04:19:45.408812Z","level":"warning","event":"The `airflow.decorators.dag` attribute is deprecated. Please use `'airflow.sdk.dag'`.","category":"DeprecatedImportWarning","filename":"/opt/airflow/dags/branch_pipeline.py","lineno":1,"logger":"py.warnings"}
{"timestamp":"2026-02-13T04:19:45.409004Z","level":"warning","event":"The `airflow.decorators.task` attribute is deprecated. Please use `'airflow.sdk.task'`.","category":"DeprecatedImportWarning","filename":"/opt/airflow/dags/branch_pipeline.py","lineno":1,"logger":"py.warnings"}
{"timestamp":"2026-02-13T04:19:45.409080Z","level":"warning","event":"The `airflow.operators.python.BranchPythonOperator` attribute is deprecated. Please use `'airflow.providers.standard.operators.python.BranchPythonOperator'`.","category":"DeprecatedImportWarning","filename":"/opt/airflow/dags/branch_pipeline.py","lineno":2,"logger":"py.warnings"}
{"timestamp":"2026-02-13T04:19:45.409134Z","level":"warning","event":"The `airflow.operators.bash.BashOperator` attribute is deprecated. Please use `'airflow.providers.standard.operators.bash.BashOperator'`.","category":"DeprecatedImportWarning","filename":"/opt/airflow/dags/branch_pipeline.py","lineno":3,"logger":"py.warnings"}
{"timestamp":"2026-02-13T04:20:15.644044Z","level":"info","event":"Filling up the DagBag from /opt/airflow/dags/branch_pipeline.py","logger":"airflow.models.dagbag.BundleDagBag","filename":"dagbag.py","lineno":593}
{"timestamp":"2026-02-13T04:20:16.218641Z","level":"warning","event":"The `airflow.decorators.dag` attribute is deprecated. Please use `'airflow.sdk.dag'`.","category":"DeprecatedImportWarning","filename":"/opt/airflow/dags/branch_pipeline.py","lineno":1,"logger":"py.warnings"}
{"timestamp":"2026-02-13T04:20:16.218958Z","level":"warning","event":"The `airflow.decorators.task` attribute is deprecated. Please use `'airflow.sdk.task'`.","category":"DeprecatedImportWarning","filename":"/opt/airflow/dags/branch_pipeline.py","lineno":1,"logger":"py.warnings"}
{"timestamp":"2026-02-13T04:20:16.219036Z","level":"warning","event":"The `airflow.operators.python.BranchPythonOperator` attribute is deprecated. Please use `'airflow.providers.standard.operators.python.BranchPythonOperator'`.","category":"DeprecatedImportWarning","filename":"/opt/airflow/dags/branch_pipeline.py","lineno":2,"logger":"py.warnings"}
{"timestamp":"2026-02-13T04:20:16.219089Z","level":"warning","event":"The `airflow.operators.bash.BashOperator` attribute is deprecated. Please use `'airflow.providers.standard.operators.bash.BashOperator'`.","category":"DeprecatedImportWarning","filename":"/opt/airflow/dags/branch_pipeline.py","lineno":3,"logger":"py.warnings"}
{"timestamp":"2026-02-13T04:20:46.420642Z","level":"info","event":"Filling up the DagBag from /opt/airflow/dags/branch_pipeline.py","logger":"airflow.models.dagbag.BundleDagBag","filename":"dagbag.py","lineno":593}
{"timestamp":"2026-02-13T04:20:46.464697Z","level":"warning","event":"The `airflow.decorators.dag` attribute is deprecated. Please use `'airflow.sdk.dag'`.","category":"DeprecatedImportWarning","filename":"/opt/airflow/dags/branch_pipeline.py","lineno":1,"logger":"py.warnings"}
{"timestamp":"2026-02-13T04:20:46.464826Z","level":"warning","event":"The `airflow.decorators.task` attribute is deprecated. Please use `'airflow.sdk.task'`.","category":"DeprecatedImportWarning","filename":"/opt/airflow/dags/branch_pipeline.py","lineno":1,"logger":"py.warnings"}
{"timestamp":"2026-02-13T04:20:46.464883Z","level":"warning","event":"The `airflow.operators.python.BranchPythonOperator` attribute is deprecated. Please use `'airflow.providers.standard.operators.python.BranchPythonOperator'`.","category":"DeprecatedImportWarning","filename":"/opt/airflow/dags/branch_pipeline.py","lineno":2,"logger":"py.warnings"}
{"timestamp":"2026-02-13T04:20:46.464928Z","level":"warning","event":"The `airflow.operators.bash.BashOperator` attribute is deprecated. Please use `'airflow.providers.standard.operators.bash.BashOperator'`.","category":"DeprecatedImportWarning","filename":"/opt/airflow/dags/branch_pipeline.py","lineno":3,"logger":"py.warnings"}
{"timestamp":"2026-02-13T04:21:16.715448Z","level":"info","event":"Filling up the DagBag from /opt/airflow/dags/branch_pipeline.py","logger":"airflow.models.dagbag.BundleDagBag","filename":"dagbag.py","lineno":593}
{"timestamp":"2026-02-13T04:21:16.759272Z","level":"warning","event":"The `airflow.decorators.dag` attribute is deprecated. Please use `'airflow.sdk.dag'`.","category":"DeprecatedImportWarning","filename":"/opt/airflow/dags/branch_pipeline.py","lineno":1,"logger":"py.warnings"}
{"timestamp":"2026-02-13T04:21:16.759430Z","level":"warning","event":"The `airflow.decorators.task` attribute is deprecated. Please use `'airflow.sdk.task'`.","category":"DeprecatedImportWarning","filename":"/opt/airflow/dags/branch_pipeline.py","lineno":1,"logger":"py.warnings"}
{"timestamp":"2026-02-13T04:21:16.759487Z","level":"warning","event":"The `airflow.operators.python.BranchPythonOperator` attribute is deprecated. Please use `'airflow.providers.standard.operators.python.BranchPythonOperator'`.","category":"DeprecatedImportWarning","filename":"/opt/airflow/dags/branch_pipeline.py","lineno":2,"logger":"py.warnings"}
{"timestamp":"2026-02-13T04:21:16.759533Z","level":"warning","event":"The `airflow.operators.bash.BashOperator` attribute is deprecated. Please use `'airflow.providers.standard.operators.bash.BashOperator'`.","category":"DeprecatedImportWarning","filename":"/opt/airflow/dags/branch_pipeline.py","lineno":3,"logger":"py.warnings"}
{"timestamp":"2026-02-13T04:21:47.433135Z","level":"info","event":"Filling up the DagBag from /opt/airflow/dags/branch_pipeline.py","logger":"airflow.models.dagbag.BundleDagBag","filename":"dagbag.py","lineno":593}
{"timestamp":"2026-02-13T04:21:47.491293Z","level":"warning","event":"The `airflow.decorators.dag` attribute is deprecated. Please use `'airflow.sdk.dag'`.","category":"DeprecatedImportWarning","filename":"/opt/airflow/dags/branch_pipeline.py","lineno":1,"logger":"py.warnings"}
{"timestamp":"2026-02-13T04:21:47.491480Z","level":"warning","event":"The `airflow.decorators.task` attribute is deprecated. Please use `'airflow.sdk.task'`.","category":"DeprecatedImportWarning","filename":"/opt/airflow/dags/branch_pipeline.py","lineno":1,"logger":"py.warnings"}
{"timestamp":"2026-02-13T04:21:47.491547Z","level":"warning","event":"The `airflow.operators.python.BranchPythonOperator` attribute is deprecated. Please use `'airflow.providers.standard.operators.python.BranchPythonOperator'`.","category":"DeprecatedImportWarning","filename":"/opt/airflow/dags/branch_pipeline.py","lineno":2,"logger":"py.warnings"}
{"timestamp":"2026-02-13T04:21:47.491600Z","level":"warning","event":"The `airflow.operators.bash.BashOperator` attribute is deprecated. Please use `'airflow.providers.standard.operators.bash.BashOperator'`.","category":"DeprecatedImportWarning","filename":"/opt/airflow/dags/branch_pipeline.py","lineno":3,"logger":"py.warnings"}
{"timestamp":"2026-02-13T04:22:18.378987Z","level":"info","event":"Filling up the DagBag from /opt/airflow/dags/branch_pipeline.py","logger":"airflow.models.dagbag.BundleDagBag","filename":"dagbag.py","lineno":593}
{"timestamp":"2026-02-13T04:22:18.492784Z","level":"warning","event":"The `airflow.decorators.dag` attribute is deprecated. Please use `'airflow.sdk.dag'`.","category":"DeprecatedImportWarning","filename":"/opt/airflow/dags/branch_pipeline.py","lineno":1,"logger":"py.warnings"}
{"timestamp":"2026-02-13T04:22:18.493375Z","level":"warning","event":"The `airflow.decorators.task` attribute is deprecated. Please use `'airflow.sdk.task'`.","category":"DeprecatedImportWarning","filename":"/opt/airflow/dags/branch_pipeline.py","lineno":1,"logger":"py.warnings"}
{"timestamp":"2026-02-13T04:22:18.493687Z","level":"warning","event":"The `airflow.operators.python.BranchPythonOperator` attribute is deprecated. Please use `'airflow.providers.standard.operators.python.BranchPythonOperator'`.","category":"DeprecatedImportWarning","filename":"/opt/airflow/dags/branch_pipeline.py","lineno":2,"logger":"py.warnings"}
{"timestamp":"2026-02-13T04:22:18.493837Z","level":"warning","event":"The `airflow.operators.bash.BashOperator` attribute is deprecated. Please use `'airflow.providers.standard.operators.bash.BashOperator'`.","category":"DeprecatedImportWarning","filename":"/opt/airflow/dags/branch_pipeline.py","lineno":3,"logger":"py.warnings"}
{"timestamp":"2026-02-13T04:22:48.928499Z","level":"info","event":"Filling up the DagBag from /opt/airflow/dags/branch_pipeline.py","logger":"airflow.models.dagbag.BundleDagBag","filename":"dagbag.py","lineno":593}
{"timestamp":"2026-02-13T04:22:48.975229Z","level":"warning","event":"The `airflow.decorators.dag` attribute is deprecated. Please use `'airflow.sdk.dag'`.","category":"DeprecatedImportWarning","filename":"/opt/airflow/dags/branch_pipeline.py","lineno":1,"logger":"py.warnings"}
{"timestamp":"2026-02-13T04:22:48.975447Z","level":"warning","event":"The `airflow.decorators.task` attribute is deprecated. Please use `'airflow.sdk.task'`.","category":"DeprecatedImportWarning","filename":"/opt/airflow/dags/branch_pipeline.py","lineno":1,"logger":"py.warnings"}
{"timestamp":"2026-02-13T04:22:48.975525Z","level":"warning","event":"The `airflow.operators.python.BranchPythonOperator` attribute is deprecated. Please use `'airflow.providers.standard.operators.python.BranchPythonOperator'`.","category":"DeprecatedImportWarning","filename":"/opt/airflow/dags/branch_pipeline.py","lineno":2,"logger":"py.warnings"}
{"timestamp":"2026-02-13T04:22:48.975573Z","level":"warning","event":"The `airflow.operators.bash.BashOperator` attribute is deprecated. Please use `'airflow.providers.standard.operators.bash.BashOperator'`.","category":"DeprecatedImportWarning","filename":"/opt/airflow/dags/branch_pipeline.py","lineno":3,"logger":"py.warnings"}
{"timestamp":"2026-02-13T04:23:19.529243Z","level":"info","event":"Filling up the DagBag from /opt/airflow/dags/branch_pipeline.py","logger":"airflow.models.dagbag.BundleDagBag","filename":"dagbag.py","lineno":593}
{"timestamp":"2026-02-13T04:23:19.580054Z","level":"warning","event":"The `airflow.decorators.dag` attribute is deprecated. Please use `'airflow.sdk.dag'`.","category":"DeprecatedImportWarning","filename":"/opt/airflow/dags/branch_pipeline.py","lineno":1,"logger":"py.warnings"}
{"timestamp":"2026-02-13T04:23:19.580226Z","level":"warning","event":"The `airflow.decorators.task` attribute is deprecated. Please use `'airflow.sdk.task'`.","category":"DeprecatedImportWarning","filename":"/opt/airflow/dags/branch_pipeline.py","lineno":1,"logger":"py.warnings"}
{"timestamp":"2026-02-13T04:23:19.580298Z","level":"warning","event":"The `airflow.operators.python.BranchPythonOperator` attribute is deprecated. Please use `'airflow.providers.standard.operators.python.BranchPythonOperator'`.","category":"DeprecatedImportWarning","filename":"/opt/airflow/dags/branch_pipeline.py","lineno":2,"logger":"py.warnings"}
{"timestamp":"2026-02-13T04:23:19.580349Z","level":"warning","event":"The `airflow.operators.bash.BashOperator` attribute is deprecated. Please use `'airflow.providers.standard.operators.bash.BashOperator'`.","category":"DeprecatedImportWarning","filename":"/opt/airflow/dags/branch_pipeline.py","lineno":3,"logger":"py.warnings"}
{"timestamp":"2026-02-13T04:23:50.080884Z","level":"info","event":"Filling up the DagBag from /opt/airflow/dags/branch_pipeline.py","logger":"airflow.models.dagbag.BundleDagBag","filename":"dagbag.py","lineno":593}
{"timestamp":"2026-02-13T04:23:50.133435Z","level":"warning","event":"The `airflow.decorators.dag` attribute is deprecated. Please use `'airflow.sdk.dag'`.","category":"DeprecatedImportWarning","filename":"/opt/airflow/dags/branch_pipeline.py","lineno":1,"logger":"py.warnings"}
{"timestamp":"2026-02-13T04:23:50.133581Z","level":"warning","event":"The `airflow.decorators.task` attribute is deprecated. Please use `'airflow.sdk.task'`.","category":"DeprecatedImportWarning","filename":"/opt/airflow/dags/branch_pipeline.py","lineno":1,"logger":"py.warnings"}
{"timestamp":"2026-02-13T04:23:50.133651Z","level":"warning","event":"The `airflow.operators.python.BranchPythonOperator` attribute is deprecated. Please use `'airflow.providers.standard.operators.python.BranchPythonOperator'`.","category":"DeprecatedImportWarning","filename":"/opt/airflow/dags/branch_pipeline.py","lineno":2,"logger":"py.warnings"}
{"timestamp":"2026-02-13T04:23:50.133699Z","level":"warning","event":"The `airflow.operators.bash.BashOperator` attribute is deprecated. Please use `'airflow.providers.standard.operators.bash.BashOperator'`.","category":"DeprecatedImportWarning","filename":"/opt/airflow/dags/branch_pipeline.py","lineno":3,"logger":"py.warnings"}
{"timestamp":"2026-02-13T04:24:20.448521Z","level":"info","event":"Filling up the DagBag from /opt/airflow/dags/branch_pipeline.py","logger":"airflow.models.dagbag.BundleDagBag","filename":"dagbag.py","lineno":593}
{"timestamp":"2026-02-13T04:24:20.494363Z","level":"warning","event":"The `airflow.decorators.dag` attribute is deprecated. Please use `'airflow.sdk.dag'`.","category":"DeprecatedImportWarning","filename":"/opt/airflow/dags/branch_pipeline.py","lineno":1,"logger":"py.warnings"}
{"timestamp":"2026-02-13T04:24:20.494558Z","level":"warning","event":"The `airflow.decorators.task` attribute is deprecated. Please use `'airflow.sdk.task'`.","category":"DeprecatedImportWarning","filename":"/opt/airflow/dags/branch_pipeline.py","lineno":1,"logger":"py.warnings"}
{"timestamp":"2026-02-13T04:24:20.494632Z","level":"warning","event":"The `airflow.operators.python.BranchPythonOperator` attribute is deprecated. Please use `'airflow.providers.standard.operators.python.BranchPythonOperator'`.","category":"DeprecatedImportWarning","filename":"/opt/airflow/dags/branch_pipeline.py","lineno":2,"logger":"py.warnings"}
{"timestamp":"2026-02-13T04:24:20.494687Z","level":"warning","event":"The `airflow.operators.bash.BashOperator` attribute is deprecated. Please use `'airflow.providers.standard.operators.bash.BashOperator'`.","category":"DeprecatedImportWarning","filename":"/opt/airflow/dags/branch_pipeline.py","lineno":3,"logger":"py.warnings"}
{"timestamp":"2026-02-13T04:24:51.162016Z","level":"info","event":"Filling up the DagBag from /opt/airflow/dags/branch_pipeline.py","logger":"airflow.models.dagbag.BundleDagBag","filename":"dagbag.py","lineno":593}
{"timestamp":"2026-02-13T04:24:51.249366Z","level":"warning","event":"The `airflow.decorators.dag` attribute is deprecated. Please use `'airflow.sdk.dag'`.","category":"DeprecatedImportWarning","filename":"/opt/airflow/dags/branch_pipeline.py","lineno":1,"logger":"py.warnings"}
{"timestamp":"2026-02-13T04:24:51.249836Z","level":"warning","event":"The `airflow.decorators.task` attribute is deprecated. Please use `'airflow.sdk.task'`.","category":"DeprecatedImportWarning","filename":"/opt/airflow/dags/branch_pipeline.py","lineno":1,"logger":"py.warnings"}
{"timestamp":"2026-02-13T04:24:51.250541Z","level":"warning","event":"The `airflow.operators.python.BranchPythonOperator` attribute is deprecated. Please use `'airflow.providers.standard.operators.python.BranchPythonOperator'`.","category":"DeprecatedImportWarning","filename":"/opt/airflow/dags/branch_pipeline.py","lineno":2,"logger":"py.warnings"}
{"timestamp":"2026-02-13T04:24:51.250866Z","level":"warning","event":"The `airflow.operators.bash.BashOperator` attribute is deprecated. Please use `'airflow.providers.standard.operators.bash.BashOperator'`.","category":"DeprecatedImportWarning","filename":"/opt/airflow/dags/branch_pipeline.py","lineno":3,"logger":"py.warnings"}
{"timestamp":"2026-02-13T04:25:21.822621Z","level":"info","event":"Filling up the DagBag from /opt/airflow/dags/branch_pipeline.py","logger":"airflow.models.dagbag.BundleDagBag","filename":"dagbag.py","lineno":593}
{"timestamp":"2026-02-13T04:25:21.882051Z","level":"warning","event":"The `airflow.decorators.dag` attribute is deprecated. Please use `'airflow.sdk.dag'`.","category":"DeprecatedImportWarning","filename":"/opt/airflow/dags/branch_pipeline.py","lineno":1,"logger":"py.warnings"}
{"timestamp":"2026-02-13T04:25:21.882462Z","level":"warning","event":"The `airflow.decorators.task` attribute is deprecated. Please use `'airflow.sdk.task'`.","category":"DeprecatedImportWarning","filename":"/opt/airflow/dags/branch_pipeline.py","lineno":1,"logger":"py.warnings"}
{"timestamp":"2026-02-13T04:25:21.882559Z","level":"warning","event":"The `airflow.operators.python.BranchPythonOperator` attribute is deprecated. Please use `'airflow.providers.standard.operators.python.BranchPythonOperator'`.","category":"DeprecatedImportWarning","filename":"/opt/airflow/dags/branch_pipeline.py","lineno":2,"logger":"py.warnings"}
{"timestamp":"2026-02-13T04:25:21.882632Z","level":"warning","event":"The `airflow.operators.bash.BashOperator` attribute is deprecated. Please use `'airflow.providers.standard.operators.bash.BashOperator'`.","category":"DeprecatedImportWarning","filename":"/opt/airflow/dags/branch_pipeline.py","lineno":3,"logger":"py.warnings"}
{"timestamp":"2026-02-13T04:25:52.227917Z","level":"info","event":"Filling up the DagBag from /opt/airflow/dags/branch_pipeline.py","logger":"airflow.models.dagbag.BundleDagBag","filename":"dagbag.py","lineno":593}
{"timestamp":"2026-02-13T04:25:52.284709Z","level":"warning","event":"The `airflow.decorators.dag` attribute is deprecated. Please use `'airflow.sdk.dag'`.","category":"DeprecatedImportWarning","filename":"/opt/airflow/dags/branch_pipeline.py","lineno":1,"logger":"py.warnings"}
{"timestamp":"2026-02-13T04:25:52.284858Z","level":"warning","event":"The `airflow.decorators.task` attribute is deprecated. Please use `'airflow.sdk.task'`.","category":"DeprecatedImportWarning","filename":"/opt/airflow/dags/branch_pipeline.py","lineno":1,"logger":"py.warnings"}
{"timestamp":"2026-02-13T04:25:52.284914Z","level":"warning","event":"The `airflow.operators.python.BranchPythonOperator` attribute is deprecated. Please use `'airflow.providers.standard.operators.python.BranchPythonOperator'`.","category":"DeprecatedImportWarning","filename":"/opt/airflow/dags/branch_pipeline.py","lineno":2,"logger":"py.warnings"}
{"timestamp":"2026-02-13T04:25:52.284958Z","level":"warning","event":"The `airflow.operators.bash.BashOperator` attribute is deprecated. Please use `'airflow.providers.standard.operators.bash.BashOperator'`.","category":"DeprecatedImportWarning","filename":"/opt/airflow/dags/branch_pipeline.py","lineno":3,"logger":"py.warnings"}
{"timestamp":"2026-02-13T04:26:22.808923Z","level":"info","event":"Filling up the DagBag from /opt/airflow/dags/branch_pipeline.py","logger":"airflow.models.dagbag.BundleDagBag","filename":"dagbag.py","lineno":593}
{"timestamp":"2026-02-13T04:26:22.904284Z","level":"warning","event":"The `airflow.decorators.dag` attribute is deprecated. Please use `'airflow.sdk.dag'`.","category":"DeprecatedImportWarning","filename":"/opt/airflow/dags/branch_pipeline.py","lineno":1,"logger":"py.warnings"}
{"timestamp":"2026-02-13T04:26:22.904681Z","level":"warning","event":"The `airflow.decorators.task` attribute is deprecated. Please use `'airflow.sdk.task'`.","category":"DeprecatedImportWarning","filename":"/opt/airflow/dags/branch_pipeline.py","lineno":1,"logger":"py.warnings"}
{"timestamp":"2026-02-13T04:26:22.904976Z","level":"warning","event":"The `airflow.operators.python.BranchPythonOperator` attribute is deprecated. Please use `'airflow.providers.standard.operators.python.BranchPythonOperator'`.","category":"DeprecatedImportWarning","filename":"/opt/airflow/dags/branch_pipeline.py","lineno":2,"logger":"py.warnings"}
{"timestamp":"2026-02-13T04:26:22.905167Z","level":"warning","event":"The `airflow.operators.bash.BashOperator` attribute is deprecated. Please use `'airflow.providers.standard.operators.bash.BashOperator'`.","category":"DeprecatedImportWarning","filename":"/opt/airflow/dags/branch_pipeline.py","lineno":3,"logger":"py.warnings"}
{"timestamp":"2026-02-13T04:26:53.219792Z","level":"info","event":"Filling up the DagBag from /opt/airflow/dags/branch_pipeline.py","logger":"airflow.models.dagbag.BundleDagBag","filename":"dagbag.py","lineno":593}
{"timestamp":"2026-02-13T04:26:53.267382Z","level":"warning","event":"The `airflow.decorators.dag` attribute is deprecated. Please use `'airflow.sdk.dag'`.","category":"DeprecatedImportWarning","filename":"/opt/airflow/dags/branch_pipeline.py","lineno":1,"logger":"py.warnings"}
{"timestamp":"2026-02-13T04:26:53.267534Z","level":"warning","event":"The `airflow.decorators.task` attribute is deprecated. Please use `'airflow.sdk.task'`.","category":"DeprecatedImportWarning","filename":"/opt/airflow/dags/branch_pipeline.py","lineno":1,"logger":"py.warnings"}
{"timestamp":"2026-02-13T04:26:53.267598Z","level":"warning","event":"The `airflow.operators.python.BranchPythonOperator` attribute is deprecated. Please use `'airflow.providers.standard.operators.python.BranchPythonOperator'`.","category":"DeprecatedImportWarning","filename":"/opt/airflow/dags/branch_pipeline.py","lineno":2,"logger":"py.warnings"}
{"timestamp":"2026-02-13T04:26:53.267644Z","level":"warning","event":"The `airflow.operators.bash.BashOperator` attribute is deprecated. Please use `'airflow.providers.standard.operators.bash.BashOperator'`.","category":"DeprecatedImportWarning","filename":"/opt/airflow/dags/branch_pipeline.py","lineno":3,"logger":"py.warnings"}
{"timestamp":"2026-02-13T04:27:23.537651Z","level":"info","event":"Filling up the DagBag from /opt/airflow/dags/branch_pipeline.py","logger":"airflow.models.dagbag.BundleDagBag","filename":"dagbag.py","lineno":593}
{"timestamp":"2026-02-13T04:27:23.592519Z","level":"warning","event":"The `airflow.decorators.dag` attribute is deprecated. Please use `'airflow.sdk.dag'`.","category":"DeprecatedImportWarning","filename":"/opt/airflow/dags/branch_pipeline.py","lineno":1,"logger":"py.warnings"}
{"timestamp":"2026-02-13T04:27:23.592668Z","level":"warning","event":"The `airflow.decorators.task` attribute is deprecated. Please use `'airflow.sdk.task'`.","category":"DeprecatedImportWarning","filename":"/opt/airflow/dags/branch_pipeline.py","lineno":1,"logger":"py.warnings"}
{"timestamp":"2026-02-13T04:27:23.592757Z","level":"warning","event":"The `airflow.operators.python.BranchPythonOperator` attribute is deprecated. Please use `'airflow.providers.standard.operators.python.BranchPythonOperator'`.","category":"DeprecatedImportWarning","filename":"/opt/airflow/dags/branch_pipeline.py","lineno":2,"logger":"py.warnings"}
{"timestamp":"2026-02-13T04:27:23.592848Z","level":"warning","event":"The `airflow.operators.bash.BashOperator` attribute is deprecated. Please use `'airflow.providers.standard.operators.bash.BashOperator'`.","category":"DeprecatedImportWarning","filename":"/opt/airflow/dags/branch_pipeline.py","lineno":3,"logger":"py.warnings"}
{"timestamp":"2026-02-13T04:27:53.862122Z","level":"info","event":"Filling up the DagBag from /opt/airflow/dags/branch_pipeline.py","logger":"airflow.models.dagbag.BundleDagBag","filename":"dagbag.py","lineno":593}
{"timestamp":"2026-02-13T04:27:53.932016Z","level":"warning","event":"The `airflow.decorators.dag` attribute is deprecated. Please use `'airflow.sdk.dag'`.","category":"DeprecatedImportWarning","filename":"/opt/airflow/dags/branch_pipeline.py","lineno":1,"logger":"py.warnings"}
{"timestamp":"2026-02-13T04:27:53.932151Z","level":"warning","event":"The `airflow.decorators.task` attribute is deprecated. Please use `'airflow.sdk.task'`.","category":"DeprecatedImportWarning","filename":"/opt/airflow/dags/branch_pipeline.py","lineno":1,"logger":"py.warnings"}
{"timestamp":"2026-02-13T04:27:53.932208Z","level":"warning","event":"The `airflow.operators.python.BranchPythonOperator` attribute is deprecated. Please use `'airflow.providers.standard.operators.python.BranchPythonOperator'`.","category":"DeprecatedImportWarning","filename":"/opt/airflow/dags/branch_pipeline.py","lineno":2,"logger":"py.warnings"}
{"timestamp":"2026-02-13T04:27:53.932258Z","level":"warning","event":"The `airflow.operators.bash.BashOperator` attribute is deprecated. Please use `'airflow.providers.standard.operators.bash.BashOperator'`.","category":"DeprecatedImportWarning","filename":"/opt/airflow/dags/branch_pipeline.py","lineno":3,"logger":"py.warnings"}
{"timestamp":"2026-02-13T04:28:24.176694Z","level":"info","event":"Filling up the DagBag from /opt/airflow/dags/branch_pipeline.py","logger":"airflow.models.dagbag.BundleDagBag","filename":"dagbag.py","lineno":593}
{"timestamp":"2026-02-13T04:28:24.227944Z","level":"warning","event":"The `airflow.decorators.dag` attribute is deprecated. Please use `'airflow.sdk.dag'`.","category":"DeprecatedImportWarning","filename":"/opt/airflow/dags/branch_pipeline.py","lineno":1,"logger":"py.warnings"}
{"timestamp":"2026-02-13T04:28:24.228115Z","level":"warning","event":"The `airflow.decorators.task` attribute is deprecated. Please use `'airflow.sdk.task'`.","category":"DeprecatedImportWarning","filename":"/opt/airflow/dags/branch_pipeline.py","lineno":1,"logger":"py.warnings"}
{"timestamp":"2026-02-13T04:28:24.228184Z","level":"warning","event":"The `airflow.operators.python.BranchPythonOperator` attribute is deprecated. Please use `'airflow.providers.standard.operators.python.BranchPythonOperator'`.","category":"DeprecatedImportWarning","filename":"/opt/airflow/dags/branch_pipeline.py","lineno":2,"logger":"py.warnings"}
{"timestamp":"2026-02-13T04:28:24.228231Z","level":"warning","event":"The `airflow.operators.bash.BashOperator` attribute is deprecated. Please use `'airflow.providers.standard.operators.bash.BashOperator'`.","category":"DeprecatedImportWarning","filename":"/opt/airflow/dags/branch_pipeline.py","lineno":3,"logger":"py.warnings"}
{"timestamp":"2026-02-13T04:28:54.949322Z","level":"info","event":"Filling up the DagBag from /opt/airflow/dags/branch_pipeline.py","logger":"airflow.models.dagbag.BundleDagBag","filename":"dagbag.py","lineno":593}
{"timestamp":"2026-02-13T04:28:55.039308Z","level":"warning","event":"The `airflow.decorators.dag` attribute is deprecated. Please use `'airflow.sdk.dag'`.","category":"DeprecatedImportWarning","filename":"/opt/airflow/dags/branch_pipeline.py","lineno":1,"logger":"py.warnings"}
{"timestamp":"2026-02-13T04:28:55.039719Z","level":"warning","event":"The `airflow.decorators.task` attribute is deprecated. Please use `'airflow.sdk.task'`.","category":"DeprecatedImportWarning","filename":"/opt/airflow/dags/branch_pipeline.py","lineno":1,"logger":"py.warnings"}
{"timestamp":"2026-02-13T04:28:55.040188Z","level":"warning","event":"The `airflow.operators.python.BranchPythonOperator` attribute is deprecated. Please use `'airflow.providers.standard.operators.python.BranchPythonOperator'`.","category":"DeprecatedImportWarning","filename":"/opt/airflow/dags/branch_pipeline.py","lineno":2,"logger":"py.warnings"}
{"timestamp":"2026-02-13T04:28:55.040367Z","level":"warning","event":"The `airflow.operators.bash.BashOperator` attribute is deprecated. Please use `'airflow.providers.standard.operators.bash.BashOperator'`.","category":"DeprecatedImportWarning","filename":"/opt/airflow/dags/branch_pipeline.py","lineno":3,"logger":"py.warnings"}
{"timestamp":"2026-02-13T04:29:25.946908Z","level":"info","event":"Filling up the DagBag from /opt/airflow/dags/branch_pipeline.py","logger":"airflow.models.dagbag.BundleDagBag","filename":"dagbag.py","lineno":593}
{"timestamp":"2026-02-13T04:29:26.004656Z","level":"warning","event":"The `airflow.decorators.dag` attribute is deprecated. Please use `'airflow.sdk.dag'`.","category":"DeprecatedImportWarning","filename":"/opt/airflow/dags/branch_pipeline.py","lineno":1,"logger":"py.warnings"}
{"timestamp":"2026-02-13T04:29:26.004889Z","level":"warning","event":"The `airflow.decorators.task` attribute is deprecated. Please use `'airflow.sdk.task'`.","category":"DeprecatedImportWarning","filename":"/opt/airflow/dags/branch_pipeline.py","lineno":1,"logger":"py.warnings"}
{"timestamp":"2026-02-13T04:29:26.004972Z","level":"warning","event":"The `airflow.operators.python.BranchPythonOperator` attribute is deprecated. Please use `'airflow.providers.standard.operators.python.BranchPythonOperator'`.","category":"DeprecatedImportWarning","filename":"/opt/airflow/dags/branch_pipeline.py","lineno":2,"logger":"py.warnings"}
{"timestamp":"2026-02-13T04:29:26.005036Z","level":"warning","event":"The `airflow.operators.bash.BashOperator` attribute is deprecated. Please use `'airflow.providers.standard.operators.bash.BashOperator'`.","category":"DeprecatedImportWarning","filename":"/opt/airflow/dags/branch_pipeline.py","lineno":3,"logger":"py.warnings"}
{"timestamp":"2026-02-13T04:29:56.947528Z","level":"info","event":"Filling up the DagBag from /opt/airflow/dags/branch_pipeline.py","logger":"airflow.models.dagbag.BundleDagBag","filename":"dagbag.py","lineno":593}
{"timestamp":"2026-02-13T04:29:57.021231Z","level":"warning","event":"The `airflow.decorators.dag` attribute is deprecated. Please use `'airflow.sdk.dag'`.","category":"DeprecatedImportWarning","filename":"/opt/airflow/dags/branch_pipeline.py","lineno":1,"logger":"py.warnings"}
{"timestamp":"2026-02-13T04:29:57.021483Z","level":"warning","event":"The `airflow.decorators.task` attribute is deprecated. Please use `'airflow.sdk.task'`.","category":"DeprecatedImportWarning","filename":"/opt/airflow/dags/branch_pipeline.py","lineno":1,"logger":"py.warnings"}
{"timestamp":"2026-02-13T04:29:57.021549Z","level":"warning","event":"The `airflow.operators.python.BranchPythonOperator` attribute is deprecated. Please use `'airflow.providers.standard.operators.python.BranchPythonOperator'`.","category":"DeprecatedImportWarning","filename":"/opt/airflow/dags/branch_pipeline.py","lineno":2,"logger":"py.warnings"}
{"timestamp":"2026-02-13T04:29:57.021655Z","level":"warning","event":"The `airflow.operators.bash.BashOperator` attribute is deprecated. Please use `'airflow.providers.standard.operators.bash.BashOperator'`.","category":"DeprecatedImportWarning","filename":"/opt/airflow/dags/branch_pipeline.py","lineno":3,"logger":"py.warnings"}
{"timestamp":"2026-02-13T04:30:27.362518Z","level":"info","event":"Filling up the DagBag from /opt/airflow/dags/branch_pipeline.py","logger":"airflow.models.dagbag.BundleDagBag","filename":"dagbag.py","lineno":593}
{"timestamp":"2026-02-13T04:30:27.411333Z","level":"warning","event":"The `airflow.decorators.dag` attribute is deprecated. Please use `'airflow.sdk.dag'`.","category":"DeprecatedImportWarning","filename":"/opt/airflow/dags/branch_pipeline.py","lineno":1,"logger":"py.warnings"}
{"timestamp":"2026-02-13T04:30:27.411604Z","level":"warning","event":"The `airflow.decorators.task` attribute is deprecated. Please use `'airflow.sdk.task'`.","category":"DeprecatedImportWarning","filename":"/opt/airflow/dags/branch_pipeline.py","lineno":1,"logger":"py.warnings"}
{"timestamp":"2026-02-13T04:30:27.411679Z","level":"warning","event":"The `airflow.operators.python.BranchPythonOperator` attribute is deprecated. Please use `'airflow.providers.standard.operators.python.BranchPythonOperator'`.","category":"DeprecatedImportWarning","filename":"/opt/airflow/dags/branch_pipeline.py","lineno":2,"logger":"py.warnings"}
{"timestamp":"2026-02-13T04:30:27.411732Z","level":"warning","event":"The `airflow.operators.bash.BashOperator` attribute is deprecated. Please use `'airflow.providers.standard.operators.bash.BashOperator'`.","category":"DeprecatedImportWarning","filename":"/opt/airflow/dags/branch_pipeline.py","lineno":3,"logger":"py.warnings"}
{"timestamp":"2026-02-13T04:30:57.647461Z","level":"info","event":"Filling up the DagBag from /opt/airflow/dags/branch_pipeline.py","logger":"airflow.models.dagbag.BundleDagBag","filename":"dagbag.py","lineno":593}
{"timestamp":"2026-02-13T04:30:57.701913Z","level":"warning","event":"The `airflow.decorators.dag` attribute is deprecated. Please use `'airflow.sdk.dag'`.","category":"DeprecatedImportWarning","filename":"/opt/airflow/dags/branch_pipeline.py","lineno":1,"logger":"py.warnings"}
{"timestamp":"2026-02-13T04:30:57.702060Z","level":"warning","event":"The `airflow.decorators.task` attribute is deprecated. Please use `'airflow.sdk.task'`.","category":"DeprecatedImportWarning","filename":"/opt/airflow/dags/branch_pipeline.py","lineno":1,"logger":"py.warnings"}
{"timestamp":"2026-02-13T04:30:57.702122Z","level":"warning","event":"The `airflow.operators.python.BranchPythonOperator` attribute is deprecated. Please use `'airflow.providers.standard.operators.python.BranchPythonOperator'`.","category":"DeprecatedImportWarning","filename":"/opt/airflow/dags/branch_pipeline.py","lineno":2,"logger":"py.warnings"}
{"timestamp":"2026-02-13T04:30:57.702173Z","level":"warning","event":"The `airflow.operators.bash.BashOperator` attribute is deprecated. Please use `'airflow.providers.standard.operators.bash.BashOperator'`.","category":"DeprecatedImportWarning","filename":"/opt/airflow/dags/branch_pipeline.py","lineno":3,"logger":"py.warnings"}
{"timestamp":"2026-02-13T04:31:28.078783Z","level":"info","event":"Filling up the DagBag from /opt/airflow/dags/branch_pipeline.py","logger":"airflow.models.dagbag.BundleDagBag","filename":"dagbag.py","lineno":593}
{"timestamp":"2026-02-13T04:31:28.128295Z","level":"warning","event":"The `airflow.decorators.dag` attribute is deprecated. Please use `'airflow.sdk.dag'`.","category":"DeprecatedImportWarning","filename":"/opt/airflow/dags/branch_pipeline.py","lineno":1,"logger":"py.warnings"}
{"timestamp":"2026-02-13T04:31:28.128465Z","level":"warning","event":"The `airflow.decorators.task` attribute is deprecated. Please use `'airflow.sdk.task'`.","category":"DeprecatedImportWarning","filename":"/opt/airflow/dags/branch_pipeline.py","lineno":1,"logger":"py.warnings"}
{"timestamp":"2026-02-13T04:31:28.128524Z","level":"warning","event":"The `airflow.operators.python.BranchPythonOperator` attribute is deprecated. Please use `'airflow.providers.standard.operators.python.BranchPythonOperator'`.","category":"DeprecatedImportWarning","filename":"/opt/airflow/dags/branch_pipeline.py","lineno":2,"logger":"py.warnings"}
{"timestamp":"2026-02-13T04:31:28.128571Z","level":"warning","event":"The `airflow.operators.bash.BashOperator` attribute is deprecated. Please use `'airflow.providers.standard.operators.bash.BashOperator'`.","category":"DeprecatedImportWarning","filename":"/opt/airflow/dags/branch_pipeline.py","lineno":3,"logger":"py.warnings"}
{"timestamp":"2026-02-13T04:31:58.396748Z","level":"info","event":"Filling up the DagBag from /opt/airflow/dags/branch_pipeline.py","logger":"airflow.models.dagbag.BundleDagBag","filename":"dagbag.py","lineno":593}
{"timestamp":"2026-02-13T04:31:58.447909Z","level":"warning","event":"The `airflow.decorators.dag` attribute is deprecated. Please use `'airflow.sdk.dag'`.","category":"DeprecatedImportWarning","filename":"/opt/airflow/dags/branch_pipeline.py","lineno":1,"logger":"py.warnings"}
{"timestamp":"2026-02-13T04:31:58.448166Z","level":"warning","event":"The `airflow.decorators.task` attribute is deprecated. Please use `'airflow.sdk.task'`.","category":"DeprecatedImportWarning","filename":"/opt/airflow/dags/branch_pipeline.py","lineno":1,"logger":"py.warnings"}
{"timestamp":"2026-02-13T04:31:58.448278Z","level":"warning","event":"The `airflow.operators.python.BranchPythonOperator` attribute is deprecated. Please use `'airflow.providers.standard.operators.python.BranchPythonOperator'`.","category":"DeprecatedImportWarning","filename":"/opt/airflow/dags/branch_pipeline.py","lineno":2,"logger":"py.warnings"}
{"timestamp":"2026-02-13T04:31:58.448336Z","level":"warning","event":"The `airflow.operators.bash.BashOperator` attribute is deprecated. Please use `'airflow.providers.standard.operators.bash.BashOperator'`.","category":"DeprecatedImportWarning","filename":"/opt/airflow/dags/branch_pipeline.py","lineno":3,"logger":"py.warnings"}
{"timestamp":"2026-02-13T04:32:28.685030Z","level":"info","event":"Filling up the DagBag from /opt/airflow/dags/branch_pipeline.py","logger":"airflow.models.dagbag.BundleDagBag","filename":"dagbag.py","lineno":593}
{"timestamp":"2026-02-13T04:32:28.733752Z","level":"warning","event":"The `airflow.decorators.dag` attribute is deprecated. Please use `'airflow.sdk.dag'`.","category":"DeprecatedImportWarning","filename":"/opt/airflow/dags/branch_pipeline.py","lineno":1,"logger":"py.warnings"}
{"timestamp":"2026-02-13T04:32:28.733896Z","level":"warning","event":"The `airflow.decorators.task` attribute is deprecated. Please use `'airflow.sdk.task'`.","category":"DeprecatedImportWarning","filename":"/opt/airflow/dags/branch_pipeline.py","lineno":1,"logger":"py.warnings"}
{"timestamp":"2026-02-13T04:32:28.733954Z","level":"warning","event":"The `airflow.operators.python.BranchPythonOperator` attribute is deprecated. Please use `'airflow.providers.standard.operators.python.BranchPythonOperator'`.","category":"DeprecatedImportWarning","filename":"/opt/airflow/dags/branch_pipeline.py","lineno":2,"logger":"py.warnings"}
{"timestamp":"2026-02-13T04:32:28.734000Z","level":"warning","event":"The `airflow.operators.bash.BashOperator` attribute is deprecated. Please use `'airflow.providers.standard.operators.bash.BashOperator'`.","category":"DeprecatedImportWarning","filename":"/opt/airflow/dags/branch_pipeline.py","lineno":3,"logger":"py.warnings"}
{"timestamp":"2026-02-13T04:32:59.249506Z","level":"info","event":"Filling up the DagBag from /opt/airflow/dags/branch_pipeline.py","logger":"airflow.models.dagbag.BundleDagBag","filename":"dagbag.py","lineno":593}
{"timestamp":"2026-02-13T04:32:59.328532Z","level":"warning","event":"The `airflow.decorators.dag` attribute is deprecated. Please use `'airflow.sdk.dag'`.","category":"DeprecatedImportWarning","filename":"/opt/airflow/dags/branch_pipeline.py","lineno":1,"logger":"py.warnings"}
{"timestamp":"2026-02-13T04:32:59.328765Z","level":"warning","event":"The `airflow.decorators.task` attribute is deprecated. Please use `'airflow.sdk.task'`.","category":"DeprecatedImportWarning","filename":"/opt/airflow/dags/branch_pipeline.py","lineno":1,"logger":"py.warnings"}
{"timestamp":"2026-02-13T04:32:59.328840Z","level":"warning","event":"The `airflow.operators.python.BranchPythonOperator` attribute is deprecated. Please use `'airflow.providers.standard.operators.python.BranchPythonOperator'`.","category":"DeprecatedImportWarning","filename":"/opt/airflow/dags/branch_pipeline.py","lineno":2,"logger":"py.warnings"}
{"timestamp":"2026-02-13T04:32:59.328938Z","level":"warning","event":"The `airflow.operators.bash.BashOperator` attribute is deprecated. Please use `'airflow.providers.standard.operators.bash.BashOperator'`.","category":"DeprecatedImportWarning","filename":"/opt/airflow/dags/branch_pipeline.py","lineno":3,"logger":"py.warnings"}
{"timestamp":"2026-02-13T04:33:29.632050Z","level":"info","event":"Filling up the DagBag from /opt/airflow/dags/branch_pipeline.py","logger":"airflow.models.dagbag.BundleDagBag","filename":"dagbag.py","lineno":593}
{"timestamp":"2026-02-13T04:33:29.676199Z","level":"warning","event":"The `airflow.decorators.dag` attribute is deprecated. Please use `'airflow.sdk.dag'`.","category":"DeprecatedImportWarning","filename":"/opt/airflow/dags/branch_pipeline.py","lineno":1,"logger":"py.warnings"}
{"timestamp":"2026-02-13T04:33:29.676332Z","level":"warning","event":"The `airflow.decorators.task` attribute is deprecated. Please use `'airflow.sdk.task'`.","category":"DeprecatedImportWarning","filename":"/opt/airflow/dags/branch_pipeline.py","lineno":1,"logger":"py.warnings"}
{"timestamp":"2026-02-13T04:33:29.676389Z","level":"warning","event":"The `airflow.operators.python.BranchPythonOperator` attribute is deprecated. Please use `'airflow.providers.standard.operators.python.BranchPythonOperator'`.","category":"DeprecatedImportWarning","filename":"/opt/airflow/dags/branch_pipeline.py","lineno":2,"logger":"py.warnings"}
{"timestamp":"2026-02-13T04:33:29.676434Z","level":"warning","event":"The `airflow.operators.bash.BashOperator` attribute is deprecated. Please use `'airflow.providers.standard.operators.bash.BashOperator'`.","category":"DeprecatedImportWarning","filename":"/opt/airflow/dags/branch_pipeline.py","lineno":3,"logger":"py.warnings"}
{"timestamp":"2026-02-13T04:33:59.916425Z","level":"info","event":"Filling up the DagBag from /opt/airflow/dags/branch_pipeline.py","logger":"airflow.models.dagbag.BundleDagBag","filename":"dagbag.py","lineno":593}
{"timestamp":"2026-02-13T04:33:59.966257Z","level":"warning","event":"The `airflow.decorators.dag` attribute is deprecated. Please use `'airflow.sdk.dag'`.","category":"DeprecatedImportWarning","filename":"/opt/airflow/dags/branch_pipeline.py","lineno":1,"logger":"py.warnings"}
{"timestamp":"2026-02-13T04:33:59.966446Z","level":"warning","event":"The `airflow.decorators.task` attribute is deprecated. Please use `'airflow.sdk.task'`.","category":"DeprecatedImportWarning","filename":"/opt/airflow/dags/branch_pipeline.py","lineno":1,"logger":"py.warnings"}
{"timestamp":"2026-02-13T04:33:59.966507Z","level":"warning","event":"The `airflow.operators.python.BranchPythonOperator` attribute is deprecated. Please use `'airflow.providers.standard.operators.python.BranchPythonOperator'`.","category":"DeprecatedImportWarning","filename":"/opt/airflow/dags/branch_pipeline.py","lineno":2,"logger":"py.warnings"}
{"timestamp":"2026-02-13T04:33:59.966557Z","level":"warning","event":"The `airflow.operators.bash.BashOperator` attribute is deprecated. Please use `'airflow.providers.standard.operators.bash.BashOperator'`.","category":"DeprecatedImportWarning","filename":"/opt/airflow/dags/branch_pipeline.py","lineno":3,"logger":"py.warnings"}
{"timestamp":"2026-02-13T04:34:30.598485Z","level":"info","event":"Filling up the DagBag from /opt/airflow/dags/branch_pipeline.py","logger":"airflow.models.dagbag.BundleDagBag","filename":"dagbag.py","lineno":593}
{"timestamp":"2026-02-13T04:34:30.643570Z","level":"warning","event":"The `airflow.decorators.dag` attribute is deprecated. Please use `'airflow.sdk.dag'`.","category":"DeprecatedImportWarning","filename":"/opt/airflow/dags/branch_pipeline.py","lineno":1,"logger":"py.warnings"}
{"timestamp":"2026-02-13T04:34:30.643708Z","level":"warning","event":"The `airflow.decorators.task` attribute is deprecated. Please use `'airflow.sdk.task'`.","category":"DeprecatedImportWarning","filename":"/opt/airflow/dags/branch_pipeline.py","lineno":1,"logger":"py.warnings"}
{"timestamp":"2026-02-13T04:34:30.643764Z","level":"warning","event":"The `airflow.operators.python.BranchPythonOperator` attribute is deprecated. Please use `'airflow.providers.standard.operators.python.BranchPythonOperator'`.","category":"DeprecatedImportWarning","filename":"/opt/airflow/dags/branch_pipeline.py","lineno":2,"logger":"py.warnings"}
{"timestamp":"2026-02-13T04:34:30.643817Z","level":"warning","event":"The `airflow.operators.bash.BashOperator` attribute is deprecated. Please use `'airflow.providers.standard.operators.bash.BashOperator'`.","category":"DeprecatedImportWarning","filename":"/opt/airflow/dags/branch_pipeline.py","lineno":3,"logger":"py.warnings"}
{"timestamp":"2026-02-13T04:35:01.144982Z","level":"info","event":"Filling up the DagBag from /opt/airflow/dags/branch_pipeline.py","logger":"airflow.models.dagbag.BundleDagBag","filename":"dagbag.py","lineno":593}
{"timestamp":"2026-02-13T04:35:01.250193Z","level":"warning","event":"The `airflow.decorators.dag` attribute is deprecated. Please use `'airflow.sdk.dag'`.","category":"DeprecatedImportWarning","filename":"/opt/airflow/dags/branch_pipeline.py","lineno":1,"logger":"py.warnings"}
{"timestamp":"2026-02-13T04:35:01.250487Z","level":"warning","event":"The `airflow.decorators.task` attribute is deprecated. Please use `'airflow.sdk.task'`.","category":"DeprecatedImportWarning","filename":"/opt/airflow/dags/branch_pipeline.py","lineno":1,"logger":"py.warnings"}
{"timestamp":"2026-02-13T04:35:01.250555Z","level":"warning","event":"The `airflow.operators.python.BranchPythonOperator` attribute is deprecated. Please use `'airflow.providers.standard.operators.python.BranchPythonOperator'`.","category":"DeprecatedImportWarning","filename":"/opt/airflow/dags/branch_pipeline.py","lineno":2,"logger":"py.warnings"}
{"timestamp":"2026-02-13T04:35:01.250640Z","level":"warning","event":"The `airflow.operators.bash.BashOperator` attribute is deprecated. Please use `'airflow.providers.standard.operators.bash.BashOperator'`.","category":"DeprecatedImportWarning","filename":"/opt/airflow/dags/branch_pipeline.py","lineno":3,"logger":"py.warnings"}
{"timestamp":"2026-02-13T04:35:31.738599Z","level":"info","event":"Filling up the DagBag from /opt/airflow/dags/branch_pipeline.py","logger":"airflow.models.dagbag.BundleDagBag","filename":"dagbag.py","lineno":593}
{"timestamp":"2026-02-13T04:35:31.815296Z","level":"warning","event":"The `airflow.decorators.dag` attribute is deprecated. Please use `'airflow.sdk.dag'`.","category":"DeprecatedImportWarning","filename":"/opt/airflow/dags/branch_pipeline.py","lineno":1,"logger":"py.warnings"}
{"timestamp":"2026-02-13T04:35:31.815461Z","level":"warning","event":"The `airflow.decorators.task` attribute is deprecated. Please use `'airflow.sdk.task'`.","category":"DeprecatedImportWarning","filename":"/opt/airflow/dags/branch_pipeline.py","lineno":1,"logger":"py.warnings"}
{"timestamp":"2026-02-13T04:35:31.815540Z","level":"warning","event":"The `airflow.operators.python.BranchPythonOperator` attribute is deprecated. Please use `'airflow.providers.standard.operators.python.BranchPythonOperator'`.","category":"DeprecatedImportWarning","filename":"/opt/airflow/dags/branch_pipeline.py","lineno":2,"logger":"py.warnings"}
{"timestamp":"2026-02-13T04:35:31.815603Z","level":"warning","event":"The `airflow.operators.bash.BashOperator` attribute is deprecated. Please use `'airflow.providers.standard.operators.bash.BashOperator'`.","category":"DeprecatedImportWarning","filename":"/opt/airflow/dags/branch_pipeline.py","lineno":3,"logger":"py.warnings"}
{"timestamp":"2026-02-13T04:36:02.173523Z","level":"info","event":"Filling up the DagBag from /opt/airflow/dags/branch_pipeline.py","logger":"airflow.models.dagbag.BundleDagBag","filename":"dagbag.py","lineno":593}
{"timestamp":"2026-02-13T04:36:02.224757Z","level":"warning","event":"The `airflow.decorators.dag` attribute is deprecated. Please use `'airflow.sdk.dag'`.","category":"DeprecatedImportWarning","filename":"/opt/airflow/dags/branch_pipeline.py","lineno":1,"logger":"py.warnings"}
{"timestamp":"2026-02-13T04:36:02.224923Z","level":"warning","event":"The `airflow.decorators.task` attribute is deprecated. Please use `'airflow.sdk.task'`.","category":"DeprecatedImportWarning","filename":"/opt/airflow/dags/branch_pipeline.py","lineno":1,"logger":"py.warnings"}
{"timestamp":"2026-02-13T04:36:02.224981Z","level":"warning","event":"The `airflow.operators.python.BranchPythonOperator` attribute is deprecated. Please use `'airflow.providers.standard.operators.python.BranchPythonOperator'`.","category":"DeprecatedImportWarning","filename":"/opt/airflow/dags/branch_pipeline.py","lineno":2,"logger":"py.warnings"}
{"timestamp":"2026-02-13T04:36:02.225031Z","level":"warning","event":"The `airflow.operators.bash.BashOperator` attribute is deprecated. Please use `'airflow.providers.standard.operators.bash.BashOperator'`.","category":"DeprecatedImportWarning","filename":"/opt/airflow/dags/branch_pipeline.py","lineno":3,"logger":"py.warnings"}
{"timestamp":"2026-02-13T04:36:32.504686Z","level":"info","event":"Filling up the DagBag from /opt/airflow/dags/branch_pipeline.py","logger":"airflow.models.dagbag.BundleDagBag","filename":"dagbag.py","lineno":593}
{"timestamp":"2026-02-13T04:36:32.557177Z","level":"warning","event":"The `airflow.decorators.dag` attribute is deprecated. Please use `'airflow.sdk.dag'`.","category":"DeprecatedImportWarning","filename":"/opt/airflow/dags/branch_pipeline.py","lineno":1,"logger":"py.warnings"}
{"timestamp":"2026-02-13T04:36:32.557481Z","level":"warning","event":"The `airflow.decorators.task` attribute is deprecated. Please use `'airflow.sdk.task'`.","category":"DeprecatedImportWarning","filename":"/opt/airflow/dags/branch_pipeline.py","lineno":1,"logger":"py.warnings"}
{"timestamp":"2026-02-13T04:36:32.557891Z","level":"warning","event":"The `airflow.operators.python.BranchPythonOperator` attribute is deprecated. Please use `'airflow.providers.standard.operators.python.BranchPythonOperator'`.","category":"DeprecatedImportWarning","filename":"/opt/airflow/dags/branch_pipeline.py","lineno":2,"logger":"py.warnings"}
{"timestamp":"2026-02-13T04:36:32.558028Z","level":"warning","event":"The `airflow.operators.bash.BashOperator` attribute is deprecated. Please use `'airflow.providers.standard.operators.bash.BashOperator'`.","category":"DeprecatedImportWarning","filename":"/opt/airflow/dags/branch_pipeline.py","lineno":3,"logger":"py.warnings"}
{"timestamp":"2026-02-13T04:37:02.856436Z","level":"info","event":"Filling up the DagBag from /opt/airflow/dags/branch_pipeline.py","logger":"airflow.models.dagbag.BundleDagBag","filename":"dagbag.py","lineno":593}
{"timestamp":"2026-02-13T04:37:02.917023Z","level":"warning","event":"The `airflow.decorators.dag` attribute is deprecated. Please use `'airflow.sdk.dag'`.","category":"DeprecatedImportWarning","filename":"/opt/airflow/dags/branch_pipeline.py","lineno":1,"logger":"py.warnings"}
{"timestamp":"2026-02-13T04:37:02.917170Z","level":"warning","event":"The `airflow.decorators.task` attribute is deprecated. Please use `'airflow.sdk.task'`.","category":"DeprecatedImportWarning","filename":"/opt/airflow/dags/branch_pipeline.py","lineno":1,"logger":"py.warnings"}
{"timestamp":"2026-02-13T04:37:02.917227Z","level":"warning","event":"The `airflow.operators.python.BranchPythonOperator` attribute is deprecated. Please use `'airflow.providers.standard.operators.python.BranchPythonOperator'`.","category":"DeprecatedImportWarning","filename":"/opt/airflow/dags/branch_pipeline.py","lineno":2,"logger":"py.warnings"}
{"timestamp":"2026-02-13T04:37:02.917274Z","level":"warning","event":"The `airflow.operators.bash.BashOperator` attribute is deprecated. Please use `'airflow.providers.standard.operators.bash.BashOperator'`.","category":"DeprecatedImportWarning","filename":"/opt/airflow/dags/branch_pipeline.py","lineno":3,"logger":"py.warnings"}
{"timestamp":"2026-02-13T04:37:33.264943Z","level":"info","event":"Filling up the DagBag from /opt/airflow/dags/branch_pipeline.py","logger":"airflow.models.dagbag.BundleDagBag","filename":"dagbag.py","lineno":593}
{"timestamp":"2026-02-13T04:37:33.309531Z","level":"warning","event":"The `airflow.decorators.dag` attribute is deprecated. Please use `'airflow.sdk.dag'`.","category":"DeprecatedImportWarning","filename":"/opt/airflow/dags/branch_pipeline.py","lineno":1,"logger":"py.warnings"}
{"timestamp":"2026-02-13T04:37:33.309704Z","level":"warning","event":"The `airflow.decorators.task` attribute is deprecated. Please use `'airflow.sdk.task'`.","category":"DeprecatedImportWarning","filename":"/opt/airflow/dags/branch_pipeline.py","lineno":1,"logger":"py.warnings"}
{"timestamp":"2026-02-13T04:37:33.309764Z","level":"warning","event":"The `airflow.operators.python.BranchPythonOperator` attribute is deprecated. Please use `'airflow.providers.standard.operators.python.BranchPythonOperator'`.","category":"DeprecatedImportWarning","filename":"/opt/airflow/dags/branch_pipeline.py","lineno":2,"logger":"py.warnings"}
{"timestamp":"2026-02-13T04:37:33.309811Z","level":"warning","event":"The `airflow.operators.bash.BashOperator` attribute is deprecated. Please use `'airflow.providers.standard.operators.bash.BashOperator'`.","category":"DeprecatedImportWarning","filename":"/opt/airflow/dags/branch_pipeline.py","lineno":3,"logger":"py.warnings"}
{"timestamp":"2026-02-13T04:38:03.631335Z","level":"info","event":"Filling up the DagBag from /opt/airflow/dags/branch_pipeline.py","logger":"airflow.models.dagbag.BundleDagBag","filename":"dagbag.py","lineno":593}
{"timestamp":"2026-02-13T04:38:03.770322Z","level":"warning","event":"The `airflow.decorators.dag` attribute is deprecated. Please use `'airflow.sdk.dag'`.","category":"DeprecatedImportWarning","filename":"/opt/airflow/dags/branch_pipeline.py","lineno":1,"logger":"py.warnings"}
{"timestamp":"2026-02-13T04:38:03.770553Z","level":"warning","event":"The `airflow.decorators.task` attribute is deprecated. Please use `'airflow.sdk.task'`.","category":"DeprecatedImportWarning","filename":"/opt/airflow/dags/branch_pipeline.py","lineno":1,"logger":"py.warnings"}
{"timestamp":"2026-02-13T04:38:03.770663Z","level":"warning","event":"The `airflow.operators.python.BranchPythonOperator` attribute is deprecated. Please use `'airflow.providers.standard.operators.python.BranchPythonOperator'`.","category":"DeprecatedImportWarning","filename":"/opt/airflow/dags/branch_pipeline.py","lineno":2,"logger":"py.warnings"}
{"timestamp":"2026-02-13T04:38:03.770748Z","level":"warning","event":"The `airflow.operators.bash.BashOperator` attribute is deprecated. Please use `'airflow.providers.standard.operators.bash.BashOperator'`.","category":"DeprecatedImportWarning","filename":"/opt/airflow/dags/branch_pipeline.py","lineno":3,"logger":"py.warnings"}
{"timestamp":"2026-02-13T04:38:34.052783Z","level":"info","event":"Filling up the DagBag from /opt/airflow/dags/branch_pipeline.py","logger":"airflow.models.dagbag.BundleDagBag","filename":"dagbag.py","lineno":593}
{"timestamp":"2026-02-13T04:38:34.102947Z","level":"warning","event":"The `airflow.decorators.dag` attribute is deprecated. Please use `'airflow.sdk.dag'`.","category":"DeprecatedImportWarning","filename":"/opt/airflow/dags/branch_pipeline.py","lineno":1,"logger":"py.warnings"}
{"timestamp":"2026-02-13T04:38:34.103090Z","level":"warning","event":"The `airflow.decorators.task` attribute is deprecated. Please use `'airflow.sdk.task'`.","category":"DeprecatedImportWarning","filename":"/opt/airflow/dags/branch_pipeline.py","lineno":1,"logger":"py.warnings"}
{"timestamp":"2026-02-13T04:38:34.103146Z","level":"warning","event":"The `airflow.operators.python.BranchPythonOperator` attribute is deprecated. Please use `'airflow.providers.standard.operators.python.BranchPythonOperator'`.","category":"DeprecatedImportWarning","filename":"/opt/airflow/dags/branch_pipeline.py","lineno":2,"logger":"py.warnings"}
{"timestamp":"2026-02-13T04:38:34.103190Z","level":"warning","event":"The `airflow.operators.bash.BashOperator` attribute is deprecated. Please use `'airflow.providers.standard.operators.bash.BashOperator'`.","category":"DeprecatedImportWarning","filename":"/opt/airflow/dags/branch_pipeline.py","lineno":3,"logger":"py.warnings"}
{"timestamp":"2026-02-13T04:39:04.506538Z","level":"info","event":"Filling up the DagBag from /opt/airflow/dags/branch_pipeline.py","logger":"airflow.models.dagbag.BundleDagBag","filename":"dagbag.py","lineno":593}
{"timestamp":"2026-02-13T04:39:04.557950Z","level":"warning","event":"The `airflow.decorators.dag` attribute is deprecated. Please use `'airflow.sdk.dag'`.","category":"DeprecatedImportWarning","filename":"/opt/airflow/dags/branch_pipeline.py","lineno":1,"logger":"py.warnings"}
{"timestamp":"2026-02-13T04:39:04.558093Z","level":"warning","event":"The `airflow.decorators.task` attribute is deprecated. Please use `'airflow.sdk.task'`.","category":"DeprecatedImportWarning","filename":"/opt/airflow/dags/branch_pipeline.py","lineno":1,"logger":"py.warnings"}
{"timestamp":"2026-02-13T04:39:04.558150Z","level":"warning","event":"The `airflow.operators.python.BranchPythonOperator` attribute is deprecated. Please use `'airflow.providers.standard.operators.python.BranchPythonOperator'`.","category":"DeprecatedImportWarning","filename":"/opt/airflow/dags/branch_pipeline.py","lineno":2,"logger":"py.warnings"}
{"timestamp":"2026-02-13T04:39:04.558195Z","level":"warning","event":"The `airflow.operators.bash.BashOperator` attribute is deprecated. Please use `'airflow.providers.standard.operators.bash.BashOperator'`.","category":"DeprecatedImportWarning","filename":"/opt/airflow/dags/branch_pipeline.py","lineno":3,"logger":"py.warnings"}
{"timestamp":"2026-02-13T04:39:34.805299Z","level":"info","event":"Filling up the DagBag from /opt/airflow/dags/branch_pipeline.py","logger":"airflow.models.dagbag.BundleDagBag","filename":"dagbag.py","lineno":593}
{"timestamp":"2026-02-13T04:39:34.863518Z","level":"warning","event":"The `airflow.decorators.dag` attribute is deprecated. Please use `'airflow.sdk.dag'`.","category":"DeprecatedImportWarning","filename":"/opt/airflow/dags/branch_pipeline.py","lineno":1,"logger":"py.warnings"}
{"timestamp":"2026-02-13T04:39:34.863680Z","level":"warning","event":"The `airflow.decorators.task` attribute is deprecated. Please use `'airflow.sdk.task'`.","category":"DeprecatedImportWarning","filename":"/opt/airflow/dags/branch_pipeline.py","lineno":1,"logger":"py.warnings"}
{"timestamp":"2026-02-13T04:39:34.863741Z","level":"warning","event":"The `airflow.operators.python.BranchPythonOperator` attribute is deprecated. Please use `'airflow.providers.standard.operators.python.BranchPythonOperator'`.","category":"DeprecatedImportWarning","filename":"/opt/airflow/dags/branch_pipeline.py","lineno":2,"logger":"py.warnings"}
{"timestamp":"2026-02-13T04:39:34.863787Z","level":"warning","event":"The `airflow.operators.bash.BashOperator` attribute is deprecated. Please use `'airflow.providers.standard.operators.bash.BashOperator'`.","category":"DeprecatedImportWarning","filename":"/opt/airflow/dags/branch_pipeline.py","lineno":3,"logger":"py.warnings"}
{"timestamp":"2026-02-13T04:40:05.223575Z","level":"info","event":"Filling up the DagBag from /opt/airflow/dags/branch_pipeline.py","logger":"airflow.models.dagbag.BundleDagBag","filename":"dagbag.py","lineno":593}
{"timestamp":"2026-02-13T04:40:05.304597Z","level":"warning","event":"The `airflow.decorators.dag` attribute is deprecated. Please use `'airflow.sdk.dag'`.","category":"DeprecatedImportWarning","filename":"/opt/airflow/dags/branch_pipeline.py","lineno":1,"logger":"py.warnings"}
{"timestamp":"2026-02-13T04:40:05.304789Z","level":"warning","event":"The `airflow.decorators.task` attribute is deprecated. Please use `'airflow.sdk.task'`.","category":"DeprecatedImportWarning","filename":"/opt/airflow/dags/branch_pipeline.py","lineno":1,"logger":"py.warnings"}
{"timestamp":"2026-02-13T04:40:05.304866Z","level":"warning","event":"The `airflow.operators.python.BranchPythonOperator` attribute is deprecated. Please use `'airflow.providers.standard.operators.python.BranchPythonOperator'`.","category":"DeprecatedImportWarning","filename":"/opt/airflow/dags/branch_pipeline.py","lineno":2,"logger":"py.warnings"}
{"timestamp":"2026-02-13T04:40:05.304944Z","level":"warning","event":"The `airflow.operators.bash.BashOperator` attribute is deprecated. Please use `'airflow.providers.standard.operators.bash.BashOperator'`.","category":"DeprecatedImportWarning","filename":"/opt/airflow/dags/branch_pipeline.py","lineno":3,"logger":"py.warnings"}
{"timestamp":"2026-02-13T04:40:35.585128Z","level":"info","event":"Filling up the DagBag from /opt/airflow/dags/branch_pipeline.py","logger":"airflow.models.dagbag.BundleDagBag","filename":"dagbag.py","lineno":593}
{"timestamp":"2026-02-13T04:40:35.638660Z","level":"warning","event":"The `airflow.decorators.dag` attribute is deprecated. Please use `'airflow.sdk.dag'`.","category":"DeprecatedImportWarning","filename":"/opt/airflow/dags/branch_pipeline.py","lineno":1,"logger":"py.warnings"}
{"timestamp":"2026-02-13T04:40:35.638804Z","level":"warning","event":"The `airflow.decorators.task` attribute is deprecated. Please use `'airflow.sdk.task'`.","category":"DeprecatedImportWarning","filename":"/opt/airflow/dags/branch_pipeline.py","lineno":1,"logger":"py.warnings"}
{"timestamp":"2026-02-13T04:40:35.638866Z","level":"warning","event":"The `airflow.operators.python.BranchPythonOperator` attribute is deprecated. Please use `'airflow.providers.standard.operators.python.BranchPythonOperator'`.","category":"DeprecatedImportWarning","filename":"/opt/airflow/dags/branch_pipeline.py","lineno":2,"logger":"py.warnings"}
{"timestamp":"2026-02-13T04:40:35.638910Z","level":"warning","event":"The `airflow.operators.bash.BashOperator` attribute is deprecated. Please use `'airflow.providers.standard.operators.bash.BashOperator'`.","category":"DeprecatedImportWarning","filename":"/opt/airflow/dags/branch_pipeline.py","lineno":3,"logger":"py.warnings"}
{"timestamp":"2026-02-13T04:41:05.893252Z","level":"info","event":"Filling up the DagBag from /opt/airflow/dags/branch_pipeline.py","logger":"airflow.models.dagbag.BundleDagBag","filename":"dagbag.py","lineno":593}
{"timestamp":"2026-02-13T04:41:05.950847Z","level":"warning","event":"The `airflow.decorators.dag` attribute is deprecated. Please use `'airflow.sdk.dag'`.","category":"DeprecatedImportWarning","filename":"/opt/airflow/dags/branch_pipeline.py","lineno":1,"logger":"py.warnings"}
{"timestamp":"2026-02-13T04:41:05.951014Z","level":"warning","event":"The `airflow.decorators.task` attribute is deprecated. Please use `'airflow.sdk.task'`.","category":"DeprecatedImportWarning","filename":"/opt/airflow/dags/branch_pipeline.py","lineno":1,"logger":"py.warnings"}
{"timestamp":"2026-02-13T04:41:05.951069Z","level":"warning","event":"The `airflow.operators.python.BranchPythonOperator` attribute is deprecated. Please use `'airflow.providers.standard.operators.python.BranchPythonOperator'`.","category":"DeprecatedImportWarning","filename":"/opt/airflow/dags/branch_pipeline.py","lineno":2,"logger":"py.warnings"}
{"timestamp":"2026-02-13T04:41:05.951115Z","level":"warning","event":"The `airflow.operators.bash.BashOperator` attribute is deprecated. Please use `'airflow.providers.standard.operators.bash.BashOperator'`.","category":"DeprecatedImportWarning","filename":"/opt/airflow/dags/branch_pipeline.py","lineno":3,"logger":"py.warnings"}
{"timestamp":"2026-02-13T04:41:36.298518Z","level":"info","event":"Filling up the DagBag from /opt/airflow/dags/branch_pipeline.py","logger":"airflow.models.dagbag.BundleDagBag","filename":"dagbag.py","lineno":593}
{"timestamp":"2026-02-13T04:41:36.355002Z","level":"warning","event":"The `airflow.decorators.dag` attribute is deprecated. Please use `'airflow.sdk.dag'`.","category":"DeprecatedImportWarning","filename":"/opt/airflow/dags/branch_pipeline.py","lineno":1,"logger":"py.warnings"}
{"timestamp":"2026-02-13T04:41:36.355197Z","level":"warning","event":"The `airflow.decorators.task` attribute is deprecated. Please use `'airflow.sdk.task'`.","category":"DeprecatedImportWarning","filename":"/opt/airflow/dags/branch_pipeline.py","lineno":1,"logger":"py.warnings"}
{"timestamp":"2026-02-13T04:41:36.355266Z","level":"warning","event":"The `airflow.operators.python.BranchPythonOperator` attribute is deprecated. Please use `'airflow.providers.standard.operators.python.BranchPythonOperator'`.","category":"DeprecatedImportWarning","filename":"/opt/airflow/dags/branch_pipeline.py","lineno":2,"logger":"py.warnings"}
{"timestamp":"2026-02-13T04:41:36.355326Z","level":"warning","event":"The `airflow.operators.bash.BashOperator` attribute is deprecated. Please use `'airflow.providers.standard.operators.bash.BashOperator'`.","category":"DeprecatedImportWarning","filename":"/opt/airflow/dags/branch_pipeline.py","lineno":3,"logger":"py.warnings"}
{"timestamp":"2026-02-13T04:42:06.580815Z","level":"info","event":"Filling up the DagBag from /opt/airflow/dags/branch_pipeline.py","logger":"airflow.models.dagbag.BundleDagBag","filename":"dagbag.py","lineno":593}
{"timestamp":"2026-02-13T04:42:06.635961Z","level":"warning","event":"The `airflow.decorators.dag` attribute is deprecated. Please use `'airflow.sdk.dag'`.","category":"DeprecatedImportWarning","filename":"/opt/airflow/dags/branch_pipeline.py","lineno":1,"logger":"py.warnings"}
{"timestamp":"2026-02-13T04:42:06.636103Z","level":"warning","event":"The `airflow.decorators.task` attribute is deprecated. Please use `'airflow.sdk.task'`.","category":"DeprecatedImportWarning","filename":"/opt/airflow/dags/branch_pipeline.py","lineno":1,"logger":"py.warnings"}
{"timestamp":"2026-02-13T04:42:06.636159Z","level":"warning","event":"The `airflow.operators.python.BranchPythonOperator` attribute is deprecated. Please use `'airflow.providers.standard.operators.python.BranchPythonOperator'`.","category":"DeprecatedImportWarning","filename":"/opt/airflow/dags/branch_pipeline.py","lineno":2,"logger":"py.warnings"}
{"timestamp":"2026-02-13T04:42:06.636204Z","level":"warning","event":"The `airflow.operators.bash.BashOperator` attribute is deprecated. Please use `'airflow.providers.standard.operators.bash.BashOperator'`.","category":"DeprecatedImportWarning","filename":"/opt/airflow/dags/branch_pipeline.py","lineno":3,"logger":"py.warnings"}
{"timestamp":"2026-02-13T04:42:36.827965Z","level":"info","event":"Filling up the DagBag from /opt/airflow/dags/branch_pipeline.py","logger":"airflow.models.dagbag.BundleDagBag","filename":"dagbag.py","lineno":593}
{"timestamp":"2026-02-13T04:42:36.868939Z","level":"warning","event":"The `airflow.decorators.dag` attribute is deprecated. Please use `'airflow.sdk.dag'`.","category":"DeprecatedImportWarning","filename":"/opt/airflow/dags/branch_pipeline.py","lineno":1,"logger":"py.warnings"}
{"timestamp":"2026-02-13T04:42:36.869074Z","level":"warning","event":"The `airflow.decorators.task` attribute is deprecated. Please use `'airflow.sdk.task'`.","category":"DeprecatedImportWarning","filename":"/opt/airflow/dags/branch_pipeline.py","lineno":1,"logger":"py.warnings"}
{"timestamp":"2026-02-13T04:42:36.869129Z","level":"warning","event":"The `airflow.operators.python.BranchPythonOperator` attribute is deprecated. Please use `'airflow.providers.standard.operators.python.BranchPythonOperator'`.","category":"DeprecatedImportWarning","filename":"/opt/airflow/dags/branch_pipeline.py","lineno":2,"logger":"py.warnings"}
{"timestamp":"2026-02-13T04:42:36.869206Z","level":"warning","event":"The `airflow.operators.bash.BashOperator` attribute is deprecated. Please use `'airflow.providers.standard.operators.bash.BashOperator'`.","category":"DeprecatedImportWarning","filename":"/opt/airflow/dags/branch_pipeline.py","lineno":3,"logger":"py.warnings"}
{"timestamp":"2026-02-13T04:43:07.525150Z","level":"info","event":"Filling up the DagBag from /opt/airflow/dags/branch_pipeline.py","logger":"airflow.models.dagbag.BundleDagBag","filename":"dagbag.py","lineno":593}
{"timestamp":"2026-02-13T04:43:07.654869Z","level":"warning","event":"The `airflow.decorators.dag` attribute is deprecated. Please use `'airflow.sdk.dag'`.","category":"DeprecatedImportWarning","filename":"/opt/airflow/dags/branch_pipeline.py","lineno":1,"logger":"py.warnings"}
{"timestamp":"2026-02-13T04:43:07.655061Z","level":"warning","event":"The `airflow.decorators.task` attribute is deprecated. Please use `'airflow.sdk.task'`.","category":"DeprecatedImportWarning","filename":"/opt/airflow/dags/branch_pipeline.py","lineno":1,"logger":"py.warnings"}
{"timestamp":"2026-02-13T04:43:07.655136Z","level":"warning","event":"The `airflow.operators.python.BranchPythonOperator` attribute is deprecated. Please use `'airflow.providers.standard.operators.python.BranchPythonOperator'`.","category":"DeprecatedImportWarning","filename":"/opt/airflow/dags/branch_pipeline.py","lineno":2,"logger":"py.warnings"}
{"timestamp":"2026-02-13T04:43:07.655198Z","level":"warning","event":"The `airflow.operators.bash.BashOperator` attribute is deprecated. Please use `'airflow.providers.standard.operators.bash.BashOperator'`.","category":"DeprecatedImportWarning","filename":"/opt/airflow/dags/branch_pipeline.py","lineno":3,"logger":"py.warnings"}
{"timestamp":"2026-02-13T04:43:38.105905Z","level":"info","event":"Filling up the DagBag from /opt/airflow/dags/branch_pipeline.py","logger":"airflow.models.dagbag.BundleDagBag","filename":"dagbag.py","lineno":593}
{"timestamp":"2026-02-13T04:43:38.163295Z","level":"warning","event":"The `airflow.decorators.dag` attribute is deprecated. Please use `'airflow.sdk.dag'`.","category":"DeprecatedImportWarning","filename":"/opt/airflow/dags/branch_pipeline.py","lineno":1,"logger":"py.warnings"}
{"timestamp":"2026-02-13T04:43:38.163477Z","level":"warning","event":"The `airflow.decorators.task` attribute is deprecated. Please use `'airflow.sdk.task'`.","category":"DeprecatedImportWarning","filename":"/opt/airflow/dags/branch_pipeline.py","lineno":1,"logger":"py.warnings"}
{"timestamp":"2026-02-13T04:43:38.163539Z","level":"warning","event":"The `airflow.operators.python.BranchPythonOperator` attribute is deprecated. Please use `'airflow.providers.standard.operators.python.BranchPythonOperator'`.","category":"DeprecatedImportWarning","filename":"/opt/airflow/dags/branch_pipeline.py","lineno":2,"logger":"py.warnings"}
{"timestamp":"2026-02-13T04:43:38.163595Z","level":"warning","event":"The `airflow.operators.bash.BashOperator` attribute is deprecated. Please use `'airflow.providers.standard.operators.bash.BashOperator'`.","category":"DeprecatedImportWarning","filename":"/opt/airflow/dags/branch_pipeline.py","lineno":3,"logger":"py.warnings"}
{"timestamp":"2026-02-13T04:44:08.527980Z","level":"info","event":"Filling up the DagBag from /opt/airflow/dags/branch_pipeline.py","logger":"airflow.models.dagbag.BundleDagBag","filename":"dagbag.py","lineno":593}
{"timestamp":"2026-02-13T04:44:08.611102Z","level":"warning","event":"The `airflow.decorators.dag` attribute is deprecated. Please use `'airflow.sdk.dag'`.","category":"DeprecatedImportWarning","filename":"/opt/airflow/dags/branch_pipeline.py","lineno":1,"logger":"py.warnings"}
{"timestamp":"2026-02-13T04:44:08.611304Z","level":"warning","event":"The `airflow.decorators.task` attribute is deprecated. Please use `'airflow.sdk.task'`.","category":"DeprecatedImportWarning","filename":"/opt/airflow/dags/branch_pipeline.py","lineno":1,"logger":"py.warnings"}
{"timestamp":"2026-02-13T04:44:08.611404Z","level":"warning","event":"The `airflow.operators.python.BranchPythonOperator` attribute is deprecated. Please use `'airflow.providers.standard.operators.python.BranchPythonOperator'`.","category":"DeprecatedImportWarning","filename":"/opt/airflow/dags/branch_pipeline.py","lineno":2,"logger":"py.warnings"}
{"timestamp":"2026-02-13T04:44:08.611489Z","level":"warning","event":"The `airflow.operators.bash.BashOperator` attribute is deprecated. Please use `'airflow.providers.standard.operators.bash.BashOperator'`.","category":"DeprecatedImportWarning","filename":"/opt/airflow/dags/branch_pipeline.py","lineno":3,"logger":"py.warnings"}
{"timestamp":"2026-02-13T04:44:39.113587Z","level":"info","event":"Filling up the DagBag from /opt/airflow/dags/branch_pipeline.py","logger":"airflow.models.dagbag.BundleDagBag","filename":"dagbag.py","lineno":593}
{"timestamp":"2026-02-13T04:44:39.191284Z","level":"warning","event":"The `airflow.decorators.dag` attribute is deprecated. Please use `'airflow.sdk.dag'`.","category":"DeprecatedImportWarning","filename":"/opt/airflow/dags/branch_pipeline.py","lineno":1,"logger":"py.warnings"}
{"timestamp":"2026-02-13T04:44:39.191611Z","level":"warning","event":"The `airflow.decorators.task` attribute is deprecated. Please use `'airflow.sdk.task'`.","category":"DeprecatedImportWarning","filename":"/opt/airflow/dags/branch_pipeline.py","lineno":1,"logger":"py.warnings"}
{"timestamp":"2026-02-13T04:44:39.191743Z","level":"warning","event":"The `airflow.operators.python.BranchPythonOperator` attribute is deprecated. Please use `'airflow.providers.standard.operators.python.BranchPythonOperator'`.","category":"DeprecatedImportWarning","filename":"/opt/airflow/dags/branch_pipeline.py","lineno":2,"logger":"py.warnings"}
{"timestamp":"2026-02-13T04:44:39.191857Z","level":"warning","event":"The `airflow.operators.bash.BashOperator` attribute is deprecated. Please use `'airflow.providers.standard.operators.bash.BashOperator'`.","category":"DeprecatedImportWarning","filename":"/opt/airflow/dags/branch_pipeline.py","lineno":3,"logger":"py.warnings"}
{"timestamp":"2026-02-13T04:45:09.789574Z","level":"info","event":"Filling up the DagBag from /opt/airflow/dags/branch_pipeline.py","logger":"airflow.models.dagbag.BundleDagBag","filename":"dagbag.py","lineno":593}
{"timestamp":"2026-02-13T04:45:09.838855Z","level":"warning","event":"The `airflow.decorators.dag` attribute is deprecated. Please use `'airflow.sdk.dag'`.","category":"DeprecatedImportWarning","filename":"/opt/airflow/dags/branch_pipeline.py","lineno":1,"logger":"py.warnings"}
{"timestamp":"2026-02-13T04:45:09.838988Z","level":"warning","event":"The `airflow.decorators.task` attribute is deprecated. Please use `'airflow.sdk.task'`.","category":"DeprecatedImportWarning","filename":"/opt/airflow/dags/branch_pipeline.py","lineno":1,"logger":"py.warnings"}
{"timestamp":"2026-02-13T04:45:09.839049Z","level":"warning","event":"The `airflow.operators.python.BranchPythonOperator` attribute is deprecated. Please use `'airflow.providers.standard.operators.python.BranchPythonOperator'`.","category":"DeprecatedImportWarning","filename":"/opt/airflow/dags/branch_pipeline.py","lineno":2,"logger":"py.warnings"}
{"timestamp":"2026-02-13T04:45:09.839102Z","level":"warning","event":"The `airflow.operators.bash.BashOperator` attribute is deprecated. Please use `'airflow.providers.standard.operators.bash.BashOperator'`.","category":"DeprecatedImportWarning","filename":"/opt/airflow/dags/branch_pipeline.py","lineno":3,"logger":"py.warnings"}
{"timestamp":"2026-02-13T04:45:40.152377Z","level":"info","event":"Filling up the DagBag from /opt/airflow/dags/branch_pipeline.py","logger":"airflow.models.dagbag.BundleDagBag","filename":"dagbag.py","lineno":593}
{"timestamp":"2026-02-13T04:45:40.227970Z","level":"warning","event":"The `airflow.decorators.dag` attribute is deprecated. Please use `'airflow.sdk.dag'`.","category":"DeprecatedImportWarning","filename":"/opt/airflow/dags/branch_pipeline.py","lineno":1,"logger":"py.warnings"}
{"timestamp":"2026-02-13T04:45:40.228167Z","level":"warning","event":"The `airflow.decorators.task` attribute is deprecated. Please use `'airflow.sdk.task'`.","category":"DeprecatedImportWarning","filename":"/opt/airflow/dags/branch_pipeline.py","lineno":1,"logger":"py.warnings"}
{"timestamp":"2026-02-13T04:45:40.228239Z","level":"warning","event":"The `airflow.operators.python.BranchPythonOperator` attribute is deprecated. Please use `'airflow.providers.standard.operators.python.BranchPythonOperator'`.","category":"DeprecatedImportWarning","filename":"/opt/airflow/dags/branch_pipeline.py","lineno":2,"logger":"py.warnings"}
{"timestamp":"2026-02-13T04:45:40.228291Z","level":"warning","event":"The `airflow.operators.bash.BashOperator` attribute is deprecated. Please use `'airflow.providers.standard.operators.bash.BashOperator'`.","category":"DeprecatedImportWarning","filename":"/opt/airflow/dags/branch_pipeline.py","lineno":3,"logger":"py.warnings"}
{"timestamp":"2026-02-13T04:46:10.502687Z","level":"info","event":"Filling up the DagBag from /opt/airflow/dags/branch_pipeline.py","logger":"airflow.models.dagbag.BundleDagBag","filename":"dagbag.py","lineno":593}
{"timestamp":"2026-02-13T04:46:10.562590Z","level":"warning","event":"The `airflow.decorators.dag` attribute is deprecated. Please use `'airflow.sdk.dag'`.","category":"DeprecatedImportWarning","filename":"/opt/airflow/dags/branch_pipeline.py","lineno":1,"logger":"py.warnings"}
{"timestamp":"2026-02-13T04:46:10.562740Z","level":"warning","event":"The `airflow.decorators.task` attribute is deprecated. Please use `'airflow.sdk.task'`.","category":"DeprecatedImportWarning","filename":"/opt/airflow/dags/branch_pipeline.py","lineno":1,"logger":"py.warnings"}
{"timestamp":"2026-02-13T04:46:10.562827Z","level":"warning","event":"The `airflow.operators.python.BranchPythonOperator` attribute is deprecated. Please use `'airflow.providers.standard.operators.python.BranchPythonOperator'`.","category":"DeprecatedImportWarning","filename":"/opt/airflow/dags/branch_pipeline.py","lineno":2,"logger":"py.warnings"}
{"timestamp":"2026-02-13T04:46:10.562894Z","level":"warning","event":"The `airflow.operators.bash.BashOperator` attribute is deprecated. Please use `'airflow.providers.standard.operators.bash.BashOperator'`.","category":"DeprecatedImportWarning","filename":"/opt/airflow/dags/branch_pipeline.py","lineno":3,"logger":"py.warnings"}
{"timestamp":"2026-02-13T04:46:40.894575Z","level":"info","event":"Filling up the DagBag from /opt/airflow/dags/branch_pipeline.py","logger":"airflow.models.dagbag.BundleDagBag","filename":"dagbag.py","lineno":593}
{"timestamp":"2026-02-13T04:46:40.947683Z","level":"warning","event":"The `airflow.decorators.dag` attribute is deprecated. Please use `'airflow.sdk.dag'`.","category":"DeprecatedImportWarning","filename":"/opt/airflow/dags/branch_pipeline.py","lineno":1,"logger":"py.warnings"}
{"timestamp":"2026-02-13T04:46:40.947815Z","level":"warning","event":"The `airflow.decorators.task` attribute is deprecated. Please use `'airflow.sdk.task'`.","category":"DeprecatedImportWarning","filename":"/opt/airflow/dags/branch_pipeline.py","lineno":1,"logger":"py.warnings"}
{"timestamp":"2026-02-13T04:46:40.947873Z","level":"warning","event":"The `airflow.operators.python.BranchPythonOperator` attribute is deprecated. Please use `'airflow.providers.standard.operators.python.BranchPythonOperator'`.","category":"DeprecatedImportWarning","filename":"/opt/airflow/dags/branch_pipeline.py","lineno":2,"logger":"py.warnings"}
{"timestamp":"2026-02-13T04:46:40.947922Z","level":"warning","event":"The `airflow.operators.bash.BashOperator` attribute is deprecated. Please use `'airflow.providers.standard.operators.bash.BashOperator'`.","category":"DeprecatedImportWarning","filename":"/opt/airflow/dags/branch_pipeline.py","lineno":3,"logger":"py.warnings"}
{"timestamp":"2026-02-13T04:47:11.249615Z","level":"info","event":"Filling up the DagBag from /opt/airflow/dags/branch_pipeline.py","logger":"airflow.models.dagbag.BundleDagBag","filename":"dagbag.py","lineno":593}
{"timestamp":"2026-02-13T04:47:11.296907Z","level":"warning","event":"The `airflow.decorators.dag` attribute is deprecated. Please use `'airflow.sdk.dag'`.","category":"DeprecatedImportWarning","filename":"/opt/airflow/dags/branch_pipeline.py","lineno":1,"logger":"py.warnings"}
{"timestamp":"2026-02-13T04:47:11.297060Z","level":"warning","event":"The `airflow.decorators.task` attribute is deprecated. Please use `'airflow.sdk.task'`.","category":"DeprecatedImportWarning","filename":"/opt/airflow/dags/branch_pipeline.py","lineno":1,"logger":"py.warnings"}
{"timestamp":"2026-02-13T04:47:11.297128Z","level":"warning","event":"The `airflow.operators.python.BranchPythonOperator` attribute is deprecated. Please use `'airflow.providers.standard.operators.python.BranchPythonOperator'`.","category":"DeprecatedImportWarning","filename":"/opt/airflow/dags/branch_pipeline.py","lineno":2,"logger":"py.warnings"}
{"timestamp":"2026-02-13T04:47:11.297175Z","level":"warning","event":"The `airflow.operators.bash.BashOperator` attribute is deprecated. Please use `'airflow.providers.standard.operators.bash.BashOperator'`.","category":"DeprecatedImportWarning","filename":"/opt/airflow/dags/branch_pipeline.py","lineno":3,"logger":"py.warnings"}
{"timestamp":"2026-02-13T04:47:41.669590Z","level":"info","event":"Filling up the DagBag from /opt/airflow/dags/branch_pipeline.py","logger":"airflow.models.dagbag.BundleDagBag","filename":"dagbag.py","lineno":593}
{"timestamp":"2026-02-13T04:47:41.758330Z","level":"warning","event":"The `airflow.decorators.dag` attribute is deprecated. Please use `'airflow.sdk.dag'`.","category":"DeprecatedImportWarning","filename":"/opt/airflow/dags/branch_pipeline.py","lineno":1,"logger":"py.warnings"}
{"timestamp":"2026-02-13T04:47:41.758632Z","level":"warning","event":"The `airflow.decorators.task` attribute is deprecated. Please use `'airflow.sdk.task'`.","category":"DeprecatedImportWarning","filename":"/opt/airflow/dags/branch_pipeline.py","lineno":1,"logger":"py.warnings"}
{"timestamp":"2026-02-13T04:47:41.758730Z","level":"warning","event":"The `airflow.operators.python.BranchPythonOperator` attribute is deprecated. Please use `'airflow.providers.standard.operators.python.BranchPythonOperator'`.","category":"DeprecatedImportWarning","filename":"/opt/airflow/dags/branch_pipeline.py","lineno":2,"logger":"py.warnings"}
{"timestamp":"2026-02-13T04:47:41.758786Z","level":"warning","event":"The `airflow.operators.bash.BashOperator` attribute is deprecated. Please use `'airflow.providers.standard.operators.bash.BashOperator'`.","category":"DeprecatedImportWarning","filename":"/opt/airflow/dags/branch_pipeline.py","lineno":3,"logger":"py.warnings"}
{"timestamp":"2026-02-13T04:48:12.130139Z","level":"info","event":"Filling up the DagBag from /opt/airflow/dags/branch_pipeline.py","logger":"airflow.models.dagbag.BundleDagBag","filename":"dagbag.py","lineno":593}
{"timestamp":"2026-02-13T04:48:12.173787Z","level":"warning","event":"The `airflow.decorators.dag` attribute is deprecated. Please use `'airflow.sdk.dag'`.","category":"DeprecatedImportWarning","filename":"/opt/airflow/dags/branch_pipeline.py","lineno":1,"logger":"py.warnings"}
{"timestamp":"2026-02-13T04:48:12.173926Z","level":"warning","event":"The `airflow.decorators.task` attribute is deprecated. Please use `'airflow.sdk.task'`.","category":"DeprecatedImportWarning","filename":"/opt/airflow/dags/branch_pipeline.py","lineno":1,"logger":"py.warnings"}
{"timestamp":"2026-02-13T04:48:12.173982Z","level":"warning","event":"The `airflow.operators.python.BranchPythonOperator` attribute is deprecated. Please use `'airflow.providers.standard.operators.python.BranchPythonOperator'`.","category":"DeprecatedImportWarning","filename":"/opt/airflow/dags/branch_pipeline.py","lineno":2,"logger":"py.warnings"}
{"timestamp":"2026-02-13T04:48:12.174037Z","level":"warning","event":"The `airflow.operators.bash.BashOperator` attribute is deprecated. Please use `'airflow.providers.standard.operators.bash.BashOperator'`.","category":"DeprecatedImportWarning","filename":"/opt/airflow/dags/branch_pipeline.py","lineno":3,"logger":"py.warnings"}
{"timestamp":"2026-02-13T04:48:42.683936Z","level":"info","event":"Filling up the DagBag from /opt/airflow/dags/branch_pipeline.py","logger":"airflow.models.dagbag.BundleDagBag","filename":"dagbag.py","lineno":593}
{"timestamp":"2026-02-13T04:48:42.740604Z","level":"warning","event":"The `airflow.decorators.dag` attribute is deprecated. Please use `'airflow.sdk.dag'`.","category":"DeprecatedImportWarning","filename":"/opt/airflow/dags/branch_pipeline.py","lineno":1,"logger":"py.warnings"}
{"timestamp":"2026-02-13T04:48:42.740795Z","level":"warning","event":"The `airflow.decorators.task` attribute is deprecated. Please use `'airflow.sdk.task'`.","category":"DeprecatedImportWarning","filename":"/opt/airflow/dags/branch_pipeline.py","lineno":1,"logger":"py.warnings"}
{"timestamp":"2026-02-13T04:48:42.740892Z","level":"warning","event":"The `airflow.operators.python.BranchPythonOperator` attribute is deprecated. Please use `'airflow.providers.standard.operators.python.BranchPythonOperator'`.","category":"DeprecatedImportWarning","filename":"/opt/airflow/dags/branch_pipeline.py","lineno":2,"logger":"py.warnings"}
{"timestamp":"2026-02-13T04:48:42.740956Z","level":"warning","event":"The `airflow.operators.bash.BashOperator` attribute is deprecated. Please use `'airflow.providers.standard.operators.bash.BashOperator'`.","category":"DeprecatedImportWarning","filename":"/opt/airflow/dags/branch_pipeline.py","lineno":3,"logger":"py.warnings"}
{"timestamp":"2026-02-13T04:49:13.034104Z","level":"info","event":"Filling up the DagBag from /opt/airflow/dags/branch_pipeline.py","logger":"airflow.models.dagbag.BundleDagBag","filename":"dagbag.py","lineno":593}
{"timestamp":"2026-02-13T04:49:13.092434Z","level":"warning","event":"The `airflow.decorators.dag` attribute is deprecated. Please use `'airflow.sdk.dag'`.","category":"DeprecatedImportWarning","filename":"/opt/airflow/dags/branch_pipeline.py","lineno":1,"logger":"py.warnings"}
{"timestamp":"2026-02-13T04:49:13.092599Z","level":"warning","event":"The `airflow.decorators.task` attribute is deprecated. Please use `'airflow.sdk.task'`.","category":"DeprecatedImportWarning","filename":"/opt/airflow/dags/branch_pipeline.py","lineno":1,"logger":"py.warnings"}
{"timestamp":"2026-02-13T04:49:13.092663Z","level":"warning","event":"The `airflow.operators.python.BranchPythonOperator` attribute is deprecated. Please use `'airflow.providers.standard.operators.python.BranchPythonOperator'`.","category":"DeprecatedImportWarning","filename":"/opt/airflow/dags/branch_pipeline.py","lineno":2,"logger":"py.warnings"}
{"timestamp":"2026-02-13T04:49:13.092711Z","level":"warning","event":"The `airflow.operators.bash.BashOperator` attribute is deprecated. Please use `'airflow.providers.standard.operators.bash.BashOperator'`.","category":"DeprecatedImportWarning","filename":"/opt/airflow/dags/branch_pipeline.py","lineno":3,"logger":"py.warnings"}
{"timestamp":"2026-02-13T04:49:43.431458Z","level":"info","event":"Filling up the DagBag from /opt/airflow/dags/branch_pipeline.py","logger":"airflow.models.dagbag.BundleDagBag","filename":"dagbag.py","lineno":593}
{"timestamp":"2026-02-13T04:49:43.481850Z","level":"warning","event":"The `airflow.decorators.dag` attribute is deprecated. Please use `'airflow.sdk.dag'`.","category":"DeprecatedImportWarning","filename":"/opt/airflow/dags/branch_pipeline.py","lineno":1,"logger":"py.warnings"}
{"timestamp":"2026-02-13T04:49:43.481981Z","level":"warning","event":"The `airflow.decorators.task` attribute is deprecated. Please use `'airflow.sdk.task'`.","category":"DeprecatedImportWarning","filename":"/opt/airflow/dags/branch_pipeline.py","lineno":1,"logger":"py.warnings"}
{"timestamp":"2026-02-13T04:49:43.482067Z","level":"warning","event":"The `airflow.operators.python.BranchPythonOperator` attribute is deprecated. Please use `'airflow.providers.standard.operators.python.BranchPythonOperator'`.","category":"DeprecatedImportWarning","filename":"/opt/airflow/dags/branch_pipeline.py","lineno":2,"logger":"py.warnings"}
{"timestamp":"2026-02-13T04:49:43.482119Z","level":"warning","event":"The `airflow.operators.bash.BashOperator` attribute is deprecated. Please use `'airflow.providers.standard.operators.bash.BashOperator'`.","category":"DeprecatedImportWarning","filename":"/opt/airflow/dags/branch_pipeline.py","lineno":3,"logger":"py.warnings"}
{"timestamp":"2026-02-13T04:50:13.805204Z","level":"info","event":"Filling up the DagBag from /opt/airflow/dags/branch_pipeline.py","logger":"airflow.models.dagbag.BundleDagBag","filename":"dagbag.py","lineno":593}
{"timestamp":"2026-02-13T04:50:13.854543Z","level":"warning","event":"The `airflow.decorators.dag` attribute is deprecated. Please use `'airflow.sdk.dag'`.","category":"DeprecatedImportWarning","filename":"/opt/airflow/dags/branch_pipeline.py","lineno":1,"logger":"py.warnings"}
{"timestamp":"2026-02-13T04:50:13.854687Z","level":"warning","event":"The `airflow.decorators.task` attribute is deprecated. Please use `'airflow.sdk.task'`.","category":"DeprecatedImportWarning","filename":"/opt/airflow/dags/branch_pipeline.py","lineno":1,"logger":"py.warnings"}
{"timestamp":"2026-02-13T04:50:13.854751Z","level":"warning","event":"The `airflow.operators.python.BranchPythonOperator` attribute is deprecated. Please use `'airflow.providers.standard.operators.python.BranchPythonOperator'`.","category":"DeprecatedImportWarning","filename":"/opt/airflow/dags/branch_pipeline.py","lineno":2,"logger":"py.warnings"}
{"timestamp":"2026-02-13T04:50:13.854803Z","level":"warning","event":"The `airflow.operators.bash.BashOperator` attribute is deprecated. Please use `'airflow.providers.standard.operators.bash.BashOperator'`.","category":"DeprecatedImportWarning","filename":"/opt/airflow/dags/branch_pipeline.py","lineno":3,"logger":"py.warnings"}
{"timestamp":"2026-02-13T04:50:44.162925Z","level":"info","event":"Filling up the DagBag from /opt/airflow/dags/branch_pipeline.py","logger":"airflow.models.dagbag.BundleDagBag","filename":"dagbag.py","lineno":593}
{"timestamp":"2026-02-13T04:50:44.210311Z","level":"warning","event":"The `airflow.decorators.dag` attribute is deprecated. Please use `'airflow.sdk.dag'`.","category":"DeprecatedImportWarning","filename":"/opt/airflow/dags/branch_pipeline.py","lineno":1,"logger":"py.warnings"}
{"timestamp":"2026-02-13T04:50:44.210441Z","level":"warning","event":"The `airflow.decorators.task` attribute is deprecated. Please use `'airflow.sdk.task'`.","category":"DeprecatedImportWarning","filename":"/opt/airflow/dags/branch_pipeline.py","lineno":1,"logger":"py.warnings"}
{"timestamp":"2026-02-13T04:50:44.210498Z","level":"warning","event":"The `airflow.operators.python.BranchPythonOperator` attribute is deprecated. Please use `'airflow.providers.standard.operators.python.BranchPythonOperator'`.","category":"DeprecatedImportWarning","filename":"/opt/airflow/dags/branch_pipeline.py","lineno":2,"logger":"py.warnings"}
{"timestamp":"2026-02-13T04:50:44.210579Z","level":"warning","event":"The `airflow.operators.bash.BashOperator` attribute is deprecated. Please use `'airflow.providers.standard.operators.bash.BashOperator'`.","category":"DeprecatedImportWarning","filename":"/opt/airflow/dags/branch_pipeline.py","lineno":3,"logger":"py.warnings"}
{"timestamp":"2026-02-13T04:51:14.566917Z","level":"info","event":"Filling up the DagBag from /opt/airflow/dags/branch_pipeline.py","logger":"airflow.models.dagbag.BundleDagBag","filename":"dagbag.py","lineno":593}
{"timestamp":"2026-02-13T04:51:14.616143Z","level":"warning","event":"The `airflow.decorators.dag` attribute is deprecated. Please use `'airflow.sdk.dag'`.","category":"DeprecatedImportWarning","filename":"/opt/airflow/dags/branch_pipeline.py","lineno":1,"logger":"py.warnings"}
{"timestamp":"2026-02-13T04:51:14.616275Z","level":"warning","event":"The `airflow.decorators.task` attribute is deprecated. Please use `'airflow.sdk.task'`.","category":"DeprecatedImportWarning","filename":"/opt/airflow/dags/branch_pipeline.py","lineno":1,"logger":"py.warnings"}
{"timestamp":"2026-02-13T04:51:14.616331Z","level":"warning","event":"The `airflow.operators.python.BranchPythonOperator` attribute is deprecated. Please use `'airflow.providers.standard.operators.python.BranchPythonOperator'`.","category":"DeprecatedImportWarning","filename":"/opt/airflow/dags/branch_pipeline.py","lineno":2,"logger":"py.warnings"}
{"timestamp":"2026-02-13T04:51:14.616377Z","level":"warning","event":"The `airflow.operators.bash.BashOperator` attribute is deprecated. Please use `'airflow.providers.standard.operators.bash.BashOperator'`.","category":"DeprecatedImportWarning","filename":"/opt/airflow/dags/branch_pipeline.py","lineno":3,"logger":"py.warnings"}
{"timestamp":"2026-02-13T04:51:44.894905Z","level":"info","event":"Filling up the DagBag from /opt/airflow/dags/branch_pipeline.py","logger":"airflow.models.dagbag.BundleDagBag","filename":"dagbag.py","lineno":593}
{"timestamp":"2026-02-13T04:51:44.945304Z","level":"warning","event":"The `airflow.decorators.dag` attribute is deprecated. Please use `'airflow.sdk.dag'`.","category":"DeprecatedImportWarning","filename":"/opt/airflow/dags/branch_pipeline.py","lineno":1,"logger":"py.warnings"}
{"timestamp":"2026-02-13T04:51:44.945451Z","level":"warning","event":"The `airflow.decorators.task` attribute is deprecated. Please use `'airflow.sdk.task'`.","category":"DeprecatedImportWarning","filename":"/opt/airflow/dags/branch_pipeline.py","lineno":1,"logger":"py.warnings"}
{"timestamp":"2026-02-13T04:51:44.945541Z","level":"warning","event":"The `airflow.operators.python.BranchPythonOperator` attribute is deprecated. Please use `'airflow.providers.standard.operators.python.BranchPythonOperator'`.","category":"DeprecatedImportWarning","filename":"/opt/airflow/dags/branch_pipeline.py","lineno":2,"logger":"py.warnings"}
{"timestamp":"2026-02-13T04:51:44.945595Z","level":"warning","event":"The `airflow.operators.bash.BashOperator` attribute is deprecated. Please use `'airflow.providers.standard.operators.bash.BashOperator'`.","category":"DeprecatedImportWarning","filename":"/opt/airflow/dags/branch_pipeline.py","lineno":3,"logger":"py.warnings"}
{"timestamp":"2026-02-13T04:52:15.226787Z","level":"info","event":"Filling up the DagBag from /opt/airflow/dags/branch_pipeline.py","logger":"airflow.models.dagbag.BundleDagBag","filename":"dagbag.py","lineno":593}
{"timestamp":"2026-02-13T04:52:15.275421Z","level":"warning","event":"The `airflow.decorators.dag` attribute is deprecated. Please use `'airflow.sdk.dag'`.","category":"DeprecatedImportWarning","filename":"/opt/airflow/dags/branch_pipeline.py","lineno":1,"logger":"py.warnings"}
{"timestamp":"2026-02-13T04:52:15.275591Z","level":"warning","event":"The `airflow.decorators.task` attribute is deprecated. Please use `'airflow.sdk.task'`.","category":"DeprecatedImportWarning","filename":"/opt/airflow/dags/branch_pipeline.py","lineno":1,"logger":"py.warnings"}
{"timestamp":"2026-02-13T04:52:15.275660Z","level":"warning","event":"The `airflow.operators.python.BranchPythonOperator` attribute is deprecated. Please use `'airflow.providers.standard.operators.python.BranchPythonOperator'`.","category":"DeprecatedImportWarning","filename":"/opt/airflow/dags/branch_pipeline.py","lineno":2,"logger":"py.warnings"}
{"timestamp":"2026-02-13T04:52:15.275707Z","level":"warning","event":"The `airflow.operators.bash.BashOperator` attribute is deprecated. Please use `'airflow.providers.standard.operators.bash.BashOperator'`.","category":"DeprecatedImportWarning","filename":"/opt/airflow/dags/branch_pipeline.py","lineno":3,"logger":"py.warnings"}
{"timestamp":"2026-02-13T04:52:45.465866Z","level":"info","event":"Filling up the DagBag from /opt/airflow/dags/branch_pipeline.py","logger":"airflow.models.dagbag.BundleDagBag","filename":"dagbag.py","lineno":593}
{"timestamp":"2026-02-13T04:52:45.519402Z","level":"warning","event":"The `airflow.decorators.dag` attribute is deprecated. Please use `'airflow.sdk.dag'`.","category":"DeprecatedImportWarning","filename":"/opt/airflow/dags/branch_pipeline.py","lineno":1,"logger":"py.warnings"}
{"timestamp":"2026-02-13T04:52:45.519556Z","level":"warning","event":"The `airflow.decorators.task` attribute is deprecated. Please use `'airflow.sdk.task'`.","category":"DeprecatedImportWarning","filename":"/opt/airflow/dags/branch_pipeline.py","lineno":1,"logger":"py.warnings"}
{"timestamp":"2026-02-13T04:52:45.519612Z","level":"warning","event":"The `airflow.operators.python.BranchPythonOperator` attribute is deprecated. Please use `'airflow.providers.standard.operators.python.BranchPythonOperator'`.","category":"DeprecatedImportWarning","filename":"/opt/airflow/dags/branch_pipeline.py","lineno":2,"logger":"py.warnings"}
{"timestamp":"2026-02-13T04:52:45.519657Z","level":"warning","event":"The `airflow.operators.bash.BashOperator` attribute is deprecated. Please use `'airflow.providers.standard.operators.bash.BashOperator'`.","category":"DeprecatedImportWarning","filename":"/opt/airflow/dags/branch_pipeline.py","lineno":3,"logger":"py.warnings"}
{"timestamp":"2026-02-13T04:53:15.866639Z","level":"info","event":"Filling up the DagBag from /opt/airflow/dags/branch_pipeline.py","logger":"airflow.models.dagbag.BundleDagBag","filename":"dagbag.py","lineno":593}
{"timestamp":"2026-02-13T04:53:15.920639Z","level":"warning","event":"The `airflow.decorators.dag` attribute is deprecated. Please use `'airflow.sdk.dag'`.","category":"DeprecatedImportWarning","filename":"/opt/airflow/dags/branch_pipeline.py","lineno":1,"logger":"py.warnings"}
{"timestamp":"2026-02-13T04:53:15.920850Z","level":"warning","event":"The `airflow.decorators.task` attribute is deprecated. Please use `'airflow.sdk.task'`.","category":"DeprecatedImportWarning","filename":"/opt/airflow/dags/branch_pipeline.py","lineno":1,"logger":"py.warnings"}
{"timestamp":"2026-02-13T04:53:15.920942Z","level":"warning","event":"The `airflow.operators.python.BranchPythonOperator` attribute is deprecated. Please use `'airflow.providers.standard.operators.python.BranchPythonOperator'`.","category":"DeprecatedImportWarning","filename":"/opt/airflow/dags/branch_pipeline.py","lineno":2,"logger":"py.warnings"}
{"timestamp":"2026-02-13T04:53:15.921010Z","level":"warning","event":"The `airflow.operators.bash.BashOperator` attribute is deprecated. Please use `'airflow.providers.standard.operators.bash.BashOperator'`.","category":"DeprecatedImportWarning","filename":"/opt/airflow/dags/branch_pipeline.py","lineno":3,"logger":"py.warnings"}
{"timestamp":"2026-02-13T04:53:46.309635Z","level":"info","event":"Filling up the DagBag from /opt/airflow/dags/branch_pipeline.py","logger":"airflow.models.dagbag.BundleDagBag","filename":"dagbag.py","lineno":593}
{"timestamp":"2026-02-13T04:53:46.363410Z","level":"warning","event":"The `airflow.decorators.dag` attribute is deprecated. Please use `'airflow.sdk.dag'`.","category":"DeprecatedImportWarning","filename":"/opt/airflow/dags/branch_pipeline.py","lineno":1,"logger":"py.warnings"}
{"timestamp":"2026-02-13T04:53:46.363673Z","level":"warning","event":"The `airflow.decorators.task` attribute is deprecated. Please use `'airflow.sdk.task'`.","category":"DeprecatedImportWarning","filename":"/opt/airflow/dags/branch_pipeline.py","lineno":1,"logger":"py.warnings"}
{"timestamp":"2026-02-13T04:53:46.363796Z","level":"warning","event":"The `airflow.operators.python.BranchPythonOperator` attribute is deprecated. Please use `'airflow.providers.standard.operators.python.BranchPythonOperator'`.","category":"DeprecatedImportWarning","filename":"/opt/airflow/dags/branch_pipeline.py","lineno":2,"logger":"py.warnings"}
{"timestamp":"2026-02-13T04:53:46.363905Z","level":"warning","event":"The `airflow.operators.bash.BashOperator` attribute is deprecated. Please use `'airflow.providers.standard.operators.bash.BashOperator'`.","category":"DeprecatedImportWarning","filename":"/opt/airflow/dags/branch_pipeline.py","lineno":3,"logger":"py.warnings"}
{"timestamp":"2026-02-13T04:54:16.743726Z","level":"info","event":"Filling up the DagBag from /opt/airflow/dags/branch_pipeline.py","logger":"airflow.models.dagbag.BundleDagBag","filename":"dagbag.py","lineno":593}
{"timestamp":"2026-02-13T04:54:16.786144Z","level":"warning","event":"The `airflow.decorators.dag` attribute is deprecated. Please use `'airflow.sdk.dag'`.","category":"DeprecatedImportWarning","filename":"/opt/airflow/dags/branch_pipeline.py","lineno":1,"logger":"py.warnings"}
{"timestamp":"2026-02-13T04:54:16.786272Z","level":"warning","event":"The `airflow.decorators.task` attribute is deprecated. Please use `'airflow.sdk.task'`.","category":"DeprecatedImportWarning","filename":"/opt/airflow/dags/branch_pipeline.py","lineno":1,"logger":"py.warnings"}
{"timestamp":"2026-02-13T04:54:16.786357Z","level":"warning","event":"The `airflow.operators.python.BranchPythonOperator` attribute is deprecated. Please use `'airflow.providers.standard.operators.python.BranchPythonOperator'`.","category":"DeprecatedImportWarning","filename":"/opt/airflow/dags/branch_pipeline.py","lineno":2,"logger":"py.warnings"}
{"timestamp":"2026-02-13T04:54:16.786405Z","level":"warning","event":"The `airflow.operators.bash.BashOperator` attribute is deprecated. Please use `'airflow.providers.standard.operators.bash.BashOperator'`.","category":"DeprecatedImportWarning","filename":"/opt/airflow/dags/branch_pipeline.py","lineno":3,"logger":"py.warnings"}
{"timestamp":"2026-02-13T04:54:47.106254Z","level":"info","event":"Filling up the DagBag from /opt/airflow/dags/branch_pipeline.py","logger":"airflow.models.dagbag.BundleDagBag","filename":"dagbag.py","lineno":593}
{"timestamp":"2026-02-13T04:54:47.184578Z","level":"warning","event":"The `airflow.decorators.dag` attribute is deprecated. Please use `'airflow.sdk.dag'`.","category":"DeprecatedImportWarning","filename":"/opt/airflow/dags/branch_pipeline.py","lineno":1,"logger":"py.warnings"}
{"timestamp":"2026-02-13T04:54:47.184721Z","level":"warning","event":"The `airflow.decorators.task` attribute is deprecated. Please use `'airflow.sdk.task'`.","category":"DeprecatedImportWarning","filename":"/opt/airflow/dags/branch_pipeline.py","lineno":1,"logger":"py.warnings"}
{"timestamp":"2026-02-13T04:54:47.184785Z","level":"warning","event":"The `airflow.operators.python.BranchPythonOperator` attribute is deprecated. Please use `'airflow.providers.standard.operators.python.BranchPythonOperator'`.","category":"DeprecatedImportWarning","filename":"/opt/airflow/dags/branch_pipeline.py","lineno":2,"logger":"py.warnings"}
{"timestamp":"2026-02-13T04:54:47.184831Z","level":"warning","event":"The `airflow.operators.bash.BashOperator` attribute is deprecated. Please use `'airflow.providers.standard.operators.bash.BashOperator'`.","category":"DeprecatedImportWarning","filename":"/opt/airflow/dags/branch_pipeline.py","lineno":3,"logger":"py.warnings"}
{"timestamp":"2026-02-13T04:55:17.460215Z","level":"info","event":"Filling up the DagBag from /opt/airflow/dags/branch_pipeline.py","logger":"airflow.models.dagbag.BundleDagBag","filename":"dagbag.py","lineno":593}
{"timestamp":"2026-02-13T04:55:17.512253Z","level":"warning","event":"The `airflow.decorators.dag` attribute is deprecated. Please use `'airflow.sdk.dag'`.","category":"DeprecatedImportWarning","filename":"/opt/airflow/dags/branch_pipeline.py","lineno":1,"logger":"py.warnings"}
{"timestamp":"2026-02-13T04:55:17.512403Z","level":"warning","event":"The `airflow.decorators.task` attribute is deprecated. Please use `'airflow.sdk.task'`.","category":"DeprecatedImportWarning","filename":"/opt/airflow/dags/branch_pipeline.py","lineno":1,"logger":"py.warnings"}
{"timestamp":"2026-02-13T04:55:17.512459Z","level":"warning","event":"The `airflow.operators.python.BranchPythonOperator` attribute is deprecated. Please use `'airflow.providers.standard.operators.python.BranchPythonOperator'`.","category":"DeprecatedImportWarning","filename":"/opt/airflow/dags/branch_pipeline.py","lineno":2,"logger":"py.warnings"}
{"timestamp":"2026-02-13T04:55:17.512503Z","level":"warning","event":"The `airflow.operators.bash.BashOperator` attribute is deprecated. Please use `'airflow.providers.standard.operators.bash.BashOperator'`.","category":"DeprecatedImportWarning","filename":"/opt/airflow/dags/branch_pipeline.py","lineno":3,"logger":"py.warnings"}
{"timestamp":"2026-02-13T04:55:47.925196Z","level":"info","event":"Filling up the DagBag from /opt/airflow/dags/branch_pipeline.py","logger":"airflow.models.dagbag.BundleDagBag","filename":"dagbag.py","lineno":593}
{"timestamp":"2026-02-13T04:55:47.970682Z","level":"warning","event":"The `airflow.decorators.dag` attribute is deprecated. Please use `'airflow.sdk.dag'`.","category":"DeprecatedImportWarning","filename":"/opt/airflow/dags/branch_pipeline.py","lineno":1,"logger":"py.warnings"}
{"timestamp":"2026-02-13T04:55:47.970818Z","level":"warning","event":"The `airflow.decorators.task` attribute is deprecated. Please use `'airflow.sdk.task'`.","category":"DeprecatedImportWarning","filename":"/opt/airflow/dags/branch_pipeline.py","lineno":1,"logger":"py.warnings"}
{"timestamp":"2026-02-13T04:55:47.970878Z","level":"warning","event":"The `airflow.operators.python.BranchPythonOperator` attribute is deprecated. Please use `'airflow.providers.standard.operators.python.BranchPythonOperator'`.","category":"DeprecatedImportWarning","filename":"/opt/airflow/dags/branch_pipeline.py","lineno":2,"logger":"py.warnings"}
{"timestamp":"2026-02-13T04:55:47.970969Z","level":"warning","event":"The `airflow.operators.bash.BashOperator` attribute is deprecated. Please use `'airflow.providers.standard.operators.bash.BashOperator'`.","category":"DeprecatedImportWarning","filename":"/opt/airflow/dags/branch_pipeline.py","lineno":3,"logger":"py.warnings"}
{"timestamp":"2026-02-13T04:56:18.418439Z","level":"info","event":"Filling up the DagBag from /opt/airflow/dags/branch_pipeline.py","logger":"airflow.models.dagbag.BundleDagBag","filename":"dagbag.py","lineno":593}
{"timestamp":"2026-02-13T04:56:18.474643Z","level":"warning","event":"The `airflow.decorators.dag` attribute is deprecated. Please use `'airflow.sdk.dag'`.","category":"DeprecatedImportWarning","filename":"/opt/airflow/dags/branch_pipeline.py","lineno":1,"logger":"py.warnings"}
{"timestamp":"2026-02-13T04:56:18.474793Z","level":"warning","event":"The `airflow.decorators.task` attribute is deprecated. Please use `'airflow.sdk.task'`.","category":"DeprecatedImportWarning","filename":"/opt/airflow/dags/branch_pipeline.py","lineno":1,"logger":"py.warnings"}
{"timestamp":"2026-02-13T04:56:18.474853Z","level":"warning","event":"The `airflow.operators.python.BranchPythonOperator` attribute is deprecated. Please use `'airflow.providers.standard.operators.python.BranchPythonOperator'`.","category":"DeprecatedImportWarning","filename":"/opt/airflow/dags/branch_pipeline.py","lineno":2,"logger":"py.warnings"}
{"timestamp":"2026-02-13T04:56:18.474908Z","level":"warning","event":"The `airflow.operators.bash.BashOperator` attribute is deprecated. Please use `'airflow.providers.standard.operators.bash.BashOperator'`.","category":"DeprecatedImportWarning","filename":"/opt/airflow/dags/branch_pipeline.py","lineno":3,"logger":"py.warnings"}
{"timestamp":"2026-02-13T04:56:48.949755Z","level":"info","event":"Filling up the DagBag from /opt/airflow/dags/branch_pipeline.py","logger":"airflow.models.dagbag.BundleDagBag","filename":"dagbag.py","lineno":593}
{"timestamp":"2026-02-13T04:56:49.024783Z","level":"warning","event":"The `airflow.decorators.dag` attribute is deprecated. Please use `'airflow.sdk.dag'`.","category":"DeprecatedImportWarning","filename":"/opt/airflow/dags/branch_pipeline.py","lineno":1,"logger":"py.warnings"}
{"timestamp":"2026-02-13T04:56:49.025006Z","level":"warning","event":"The `airflow.decorators.task` attribute is deprecated. Please use `'airflow.sdk.task'`.","category":"DeprecatedImportWarning","filename":"/opt/airflow/dags/branch_pipeline.py","lineno":1,"logger":"py.warnings"}
{"timestamp":"2026-02-13T04:56:49.025076Z","level":"warning","event":"The `airflow.operators.python.BranchPythonOperator` attribute is deprecated. Please use `'airflow.providers.standard.operators.python.BranchPythonOperator'`.","category":"DeprecatedImportWarning","filename":"/opt/airflow/dags/branch_pipeline.py","lineno":2,"logger":"py.warnings"}
{"timestamp":"2026-02-13T04:56:49.025131Z","level":"warning","event":"The `airflow.operators.bash.BashOperator` attribute is deprecated. Please use `'airflow.providers.standard.operators.bash.BashOperator'`.","category":"DeprecatedImportWarning","filename":"/opt/airflow/dags/branch_pipeline.py","lineno":3,"logger":"py.warnings"}
{"timestamp":"2026-02-13T04:57:19.377728Z","level":"info","event":"Filling up the DagBag from /opt/airflow/dags/branch_pipeline.py","logger":"airflow.models.dagbag.BundleDagBag","filename":"dagbag.py","lineno":593}
{"timestamp":"2026-02-13T04:57:19.425706Z","level":"warning","event":"The `airflow.decorators.dag` attribute is deprecated. Please use `'airflow.sdk.dag'`.","category":"DeprecatedImportWarning","filename":"/opt/airflow/dags/branch_pipeline.py","lineno":1,"logger":"py.warnings"}
{"timestamp":"2026-02-13T04:57:19.425875Z","level":"warning","event":"The `airflow.decorators.task` attribute is deprecated. Please use `'airflow.sdk.task'`.","category":"DeprecatedImportWarning","filename":"/opt/airflow/dags/branch_pipeline.py","lineno":1,"logger":"py.warnings"}
{"timestamp":"2026-02-13T04:57:19.425938Z","level":"warning","event":"The `airflow.operators.python.BranchPythonOperator` attribute is deprecated. Please use `'airflow.providers.standard.operators.python.BranchPythonOperator'`.","category":"DeprecatedImportWarning","filename":"/opt/airflow/dags/branch_pipeline.py","lineno":2,"logger":"py.warnings"}
{"timestamp":"2026-02-13T04:57:19.425986Z","level":"warning","event":"The `airflow.operators.bash.BashOperator` attribute is deprecated. Please use `'airflow.providers.standard.operators.bash.BashOperator'`.","category":"DeprecatedImportWarning","filename":"/opt/airflow/dags/branch_pipeline.py","lineno":3,"logger":"py.warnings"}
{"timestamp":"2026-02-13T04:57:49.872734Z","level":"info","event":"Filling up the DagBag from /opt/airflow/dags/branch_pipeline.py","logger":"airflow.models.dagbag.BundleDagBag","filename":"dagbag.py","lineno":593}
{"timestamp":"2026-02-13T04:57:49.988332Z","level":"warning","event":"The `airflow.decorators.dag` attribute is deprecated. Please use `'airflow.sdk.dag'`.","category":"DeprecatedImportWarning","filename":"/opt/airflow/dags/branch_pipeline.py","lineno":1,"logger":"py.warnings"}
{"timestamp":"2026-02-13T04:57:49.988580Z","level":"warning","event":"The `airflow.decorators.task` attribute is deprecated. Please use `'airflow.sdk.task'`.","category":"DeprecatedImportWarning","filename":"/opt/airflow/dags/branch_pipeline.py","lineno":1,"logger":"py.warnings"}
{"timestamp":"2026-02-13T04:57:49.988652Z","level":"warning","event":"The `airflow.operators.python.BranchPythonOperator` attribute is deprecated. Please use `'airflow.providers.standard.operators.python.BranchPythonOperator'`.","category":"DeprecatedImportWarning","filename":"/opt/airflow/dags/branch_pipeline.py","lineno":2,"logger":"py.warnings"}
{"timestamp":"2026-02-13T04:57:49.988739Z","level":"warning","event":"The `airflow.operators.bash.BashOperator` attribute is deprecated. Please use `'airflow.providers.standard.operators.bash.BashOperator'`.","category":"DeprecatedImportWarning","filename":"/opt/airflow/dags/branch_pipeline.py","lineno":3,"logger":"py.warnings"}
{"timestamp":"2026-02-13T04:58:20.372579Z","level":"info","event":"Filling up the DagBag from /opt/airflow/dags/branch_pipeline.py","logger":"airflow.models.dagbag.BundleDagBag","filename":"dagbag.py","lineno":593}
{"timestamp":"2026-02-13T04:58:20.462575Z","level":"warning","event":"The `airflow.decorators.dag` attribute is deprecated. Please use `'airflow.sdk.dag'`.","category":"DeprecatedImportWarning","filename":"/opt/airflow/dags/branch_pipeline.py","lineno":1,"logger":"py.warnings"}
{"timestamp":"2026-02-13T04:58:20.463439Z","level":"warning","event":"The `airflow.decorators.task` attribute is deprecated. Please use `'airflow.sdk.task'`.","category":"DeprecatedImportWarning","filename":"/opt/airflow/dags/branch_pipeline.py","lineno":1,"logger":"py.warnings"}
{"timestamp":"2026-02-13T04:58:20.463590Z","level":"warning","event":"The `airflow.operators.python.BranchPythonOperator` attribute is deprecated. Please use `'airflow.providers.standard.operators.python.BranchPythonOperator'`.","category":"DeprecatedImportWarning","filename":"/opt/airflow/dags/branch_pipeline.py","lineno":2,"logger":"py.warnings"}
{"timestamp":"2026-02-13T04:58:20.463683Z","level":"warning","event":"The `airflow.operators.bash.BashOperator` attribute is deprecated. Please use `'airflow.providers.standard.operators.bash.BashOperator'`.","category":"DeprecatedImportWarning","filename":"/opt/airflow/dags/branch_pipeline.py","lineno":3,"logger":"py.warnings"}
{"timestamp":"2026-02-13T04:58:50.837217Z","level":"info","event":"Filling up the DagBag from /opt/airflow/dags/branch_pipeline.py","logger":"airflow.models.dagbag.BundleDagBag","filename":"dagbag.py","lineno":593}
{"timestamp":"2026-02-13T04:58:50.889957Z","level":"warning","event":"The `airflow.decorators.dag` attribute is deprecated. Please use `'airflow.sdk.dag'`.","category":"DeprecatedImportWarning","filename":"/opt/airflow/dags/branch_pipeline.py","lineno":1,"logger":"py.warnings"}
{"timestamp":"2026-02-13T04:58:50.890089Z","level":"warning","event":"The `airflow.decorators.task` attribute is deprecated. Please use `'airflow.sdk.task'`.","category":"DeprecatedImportWarning","filename":"/opt/airflow/dags/branch_pipeline.py","lineno":1,"logger":"py.warnings"}
{"timestamp":"2026-02-13T04:58:50.890146Z","level":"warning","event":"The `airflow.operators.python.BranchPythonOperator` attribute is deprecated. Please use `'airflow.providers.standard.operators.python.BranchPythonOperator'`.","category":"DeprecatedImportWarning","filename":"/opt/airflow/dags/branch_pipeline.py","lineno":2,"logger":"py.warnings"}
{"timestamp":"2026-02-13T04:58:50.890195Z","level":"warning","event":"The `airflow.operators.bash.BashOperator` attribute is deprecated. Please use `'airflow.providers.standard.operators.bash.BashOperator'`.","category":"DeprecatedImportWarning","filename":"/opt/airflow/dags/branch_pipeline.py","lineno":3,"logger":"py.warnings"}
{"timestamp":"2026-02-13T04:59:21.090962Z","level":"info","event":"Filling up the DagBag from /opt/airflow/dags/branch_pipeline.py","logger":"airflow.models.dagbag.BundleDagBag","filename":"dagbag.py","lineno":593}
{"timestamp":"2026-02-13T04:59:21.151748Z","level":"warning","event":"The `airflow.decorators.dag` attribute is deprecated. Please use `'airflow.sdk.dag'`.","category":"DeprecatedImportWarning","filename":"/opt/airflow/dags/branch_pipeline.py","lineno":1,"logger":"py.warnings"}
{"timestamp":"2026-02-13T04:59:21.152066Z","level":"warning","event":"The `airflow.decorators.task` attribute is deprecated. Please use `'airflow.sdk.task'`.","category":"DeprecatedImportWarning","filename":"/opt/airflow/dags/branch_pipeline.py","lineno":1,"logger":"py.warnings"}
{"timestamp":"2026-02-13T04:59:21.152147Z","level":"warning","event":"The `airflow.operators.python.BranchPythonOperator` attribute is deprecated. Please use `'airflow.providers.standard.operators.python.BranchPythonOperator'`.","category":"DeprecatedImportWarning","filename":"/opt/airflow/dags/branch_pipeline.py","lineno":2,"logger":"py.warnings"}
{"timestamp":"2026-02-13T04:59:21.152204Z","level":"warning","event":"The `airflow.operators.bash.BashOperator` attribute is deprecated. Please use `'airflow.providers.standard.operators.bash.BashOperator'`.","category":"DeprecatedImportWarning","filename":"/opt/airflow/dags/branch_pipeline.py","lineno":3,"logger":"py.warnings"}
{"timestamp":"2026-02-13T04:59:51.446177Z","level":"info","event":"Filling up the DagBag from /opt/airflow/dags/branch_pipeline.py","logger":"airflow.models.dagbag.BundleDagBag","filename":"dagbag.py","lineno":593}
{"timestamp":"2026-02-13T04:59:51.490980Z","level":"warning","event":"The `airflow.decorators.dag` attribute is deprecated. Please use `'airflow.sdk.dag'`.","category":"DeprecatedImportWarning","filename":"/opt/airflow/dags/branch_pipeline.py","lineno":1,"logger":"py.warnings"}
{"timestamp":"2026-02-13T04:59:51.491122Z","level":"warning","event":"The `airflow.decorators.task` attribute is deprecated. Please use `'airflow.sdk.task'`.","category":"DeprecatedImportWarning","filename":"/opt/airflow/dags/branch_pipeline.py","lineno":1,"logger":"py.warnings"}
{"timestamp":"2026-02-13T04:59:51.491184Z","level":"warning","event":"The `airflow.operators.python.BranchPythonOperator` attribute is deprecated. Please use `'airflow.providers.standard.operators.python.BranchPythonOperator'`.","category":"DeprecatedImportWarning","filename":"/opt/airflow/dags/branch_pipeline.py","lineno":2,"logger":"py.warnings"}
{"timestamp":"2026-02-13T04:59:51.491233Z","level":"warning","event":"The `airflow.operators.bash.BashOperator` attribute is deprecated. Please use `'airflow.providers.standard.operators.bash.BashOperator'`.","category":"DeprecatedImportWarning","filename":"/opt/airflow/dags/branch_pipeline.py","lineno":3,"logger":"py.warnings"}
{"timestamp":"2026-02-13T05:00:21.756953Z","level":"info","event":"Filling up the DagBag from /opt/airflow/dags/branch_pipeline.py","logger":"airflow.models.dagbag.BundleDagBag","filename":"dagbag.py","lineno":593}
{"timestamp":"2026-02-13T05:00:21.804392Z","level":"warning","event":"The `airflow.decorators.dag` attribute is deprecated. Please use `'airflow.sdk.dag'`.","category":"DeprecatedImportWarning","filename":"/opt/airflow/dags/branch_pipeline.py","lineno":1,"logger":"py.warnings"}
{"timestamp":"2026-02-13T05:00:21.804529Z","level":"warning","event":"The `airflow.decorators.task` attribute is deprecated. Please use `'airflow.sdk.task'`.","category":"DeprecatedImportWarning","filename":"/opt/airflow/dags/branch_pipeline.py","lineno":1,"logger":"py.warnings"}
{"timestamp":"2026-02-13T05:00:21.804587Z","level":"warning","event":"The `airflow.operators.python.BranchPythonOperator` attribute is deprecated. Please use `'airflow.providers.standard.operators.python.BranchPythonOperator'`.","category":"DeprecatedImportWarning","filename":"/opt/airflow/dags/branch_pipeline.py","lineno":2,"logger":"py.warnings"}
{"timestamp":"2026-02-13T05:00:21.804634Z","level":"warning","event":"The `airflow.operators.bash.BashOperator` attribute is deprecated. Please use `'airflow.providers.standard.operators.bash.BashOperator'`.","category":"DeprecatedImportWarning","filename":"/opt/airflow/dags/branch_pipeline.py","lineno":3,"logger":"py.warnings"}
{"timestamp":"2026-02-13T05:00:52.057948Z","level":"info","event":"Filling up the DagBag from /opt/airflow/dags/branch_pipeline.py","logger":"airflow.models.dagbag.BundleDagBag","filename":"dagbag.py","lineno":593}
{"timestamp":"2026-02-13T05:00:52.122258Z","level":"warning","event":"The `airflow.decorators.dag` attribute is deprecated. Please use `'airflow.sdk.dag'`.","category":"DeprecatedImportWarning","filename":"/opt/airflow/dags/branch_pipeline.py","lineno":1,"logger":"py.warnings"}
{"timestamp":"2026-02-13T05:00:52.122417Z","level":"warning","event":"The `airflow.decorators.task` attribute is deprecated. Please use `'airflow.sdk.task'`.","category":"DeprecatedImportWarning","filename":"/opt/airflow/dags/branch_pipeline.py","lineno":1,"logger":"py.warnings"}
{"timestamp":"2026-02-13T05:00:52.122480Z","level":"warning","event":"The `airflow.operators.python.BranchPythonOperator` attribute is deprecated. Please use `'airflow.providers.standard.operators.python.BranchPythonOperator'`.","category":"DeprecatedImportWarning","filename":"/opt/airflow/dags/branch_pipeline.py","lineno":2,"logger":"py.warnings"}
{"timestamp":"2026-02-13T05:00:52.122530Z","level":"warning","event":"The `airflow.operators.bash.BashOperator` attribute is deprecated. Please use `'airflow.providers.standard.operators.bash.BashOperator'`.","category":"DeprecatedImportWarning","filename":"/opt/airflow/dags/branch_pipeline.py","lineno":3,"logger":"py.warnings"}
{"timestamp":"2026-02-13T05:01:22.483634Z","level":"info","event":"Filling up the DagBag from /opt/airflow/dags/branch_pipeline.py","logger":"airflow.models.dagbag.BundleDagBag","filename":"dagbag.py","lineno":593}
{"timestamp":"2026-02-13T05:01:22.547337Z","level":"warning","event":"The `airflow.decorators.dag` attribute is deprecated. Please use `'airflow.sdk.dag'`.","category":"DeprecatedImportWarning","filename":"/opt/airflow/dags/branch_pipeline.py","lineno":1,"logger":"py.warnings"}
{"timestamp":"2026-02-13T05:01:22.547472Z","level":"warning","event":"The `airflow.decorators.task` attribute is deprecated. Please use `'airflow.sdk.task'`.","category":"DeprecatedImportWarning","filename":"/opt/airflow/dags/branch_pipeline.py","lineno":1,"logger":"py.warnings"}
{"timestamp":"2026-02-13T05:01:22.547537Z","level":"warning","event":"The `airflow.operators.python.BranchPythonOperator` attribute is deprecated. Please use `'airflow.providers.standard.operators.python.BranchPythonOperator'`.","category":"DeprecatedImportWarning","filename":"/opt/airflow/dags/branch_pipeline.py","lineno":2,"logger":"py.warnings"}
{"timestamp":"2026-02-13T05:01:22.547593Z","level":"warning","event":"The `airflow.operators.bash.BashOperator` attribute is deprecated. Please use `'airflow.providers.standard.operators.bash.BashOperator'`.","category":"DeprecatedImportWarning","filename":"/opt/airflow/dags/branch_pipeline.py","lineno":3,"logger":"py.warnings"}
{"timestamp":"2026-02-13T05:01:52.924307Z","level":"info","event":"Filling up the DagBag from /opt/airflow/dags/branch_pipeline.py","logger":"airflow.models.dagbag.BundleDagBag","filename":"dagbag.py","lineno":593}
{"timestamp":"2026-02-13T05:01:52.975439Z","level":"warning","event":"The `airflow.decorators.dag` attribute is deprecated. Please use `'airflow.sdk.dag'`.","category":"DeprecatedImportWarning","filename":"/opt/airflow/dags/branch_pipeline.py","lineno":1,"logger":"py.warnings"}
{"timestamp":"2026-02-13T05:01:52.975588Z","level":"warning","event":"The `airflow.decorators.task` attribute is deprecated. Please use `'airflow.sdk.task'`.","category":"DeprecatedImportWarning","filename":"/opt/airflow/dags/branch_pipeline.py","lineno":1,"logger":"py.warnings"}
{"timestamp":"2026-02-13T05:01:52.975667Z","level":"warning","event":"The `airflow.operators.python.BranchPythonOperator` attribute is deprecated. Please use `'airflow.providers.standard.operators.python.BranchPythonOperator'`.","category":"DeprecatedImportWarning","filename":"/opt/airflow/dags/branch_pipeline.py","lineno":2,"logger":"py.warnings"}
{"timestamp":"2026-02-13T05:01:52.975725Z","level":"warning","event":"The `airflow.operators.bash.BashOperator` attribute is deprecated. Please use `'airflow.providers.standard.operators.bash.BashOperator'`.","category":"DeprecatedImportWarning","filename":"/opt/airflow/dags/branch_pipeline.py","lineno":3,"logger":"py.warnings"}
{"timestamp":"2026-02-13T05:02:23.377194Z","level":"info","event":"Filling up the DagBag from /opt/airflow/dags/branch_pipeline.py","logger":"airflow.models.dagbag.BundleDagBag","filename":"dagbag.py","lineno":593}
{"timestamp":"2026-02-13T05:02:23.435742Z","level":"warning","event":"The `airflow.decorators.dag` attribute is deprecated. Please use `'airflow.sdk.dag'`.","category":"DeprecatedImportWarning","filename":"/opt/airflow/dags/branch_pipeline.py","lineno":1,"logger":"py.warnings"}
{"timestamp":"2026-02-13T05:02:23.436087Z","level":"warning","event":"The `airflow.decorators.task` attribute is deprecated. Please use `'airflow.sdk.task'`.","category":"DeprecatedImportWarning","filename":"/opt/airflow/dags/branch_pipeline.py","lineno":1,"logger":"py.warnings"}
{"timestamp":"2026-02-13T05:02:23.436161Z","level":"warning","event":"The `airflow.operators.python.BranchPythonOperator` attribute is deprecated. Please use `'airflow.providers.standard.operators.python.BranchPythonOperator'`.","category":"DeprecatedImportWarning","filename":"/opt/airflow/dags/branch_pipeline.py","lineno":2,"logger":"py.warnings"}
{"timestamp":"2026-02-13T05:02:23.436228Z","level":"warning","event":"The `airflow.operators.bash.BashOperator` attribute is deprecated. Please use `'airflow.providers.standard.operators.bash.BashOperator'`.","category":"DeprecatedImportWarning","filename":"/opt/airflow/dags/branch_pipeline.py","lineno":3,"logger":"py.warnings"}
{"timestamp":"2026-02-13T05:02:53.690664Z","level":"info","event":"Filling up the DagBag from /opt/airflow/dags/branch_pipeline.py","logger":"airflow.models.dagbag.BundleDagBag","filename":"dagbag.py","lineno":593}
{"timestamp":"2026-02-13T05:02:53.737835Z","level":"warning","event":"The `airflow.decorators.dag` attribute is deprecated. Please use `'airflow.sdk.dag'`.","category":"DeprecatedImportWarning","filename":"/opt/airflow/dags/branch_pipeline.py","lineno":1,"logger":"py.warnings"}
{"timestamp":"2026-02-13T05:02:53.737986Z","level":"warning","event":"The `airflow.decorators.task` attribute is deprecated. Please use `'airflow.sdk.task'`.","category":"DeprecatedImportWarning","filename":"/opt/airflow/dags/branch_pipeline.py","lineno":1,"logger":"py.warnings"}
{"timestamp":"2026-02-13T05:02:53.738043Z","level":"warning","event":"The `airflow.operators.python.BranchPythonOperator` attribute is deprecated. Please use `'airflow.providers.standard.operators.python.BranchPythonOperator'`.","category":"DeprecatedImportWarning","filename":"/opt/airflow/dags/branch_pipeline.py","lineno":2,"logger":"py.warnings"}
{"timestamp":"2026-02-13T05:02:53.738090Z","level":"warning","event":"The `airflow.operators.bash.BashOperator` attribute is deprecated. Please use `'airflow.providers.standard.operators.bash.BashOperator'`.","category":"DeprecatedImportWarning","filename":"/opt/airflow/dags/branch_pipeline.py","lineno":3,"logger":"py.warnings"}
{"timestamp":"2026-02-13T05:03:24.115429Z","level":"info","event":"Filling up the DagBag from /opt/airflow/dags/branch_pipeline.py","logger":"airflow.models.dagbag.BundleDagBag","filename":"dagbag.py","lineno":593}
{"timestamp":"2026-02-13T05:03:24.167163Z","level":"warning","event":"The `airflow.decorators.dag` attribute is deprecated. Please use `'airflow.sdk.dag'`.","category":"DeprecatedImportWarning","filename":"/opt/airflow/dags/branch_pipeline.py","lineno":1,"logger":"py.warnings"}
{"timestamp":"2026-02-13T05:03:24.167318Z","level":"warning","event":"The `airflow.decorators.task` attribute is deprecated. Please use `'airflow.sdk.task'`.","category":"DeprecatedImportWarning","filename":"/opt/airflow/dags/branch_pipeline.py","lineno":1,"logger":"py.warnings"}
{"timestamp":"2026-02-13T05:03:24.167381Z","level":"warning","event":"The `airflow.operators.python.BranchPythonOperator` attribute is deprecated. Please use `'airflow.providers.standard.operators.python.BranchPythonOperator'`.","category":"DeprecatedImportWarning","filename":"/opt/airflow/dags/branch_pipeline.py","lineno":2,"logger":"py.warnings"}
{"timestamp":"2026-02-13T05:03:24.167449Z","level":"warning","event":"The `airflow.operators.bash.BashOperator` attribute is deprecated. Please use `'airflow.providers.standard.operators.bash.BashOperator'`.","category":"DeprecatedImportWarning","filename":"/opt/airflow/dags/branch_pipeline.py","lineno":3,"logger":"py.warnings"}
{"timestamp":"2026-02-13T05:03:54.443683Z","level":"info","event":"Filling up the DagBag from /opt/airflow/dags/branch_pipeline.py","logger":"airflow.models.dagbag.BundleDagBag","filename":"dagbag.py","lineno":593}
{"timestamp":"2026-02-13T05:03:54.514835Z","level":"warning","event":"The `airflow.decorators.dag` attribute is deprecated. Please use `'airflow.sdk.dag'`.","category":"DeprecatedImportWarning","filename":"/opt/airflow/dags/branch_pipeline.py","lineno":1,"logger":"py.warnings"}
{"timestamp":"2026-02-13T05:03:54.515097Z","level":"warning","event":"The `airflow.decorators.task` attribute is deprecated. Please use `'airflow.sdk.task'`.","category":"DeprecatedImportWarning","filename":"/opt/airflow/dags/branch_pipeline.py","lineno":1,"logger":"py.warnings"}
{"timestamp":"2026-02-13T05:03:54.515183Z","level":"warning","event":"The `airflow.operators.python.BranchPythonOperator` attribute is deprecated. Please use `'airflow.providers.standard.operators.python.BranchPythonOperator'`.","category":"DeprecatedImportWarning","filename":"/opt/airflow/dags/branch_pipeline.py","lineno":2,"logger":"py.warnings"}
{"timestamp":"2026-02-13T05:03:54.515252Z","level":"warning","event":"The `airflow.operators.bash.BashOperator` attribute is deprecated. Please use `'airflow.providers.standard.operators.bash.BashOperator'`.","category":"DeprecatedImportWarning","filename":"/opt/airflow/dags/branch_pipeline.py","lineno":3,"logger":"py.warnings"}
{"timestamp":"2026-02-13T05:04:24.930388Z","level":"info","event":"Filling up the DagBag from /opt/airflow/dags/branch_pipeline.py","logger":"airflow.models.dagbag.BundleDagBag","filename":"dagbag.py","lineno":593}
{"timestamp":"2026-02-13T05:04:24.981418Z","level":"warning","event":"The `airflow.decorators.dag` attribute is deprecated. Please use `'airflow.sdk.dag'`.","category":"DeprecatedImportWarning","filename":"/opt/airflow/dags/branch_pipeline.py","lineno":1,"logger":"py.warnings"}
{"timestamp":"2026-02-13T05:04:24.981555Z","level":"warning","event":"The `airflow.decorators.task` attribute is deprecated. Please use `'airflow.sdk.task'`.","category":"DeprecatedImportWarning","filename":"/opt/airflow/dags/branch_pipeline.py","lineno":1,"logger":"py.warnings"}
{"timestamp":"2026-02-13T05:04:24.981613Z","level":"warning","event":"The `airflow.operators.python.BranchPythonOperator` attribute is deprecated. Please use `'airflow.providers.standard.operators.python.BranchPythonOperator'`.","category":"DeprecatedImportWarning","filename":"/opt/airflow/dags/branch_pipeline.py","lineno":2,"logger":"py.warnings"}
{"timestamp":"2026-02-13T05:04:24.981659Z","level":"warning","event":"The `airflow.operators.bash.BashOperator` attribute is deprecated. Please use `'airflow.providers.standard.operators.bash.BashOperator'`.","category":"DeprecatedImportWarning","filename":"/opt/airflow/dags/branch_pipeline.py","lineno":3,"logger":"py.warnings"}
{"timestamp":"2026-02-13T05:04:55.238688Z","level":"info","event":"Filling up the DagBag from /opt/airflow/dags/branch_pipeline.py","logger":"airflow.models.dagbag.BundleDagBag","filename":"dagbag.py","lineno":593}
{"timestamp":"2026-02-13T05:04:55.307348Z","level":"warning","event":"The `airflow.decorators.dag` attribute is deprecated. Please use `'airflow.sdk.dag'`.","category":"DeprecatedImportWarning","filename":"/opt/airflow/dags/branch_pipeline.py","lineno":1,"logger":"py.warnings"}
{"timestamp":"2026-02-13T05:04:55.307600Z","level":"warning","event":"The `airflow.decorators.task` attribute is deprecated. Please use `'airflow.sdk.task'`.","category":"DeprecatedImportWarning","filename":"/opt/airflow/dags/branch_pipeline.py","lineno":1,"logger":"py.warnings"}
{"timestamp":"2026-02-13T05:04:55.307668Z","level":"warning","event":"The `airflow.operators.python.BranchPythonOperator` attribute is deprecated. Please use `'airflow.providers.standard.operators.python.BranchPythonOperator'`.","category":"DeprecatedImportWarning","filename":"/opt/airflow/dags/branch_pipeline.py","lineno":2,"logger":"py.warnings"}
{"timestamp":"2026-02-13T05:04:55.307723Z","level":"warning","event":"The `airflow.operators.bash.BashOperator` attribute is deprecated. Please use `'airflow.providers.standard.operators.bash.BashOperator'`.","category":"DeprecatedImportWarning","filename":"/opt/airflow/dags/branch_pipeline.py","lineno":3,"logger":"py.warnings"}
{"timestamp":"2026-02-13T05:05:25.692661Z","level":"info","event":"Filling up the DagBag from /opt/airflow/dags/branch_pipeline.py","logger":"airflow.models.dagbag.BundleDagBag","filename":"dagbag.py","lineno":593}
{"timestamp":"2026-02-13T05:05:25.745096Z","level":"warning","event":"The `airflow.decorators.dag` attribute is deprecated. Please use `'airflow.sdk.dag'`.","category":"DeprecatedImportWarning","filename":"/opt/airflow/dags/branch_pipeline.py","lineno":1,"logger":"py.warnings"}
{"timestamp":"2026-02-13T05:05:25.745231Z","level":"warning","event":"The `airflow.decorators.task` attribute is deprecated. Please use `'airflow.sdk.task'`.","category":"DeprecatedImportWarning","filename":"/opt/airflow/dags/branch_pipeline.py","lineno":1,"logger":"py.warnings"}
{"timestamp":"2026-02-13T05:05:25.745286Z","level":"warning","event":"The `airflow.operators.python.BranchPythonOperator` attribute is deprecated. Please use `'airflow.providers.standard.operators.python.BranchPythonOperator'`.","category":"DeprecatedImportWarning","filename":"/opt/airflow/dags/branch_pipeline.py","lineno":2,"logger":"py.warnings"}
{"timestamp":"2026-02-13T05:05:25.745338Z","level":"warning","event":"The `airflow.operators.bash.BashOperator` attribute is deprecated. Please use `'airflow.providers.standard.operators.bash.BashOperator'`.","category":"DeprecatedImportWarning","filename":"/opt/airflow/dags/branch_pipeline.py","lineno":3,"logger":"py.warnings"}
{"timestamp":"2026-02-13T05:05:56.013977Z","level":"info","event":"Filling up the DagBag from /opt/airflow/dags/branch_pipeline.py","logger":"airflow.models.dagbag.BundleDagBag","filename":"dagbag.py","lineno":593}
{"timestamp":"2026-02-13T05:05:56.051357Z","level":"warning","event":"The `airflow.decorators.dag` attribute is deprecated. Please use `'airflow.sdk.dag'`.","category":"DeprecatedImportWarning","filename":"/opt/airflow/dags/branch_pipeline.py","lineno":1,"logger":"py.warnings"}
{"timestamp":"2026-02-13T05:05:56.051519Z","level":"warning","event":"The `airflow.decorators.task` attribute is deprecated. Please use `'airflow.sdk.task'`.","category":"DeprecatedImportWarning","filename":"/opt/airflow/dags/branch_pipeline.py","lineno":1,"logger":"py.warnings"}
{"timestamp":"2026-02-13T05:05:56.051601Z","level":"warning","event":"The `airflow.operators.python.BranchPythonOperator` attribute is deprecated. Please use `'airflow.providers.standard.operators.python.BranchPythonOperator'`.","category":"DeprecatedImportWarning","filename":"/opt/airflow/dags/branch_pipeline.py","lineno":2,"logger":"py.warnings"}
{"timestamp":"2026-02-13T05:05:56.051681Z","level":"warning","event":"The `airflow.operators.bash.BashOperator` attribute is deprecated. Please use `'airflow.providers.standard.operators.bash.BashOperator'`.","category":"DeprecatedImportWarning","filename":"/opt/airflow/dags/branch_pipeline.py","lineno":3,"logger":"py.warnings"}
{"timestamp":"2026-02-13T05:06:26.503011Z","level":"info","event":"Filling up the DagBag from /opt/airflow/dags/branch_pipeline.py","logger":"airflow.models.dagbag.BundleDagBag","filename":"dagbag.py","lineno":593}
{"timestamp":"2026-02-13T05:06:26.558074Z","level":"warning","event":"The `airflow.decorators.dag` attribute is deprecated. Please use `'airflow.sdk.dag'`.","category":"DeprecatedImportWarning","filename":"/opt/airflow/dags/branch_pipeline.py","lineno":1,"logger":"py.warnings"}
{"timestamp":"2026-02-13T05:06:26.558284Z","level":"warning","event":"The `airflow.decorators.task` attribute is deprecated. Please use `'airflow.sdk.task'`.","category":"DeprecatedImportWarning","filename":"/opt/airflow/dags/branch_pipeline.py","lineno":1,"logger":"py.warnings"}
{"timestamp":"2026-02-13T05:06:26.558344Z","level":"warning","event":"The `airflow.operators.python.BranchPythonOperator` attribute is deprecated. Please use `'airflow.providers.standard.operators.python.BranchPythonOperator'`.","category":"DeprecatedImportWarning","filename":"/opt/airflow/dags/branch_pipeline.py","lineno":2,"logger":"py.warnings"}
{"timestamp":"2026-02-13T05:06:26.558392Z","level":"warning","event":"The `airflow.operators.bash.BashOperator` attribute is deprecated. Please use `'airflow.providers.standard.operators.bash.BashOperator'`.","category":"DeprecatedImportWarning","filename":"/opt/airflow/dags/branch_pipeline.py","lineno":3,"logger":"py.warnings"}
{"timestamp":"2026-02-13T05:06:56.985562Z","level":"info","event":"Filling up the DagBag from /opt/airflow/dags/branch_pipeline.py","logger":"airflow.models.dagbag.BundleDagBag","filename":"dagbag.py","lineno":593}
{"timestamp":"2026-02-13T05:06:57.059397Z","level":"warning","event":"The `airflow.decorators.dag` attribute is deprecated. Please use `'airflow.sdk.dag'`.","category":"DeprecatedImportWarning","filename":"/opt/airflow/dags/branch_pipeline.py","lineno":1,"logger":"py.warnings"}
{"timestamp":"2026-02-13T05:06:57.059660Z","level":"warning","event":"The `airflow.decorators.task` attribute is deprecated. Please use `'airflow.sdk.task'`.","category":"DeprecatedImportWarning","filename":"/opt/airflow/dags/branch_pipeline.py","lineno":1,"logger":"py.warnings"}
{"timestamp":"2026-02-13T05:06:57.059823Z","level":"warning","event":"The `airflow.operators.python.BranchPythonOperator` attribute is deprecated. Please use `'airflow.providers.standard.operators.python.BranchPythonOperator'`.","category":"DeprecatedImportWarning","filename":"/opt/airflow/dags/branch_pipeline.py","lineno":2,"logger":"py.warnings"}
{"timestamp":"2026-02-13T05:06:57.059943Z","level":"warning","event":"The `airflow.operators.bash.BashOperator` attribute is deprecated. Please use `'airflow.providers.standard.operators.bash.BashOperator'`.","category":"DeprecatedImportWarning","filename":"/opt/airflow/dags/branch_pipeline.py","lineno":3,"logger":"py.warnings"}
{"timestamp":"2026-02-13T05:07:27.302014Z","level":"info","event":"Filling up the DagBag from /opt/airflow/dags/branch_pipeline.py","logger":"airflow.models.dagbag.BundleDagBag","filename":"dagbag.py","lineno":593}
{"timestamp":"2026-02-13T05:07:27.353226Z","level":"warning","event":"The `airflow.decorators.dag` attribute is deprecated. Please use `'airflow.sdk.dag'`.","category":"DeprecatedImportWarning","filename":"/opt/airflow/dags/branch_pipeline.py","lineno":1,"logger":"py.warnings"}
{"timestamp":"2026-02-13T05:07:27.353425Z","level":"warning","event":"The `airflow.decorators.task` attribute is deprecated. Please use `'airflow.sdk.task'`.","category":"DeprecatedImportWarning","filename":"/opt/airflow/dags/branch_pipeline.py","lineno":1,"logger":"py.warnings"}
{"timestamp":"2026-02-13T05:07:27.353502Z","level":"warning","event":"The `airflow.operators.python.BranchPythonOperator` attribute is deprecated. Please use `'airflow.providers.standard.operators.python.BranchPythonOperator'`.","category":"DeprecatedImportWarning","filename":"/opt/airflow/dags/branch_pipeline.py","lineno":2,"logger":"py.warnings"}
{"timestamp":"2026-02-13T05:07:27.353559Z","level":"warning","event":"The `airflow.operators.bash.BashOperator` attribute is deprecated. Please use `'airflow.providers.standard.operators.bash.BashOperator'`.","category":"DeprecatedImportWarning","filename":"/opt/airflow/dags/branch_pipeline.py","lineno":3,"logger":"py.warnings"}
{"timestamp":"2026-02-13T05:07:57.600659Z","level":"info","event":"Filling up the DagBag from /opt/airflow/dags/branch_pipeline.py","logger":"airflow.models.dagbag.BundleDagBag","filename":"dagbag.py","lineno":593}
{"timestamp":"2026-02-13T05:07:57.659006Z","level":"warning","event":"The `airflow.decorators.dag` attribute is deprecated. Please use `'airflow.sdk.dag'`.","category":"DeprecatedImportWarning","filename":"/opt/airflow/dags/branch_pipeline.py","lineno":1,"logger":"py.warnings"}
{"timestamp":"2026-02-13T05:07:57.659294Z","level":"warning","event":"The `airflow.decorators.task` attribute is deprecated. Please use `'airflow.sdk.task'`.","category":"DeprecatedImportWarning","filename":"/opt/airflow/dags/branch_pipeline.py","lineno":1,"logger":"py.warnings"}
{"timestamp":"2026-02-13T05:07:57.659464Z","level":"warning","event":"The `airflow.operators.python.BranchPythonOperator` attribute is deprecated. Please use `'airflow.providers.standard.operators.python.BranchPythonOperator'`.","category":"DeprecatedImportWarning","filename":"/opt/airflow/dags/branch_pipeline.py","lineno":2,"logger":"py.warnings"}
{"timestamp":"2026-02-13T05:07:57.659586Z","level":"warning","event":"The `airflow.operators.bash.BashOperator` attribute is deprecated. Please use `'airflow.providers.standard.operators.bash.BashOperator'`.","category":"DeprecatedImportWarning","filename":"/opt/airflow/dags/branch_pipeline.py","lineno":3,"logger":"py.warnings"}
{"timestamp":"2026-02-13T05:08:28.688312Z","level":"info","event":"Filling up the DagBag from /opt/airflow/dags/branch_pipeline.py","logger":"airflow.models.dagbag.BundleDagBag","filename":"dagbag.py","lineno":593}
{"timestamp":"2026-02-13T05:08:28.894763Z","level":"warning","event":"The `airflow.decorators.dag` attribute is deprecated. Please use `'airflow.sdk.dag'`.","category":"DeprecatedImportWarning","filename":"/opt/airflow/dags/branch_pipeline.py","lineno":1,"logger":"py.warnings"}
{"timestamp":"2026-02-13T05:08:28.895416Z","level":"warning","event":"The `airflow.decorators.task` attribute is deprecated. Please use `'airflow.sdk.task'`.","category":"DeprecatedImportWarning","filename":"/opt/airflow/dags/branch_pipeline.py","lineno":1,"logger":"py.warnings"}
{"timestamp":"2026-02-13T05:08:28.895684Z","level":"warning","event":"The `airflow.operators.python.BranchPythonOperator` attribute is deprecated. Please use `'airflow.providers.standard.operators.python.BranchPythonOperator'`.","category":"DeprecatedImportWarning","filename":"/opt/airflow/dags/branch_pipeline.py","lineno":2,"logger":"py.warnings"}
{"timestamp":"2026-02-13T05:08:28.895876Z","level":"warning","event":"The `airflow.operators.bash.BashOperator` attribute is deprecated. Please use `'airflow.providers.standard.operators.bash.BashOperator'`.","category":"DeprecatedImportWarning","filename":"/opt/airflow/dags/branch_pipeline.py","lineno":3,"logger":"py.warnings"}
{"timestamp":"2026-02-13T06:34:08.397544Z","level":"info","event":"Filling up the DagBag from /opt/airflow/dags/branch_pipeline.py","logger":"airflow.models.dagbag.BundleDagBag","filename":"dagbag.py","lineno":593}
{"timestamp":"2026-02-13T06:34:09.246532Z","level":"warning","event":"The `airflow.decorators.dag` attribute is deprecated. Please use `'airflow.sdk.dag'`.","category":"DeprecatedImportWarning","filename":"/opt/airflow/dags/branch_pipeline.py","lineno":1,"logger":"py.warnings"}
{"timestamp":"2026-02-13T06:34:09.248824Z","level":"warning","event":"The `airflow.decorators.task` attribute is deprecated. Please use `'airflow.sdk.task'`.","category":"DeprecatedImportWarning","filename":"/opt/airflow/dags/branch_pipeline.py","lineno":1,"logger":"py.warnings"}
{"timestamp":"2026-02-13T06:34:09.249640Z","level":"warning","event":"The `airflow.operators.python.BranchPythonOperator` attribute is deprecated. Please use `'airflow.providers.standard.operators.python.BranchPythonOperator'`.","category":"DeprecatedImportWarning","filename":"/opt/airflow/dags/branch_pipeline.py","lineno":2,"logger":"py.warnings"}
{"timestamp":"2026-02-13T06:34:09.249936Z","level":"warning","event":"The `airflow.operators.bash.BashOperator` attribute is deprecated. Please use `'airflow.providers.standard.operators.bash.BashOperator'`.","category":"DeprecatedImportWarning","filename":"/opt/airflow/dags/branch_pipeline.py","lineno":3,"logger":"py.warnings"}
{"timestamp":"2026-02-13T06:34:44.523635Z","level":"info","event":"Filling up the DagBag from /opt/airflow/dags/branch_pipeline.py","logger":"airflow.models.dagbag.BundleDagBag","filename":"dagbag.py","lineno":593}
{"timestamp":"2026-02-13T06:34:44.802029Z","level":"warning","event":"The `airflow.decorators.dag` attribute is deprecated. Please use `'airflow.sdk.dag'`.","category":"DeprecatedImportWarning","filename":"/opt/airflow/dags/branch_pipeline.py","lineno":1,"logger":"py.warnings"}
{"timestamp":"2026-02-13T06:34:44.802930Z","level":"warning","event":"The `airflow.decorators.task` attribute is deprecated. Please use `'airflow.sdk.task'`.","category":"DeprecatedImportWarning","filename":"/opt/airflow/dags/branch_pipeline.py","lineno":1,"logger":"py.warnings"}
{"timestamp":"2026-02-13T06:34:44.803248Z","level":"warning","event":"The `airflow.operators.python.BranchPythonOperator` attribute is deprecated. Please use `'airflow.providers.standard.operators.python.BranchPythonOperator'`.","category":"DeprecatedImportWarning","filename":"/opt/airflow/dags/branch_pipeline.py","lineno":2,"logger":"py.warnings"}
{"timestamp":"2026-02-13T06:34:44.803540Z","level":"warning","event":"The `airflow.operators.bash.BashOperator` attribute is deprecated. Please use `'airflow.providers.standard.operators.bash.BashOperator'`.","category":"DeprecatedImportWarning","filename":"/opt/airflow/dags/branch_pipeline.py","lineno":3,"logger":"py.warnings"}
{"timestamp":"2026-02-13T06:35:15.952362Z","level":"info","event":"Filling up the DagBag from /opt/airflow/dags/branch_pipeline.py","logger":"airflow.models.dagbag.BundleDagBag","filename":"dagbag.py","lineno":593}
{"timestamp":"2026-02-13T06:35:16.019985Z","level":"warning","event":"The `airflow.decorators.dag` attribute is deprecated. Please use `'airflow.sdk.dag'`.","category":"DeprecatedImportWarning","filename":"/opt/airflow/dags/branch_pipeline.py","lineno":1,"logger":"py.warnings"}
{"timestamp":"2026-02-13T06:35:16.020247Z","level":"warning","event":"The `airflow.decorators.task` attribute is deprecated. Please use `'airflow.sdk.task'`.","category":"DeprecatedImportWarning","filename":"/opt/airflow/dags/branch_pipeline.py","lineno":1,"logger":"py.warnings"}
{"timestamp":"2026-02-13T06:35:16.020347Z","level":"warning","event":"The `airflow.operators.python.BranchPythonOperator` attribute is deprecated. Please use `'airflow.providers.standard.operators.python.BranchPythonOperator'`.","category":"DeprecatedImportWarning","filename":"/opt/airflow/dags/branch_pipeline.py","lineno":2,"logger":"py.warnings"}
{"timestamp":"2026-02-13T06:35:16.020417Z","level":"warning","event":"The `airflow.operators.bash.BashOperator` attribute is deprecated. Please use `'airflow.providers.standard.operators.bash.BashOperator'`.","category":"DeprecatedImportWarning","filename":"/opt/airflow/dags/branch_pipeline.py","lineno":3,"logger":"py.warnings"}
{"timestamp":"2026-02-13T06:35:46.590100Z","level":"info","event":"Filling up the DagBag from /opt/airflow/dags/branch_pipeline.py","logger":"airflow.models.dagbag.BundleDagBag","filename":"dagbag.py","lineno":593}
{"timestamp":"2026-02-13T06:35:46.685324Z","level":"warning","event":"The `airflow.decorators.dag` attribute is deprecated. Please use `'airflow.sdk.dag'`.","category":"DeprecatedImportWarning","filename":"/opt/airflow/dags/branch_pipeline.py","lineno":1,"logger":"py.warnings"}
{"timestamp":"2026-02-13T06:35:46.686016Z","level":"warning","event":"The `airflow.decorators.task` attribute is deprecated. Please use `'airflow.sdk.task'`.","category":"DeprecatedImportWarning","filename":"/opt/airflow/dags/branch_pipeline.py","lineno":1,"logger":"py.warnings"}
{"timestamp":"2026-02-13T06:35:46.686292Z","level":"warning","event":"The `airflow.operators.python.BranchPythonOperator` attribute is deprecated. Please use `'airflow.providers.standard.operators.python.BranchPythonOperator'`.","category":"DeprecatedImportWarning","filename":"/opt/airflow/dags/branch_pipeline.py","lineno":2,"logger":"py.warnings"}
{"timestamp":"2026-02-13T06:35:46.686449Z","level":"warning","event":"The `airflow.operators.bash.BashOperator` attribute is deprecated. Please use `'airflow.providers.standard.operators.bash.BashOperator'`.","category":"DeprecatedImportWarning","filename":"/opt/airflow/dags/branch_pipeline.py","lineno":3,"logger":"py.warnings"}
{"timestamp":"2026-02-13T06:36:17.577776Z","level":"info","event":"Filling up the DagBag from /opt/airflow/dags/branch_pipeline.py","logger":"airflow.models.dagbag.BundleDagBag","filename":"dagbag.py","lineno":593}
{"timestamp":"2026-02-13T06:36:17.662618Z","level":"warning","event":"The `airflow.decorators.dag` attribute is deprecated. Please use `'airflow.sdk.dag'`.","category":"DeprecatedImportWarning","filename":"/opt/airflow/dags/branch_pipeline.py","lineno":1,"logger":"py.warnings"}
{"timestamp":"2026-02-13T06:36:17.662988Z","level":"warning","event":"The `airflow.decorators.task` attribute is deprecated. Please use `'airflow.sdk.task'`.","category":"DeprecatedImportWarning","filename":"/opt/airflow/dags/branch_pipeline.py","lineno":1,"logger":"py.warnings"}
{"timestamp":"2026-02-13T06:36:17.663117Z","level":"warning","event":"The `airflow.operators.python.BranchPythonOperator` attribute is deprecated. Please use `'airflow.providers.standard.operators.python.BranchPythonOperator'`.","category":"DeprecatedImportWarning","filename":"/opt/airflow/dags/branch_pipeline.py","lineno":2,"logger":"py.warnings"}
{"timestamp":"2026-02-13T06:36:17.663186Z","level":"warning","event":"The `airflow.operators.bash.BashOperator` attribute is deprecated. Please use `'airflow.providers.standard.operators.bash.BashOperator'`.","category":"DeprecatedImportWarning","filename":"/opt/airflow/dags/branch_pipeline.py","lineno":3,"logger":"py.warnings"}
{"timestamp":"2026-02-13T06:36:47.920390Z","level":"info","event":"Filling up the DagBag from /opt/airflow/dags/branch_pipeline.py","logger":"airflow.models.dagbag.BundleDagBag","filename":"dagbag.py","lineno":593}
{"timestamp":"2026-02-13T06:36:48.018347Z","level":"warning","event":"The `airflow.decorators.dag` attribute is deprecated. Please use `'airflow.sdk.dag'`.","category":"DeprecatedImportWarning","filename":"/opt/airflow/dags/branch_pipeline.py","lineno":1,"logger":"py.warnings"}
{"timestamp":"2026-02-13T06:36:48.018741Z","level":"warning","event":"The `airflow.decorators.task` attribute is deprecated. Please use `'airflow.sdk.task'`.","category":"DeprecatedImportWarning","filename":"/opt/airflow/dags/branch_pipeline.py","lineno":1,"logger":"py.warnings"}
{"timestamp":"2026-02-13T06:36:48.018906Z","level":"warning","event":"The `airflow.operators.python.BranchPythonOperator` attribute is deprecated. Please use `'airflow.providers.standard.operators.python.BranchPythonOperator'`.","category":"DeprecatedImportWarning","filename":"/opt/airflow/dags/branch_pipeline.py","lineno":2,"logger":"py.warnings"}
{"timestamp":"2026-02-13T06:36:48.019018Z","level":"warning","event":"The `airflow.operators.bash.BashOperator` attribute is deprecated. Please use `'airflow.providers.standard.operators.bash.BashOperator'`.","category":"DeprecatedImportWarning","filename":"/opt/airflow/dags/branch_pipeline.py","lineno":3,"logger":"py.warnings"}
{"timestamp":"2026-02-13T06:37:18.961659Z","level":"info","event":"Filling up the DagBag from /opt/airflow/dags/branch_pipeline.py","logger":"airflow.models.dagbag.BundleDagBag","filename":"dagbag.py","lineno":593}
{"timestamp":"2026-02-13T06:37:19.096069Z","level":"warning","event":"The `airflow.decorators.dag` attribute is deprecated. Please use `'airflow.sdk.dag'`.","category":"DeprecatedImportWarning","filename":"/opt/airflow/dags/branch_pipeline.py","lineno":1,"logger":"py.warnings"}
{"timestamp":"2026-02-13T06:37:19.096625Z","level":"warning","event":"The `airflow.decorators.task` attribute is deprecated. Please use `'airflow.sdk.task'`.","category":"DeprecatedImportWarning","filename":"/opt/airflow/dags/branch_pipeline.py","lineno":1,"logger":"py.warnings"}
{"timestamp":"2026-02-13T06:37:19.096820Z","level":"warning","event":"The `airflow.operators.python.BranchPythonOperator` attribute is deprecated. Please use `'airflow.providers.standard.operators.python.BranchPythonOperator'`.","category":"DeprecatedImportWarning","filename":"/opt/airflow/dags/branch_pipeline.py","lineno":2,"logger":"py.warnings"}
{"timestamp":"2026-02-13T06:37:19.096962Z","level":"warning","event":"The `airflow.operators.bash.BashOperator` attribute is deprecated. Please use `'airflow.providers.standard.operators.bash.BashOperator'`.","category":"DeprecatedImportWarning","filename":"/opt/airflow/dags/branch_pipeline.py","lineno":3,"logger":"py.warnings"}
{"timestamp":"2026-02-13T06:37:50.158714Z","level":"info","event":"Filling up the DagBag from /opt/airflow/dags/branch_pipeline.py","logger":"airflow.models.dagbag.BundleDagBag","filename":"dagbag.py","lineno":593}
{"timestamp":"2026-02-13T06:37:50.222068Z","level":"warning","event":"The `airflow.decorators.dag` attribute is deprecated. Please use `'airflow.sdk.dag'`.","category":"DeprecatedImportWarning","filename":"/opt/airflow/dags/branch_pipeline.py","lineno":1,"logger":"py.warnings"}
{"timestamp":"2026-02-13T06:37:50.222374Z","level":"warning","event":"The `airflow.decorators.task` attribute is deprecated. Please use `'airflow.sdk.task'`.","category":"DeprecatedImportWarning","filename":"/opt/airflow/dags/branch_pipeline.py","lineno":1,"logger":"py.warnings"}
{"timestamp":"2026-02-13T06:37:50.222518Z","level":"warning","event":"The `airflow.operators.python.BranchPythonOperator` attribute is deprecated. Please use `'airflow.providers.standard.operators.python.BranchPythonOperator'`.","category":"DeprecatedImportWarning","filename":"/opt/airflow/dags/branch_pipeline.py","lineno":2,"logger":"py.warnings"}
{"timestamp":"2026-02-13T06:37:50.222623Z","level":"warning","event":"The `airflow.operators.bash.BashOperator` attribute is deprecated. Please use `'airflow.providers.standard.operators.bash.BashOperator'`.","category":"DeprecatedImportWarning","filename":"/opt/airflow/dags/branch_pipeline.py","lineno":3,"logger":"py.warnings"}
{"timestamp":"2026-02-13T06:38:21.048988Z","level":"info","event":"Filling up the DagBag from /opt/airflow/dags/branch_pipeline.py","logger":"airflow.models.dagbag.BundleDagBag","filename":"dagbag.py","lineno":593}
{"timestamp":"2026-02-13T06:38:21.107780Z","level":"warning","event":"The `airflow.decorators.dag` attribute is deprecated. Please use `'airflow.sdk.dag'`.","category":"DeprecatedImportWarning","filename":"/opt/airflow/dags/branch_pipeline.py","lineno":1,"logger":"py.warnings"}
{"timestamp":"2026-02-13T06:38:21.108035Z","level":"warning","event":"The `airflow.decorators.task` attribute is deprecated. Please use `'airflow.sdk.task'`.","category":"DeprecatedImportWarning","filename":"/opt/airflow/dags/branch_pipeline.py","lineno":1,"logger":"py.warnings"}
{"timestamp":"2026-02-13T06:38:21.108146Z","level":"warning","event":"The `airflow.operators.python.BranchPythonOperator` attribute is deprecated. Please use `'airflow.providers.standard.operators.python.BranchPythonOperator'`.","category":"DeprecatedImportWarning","filename":"/opt/airflow/dags/branch_pipeline.py","lineno":2,"logger":"py.warnings"}
{"timestamp":"2026-02-13T06:38:21.108219Z","level":"warning","event":"The `airflow.operators.bash.BashOperator` attribute is deprecated. Please use `'airflow.providers.standard.operators.bash.BashOperator'`.","category":"DeprecatedImportWarning","filename":"/opt/airflow/dags/branch_pipeline.py","lineno":3,"logger":"py.warnings"}
{"timestamp":"2026-02-13T06:38:52.198275Z","level":"info","event":"Filling up the DagBag from /opt/airflow/dags/branch_pipeline.py","logger":"airflow.models.dagbag.BundleDagBag","filename":"dagbag.py","lineno":593}
{"timestamp":"2026-02-13T06:38:52.267130Z","level":"warning","event":"The `airflow.decorators.dag` attribute is deprecated. Please use `'airflow.sdk.dag'`.","category":"DeprecatedImportWarning","filename":"/opt/airflow/dags/branch_pipeline.py","lineno":1,"logger":"py.warnings"}
{"timestamp":"2026-02-13T06:38:52.267430Z","level":"warning","event":"The `airflow.decorators.task` attribute is deprecated. Please use `'airflow.sdk.task'`.","category":"DeprecatedImportWarning","filename":"/opt/airflow/dags/branch_pipeline.py","lineno":1,"logger":"py.warnings"}
{"timestamp":"2026-02-13T06:38:52.267611Z","level":"warning","event":"The `airflow.operators.python.BranchPythonOperator` attribute is deprecated. Please use `'airflow.providers.standard.operators.python.BranchPythonOperator'`.","category":"DeprecatedImportWarning","filename":"/opt/airflow/dags/branch_pipeline.py","lineno":2,"logger":"py.warnings"}
{"timestamp":"2026-02-13T06:38:52.267755Z","level":"warning","event":"The `airflow.operators.bash.BashOperator` attribute is deprecated. Please use `'airflow.providers.standard.operators.bash.BashOperator'`.","category":"DeprecatedImportWarning","filename":"/opt/airflow/dags/branch_pipeline.py","lineno":3,"logger":"py.warnings"}
{"timestamp":"2026-02-13T06:39:22.612008Z","level":"info","event":"Filling up the DagBag from /opt/airflow/dags/branch_pipeline.py","logger":"airflow.models.dagbag.BundleDagBag","filename":"dagbag.py","lineno":593}
{"timestamp":"2026-02-13T06:39:22.720578Z","level":"warning","event":"The `airflow.decorators.dag` attribute is deprecated. Please use `'airflow.sdk.dag'`.","category":"DeprecatedImportWarning","filename":"/opt/airflow/dags/branch_pipeline.py","lineno":1,"logger":"py.warnings"}
{"timestamp":"2026-02-13T06:39:22.721354Z","level":"warning","event":"The `airflow.decorators.task` attribute is deprecated. Please use `'airflow.sdk.task'`.","category":"DeprecatedImportWarning","filename":"/opt/airflow/dags/branch_pipeline.py","lineno":1,"logger":"py.warnings"}
{"timestamp":"2026-02-13T06:39:22.721575Z","level":"warning","event":"The `airflow.operators.python.BranchPythonOperator` attribute is deprecated. Please use `'airflow.providers.standard.operators.python.BranchPythonOperator'`.","category":"DeprecatedImportWarning","filename":"/opt/airflow/dags/branch_pipeline.py","lineno":2,"logger":"py.warnings"}
{"timestamp":"2026-02-13T06:39:22.721774Z","level":"warning","event":"The `airflow.operators.bash.BashOperator` attribute is deprecated. Please use `'airflow.providers.standard.operators.bash.BashOperator'`.","category":"DeprecatedImportWarning","filename":"/opt/airflow/dags/branch_pipeline.py","lineno":3,"logger":"py.warnings"}
{"timestamp":"2026-02-13T06:39:53.380326Z","level":"info","event":"Filling up the DagBag from /opt/airflow/dags/branch_pipeline.py","logger":"airflow.models.dagbag.BundleDagBag","filename":"dagbag.py","lineno":593}
{"timestamp":"2026-02-13T06:39:53.439844Z","level":"warning","event":"The `airflow.decorators.dag` attribute is deprecated. Please use `'airflow.sdk.dag'`.","category":"DeprecatedImportWarning","filename":"/opt/airflow/dags/branch_pipeline.py","lineno":1,"logger":"py.warnings"}
{"timestamp":"2026-02-13T06:39:53.440120Z","level":"warning","event":"The `airflow.decorators.task` attribute is deprecated. Please use `'airflow.sdk.task'`.","category":"DeprecatedImportWarning","filename":"/opt/airflow/dags/branch_pipeline.py","lineno":1,"logger":"py.warnings"}
{"timestamp":"2026-02-13T06:39:53.440259Z","level":"warning","event":"The `airflow.operators.python.BranchPythonOperator` attribute is deprecated. Please use `'airflow.providers.standard.operators.python.BranchPythonOperator'`.","category":"DeprecatedImportWarning","filename":"/opt/airflow/dags/branch_pipeline.py","lineno":2,"logger":"py.warnings"}
{"timestamp":"2026-02-13T06:39:53.440386Z","level":"warning","event":"The `airflow.operators.bash.BashOperator` attribute is deprecated. Please use `'airflow.providers.standard.operators.bash.BashOperator'`.","category":"DeprecatedImportWarning","filename":"/opt/airflow/dags/branch_pipeline.py","lineno":3,"logger":"py.warnings"}
{"timestamp":"2026-02-13T06:40:23.724007Z","level":"info","event":"Filling up the DagBag from /opt/airflow/dags/branch_pipeline.py","logger":"airflow.models.dagbag.BundleDagBag","filename":"dagbag.py","lineno":593}
{"timestamp":"2026-02-13T06:40:23.781258Z","level":"warning","event":"The `airflow.decorators.dag` attribute is deprecated. Please use `'airflow.sdk.dag'`.","category":"DeprecatedImportWarning","filename":"/opt/airflow/dags/branch_pipeline.py","lineno":1,"logger":"py.warnings"}
{"timestamp":"2026-02-13T06:40:23.781494Z","level":"warning","event":"The `airflow.decorators.task` attribute is deprecated. Please use `'airflow.sdk.task'`.","category":"DeprecatedImportWarning","filename":"/opt/airflow/dags/branch_pipeline.py","lineno":1,"logger":"py.warnings"}
{"timestamp":"2026-02-13T06:40:23.781582Z","level":"warning","event":"The `airflow.operators.python.BranchPythonOperator` attribute is deprecated. Please use `'airflow.providers.standard.operators.python.BranchPythonOperator'`.","category":"DeprecatedImportWarning","filename":"/opt/airflow/dags/branch_pipeline.py","lineno":2,"logger":"py.warnings"}
{"timestamp":"2026-02-13T06:40:23.781656Z","level":"warning","event":"The `airflow.operators.bash.BashOperator` attribute is deprecated. Please use `'airflow.providers.standard.operators.bash.BashOperator'`.","category":"DeprecatedImportWarning","filename":"/opt/airflow/dags/branch_pipeline.py","lineno":3,"logger":"py.warnings"}
{"timestamp":"2026-02-13T06:40:54.511303Z","level":"info","event":"Filling up the DagBag from /opt/airflow/dags/branch_pipeline.py","logger":"airflow.models.dagbag.BundleDagBag","filename":"dagbag.py","lineno":593}
{"timestamp":"2026-02-13T06:40:54.580792Z","level":"warning","event":"The `airflow.decorators.dag` attribute is deprecated. Please use `'airflow.sdk.dag'`.","category":"DeprecatedImportWarning","filename":"/opt/airflow/dags/branch_pipeline.py","lineno":1,"logger":"py.warnings"}
{"timestamp":"2026-02-13T06:40:54.581183Z","level":"warning","event":"The `airflow.decorators.task` attribute is deprecated. Please use `'airflow.sdk.task'`.","category":"DeprecatedImportWarning","filename":"/opt/airflow/dags/branch_pipeline.py","lineno":1,"logger":"py.warnings"}
{"timestamp":"2026-02-13T06:40:54.581395Z","level":"warning","event":"The `airflow.operators.python.BranchPythonOperator` attribute is deprecated. Please use `'airflow.providers.standard.operators.python.BranchPythonOperator'`.","category":"DeprecatedImportWarning","filename":"/opt/airflow/dags/branch_pipeline.py","lineno":2,"logger":"py.warnings"}
{"timestamp":"2026-02-13T06:40:54.581562Z","level":"warning","event":"The `airflow.operators.bash.BashOperator` attribute is deprecated. Please use `'airflow.providers.standard.operators.bash.BashOperator'`.","category":"DeprecatedImportWarning","filename":"/opt/airflow/dags/branch_pipeline.py","lineno":3,"logger":"py.warnings"}
{"timestamp":"2026-02-13T06:41:25.714765Z","level":"info","event":"Filling up the DagBag from /opt/airflow/dags/branch_pipeline.py","logger":"airflow.models.dagbag.BundleDagBag","filename":"dagbag.py","lineno":593}
{"timestamp":"2026-02-13T06:41:25.777234Z","level":"warning","event":"The `airflow.decorators.dag` attribute is deprecated. Please use `'airflow.sdk.dag'`.","category":"DeprecatedImportWarning","filename":"/opt/airflow/dags/branch_pipeline.py","lineno":1,"logger":"py.warnings"}
{"timestamp":"2026-02-13T06:41:25.777548Z","level":"warning","event":"The `airflow.decorators.task` attribute is deprecated. Please use `'airflow.sdk.task'`.","category":"DeprecatedImportWarning","filename":"/opt/airflow/dags/branch_pipeline.py","lineno":1,"logger":"py.warnings"}
{"timestamp":"2026-02-13T06:41:25.777697Z","level":"warning","event":"The `airflow.operators.python.BranchPythonOperator` attribute is deprecated. Please use `'airflow.providers.standard.operators.python.BranchPythonOperator'`.","category":"DeprecatedImportWarning","filename":"/opt/airflow/dags/branch_pipeline.py","lineno":2,"logger":"py.warnings"}
{"timestamp":"2026-02-13T06:41:25.777918Z","level":"warning","event":"The `airflow.operators.bash.BashOperator` attribute is deprecated. Please use `'airflow.providers.standard.operators.bash.BashOperator'`.","category":"DeprecatedImportWarning","filename":"/opt/airflow/dags/branch_pipeline.py","lineno":3,"logger":"py.warnings"}
{"timestamp":"2026-02-13T06:41:56.510349Z","level":"info","event":"Filling up the DagBag from /opt/airflow/dags/branch_pipeline.py","logger":"airflow.models.dagbag.BundleDagBag","filename":"dagbag.py","lineno":593}
{"timestamp":"2026-02-13T06:41:56.620014Z","level":"warning","event":"The `airflow.decorators.dag` attribute is deprecated. Please use `'airflow.sdk.dag'`.","category":"DeprecatedImportWarning","filename":"/opt/airflow/dags/branch_pipeline.py","lineno":1,"logger":"py.warnings"}
{"timestamp":"2026-02-13T06:41:56.620566Z","level":"warning","event":"The `airflow.decorators.task` attribute is deprecated. Please use `'airflow.sdk.task'`.","category":"DeprecatedImportWarning","filename":"/opt/airflow/dags/branch_pipeline.py","lineno":1,"logger":"py.warnings"}
{"timestamp":"2026-02-13T06:41:56.620750Z","level":"warning","event":"The `airflow.operators.python.BranchPythonOperator` attribute is deprecated. Please use `'airflow.providers.standard.operators.python.BranchPythonOperator'`.","category":"DeprecatedImportWarning","filename":"/opt/airflow/dags/branch_pipeline.py","lineno":2,"logger":"py.warnings"}
{"timestamp":"2026-02-13T06:41:56.620972Z","level":"warning","event":"The `airflow.operators.bash.BashOperator` attribute is deprecated. Please use `'airflow.providers.standard.operators.bash.BashOperator'`.","category":"DeprecatedImportWarning","filename":"/opt/airflow/dags/branch_pipeline.py","lineno":3,"logger":"py.warnings"}
{"timestamp":"2026-02-13T06:42:26.919525Z","level":"info","event":"Filling up the DagBag from /opt/airflow/dags/branch_pipeline.py","logger":"airflow.models.dagbag.BundleDagBag","filename":"dagbag.py","lineno":593}
{"timestamp":"2026-02-13T06:42:27.012357Z","level":"warning","event":"The `airflow.decorators.dag` attribute is deprecated. Please use `'airflow.sdk.dag'`.","category":"DeprecatedImportWarning","filename":"/opt/airflow/dags/branch_pipeline.py","lineno":1,"logger":"py.warnings"}
{"timestamp":"2026-02-13T06:42:27.012751Z","level":"warning","event":"The `airflow.decorators.task` attribute is deprecated. Please use `'airflow.sdk.task'`.","category":"DeprecatedImportWarning","filename":"/opt/airflow/dags/branch_pipeline.py","lineno":1,"logger":"py.warnings"}
{"timestamp":"2026-02-13T06:42:27.012931Z","level":"warning","event":"The `airflow.operators.python.BranchPythonOperator` attribute is deprecated. Please use `'airflow.providers.standard.operators.python.BranchPythonOperator'`.","category":"DeprecatedImportWarning","filename":"/opt/airflow/dags/branch_pipeline.py","lineno":2,"logger":"py.warnings"}
{"timestamp":"2026-02-13T06:42:27.013151Z","level":"warning","event":"The `airflow.operators.bash.BashOperator` attribute is deprecated. Please use `'airflow.providers.standard.operators.bash.BashOperator'`.","category":"DeprecatedImportWarning","filename":"/opt/airflow/dags/branch_pipeline.py","lineno":3,"logger":"py.warnings"}
{"timestamp":"2026-02-13T06:42:57.263550Z","level":"info","event":"Filling up the DagBag from /opt/airflow/dags/branch_pipeline.py","logger":"airflow.models.dagbag.BundleDagBag","filename":"dagbag.py","lineno":593}
{"timestamp":"2026-02-13T06:42:57.368719Z","level":"warning","event":"The `airflow.decorators.dag` attribute is deprecated. Please use `'airflow.sdk.dag'`.","category":"DeprecatedImportWarning","filename":"/opt/airflow/dags/branch_pipeline.py","lineno":1,"logger":"py.warnings"}
{"timestamp":"2026-02-13T06:42:57.369076Z","level":"warning","event":"The `airflow.decorators.task` attribute is deprecated. Please use `'airflow.sdk.task'`.","category":"DeprecatedImportWarning","filename":"/opt/airflow/dags/branch_pipeline.py","lineno":1,"logger":"py.warnings"}
{"timestamp":"2026-02-13T06:42:57.369363Z","level":"warning","event":"The `airflow.operators.python.BranchPythonOperator` attribute is deprecated. Please use `'airflow.providers.standard.operators.python.BranchPythonOperator'`.","category":"DeprecatedImportWarning","filename":"/opt/airflow/dags/branch_pipeline.py","lineno":2,"logger":"py.warnings"}
{"timestamp":"2026-02-13T06:42:57.369575Z","level":"warning","event":"The `airflow.operators.bash.BashOperator` attribute is deprecated. Please use `'airflow.providers.standard.operators.bash.BashOperator'`.","category":"DeprecatedImportWarning","filename":"/opt/airflow/dags/branch_pipeline.py","lineno":3,"logger":"py.warnings"}
{"timestamp":"2026-02-13T06:43:27.688441Z","level":"info","event":"Filling up the DagBag from /opt/airflow/dags/branch_pipeline.py","logger":"airflow.models.dagbag.BundleDagBag","filename":"dagbag.py","lineno":593}
{"timestamp":"2026-02-13T06:43:27.766099Z","level":"warning","event":"The `airflow.decorators.dag` attribute is deprecated. Please use `'airflow.sdk.dag'`.","category":"DeprecatedImportWarning","filename":"/opt/airflow/dags/branch_pipeline.py","lineno":1,"logger":"py.warnings"}
{"timestamp":"2026-02-13T06:43:27.766476Z","level":"warning","event":"The `airflow.decorators.task` attribute is deprecated. Please use `'airflow.sdk.task'`.","category":"DeprecatedImportWarning","filename":"/opt/airflow/dags/branch_pipeline.py","lineno":1,"logger":"py.warnings"}
{"timestamp":"2026-02-13T06:43:27.766649Z","level":"warning","event":"The `airflow.operators.python.BranchPythonOperator` attribute is deprecated. Please use `'airflow.providers.standard.operators.python.BranchPythonOperator'`.","category":"DeprecatedImportWarning","filename":"/opt/airflow/dags/branch_pipeline.py","lineno":2,"logger":"py.warnings"}
{"timestamp":"2026-02-13T06:43:27.766792Z","level":"warning","event":"The `airflow.operators.bash.BashOperator` attribute is deprecated. Please use `'airflow.providers.standard.operators.bash.BashOperator'`.","category":"DeprecatedImportWarning","filename":"/opt/airflow/dags/branch_pipeline.py","lineno":3,"logger":"py.warnings"}
{"timestamp":"2026-02-13T06:43:58.001437Z","level":"info","event":"Filling up the DagBag from /opt/airflow/dags/branch_pipeline.py","logger":"airflow.models.dagbag.BundleDagBag","filename":"dagbag.py","lineno":593}
{"timestamp":"2026-02-13T06:43:58.085647Z","level":"warning","event":"The `airflow.decorators.dag` attribute is deprecated. Please use `'airflow.sdk.dag'`.","category":"DeprecatedImportWarning","filename":"/opt/airflow/dags/branch_pipeline.py","lineno":1,"logger":"py.warnings"}
{"timestamp":"2026-02-13T06:43:58.085936Z","level":"warning","event":"The `airflow.decorators.task` attribute is deprecated. Please use `'airflow.sdk.task'`.","category":"DeprecatedImportWarning","filename":"/opt/airflow/dags/branch_pipeline.py","lineno":1,"logger":"py.warnings"}
{"timestamp":"2026-02-13T06:43:58.086167Z","level":"warning","event":"The `airflow.operators.python.BranchPythonOperator` attribute is deprecated. Please use `'airflow.providers.standard.operators.python.BranchPythonOperator'`.","category":"DeprecatedImportWarning","filename":"/opt/airflow/dags/branch_pipeline.py","lineno":2,"logger":"py.warnings"}
{"timestamp":"2026-02-13T06:43:58.086321Z","level":"warning","event":"The `airflow.operators.bash.BashOperator` attribute is deprecated. Please use `'airflow.providers.standard.operators.bash.BashOperator'`.","category":"DeprecatedImportWarning","filename":"/opt/airflow/dags/branch_pipeline.py","lineno":3,"logger":"py.warnings"}
{"timestamp":"2026-02-13T06:44:28.381420Z","level":"info","event":"Filling up the DagBag from /opt/airflow/dags/branch_pipeline.py","logger":"airflow.models.dagbag.BundleDagBag","filename":"dagbag.py","lineno":593}
{"timestamp":"2026-02-13T06:44:28.459499Z","level":"warning","event":"The `airflow.decorators.dag` attribute is deprecated. Please use `'airflow.sdk.dag'`.","category":"DeprecatedImportWarning","filename":"/opt/airflow/dags/branch_pipeline.py","lineno":1,"logger":"py.warnings"}
{"timestamp":"2026-02-13T06:44:28.459850Z","level":"warning","event":"The `airflow.decorators.task` attribute is deprecated. Please use `'airflow.sdk.task'`.","category":"DeprecatedImportWarning","filename":"/opt/airflow/dags/branch_pipeline.py","lineno":1,"logger":"py.warnings"}
{"timestamp":"2026-02-13T06:44:28.459996Z","level":"warning","event":"The `airflow.operators.python.BranchPythonOperator` attribute is deprecated. Please use `'airflow.providers.standard.operators.python.BranchPythonOperator'`.","category":"DeprecatedImportWarning","filename":"/opt/airflow/dags/branch_pipeline.py","lineno":2,"logger":"py.warnings"}
{"timestamp":"2026-02-13T06:44:28.460140Z","level":"warning","event":"The `airflow.operators.bash.BashOperator` attribute is deprecated. Please use `'airflow.providers.standard.operators.bash.BashOperator'`.","category":"DeprecatedImportWarning","filename":"/opt/airflow/dags/branch_pipeline.py","lineno":3,"logger":"py.warnings"}
{"timestamp":"2026-02-13T06:44:59.388249Z","level":"info","event":"Filling up the DagBag from /opt/airflow/dags/branch_pipeline.py","logger":"airflow.models.dagbag.BundleDagBag","filename":"dagbag.py","lineno":593}
{"timestamp":"2026-02-13T06:44:59.460393Z","level":"warning","event":"The `airflow.decorators.dag` attribute is deprecated. Please use `'airflow.sdk.dag'`.","category":"DeprecatedImportWarning","filename":"/opt/airflow/dags/branch_pipeline.py","lineno":1,"logger":"py.warnings"}
{"timestamp":"2026-02-13T06:44:59.460719Z","level":"warning","event":"The `airflow.decorators.task` attribute is deprecated. Please use `'airflow.sdk.task'`.","category":"DeprecatedImportWarning","filename":"/opt/airflow/dags/branch_pipeline.py","lineno":1,"logger":"py.warnings"}
{"timestamp":"2026-02-13T06:44:59.460848Z","level":"warning","event":"The `airflow.operators.python.BranchPythonOperator` attribute is deprecated. Please use `'airflow.providers.standard.operators.python.BranchPythonOperator'`.","category":"DeprecatedImportWarning","filename":"/opt/airflow/dags/branch_pipeline.py","lineno":2,"logger":"py.warnings"}
{"timestamp":"2026-02-13T06:44:59.461177Z","level":"warning","event":"The `airflow.operators.bash.BashOperator` attribute is deprecated. Please use `'airflow.providers.standard.operators.bash.BashOperator'`.","category":"DeprecatedImportWarning","filename":"/opt/airflow/dags/branch_pipeline.py","lineno":3,"logger":"py.warnings"}
{"timestamp":"2026-02-13T06:45:30.326723Z","level":"info","event":"Filling up the DagBag from /opt/airflow/dags/branch_pipeline.py","logger":"airflow.models.dagbag.BundleDagBag","filename":"dagbag.py","lineno":593}
{"timestamp":"2026-02-13T06:45:30.414694Z","level":"warning","event":"The `airflow.decorators.dag` attribute is deprecated. Please use `'airflow.sdk.dag'`.","category":"DeprecatedImportWarning","filename":"/opt/airflow/dags/branch_pipeline.py","lineno":1,"logger":"py.warnings"}
{"timestamp":"2026-02-13T06:45:30.414960Z","level":"warning","event":"The `airflow.decorators.task` attribute is deprecated. Please use `'airflow.sdk.task'`.","category":"DeprecatedImportWarning","filename":"/opt/airflow/dags/branch_pipeline.py","lineno":1,"logger":"py.warnings"}
{"timestamp":"2026-02-13T06:45:30.415056Z","level":"warning","event":"The `airflow.operators.python.BranchPythonOperator` attribute is deprecated. Please use `'airflow.providers.standard.operators.python.BranchPythonOperator'`.","category":"DeprecatedImportWarning","filename":"/opt/airflow/dags/branch_pipeline.py","lineno":2,"logger":"py.warnings"}
{"timestamp":"2026-02-13T06:45:30.415136Z","level":"warning","event":"The `airflow.operators.bash.BashOperator` attribute is deprecated. Please use `'airflow.providers.standard.operators.bash.BashOperator'`.","category":"DeprecatedImportWarning","filename":"/opt/airflow/dags/branch_pipeline.py","lineno":3,"logger":"py.warnings"}
{"timestamp":"2026-02-13T06:46:01.047797Z","level":"info","event":"Filling up the DagBag from /opt/airflow/dags/branch_pipeline.py","logger":"airflow.models.dagbag.BundleDagBag","filename":"dagbag.py","lineno":593}
{"timestamp":"2026-02-13T06:46:01.118394Z","level":"warning","event":"The `airflow.decorators.dag` attribute is deprecated. Please use `'airflow.sdk.dag'`.","category":"DeprecatedImportWarning","filename":"/opt/airflow/dags/branch_pipeline.py","lineno":1,"logger":"py.warnings"}
{"timestamp":"2026-02-13T06:46:01.118698Z","level":"warning","event":"The `airflow.decorators.task` attribute is deprecated. Please use `'airflow.sdk.task'`.","category":"DeprecatedImportWarning","filename":"/opt/airflow/dags/branch_pipeline.py","lineno":1,"logger":"py.warnings"}
{"timestamp":"2026-02-13T06:46:01.118826Z","level":"warning","event":"The `airflow.operators.python.BranchPythonOperator` attribute is deprecated. Please use `'airflow.providers.standard.operators.python.BranchPythonOperator'`.","category":"DeprecatedImportWarning","filename":"/opt/airflow/dags/branch_pipeline.py","lineno":2,"logger":"py.warnings"}
{"timestamp":"2026-02-13T06:46:01.118915Z","level":"warning","event":"The `airflow.operators.bash.BashOperator` attribute is deprecated. Please use `'airflow.providers.standard.operators.bash.BashOperator'`.","category":"DeprecatedImportWarning","filename":"/opt/airflow/dags/branch_pipeline.py","lineno":3,"logger":"py.warnings"}
{"timestamp":"2026-02-13T06:46:31.949258Z","level":"info","event":"Filling up the DagBag from /opt/airflow/dags/branch_pipeline.py","logger":"airflow.models.dagbag.BundleDagBag","filename":"dagbag.py","lineno":593}
{"timestamp":"2026-02-13T06:46:32.050001Z","level":"warning","event":"The `airflow.decorators.dag` attribute is deprecated. Please use `'airflow.sdk.dag'`.","category":"DeprecatedImportWarning","filename":"/opt/airflow/dags/branch_pipeline.py","lineno":1,"logger":"py.warnings"}
{"timestamp":"2026-02-13T06:46:32.050383Z","level":"warning","event":"The `airflow.decorators.task` attribute is deprecated. Please use `'airflow.sdk.task'`.","category":"DeprecatedImportWarning","filename":"/opt/airflow/dags/branch_pipeline.py","lineno":1,"logger":"py.warnings"}
{"timestamp":"2026-02-13T06:46:32.050550Z","level":"warning","event":"The `airflow.operators.python.BranchPythonOperator` attribute is deprecated. Please use `'airflow.providers.standard.operators.python.BranchPythonOperator'`.","category":"DeprecatedImportWarning","filename":"/opt/airflow/dags/branch_pipeline.py","lineno":2,"logger":"py.warnings"}
{"timestamp":"2026-02-13T06:46:32.050893Z","level":"warning","event":"The `airflow.operators.bash.BashOperator` attribute is deprecated. Please use `'airflow.providers.standard.operators.bash.BashOperator'`.","category":"DeprecatedImportWarning","filename":"/opt/airflow/dags/branch_pipeline.py","lineno":3,"logger":"py.warnings"}
{"timestamp":"2026-02-13T06:47:02.987176Z","level":"info","event":"Filling up the DagBag from /opt/airflow/dags/branch_pipeline.py","logger":"airflow.models.dagbag.BundleDagBag","filename":"dagbag.py","lineno":593}
{"timestamp":"2026-02-13T06:47:03.062339Z","level":"warning","event":"The `airflow.decorators.dag` attribute is deprecated. Please use `'airflow.sdk.dag'`.","category":"DeprecatedImportWarning","filename":"/opt/airflow/dags/branch_pipeline.py","lineno":1,"logger":"py.warnings"}
{"timestamp":"2026-02-13T06:47:03.062830Z","level":"warning","event":"The `airflow.decorators.task` attribute is deprecated. Please use `'airflow.sdk.task'`.","category":"DeprecatedImportWarning","filename":"/opt/airflow/dags/branch_pipeline.py","lineno":1,"logger":"py.warnings"}
{"timestamp":"2026-02-13T06:47:03.062954Z","level":"warning","event":"The `airflow.operators.python.BranchPythonOperator` attribute is deprecated. Please use `'airflow.providers.standard.operators.python.BranchPythonOperator'`.","category":"DeprecatedImportWarning","filename":"/opt/airflow/dags/branch_pipeline.py","lineno":2,"logger":"py.warnings"}
{"timestamp":"2026-02-13T06:47:03.063041Z","level":"warning","event":"The `airflow.operators.bash.BashOperator` attribute is deprecated. Please use `'airflow.providers.standard.operators.bash.BashOperator'`.","category":"DeprecatedImportWarning","filename":"/opt/airflow/dags/branch_pipeline.py","lineno":3,"logger":"py.warnings"}
{"timestamp":"2026-02-13T06:47:34.041559Z","level":"info","event":"Filling up the DagBag from /opt/airflow/dags/branch_pipeline.py","logger":"airflow.models.dagbag.BundleDagBag","filename":"dagbag.py","lineno":593}
{"timestamp":"2026-02-13T06:47:34.141820Z","level":"warning","event":"The `airflow.decorators.dag` attribute is deprecated. Please use `'airflow.sdk.dag'`.","category":"DeprecatedImportWarning","filename":"/opt/airflow/dags/branch_pipeline.py","lineno":1,"logger":"py.warnings"}
{"timestamp":"2026-02-13T06:47:34.142151Z","level":"warning","event":"The `airflow.decorators.task` attribute is deprecated. Please use `'airflow.sdk.task'`.","category":"DeprecatedImportWarning","filename":"/opt/airflow/dags/branch_pipeline.py","lineno":1,"logger":"py.warnings"}
{"timestamp":"2026-02-13T06:47:34.142331Z","level":"warning","event":"The `airflow.operators.python.BranchPythonOperator` attribute is deprecated. Please use `'airflow.providers.standard.operators.python.BranchPythonOperator'`.","category":"DeprecatedImportWarning","filename":"/opt/airflow/dags/branch_pipeline.py","lineno":2,"logger":"py.warnings"}
{"timestamp":"2026-02-13T06:47:34.142853Z","level":"warning","event":"The `airflow.operators.bash.BashOperator` attribute is deprecated. Please use `'airflow.providers.standard.operators.bash.BashOperator'`.","category":"DeprecatedImportWarning","filename":"/opt/airflow/dags/branch_pipeline.py","lineno":3,"logger":"py.warnings"}
{"timestamp":"2026-02-13T06:48:05.107585Z","level":"info","event":"Filling up the DagBag from /opt/airflow/dags/branch_pipeline.py","logger":"airflow.models.dagbag.BundleDagBag","filename":"dagbag.py","lineno":593}
{"timestamp":"2026-02-13T06:48:05.161902Z","level":"warning","event":"The `airflow.decorators.dag` attribute is deprecated. Please use `'airflow.sdk.dag'`.","category":"DeprecatedImportWarning","filename":"/opt/airflow/dags/branch_pipeline.py","lineno":1,"logger":"py.warnings"}
{"timestamp":"2026-02-13T06:48:05.162376Z","level":"warning","event":"The `airflow.decorators.task` attribute is deprecated. Please use `'airflow.sdk.task'`.","category":"DeprecatedImportWarning","filename":"/opt/airflow/dags/branch_pipeline.py","lineno":1,"logger":"py.warnings"}
{"timestamp":"2026-02-13T06:48:05.162560Z","level":"warning","event":"The `airflow.operators.python.BranchPythonOperator` attribute is deprecated. Please use `'airflow.providers.standard.operators.python.BranchPythonOperator'`.","category":"DeprecatedImportWarning","filename":"/opt/airflow/dags/branch_pipeline.py","lineno":2,"logger":"py.warnings"}
{"timestamp":"2026-02-13T06:48:05.162752Z","level":"warning","event":"The `airflow.operators.bash.BashOperator` attribute is deprecated. Please use `'airflow.providers.standard.operators.bash.BashOperator'`.","category":"DeprecatedImportWarning","filename":"/opt/airflow/dags/branch_pipeline.py","lineno":3,"logger":"py.warnings"}
{"timestamp":"2026-02-13T06:48:35.455702Z","level":"info","event":"Filling up the DagBag from /opt/airflow/dags/branch_pipeline.py","logger":"airflow.models.dagbag.BundleDagBag","filename":"dagbag.py","lineno":593}
{"timestamp":"2026-02-13T06:48:35.555544Z","level":"warning","event":"The `airflow.decorators.dag` attribute is deprecated. Please use `'airflow.sdk.dag'`.","category":"DeprecatedImportWarning","filename":"/opt/airflow/dags/branch_pipeline.py","lineno":1,"logger":"py.warnings"}
{"timestamp":"2026-02-13T06:48:35.555798Z","level":"warning","event":"The `airflow.decorators.task` attribute is deprecated. Please use `'airflow.sdk.task'`.","category":"DeprecatedImportWarning","filename":"/opt/airflow/dags/branch_pipeline.py","lineno":1,"logger":"py.warnings"}
{"timestamp":"2026-02-13T06:48:35.555918Z","level":"warning","event":"The `airflow.operators.python.BranchPythonOperator` attribute is deprecated. Please use `'airflow.providers.standard.operators.python.BranchPythonOperator'`.","category":"DeprecatedImportWarning","filename":"/opt/airflow/dags/branch_pipeline.py","lineno":2,"logger":"py.warnings"}
{"timestamp":"2026-02-13T06:48:35.556011Z","level":"warning","event":"The `airflow.operators.bash.BashOperator` attribute is deprecated. Please use `'airflow.providers.standard.operators.bash.BashOperator'`.","category":"DeprecatedImportWarning","filename":"/opt/airflow/dags/branch_pipeline.py","lineno":3,"logger":"py.warnings"}
{"timestamp":"2026-02-13T06:49:06.361898Z","level":"info","event":"Filling up the DagBag from /opt/airflow/dags/branch_pipeline.py","logger":"airflow.models.dagbag.BundleDagBag","filename":"dagbag.py","lineno":593}
{"timestamp":"2026-02-13T06:49:06.422963Z","level":"warning","event":"The `airflow.decorators.dag` attribute is deprecated. Please use `'airflow.sdk.dag'`.","category":"DeprecatedImportWarning","filename":"/opt/airflow/dags/branch_pipeline.py","lineno":1,"logger":"py.warnings"}
{"timestamp":"2026-02-13T06:49:06.424490Z","level":"warning","event":"The `airflow.decorators.task` attribute is deprecated. Please use `'airflow.sdk.task'`.","category":"DeprecatedImportWarning","filename":"/opt/airflow/dags/branch_pipeline.py","lineno":1,"logger":"py.warnings"}
{"timestamp":"2026-02-13T06:49:06.424663Z","level":"warning","event":"The `airflow.operators.python.BranchPythonOperator` attribute is deprecated. Please use `'airflow.providers.standard.operators.python.BranchPythonOperator'`.","category":"DeprecatedImportWarning","filename":"/opt/airflow/dags/branch_pipeline.py","lineno":2,"logger":"py.warnings"}
{"timestamp":"2026-02-13T06:49:06.424887Z","level":"warning","event":"The `airflow.operators.bash.BashOperator` attribute is deprecated. Please use `'airflow.providers.standard.operators.bash.BashOperator'`.","category":"DeprecatedImportWarning","filename":"/opt/airflow/dags/branch_pipeline.py","lineno":3,"logger":"py.warnings"}
{"timestamp":"2026-02-13T06:49:36.790714Z","level":"info","event":"Filling up the DagBag from /opt/airflow/dags/branch_pipeline.py","logger":"airflow.models.dagbag.BundleDagBag","filename":"dagbag.py","lineno":593}
{"timestamp":"2026-02-13T06:49:36.856655Z","level":"warning","event":"The `airflow.decorators.dag` attribute is deprecated. Please use `'airflow.sdk.dag'`.","category":"DeprecatedImportWarning","filename":"/opt/airflow/dags/branch_pipeline.py","lineno":1,"logger":"py.warnings"}
{"timestamp":"2026-02-13T06:49:36.856948Z","level":"warning","event":"The `airflow.decorators.task` attribute is deprecated. Please use `'airflow.sdk.task'`.","category":"DeprecatedImportWarning","filename":"/opt/airflow/dags/branch_pipeline.py","lineno":1,"logger":"py.warnings"}
{"timestamp":"2026-02-13T06:49:36.857097Z","level":"warning","event":"The `airflow.operators.python.BranchPythonOperator` attribute is deprecated. Please use `'airflow.providers.standard.operators.python.BranchPythonOperator'`.","category":"DeprecatedImportWarning","filename":"/opt/airflow/dags/branch_pipeline.py","lineno":2,"logger":"py.warnings"}
{"timestamp":"2026-02-13T06:49:36.857224Z","level":"warning","event":"The `airflow.operators.bash.BashOperator` attribute is deprecated. Please use `'airflow.providers.standard.operators.bash.BashOperator'`.","category":"DeprecatedImportWarning","filename":"/opt/airflow/dags/branch_pipeline.py","lineno":3,"logger":"py.warnings"}
{"timestamp":"2026-02-13T06:50:07.655842Z","level":"info","event":"Filling up the DagBag from /opt/airflow/dags/branch_pipeline.py","logger":"airflow.models.dagbag.BundleDagBag","filename":"dagbag.py","lineno":593}
{"timestamp":"2026-02-13T06:50:07.713035Z","level":"warning","event":"The `airflow.decorators.dag` attribute is deprecated. Please use `'airflow.sdk.dag'`.","category":"DeprecatedImportWarning","filename":"/opt/airflow/dags/branch_pipeline.py","lineno":1,"logger":"py.warnings"}
{"timestamp":"2026-02-13T06:50:07.713439Z","level":"warning","event":"The `airflow.decorators.task` attribute is deprecated. Please use `'airflow.sdk.task'`.","category":"DeprecatedImportWarning","filename":"/opt/airflow/dags/branch_pipeline.py","lineno":1,"logger":"py.warnings"}
{"timestamp":"2026-02-13T06:50:07.713596Z","level":"warning","event":"The `airflow.operators.python.BranchPythonOperator` attribute is deprecated. Please use `'airflow.providers.standard.operators.python.BranchPythonOperator'`.","category":"DeprecatedImportWarning","filename":"/opt/airflow/dags/branch_pipeline.py","lineno":2,"logger":"py.warnings"}
{"timestamp":"2026-02-13T06:50:07.713778Z","level":"warning","event":"The `airflow.operators.bash.BashOperator` attribute is deprecated. Please use `'airflow.providers.standard.operators.bash.BashOperator'`.","category":"DeprecatedImportWarning","filename":"/opt/airflow/dags/branch_pipeline.py","lineno":3,"logger":"py.warnings"}
{"timestamp":"2026-02-13T06:50:38.205083Z","level":"info","event":"Filling up the DagBag from /opt/airflow/dags/branch_pipeline.py","logger":"airflow.models.dagbag.BundleDagBag","filename":"dagbag.py","lineno":593}
{"timestamp":"2026-02-13T06:50:38.257339Z","level":"warning","event":"The `airflow.decorators.dag` attribute is deprecated. Please use `'airflow.sdk.dag'`.","category":"DeprecatedImportWarning","filename":"/opt/airflow/dags/branch_pipeline.py","lineno":1,"logger":"py.warnings"}
{"timestamp":"2026-02-13T06:50:38.257747Z","level":"warning","event":"The `airflow.decorators.task` attribute is deprecated. Please use `'airflow.sdk.task'`.","category":"DeprecatedImportWarning","filename":"/opt/airflow/dags/branch_pipeline.py","lineno":1,"logger":"py.warnings"}
{"timestamp":"2026-02-13T06:50:38.257912Z","level":"warning","event":"The `airflow.operators.python.BranchPythonOperator` attribute is deprecated. Please use `'airflow.providers.standard.operators.python.BranchPythonOperator'`.","category":"DeprecatedImportWarning","filename":"/opt/airflow/dags/branch_pipeline.py","lineno":2,"logger":"py.warnings"}
{"timestamp":"2026-02-13T06:50:38.258048Z","level":"warning","event":"The `airflow.operators.bash.BashOperator` attribute is deprecated. Please use `'airflow.providers.standard.operators.bash.BashOperator'`.","category":"DeprecatedImportWarning","filename":"/opt/airflow/dags/branch_pipeline.py","lineno":3,"logger":"py.warnings"}
{"timestamp":"2026-02-13T06:51:08.920000Z","level":"info","event":"Filling up the DagBag from /opt/airflow/dags/branch_pipeline.py","logger":"airflow.models.dagbag.BundleDagBag","filename":"dagbag.py","lineno":593}
{"timestamp":"2026-02-13T06:51:09.003380Z","level":"warning","event":"The `airflow.decorators.dag` attribute is deprecated. Please use `'airflow.sdk.dag'`.","category":"DeprecatedImportWarning","filename":"/opt/airflow/dags/branch_pipeline.py","lineno":1,"logger":"py.warnings"}
{"timestamp":"2026-02-13T06:51:09.003677Z","level":"warning","event":"The `airflow.decorators.task` attribute is deprecated. Please use `'airflow.sdk.task'`.","category":"DeprecatedImportWarning","filename":"/opt/airflow/dags/branch_pipeline.py","lineno":1,"logger":"py.warnings"}
{"timestamp":"2026-02-13T06:51:09.003818Z","level":"warning","event":"The `airflow.operators.python.BranchPythonOperator` attribute is deprecated. Please use `'airflow.providers.standard.operators.python.BranchPythonOperator'`.","category":"DeprecatedImportWarning","filename":"/opt/airflow/dags/branch_pipeline.py","lineno":2,"logger":"py.warnings"}
{"timestamp":"2026-02-13T06:51:09.004004Z","level":"warning","event":"The `airflow.operators.bash.BashOperator` attribute is deprecated. Please use `'airflow.providers.standard.operators.bash.BashOperator'`.","category":"DeprecatedImportWarning","filename":"/opt/airflow/dags/branch_pipeline.py","lineno":3,"logger":"py.warnings"}
{"timestamp":"2026-02-13T06:51:39.777077Z","level":"info","event":"Filling up the DagBag from /opt/airflow/dags/branch_pipeline.py","logger":"airflow.models.dagbag.BundleDagBag","filename":"dagbag.py","lineno":593}
{"timestamp":"2026-02-13T06:51:39.877156Z","level":"warning","event":"The `airflow.decorators.dag` attribute is deprecated. Please use `'airflow.sdk.dag'`.","category":"DeprecatedImportWarning","filename":"/opt/airflow/dags/branch_pipeline.py","lineno":1,"logger":"py.warnings"}
{"timestamp":"2026-02-13T06:51:39.877495Z","level":"warning","event":"The `airflow.decorators.task` attribute is deprecated. Please use `'airflow.sdk.task'`.","category":"DeprecatedImportWarning","filename":"/opt/airflow/dags/branch_pipeline.py","lineno":1,"logger":"py.warnings"}
{"timestamp":"2026-02-13T06:51:39.877636Z","level":"warning","event":"The `airflow.operators.python.BranchPythonOperator` attribute is deprecated. Please use `'airflow.providers.standard.operators.python.BranchPythonOperator'`.","category":"DeprecatedImportWarning","filename":"/opt/airflow/dags/branch_pipeline.py","lineno":2,"logger":"py.warnings"}
{"timestamp":"2026-02-13T06:51:39.877727Z","level":"warning","event":"The `airflow.operators.bash.BashOperator` attribute is deprecated. Please use `'airflow.providers.standard.operators.bash.BashOperator'`.","category":"DeprecatedImportWarning","filename":"/opt/airflow/dags/branch_pipeline.py","lineno":3,"logger":"py.warnings"}
{"timestamp":"2026-02-13T06:52:11.004921Z","level":"info","event":"Filling up the DagBag from /opt/airflow/dags/branch_pipeline.py","logger":"airflow.models.dagbag.BundleDagBag","filename":"dagbag.py","lineno":593}
{"timestamp":"2026-02-13T06:52:11.094780Z","level":"warning","event":"The `airflow.decorators.dag` attribute is deprecated. Please use `'airflow.sdk.dag'`.","category":"DeprecatedImportWarning","filename":"/opt/airflow/dags/branch_pipeline.py","lineno":1,"logger":"py.warnings"}
{"timestamp":"2026-02-13T06:52:11.095145Z","level":"warning","event":"The `airflow.decorators.task` attribute is deprecated. Please use `'airflow.sdk.task'`.","category":"DeprecatedImportWarning","filename":"/opt/airflow/dags/branch_pipeline.py","lineno":1,"logger":"py.warnings"}
{"timestamp":"2026-02-13T06:52:11.095314Z","level":"warning","event":"The `airflow.operators.python.BranchPythonOperator` attribute is deprecated. Please use `'airflow.providers.standard.operators.python.BranchPythonOperator'`.","category":"DeprecatedImportWarning","filename":"/opt/airflow/dags/branch_pipeline.py","lineno":2,"logger":"py.warnings"}
{"timestamp":"2026-02-13T06:52:11.095491Z","level":"warning","event":"The `airflow.operators.bash.BashOperator` attribute is deprecated. Please use `'airflow.providers.standard.operators.bash.BashOperator'`.","category":"DeprecatedImportWarning","filename":"/opt/airflow/dags/branch_pipeline.py","lineno":3,"logger":"py.warnings"}
{"timestamp":"2026-02-13T06:52:41.913275Z","level":"info","event":"Filling up the DagBag from /opt/airflow/dags/branch_pipeline.py","logger":"airflow.models.dagbag.BundleDagBag","filename":"dagbag.py","lineno":593}
{"timestamp":"2026-02-13T06:52:42.011518Z","level":"warning","event":"The `airflow.decorators.dag` attribute is deprecated. Please use `'airflow.sdk.dag'`.","category":"DeprecatedImportWarning","filename":"/opt/airflow/dags/branch_pipeline.py","lineno":1,"logger":"py.warnings"}
{"timestamp":"2026-02-13T06:52:42.011853Z","level":"warning","event":"The `airflow.decorators.task` attribute is deprecated. Please use `'airflow.sdk.task'`.","category":"DeprecatedImportWarning","filename":"/opt/airflow/dags/branch_pipeline.py","lineno":1,"logger":"py.warnings"}
{"timestamp":"2026-02-13T06:52:42.012016Z","level":"warning","event":"The `airflow.operators.python.BranchPythonOperator` attribute is deprecated. Please use `'airflow.providers.standard.operators.python.BranchPythonOperator'`.","category":"DeprecatedImportWarning","filename":"/opt/airflow/dags/branch_pipeline.py","lineno":2,"logger":"py.warnings"}
{"timestamp":"2026-02-13T06:52:42.012378Z","level":"warning","event":"The `airflow.operators.bash.BashOperator` attribute is deprecated. Please use `'airflow.providers.standard.operators.bash.BashOperator'`.","category":"DeprecatedImportWarning","filename":"/opt/airflow/dags/branch_pipeline.py","lineno":3,"logger":"py.warnings"}
{"timestamp":"2026-02-13T06:53:12.875475Z","level":"info","event":"Filling up the DagBag from /opt/airflow/dags/branch_pipeline.py","logger":"airflow.models.dagbag.BundleDagBag","filename":"dagbag.py","lineno":593}
{"timestamp":"2026-02-13T06:53:12.963721Z","level":"warning","event":"The `airflow.decorators.dag` attribute is deprecated. Please use `'airflow.sdk.dag'`.","category":"DeprecatedImportWarning","filename":"/opt/airflow/dags/branch_pipeline.py","lineno":1,"logger":"py.warnings"}
{"timestamp":"2026-02-13T06:53:12.963979Z","level":"warning","event":"The `airflow.decorators.task` attribute is deprecated. Please use `'airflow.sdk.task'`.","category":"DeprecatedImportWarning","filename":"/opt/airflow/dags/branch_pipeline.py","lineno":1,"logger":"py.warnings"}
{"timestamp":"2026-02-13T06:53:12.964090Z","level":"warning","event":"The `airflow.operators.python.BranchPythonOperator` attribute is deprecated. Please use `'airflow.providers.standard.operators.python.BranchPythonOperator'`.","category":"DeprecatedImportWarning","filename":"/opt/airflow/dags/branch_pipeline.py","lineno":2,"logger":"py.warnings"}
{"timestamp":"2026-02-13T06:53:12.964157Z","level":"warning","event":"The `airflow.operators.bash.BashOperator` attribute is deprecated. Please use `'airflow.providers.standard.operators.bash.BashOperator'`.","category":"DeprecatedImportWarning","filename":"/opt/airflow/dags/branch_pipeline.py","lineno":3,"logger":"py.warnings"}
{"timestamp":"2026-02-13T06:53:43.741904Z","level":"info","event":"Filling up the DagBag from /opt/airflow/dags/branch_pipeline.py","logger":"airflow.models.dagbag.BundleDagBag","filename":"dagbag.py","lineno":593}
{"timestamp":"2026-02-13T06:53:43.803623Z","level":"warning","event":"The `airflow.decorators.dag` attribute is deprecated. Please use `'airflow.sdk.dag'`.","category":"DeprecatedImportWarning","filename":"/opt/airflow/dags/branch_pipeline.py","lineno":1,"logger":"py.warnings"}
{"timestamp":"2026-02-13T06:53:43.803918Z","level":"warning","event":"The `airflow.decorators.task` attribute is deprecated. Please use `'airflow.sdk.task'`.","category":"DeprecatedImportWarning","filename":"/opt/airflow/dags/branch_pipeline.py","lineno":1,"logger":"py.warnings"}
{"timestamp":"2026-02-13T06:53:43.804068Z","level":"warning","event":"The `airflow.operators.python.BranchPythonOperator` attribute is deprecated. Please use `'airflow.providers.standard.operators.python.BranchPythonOperator'`.","category":"DeprecatedImportWarning","filename":"/opt/airflow/dags/branch_pipeline.py","lineno":2,"logger":"py.warnings"}
{"timestamp":"2026-02-13T06:53:43.804184Z","level":"warning","event":"The `airflow.operators.bash.BashOperator` attribute is deprecated. Please use `'airflow.providers.standard.operators.bash.BashOperator'`.","category":"DeprecatedImportWarning","filename":"/opt/airflow/dags/branch_pipeline.py","lineno":3,"logger":"py.warnings"}
{"timestamp":"2026-02-13T06:54:14.445136Z","level":"info","event":"Filling up the DagBag from /opt/airflow/dags/branch_pipeline.py","logger":"airflow.models.dagbag.BundleDagBag","filename":"dagbag.py","lineno":593}
{"timestamp":"2026-02-13T06:54:14.529417Z","level":"warning","event":"The `airflow.decorators.dag` attribute is deprecated. Please use `'airflow.sdk.dag'`.","category":"DeprecatedImportWarning","filename":"/opt/airflow/dags/branch_pipeline.py","lineno":1,"logger":"py.warnings"}
{"timestamp":"2026-02-13T06:54:14.529863Z","level":"warning","event":"The `airflow.decorators.task` attribute is deprecated. Please use `'airflow.sdk.task'`.","category":"DeprecatedImportWarning","filename":"/opt/airflow/dags/branch_pipeline.py","lineno":1,"logger":"py.warnings"}
{"timestamp":"2026-02-13T06:54:14.530075Z","level":"warning","event":"The `airflow.operators.python.BranchPythonOperator` attribute is deprecated. Please use `'airflow.providers.standard.operators.python.BranchPythonOperator'`.","category":"DeprecatedImportWarning","filename":"/opt/airflow/dags/branch_pipeline.py","lineno":2,"logger":"py.warnings"}
{"timestamp":"2026-02-13T06:54:14.530217Z","level":"warning","event":"The `airflow.operators.bash.BashOperator` attribute is deprecated. Please use `'airflow.providers.standard.operators.bash.BashOperator'`.","category":"DeprecatedImportWarning","filename":"/opt/airflow/dags/branch_pipeline.py","lineno":3,"logger":"py.warnings"}
{"timestamp":"2026-02-13T06:54:45.120120Z","level":"info","event":"Filling up the DagBag from /opt/airflow/dags/branch_pipeline.py","logger":"airflow.models.dagbag.BundleDagBag","filename":"dagbag.py","lineno":593}
{"timestamp":"2026-02-13T06:54:45.190491Z","level":"warning","event":"The `airflow.decorators.dag` attribute is deprecated. Please use `'airflow.sdk.dag'`.","category":"DeprecatedImportWarning","filename":"/opt/airflow/dags/branch_pipeline.py","lineno":1,"logger":"py.warnings"}
{"timestamp":"2026-02-13T06:54:45.190793Z","level":"warning","event":"The `airflow.decorators.task` attribute is deprecated. Please use `'airflow.sdk.task'`.","category":"DeprecatedImportWarning","filename":"/opt/airflow/dags/branch_pipeline.py","lineno":1,"logger":"py.warnings"}
{"timestamp":"2026-02-13T06:54:45.190994Z","level":"warning","event":"The `airflow.operators.python.BranchPythonOperator` attribute is deprecated. Please use `'airflow.providers.standard.operators.python.BranchPythonOperator'`.","category":"DeprecatedImportWarning","filename":"/opt/airflow/dags/branch_pipeline.py","lineno":2,"logger":"py.warnings"}
{"timestamp":"2026-02-13T06:54:45.191111Z","level":"warning","event":"The `airflow.operators.bash.BashOperator` attribute is deprecated. Please use `'airflow.providers.standard.operators.bash.BashOperator'`.","category":"DeprecatedImportWarning","filename":"/opt/airflow/dags/branch_pipeline.py","lineno":3,"logger":"py.warnings"}
{"timestamp":"2026-02-13T06:55:15.697048Z","level":"info","event":"Filling up the DagBag from /opt/airflow/dags/branch_pipeline.py","logger":"airflow.models.dagbag.BundleDagBag","filename":"dagbag.py","lineno":593}
{"timestamp":"2026-02-13T06:55:15.767756Z","level":"warning","event":"The `airflow.decorators.dag` attribute is deprecated. Please use `'airflow.sdk.dag'`.","category":"DeprecatedImportWarning","filename":"/opt/airflow/dags/branch_pipeline.py","lineno":1,"logger":"py.warnings"}
{"timestamp":"2026-02-13T06:55:15.768240Z","level":"warning","event":"The `airflow.decorators.task` attribute is deprecated. Please use `'airflow.sdk.task'`.","category":"DeprecatedImportWarning","filename":"/opt/airflow/dags/branch_pipeline.py","lineno":1,"logger":"py.warnings"}
{"timestamp":"2026-02-13T06:55:15.768435Z","level":"warning","event":"The `airflow.operators.python.BranchPythonOperator` attribute is deprecated. Please use `'airflow.providers.standard.operators.python.BranchPythonOperator'`.","category":"DeprecatedImportWarning","filename":"/opt/airflow/dags/branch_pipeline.py","lineno":2,"logger":"py.warnings"}
{"timestamp":"2026-02-13T06:55:15.768562Z","level":"warning","event":"The `airflow.operators.bash.BashOperator` attribute is deprecated. Please use `'airflow.providers.standard.operators.bash.BashOperator'`.","category":"DeprecatedImportWarning","filename":"/opt/airflow/dags/branch_pipeline.py","lineno":3,"logger":"py.warnings"}
{"timestamp":"2026-02-13T06:55:46.492270Z","level":"info","event":"Filling up the DagBag from /opt/airflow/dags/branch_pipeline.py","logger":"airflow.models.dagbag.BundleDagBag","filename":"dagbag.py","lineno":593}
{"timestamp":"2026-02-13T06:55:46.570052Z","level":"warning","event":"The `airflow.decorators.dag` attribute is deprecated. Please use `'airflow.sdk.dag'`.","category":"DeprecatedImportWarning","filename":"/opt/airflow/dags/branch_pipeline.py","lineno":1,"logger":"py.warnings"}
{"timestamp":"2026-02-13T06:55:46.570477Z","level":"warning","event":"The `airflow.decorators.task` attribute is deprecated. Please use `'airflow.sdk.task'`.","category":"DeprecatedImportWarning","filename":"/opt/airflow/dags/branch_pipeline.py","lineno":1,"logger":"py.warnings"}
{"timestamp":"2026-02-13T06:55:46.570644Z","level":"warning","event":"The `airflow.operators.python.BranchPythonOperator` attribute is deprecated. Please use `'airflow.providers.standard.operators.python.BranchPythonOperator'`.","category":"DeprecatedImportWarning","filename":"/opt/airflow/dags/branch_pipeline.py","lineno":2,"logger":"py.warnings"}
{"timestamp":"2026-02-13T06:55:46.570757Z","level":"warning","event":"The `airflow.operators.bash.BashOperator` attribute is deprecated. Please use `'airflow.providers.standard.operators.bash.BashOperator'`.","category":"DeprecatedImportWarning","filename":"/opt/airflow/dags/branch_pipeline.py","lineno":3,"logger":"py.warnings"}
{"timestamp":"2026-02-13T06:56:17.259047Z","level":"info","event":"Filling up the DagBag from /opt/airflow/dags/branch_pipeline.py","logger":"airflow.models.dagbag.BundleDagBag","filename":"dagbag.py","lineno":593}
{"timestamp":"2026-02-13T06:56:17.315895Z","level":"warning","event":"The `airflow.decorators.dag` attribute is deprecated. Please use `'airflow.sdk.dag'`.","category":"DeprecatedImportWarning","filename":"/opt/airflow/dags/branch_pipeline.py","lineno":1,"logger":"py.warnings"}
{"timestamp":"2026-02-13T06:56:17.316213Z","level":"warning","event":"The `airflow.decorators.task` attribute is deprecated. Please use `'airflow.sdk.task'`.","category":"DeprecatedImportWarning","filename":"/opt/airflow/dags/branch_pipeline.py","lineno":1,"logger":"py.warnings"}
{"timestamp":"2026-02-13T06:56:17.316373Z","level":"warning","event":"The `airflow.operators.python.BranchPythonOperator` attribute is deprecated. Please use `'airflow.providers.standard.operators.python.BranchPythonOperator'`.","category":"DeprecatedImportWarning","filename":"/opt/airflow/dags/branch_pipeline.py","lineno":2,"logger":"py.warnings"}
{"timestamp":"2026-02-13T06:56:17.316475Z","level":"warning","event":"The `airflow.operators.bash.BashOperator` attribute is deprecated. Please use `'airflow.providers.standard.operators.bash.BashOperator'`.","category":"DeprecatedImportWarning","filename":"/opt/airflow/dags/branch_pipeline.py","lineno":3,"logger":"py.warnings"}
{"timestamp":"2026-02-13T06:56:47.580222Z","level":"info","event":"Filling up the DagBag from /opt/airflow/dags/branch_pipeline.py","logger":"airflow.models.dagbag.BundleDagBag","filename":"dagbag.py","lineno":593}
{"timestamp":"2026-02-13T06:56:47.645943Z","level":"warning","event":"The `airflow.decorators.dag` attribute is deprecated. Please use `'airflow.sdk.dag'`.","category":"DeprecatedImportWarning","filename":"/opt/airflow/dags/branch_pipeline.py","lineno":1,"logger":"py.warnings"}
{"timestamp":"2026-02-13T06:56:47.646259Z","level":"warning","event":"The `airflow.decorators.task` attribute is deprecated. Please use `'airflow.sdk.task'`.","category":"DeprecatedImportWarning","filename":"/opt/airflow/dags/branch_pipeline.py","lineno":1,"logger":"py.warnings"}
{"timestamp":"2026-02-13T06:56:47.646476Z","level":"warning","event":"The `airflow.operators.python.BranchPythonOperator` attribute is deprecated. Please use `'airflow.providers.standard.operators.python.BranchPythonOperator'`.","category":"DeprecatedImportWarning","filename":"/opt/airflow/dags/branch_pipeline.py","lineno":2,"logger":"py.warnings"}
{"timestamp":"2026-02-13T06:56:47.646624Z","level":"warning","event":"The `airflow.operators.bash.BashOperator` attribute is deprecated. Please use `'airflow.providers.standard.operators.bash.BashOperator'`.","category":"DeprecatedImportWarning","filename":"/opt/airflow/dags/branch_pipeline.py","lineno":3,"logger":"py.warnings"}
{"timestamp":"2026-02-13T06:57:18.228305Z","level":"info","event":"Filling up the DagBag from /opt/airflow/dags/branch_pipeline.py","logger":"airflow.models.dagbag.BundleDagBag","filename":"dagbag.py","lineno":593}
{"timestamp":"2026-02-13T06:57:18.326709Z","level":"warning","event":"The `airflow.decorators.dag` attribute is deprecated. Please use `'airflow.sdk.dag'`.","category":"DeprecatedImportWarning","filename":"/opt/airflow/dags/branch_pipeline.py","lineno":1,"logger":"py.warnings"}
{"timestamp":"2026-02-13T06:57:18.327111Z","level":"warning","event":"The `airflow.decorators.task` attribute is deprecated. Please use `'airflow.sdk.task'`.","category":"DeprecatedImportWarning","filename":"/opt/airflow/dags/branch_pipeline.py","lineno":1,"logger":"py.warnings"}
{"timestamp":"2026-02-13T06:57:18.327297Z","level":"warning","event":"The `airflow.operators.python.BranchPythonOperator` attribute is deprecated. Please use `'airflow.providers.standard.operators.python.BranchPythonOperator'`.","category":"DeprecatedImportWarning","filename":"/opt/airflow/dags/branch_pipeline.py","lineno":2,"logger":"py.warnings"}
{"timestamp":"2026-02-13T06:57:18.327424Z","level":"warning","event":"The `airflow.operators.bash.BashOperator` attribute is deprecated. Please use `'airflow.providers.standard.operators.bash.BashOperator'`.","category":"DeprecatedImportWarning","filename":"/opt/airflow/dags/branch_pipeline.py","lineno":3,"logger":"py.warnings"}
{"timestamp":"2026-02-13T06:57:48.790329Z","level":"info","event":"Filling up the DagBag from /opt/airflow/dags/branch_pipeline.py","logger":"airflow.models.dagbag.BundleDagBag","filename":"dagbag.py","lineno":593}
{"timestamp":"2026-02-13T06:57:48.909312Z","level":"warning","event":"The `airflow.decorators.dag` attribute is deprecated. Please use `'airflow.sdk.dag'`.","category":"DeprecatedImportWarning","filename":"/opt/airflow/dags/branch_pipeline.py","lineno":1,"logger":"py.warnings"}
{"timestamp":"2026-02-13T06:57:48.909593Z","level":"warning","event":"The `airflow.decorators.task` attribute is deprecated. Please use `'airflow.sdk.task'`.","category":"DeprecatedImportWarning","filename":"/opt/airflow/dags/branch_pipeline.py","lineno":1,"logger":"py.warnings"}
{"timestamp":"2026-02-13T06:57:48.909690Z","level":"warning","event":"The `airflow.operators.python.BranchPythonOperator` attribute is deprecated. Please use `'airflow.providers.standard.operators.python.BranchPythonOperator'`.","category":"DeprecatedImportWarning","filename":"/opt/airflow/dags/branch_pipeline.py","lineno":2,"logger":"py.warnings"}
{"timestamp":"2026-02-13T06:57:48.909753Z","level":"warning","event":"The `airflow.operators.bash.BashOperator` attribute is deprecated. Please use `'airflow.providers.standard.operators.bash.BashOperator'`.","category":"DeprecatedImportWarning","filename":"/opt/airflow/dags/branch_pipeline.py","lineno":3,"logger":"py.warnings"}
{"timestamp":"2026-02-13T06:58:19.752866Z","level":"info","event":"Filling up the DagBag from /opt/airflow/dags/branch_pipeline.py","logger":"airflow.models.dagbag.BundleDagBag","filename":"dagbag.py","lineno":593}
{"timestamp":"2026-02-13T06:58:19.850830Z","level":"warning","event":"The `airflow.decorators.dag` attribute is deprecated. Please use `'airflow.sdk.dag'`.","category":"DeprecatedImportWarning","filename":"/opt/airflow/dags/branch_pipeline.py","lineno":1,"logger":"py.warnings"}
{"timestamp":"2026-02-13T06:58:19.851244Z","level":"warning","event":"The `airflow.decorators.task` attribute is deprecated. Please use `'airflow.sdk.task'`.","category":"DeprecatedImportWarning","filename":"/opt/airflow/dags/branch_pipeline.py","lineno":1,"logger":"py.warnings"}
{"timestamp":"2026-02-13T06:58:19.851406Z","level":"warning","event":"The `airflow.operators.python.BranchPythonOperator` attribute is deprecated. Please use `'airflow.providers.standard.operators.python.BranchPythonOperator'`.","category":"DeprecatedImportWarning","filename":"/opt/airflow/dags/branch_pipeline.py","lineno":2,"logger":"py.warnings"}
{"timestamp":"2026-02-13T06:58:19.851517Z","level":"warning","event":"The `airflow.operators.bash.BashOperator` attribute is deprecated. Please use `'airflow.providers.standard.operators.bash.BashOperator'`.","category":"DeprecatedImportWarning","filename":"/opt/airflow/dags/branch_pipeline.py","lineno":3,"logger":"py.warnings"}
{"timestamp":"2026-02-13T06:58:50.178509Z","level":"info","event":"Filling up the DagBag from /opt/airflow/dags/branch_pipeline.py","logger":"airflow.models.dagbag.BundleDagBag","filename":"dagbag.py","lineno":593}
{"timestamp":"2026-02-13T06:58:50.263546Z","level":"warning","event":"The `airflow.decorators.dag` attribute is deprecated. Please use `'airflow.sdk.dag'`.","category":"DeprecatedImportWarning","filename":"/opt/airflow/dags/branch_pipeline.py","lineno":1,"logger":"py.warnings"}
{"timestamp":"2026-02-13T06:58:50.263913Z","level":"warning","event":"The `airflow.decorators.task` attribute is deprecated. Please use `'airflow.sdk.task'`.","category":"DeprecatedImportWarning","filename":"/opt/airflow/dags/branch_pipeline.py","lineno":1,"logger":"py.warnings"}
{"timestamp":"2026-02-13T06:58:50.264107Z","level":"warning","event":"The `airflow.operators.python.BranchPythonOperator` attribute is deprecated. Please use `'airflow.providers.standard.operators.python.BranchPythonOperator'`.","category":"DeprecatedImportWarning","filename":"/opt/airflow/dags/branch_pipeline.py","lineno":2,"logger":"py.warnings"}
{"timestamp":"2026-02-13T06:58:50.264234Z","level":"warning","event":"The `airflow.operators.bash.BashOperator` attribute is deprecated. Please use `'airflow.providers.standard.operators.bash.BashOperator'`.","category":"DeprecatedImportWarning","filename":"/opt/airflow/dags/branch_pipeline.py","lineno":3,"logger":"py.warnings"}
{"timestamp":"2026-02-13T06:59:20.492256Z","level":"info","event":"Filling up the DagBag from /opt/airflow/dags/branch_pipeline.py","logger":"airflow.models.dagbag.BundleDagBag","filename":"dagbag.py","lineno":593}
{"timestamp":"2026-02-13T06:59:20.568263Z","level":"warning","event":"The `airflow.decorators.dag` attribute is deprecated. Please use `'airflow.sdk.dag'`.","category":"DeprecatedImportWarning","filename":"/opt/airflow/dags/branch_pipeline.py","lineno":1,"logger":"py.warnings"}
{"timestamp":"2026-02-13T06:59:20.568547Z","level":"warning","event":"The `airflow.decorators.task` attribute is deprecated. Please use `'airflow.sdk.task'`.","category":"DeprecatedImportWarning","filename":"/opt/airflow/dags/branch_pipeline.py","lineno":1,"logger":"py.warnings"}
{"timestamp":"2026-02-13T06:59:20.568697Z","level":"warning","event":"The `airflow.operators.python.BranchPythonOperator` attribute is deprecated. Please use `'airflow.providers.standard.operators.python.BranchPythonOperator'`.","category":"DeprecatedImportWarning","filename":"/opt/airflow/dags/branch_pipeline.py","lineno":2,"logger":"py.warnings"}
{"timestamp":"2026-02-13T06:59:20.568797Z","level":"warning","event":"The `airflow.operators.bash.BashOperator` attribute is deprecated. Please use `'airflow.providers.standard.operators.bash.BashOperator'`.","category":"DeprecatedImportWarning","filename":"/opt/airflow/dags/branch_pipeline.py","lineno":3,"logger":"py.warnings"}
{"timestamp":"2026-02-13T06:59:51.289172Z","level":"info","event":"Filling up the DagBag from /opt/airflow/dags/branch_pipeline.py","logger":"airflow.models.dagbag.BundleDagBag","filename":"dagbag.py","lineno":593}
{"timestamp":"2026-02-13T06:59:51.371347Z","level":"warning","event":"The `airflow.decorators.dag` attribute is deprecated. Please use `'airflow.sdk.dag'`.","category":"DeprecatedImportWarning","filename":"/opt/airflow/dags/branch_pipeline.py","lineno":1,"logger":"py.warnings"}
{"timestamp":"2026-02-13T06:59:51.371597Z","level":"warning","event":"The `airflow.decorators.task` attribute is deprecated. Please use `'airflow.sdk.task'`.","category":"DeprecatedImportWarning","filename":"/opt/airflow/dags/branch_pipeline.py","lineno":1,"logger":"py.warnings"}
{"timestamp":"2026-02-13T06:59:51.371697Z","level":"warning","event":"The `airflow.operators.python.BranchPythonOperator` attribute is deprecated. Please use `'airflow.providers.standard.operators.python.BranchPythonOperator'`.","category":"DeprecatedImportWarning","filename":"/opt/airflow/dags/branch_pipeline.py","lineno":2,"logger":"py.warnings"}
{"timestamp":"2026-02-13T06:59:51.371758Z","level":"warning","event":"The `airflow.operators.bash.BashOperator` attribute is deprecated. Please use `'airflow.providers.standard.operators.bash.BashOperator'`.","category":"DeprecatedImportWarning","filename":"/opt/airflow/dags/branch_pipeline.py","lineno":3,"logger":"py.warnings"}
{"timestamp":"2026-02-13T07:00:22.098115Z","level":"info","event":"Filling up the DagBag from /opt/airflow/dags/branch_pipeline.py","logger":"airflow.models.dagbag.BundleDagBag","filename":"dagbag.py","lineno":593}
{"timestamp":"2026-02-13T07:00:22.183845Z","level":"warning","event":"The `airflow.decorators.dag` attribute is deprecated. Please use `'airflow.sdk.dag'`.","category":"DeprecatedImportWarning","filename":"/opt/airflow/dags/branch_pipeline.py","lineno":1,"logger":"py.warnings"}
{"timestamp":"2026-02-13T07:00:22.184224Z","level":"warning","event":"The `airflow.decorators.task` attribute is deprecated. Please use `'airflow.sdk.task'`.","category":"DeprecatedImportWarning","filename":"/opt/airflow/dags/branch_pipeline.py","lineno":1,"logger":"py.warnings"}
{"timestamp":"2026-02-13T07:00:22.184389Z","level":"warning","event":"The `airflow.operators.python.BranchPythonOperator` attribute is deprecated. Please use `'airflow.providers.standard.operators.python.BranchPythonOperator'`.","category":"DeprecatedImportWarning","filename":"/opt/airflow/dags/branch_pipeline.py","lineno":2,"logger":"py.warnings"}
{"timestamp":"2026-02-13T07:00:22.184532Z","level":"warning","event":"The `airflow.operators.bash.BashOperator` attribute is deprecated. Please use `'airflow.providers.standard.operators.bash.BashOperator'`.","category":"DeprecatedImportWarning","filename":"/opt/airflow/dags/branch_pipeline.py","lineno":3,"logger":"py.warnings"}
{"timestamp":"2026-02-13T07:00:52.543791Z","level":"info","event":"Filling up the DagBag from /opt/airflow/dags/branch_pipeline.py","logger":"airflow.models.dagbag.BundleDagBag","filename":"dagbag.py","lineno":593}
{"timestamp":"2026-02-13T07:00:52.615781Z","level":"warning","event":"The `airflow.decorators.dag` attribute is deprecated. Please use `'airflow.sdk.dag'`.","category":"DeprecatedImportWarning","filename":"/opt/airflow/dags/branch_pipeline.py","lineno":1,"logger":"py.warnings"}
{"timestamp":"2026-02-13T07:00:52.616028Z","level":"warning","event":"The `airflow.decorators.task` attribute is deprecated. Please use `'airflow.sdk.task'`.","category":"DeprecatedImportWarning","filename":"/opt/airflow/dags/branch_pipeline.py","lineno":1,"logger":"py.warnings"}
{"timestamp":"2026-02-13T07:00:52.616118Z","level":"warning","event":"The `airflow.operators.python.BranchPythonOperator` attribute is deprecated. Please use `'airflow.providers.standard.operators.python.BranchPythonOperator'`.","category":"DeprecatedImportWarning","filename":"/opt/airflow/dags/branch_pipeline.py","lineno":2,"logger":"py.warnings"}
{"timestamp":"2026-02-13T07:00:52.616178Z","level":"warning","event":"The `airflow.operators.bash.BashOperator` attribute is deprecated. Please use `'airflow.providers.standard.operators.bash.BashOperator'`.","category":"DeprecatedImportWarning","filename":"/opt/airflow/dags/branch_pipeline.py","lineno":3,"logger":"py.warnings"}
{"timestamp":"2026-02-13T07:01:23.720667Z","level":"info","event":"Filling up the DagBag from /opt/airflow/dags/branch_pipeline.py","logger":"airflow.models.dagbag.BundleDagBag","filename":"dagbag.py","lineno":593}
{"timestamp":"2026-02-13T07:01:23.837246Z","level":"warning","event":"The `airflow.decorators.dag` attribute is deprecated. Please use `'airflow.sdk.dag'`.","category":"DeprecatedImportWarning","filename":"/opt/airflow/dags/branch_pipeline.py","lineno":1,"logger":"py.warnings"}
{"timestamp":"2026-02-13T07:01:23.837694Z","level":"warning","event":"The `airflow.decorators.task` attribute is deprecated. Please use `'airflow.sdk.task'`.","category":"DeprecatedImportWarning","filename":"/opt/airflow/dags/branch_pipeline.py","lineno":1,"logger":"py.warnings"}
{"timestamp":"2026-02-13T07:01:23.837859Z","level":"warning","event":"The `airflow.operators.python.BranchPythonOperator` attribute is deprecated. Please use `'airflow.providers.standard.operators.python.BranchPythonOperator'`.","category":"DeprecatedImportWarning","filename":"/opt/airflow/dags/branch_pipeline.py","lineno":2,"logger":"py.warnings"}
{"timestamp":"2026-02-13T07:01:23.837952Z","level":"warning","event":"The `airflow.operators.bash.BashOperator` attribute is deprecated. Please use `'airflow.providers.standard.operators.bash.BashOperator'`.","category":"DeprecatedImportWarning","filename":"/opt/airflow/dags/branch_pipeline.py","lineno":3,"logger":"py.warnings"}
{"timestamp":"2026-02-13T07:01:54.732616Z","level":"info","event":"Filling up the DagBag from /opt/airflow/dags/branch_pipeline.py","logger":"airflow.models.dagbag.BundleDagBag","filename":"dagbag.py","lineno":593}
{"timestamp":"2026-02-13T07:01:54.821700Z","level":"warning","event":"The `airflow.decorators.dag` attribute is deprecated. Please use `'airflow.sdk.dag'`.","category":"DeprecatedImportWarning","filename":"/opt/airflow/dags/branch_pipeline.py","lineno":1,"logger":"py.warnings"}
{"timestamp":"2026-02-13T07:01:54.822045Z","level":"warning","event":"The `airflow.decorators.task` attribute is deprecated. Please use `'airflow.sdk.task'`.","category":"DeprecatedImportWarning","filename":"/opt/airflow/dags/branch_pipeline.py","lineno":1,"logger":"py.warnings"}
{"timestamp":"2026-02-13T07:01:54.822204Z","level":"warning","event":"The `airflow.operators.python.BranchPythonOperator` attribute is deprecated. Please use `'airflow.providers.standard.operators.python.BranchPythonOperator'`.","category":"DeprecatedImportWarning","filename":"/opt/airflow/dags/branch_pipeline.py","lineno":2,"logger":"py.warnings"}
{"timestamp":"2026-02-13T07:01:54.822378Z","level":"warning","event":"The `airflow.operators.bash.BashOperator` attribute is deprecated. Please use `'airflow.providers.standard.operators.bash.BashOperator'`.","category":"DeprecatedImportWarning","filename":"/opt/airflow/dags/branch_pipeline.py","lineno":3,"logger":"py.warnings"}
{"timestamp":"2026-02-13T07:02:25.205176Z","level":"info","event":"Filling up the DagBag from /opt/airflow/dags/branch_pipeline.py","logger":"airflow.models.dagbag.BundleDagBag","filename":"dagbag.py","lineno":593}
{"timestamp":"2026-02-13T07:02:25.296916Z","level":"warning","event":"The `airflow.decorators.dag` attribute is deprecated. Please use `'airflow.sdk.dag'`.","category":"DeprecatedImportWarning","filename":"/opt/airflow/dags/branch_pipeline.py","lineno":1,"logger":"py.warnings"}
{"timestamp":"2026-02-13T07:02:25.298554Z","level":"warning","event":"The `airflow.decorators.task` attribute is deprecated. Please use `'airflow.sdk.task'`.","category":"DeprecatedImportWarning","filename":"/opt/airflow/dags/branch_pipeline.py","lineno":1,"logger":"py.warnings"}
{"timestamp":"2026-02-13T07:02:25.298835Z","level":"warning","event":"The `airflow.operators.python.BranchPythonOperator` attribute is deprecated. Please use `'airflow.providers.standard.operators.python.BranchPythonOperator'`.","category":"DeprecatedImportWarning","filename":"/opt/airflow/dags/branch_pipeline.py","lineno":2,"logger":"py.warnings"}
{"timestamp":"2026-02-13T07:02:25.298969Z","level":"warning","event":"The `airflow.operators.bash.BashOperator` attribute is deprecated. Please use `'airflow.providers.standard.operators.bash.BashOperator'`.","category":"DeprecatedImportWarning","filename":"/opt/airflow/dags/branch_pipeline.py","lineno":3,"logger":"py.warnings"}
{"timestamp":"2026-02-13T07:02:55.551326Z","level":"info","event":"Filling up the DagBag from /opt/airflow/dags/branch_pipeline.py","logger":"airflow.models.dagbag.BundleDagBag","filename":"dagbag.py","lineno":593}
{"timestamp":"2026-02-13T07:02:55.622136Z","level":"warning","event":"The `airflow.decorators.dag` attribute is deprecated. Please use `'airflow.sdk.dag'`.","category":"DeprecatedImportWarning","filename":"/opt/airflow/dags/branch_pipeline.py","lineno":1,"logger":"py.warnings"}
{"timestamp":"2026-02-13T07:02:55.622547Z","level":"warning","event":"The `airflow.decorators.task` attribute is deprecated. Please use `'airflow.sdk.task'`.","category":"DeprecatedImportWarning","filename":"/opt/airflow/dags/branch_pipeline.py","lineno":1,"logger":"py.warnings"}
{"timestamp":"2026-02-13T07:02:55.622757Z","level":"warning","event":"The `airflow.operators.python.BranchPythonOperator` attribute is deprecated. Please use `'airflow.providers.standard.operators.python.BranchPythonOperator'`.","category":"DeprecatedImportWarning","filename":"/opt/airflow/dags/branch_pipeline.py","lineno":2,"logger":"py.warnings"}
{"timestamp":"2026-02-13T07:02:55.622903Z","level":"warning","event":"The `airflow.operators.bash.BashOperator` attribute is deprecated. Please use `'airflow.providers.standard.operators.bash.BashOperator'`.","category":"DeprecatedImportWarning","filename":"/opt/airflow/dags/branch_pipeline.py","lineno":3,"logger":"py.warnings"}
{"timestamp":"2026-02-13T07:03:26.228288Z","level":"info","event":"Filling up the DagBag from /opt/airflow/dags/branch_pipeline.py","logger":"airflow.models.dagbag.BundleDagBag","filename":"dagbag.py","lineno":593}
{"timestamp":"2026-02-13T07:03:26.307635Z","level":"warning","event":"The `airflow.decorators.dag` attribute is deprecated. Please use `'airflow.sdk.dag'`.","category":"DeprecatedImportWarning","filename":"/opt/airflow/dags/branch_pipeline.py","lineno":1,"logger":"py.warnings"}
{"timestamp":"2026-02-13T07:03:26.307971Z","level":"warning","event":"The `airflow.decorators.task` attribute is deprecated. Please use `'airflow.sdk.task'`.","category":"DeprecatedImportWarning","filename":"/opt/airflow/dags/branch_pipeline.py","lineno":1,"logger":"py.warnings"}
{"timestamp":"2026-02-13T07:03:26.308123Z","level":"warning","event":"The `airflow.operators.python.BranchPythonOperator` attribute is deprecated. Please use `'airflow.providers.standard.operators.python.BranchPythonOperator'`.","category":"DeprecatedImportWarning","filename":"/opt/airflow/dags/branch_pipeline.py","lineno":2,"logger":"py.warnings"}
{"timestamp":"2026-02-13T07:03:26.308291Z","level":"warning","event":"The `airflow.operators.bash.BashOperator` attribute is deprecated. Please use `'airflow.providers.standard.operators.bash.BashOperator'`.","category":"DeprecatedImportWarning","filename":"/opt/airflow/dags/branch_pipeline.py","lineno":3,"logger":"py.warnings"}
{"timestamp":"2026-02-13T07:03:56.757442Z","level":"info","event":"Filling up the DagBag from /opt/airflow/dags/branch_pipeline.py","logger":"airflow.models.dagbag.BundleDagBag","filename":"dagbag.py","lineno":593}
{"timestamp":"2026-02-13T07:03:56.826891Z","level":"warning","event":"The `airflow.decorators.dag` attribute is deprecated. Please use `'airflow.sdk.dag'`.","category":"DeprecatedImportWarning","filename":"/opt/airflow/dags/branch_pipeline.py","lineno":1,"logger":"py.warnings"}
{"timestamp":"2026-02-13T07:03:56.827324Z","level":"warning","event":"The `airflow.decorators.task` attribute is deprecated. Please use `'airflow.sdk.task'`.","category":"DeprecatedImportWarning","filename":"/opt/airflow/dags/branch_pipeline.py","lineno":1,"logger":"py.warnings"}
{"timestamp":"2026-02-13T07:03:56.827610Z","level":"warning","event":"The `airflow.operators.python.BranchPythonOperator` attribute is deprecated. Please use `'airflow.providers.standard.operators.python.BranchPythonOperator'`.","category":"DeprecatedImportWarning","filename":"/opt/airflow/dags/branch_pipeline.py","lineno":2,"logger":"py.warnings"}
{"timestamp":"2026-02-13T07:03:56.827761Z","level":"warning","event":"The `airflow.operators.bash.BashOperator` attribute is deprecated. Please use `'airflow.providers.standard.operators.bash.BashOperator'`.","category":"DeprecatedImportWarning","filename":"/opt/airflow/dags/branch_pipeline.py","lineno":3,"logger":"py.warnings"}
{"timestamp":"2026-02-13T07:04:27.253504Z","level":"info","event":"Filling up the DagBag from /opt/airflow/dags/branch_pipeline.py","logger":"airflow.models.dagbag.BundleDagBag","filename":"dagbag.py","lineno":593}
{"timestamp":"2026-02-13T07:04:27.310883Z","level":"warning","event":"The `airflow.decorators.dag` attribute is deprecated. Please use `'airflow.sdk.dag'`.","category":"DeprecatedImportWarning","filename":"/opt/airflow/dags/branch_pipeline.py","lineno":1,"logger":"py.warnings"}
{"timestamp":"2026-02-13T07:04:27.311130Z","level":"warning","event":"The `airflow.decorators.task` attribute is deprecated. Please use `'airflow.sdk.task'`.","category":"DeprecatedImportWarning","filename":"/opt/airflow/dags/branch_pipeline.py","lineno":1,"logger":"py.warnings"}
{"timestamp":"2026-02-13T07:04:27.311216Z","level":"warning","event":"The `airflow.operators.python.BranchPythonOperator` attribute is deprecated. Please use `'airflow.providers.standard.operators.python.BranchPythonOperator'`.","category":"DeprecatedImportWarning","filename":"/opt/airflow/dags/branch_pipeline.py","lineno":2,"logger":"py.warnings"}
{"timestamp":"2026-02-13T07:04:27.311279Z","level":"warning","event":"The `airflow.operators.bash.BashOperator` attribute is deprecated. Please use `'airflow.providers.standard.operators.bash.BashOperator'`.","category":"DeprecatedImportWarning","filename":"/opt/airflow/dags/branch_pipeline.py","lineno":3,"logger":"py.warnings"}
{"timestamp":"2026-02-13T07:04:57.644105Z","level":"info","event":"Filling up the DagBag from /opt/airflow/dags/branch_pipeline.py","logger":"airflow.models.dagbag.BundleDagBag","filename":"dagbag.py","lineno":593}
{"timestamp":"2026-02-13T07:04:57.711355Z","level":"warning","event":"The `airflow.decorators.dag` attribute is deprecated. Please use `'airflow.sdk.dag'`.","category":"DeprecatedImportWarning","filename":"/opt/airflow/dags/branch_pipeline.py","lineno":1,"logger":"py.warnings"}
{"timestamp":"2026-02-13T07:04:57.714349Z","level":"warning","event":"The `airflow.decorators.task` attribute is deprecated. Please use `'airflow.sdk.task'`.","category":"DeprecatedImportWarning","filename":"/opt/airflow/dags/branch_pipeline.py","lineno":1,"logger":"py.warnings"}
{"timestamp":"2026-02-13T07:04:57.714609Z","level":"warning","event":"The `airflow.operators.python.BranchPythonOperator` attribute is deprecated. Please use `'airflow.providers.standard.operators.python.BranchPythonOperator'`.","category":"DeprecatedImportWarning","filename":"/opt/airflow/dags/branch_pipeline.py","lineno":2,"logger":"py.warnings"}
{"timestamp":"2026-02-13T07:04:57.714800Z","level":"warning","event":"The `airflow.operators.bash.BashOperator` attribute is deprecated. Please use `'airflow.providers.standard.operators.bash.BashOperator'`.","category":"DeprecatedImportWarning","filename":"/opt/airflow/dags/branch_pipeline.py","lineno":3,"logger":"py.warnings"}
{"timestamp":"2026-02-13T07:05:28.118470Z","level":"info","event":"Filling up the DagBag from /opt/airflow/dags/branch_pipeline.py","logger":"airflow.models.dagbag.BundleDagBag","filename":"dagbag.py","lineno":593}
{"timestamp":"2026-02-13T07:05:28.197652Z","level":"warning","event":"The `airflow.decorators.dag` attribute is deprecated. Please use `'airflow.sdk.dag'`.","category":"DeprecatedImportWarning","filename":"/opt/airflow/dags/branch_pipeline.py","lineno":1,"logger":"py.warnings"}
{"timestamp":"2026-02-13T07:05:28.197963Z","level":"warning","event":"The `airflow.decorators.task` attribute is deprecated. Please use `'airflow.sdk.task'`.","category":"DeprecatedImportWarning","filename":"/opt/airflow/dags/branch_pipeline.py","lineno":1,"logger":"py.warnings"}
{"timestamp":"2026-02-13T07:05:28.198109Z","level":"warning","event":"The `airflow.operators.python.BranchPythonOperator` attribute is deprecated. Please use `'airflow.providers.standard.operators.python.BranchPythonOperator'`.","category":"DeprecatedImportWarning","filename":"/opt/airflow/dags/branch_pipeline.py","lineno":2,"logger":"py.warnings"}
{"timestamp":"2026-02-13T07:05:28.198236Z","level":"warning","event":"The `airflow.operators.bash.BashOperator` attribute is deprecated. Please use `'airflow.providers.standard.operators.bash.BashOperator'`.","category":"DeprecatedImportWarning","filename":"/opt/airflow/dags/branch_pipeline.py","lineno":3,"logger":"py.warnings"}
{"timestamp":"2026-02-13T07:05:58.886970Z","level":"info","event":"Filling up the DagBag from /opt/airflow/dags/branch_pipeline.py","logger":"airflow.models.dagbag.BundleDagBag","filename":"dagbag.py","lineno":593}
{"timestamp":"2026-02-13T07:05:58.948343Z","level":"warning","event":"The `airflow.decorators.dag` attribute is deprecated. Please use `'airflow.sdk.dag'`.","category":"DeprecatedImportWarning","filename":"/opt/airflow/dags/branch_pipeline.py","lineno":1,"logger":"py.warnings"}
{"timestamp":"2026-02-13T07:05:58.948631Z","level":"warning","event":"The `airflow.decorators.task` attribute is deprecated. Please use `'airflow.sdk.task'`.","category":"DeprecatedImportWarning","filename":"/opt/airflow/dags/branch_pipeline.py","lineno":1,"logger":"py.warnings"}
{"timestamp":"2026-02-13T07:05:58.948793Z","level":"warning","event":"The `airflow.operators.python.BranchPythonOperator` attribute is deprecated. Please use `'airflow.providers.standard.operators.python.BranchPythonOperator'`.","category":"DeprecatedImportWarning","filename":"/opt/airflow/dags/branch_pipeline.py","lineno":2,"logger":"py.warnings"}
{"timestamp":"2026-02-13T07:05:58.948912Z","level":"warning","event":"The `airflow.operators.bash.BashOperator` attribute is deprecated. Please use `'airflow.providers.standard.operators.bash.BashOperator'`.","category":"DeprecatedImportWarning","filename":"/opt/airflow/dags/branch_pipeline.py","lineno":3,"logger":"py.warnings"}
{"timestamp":"2026-02-13T07:06:29.905307Z","level":"info","event":"Filling up the DagBag from /opt/airflow/dags/branch_pipeline.py","logger":"airflow.models.dagbag.BundleDagBag","filename":"dagbag.py","lineno":593}
{"timestamp":"2026-02-13T07:06:30.012072Z","level":"warning","event":"The `airflow.decorators.dag` attribute is deprecated. Please use `'airflow.sdk.dag'`.","category":"DeprecatedImportWarning","filename":"/opt/airflow/dags/branch_pipeline.py","lineno":1,"logger":"py.warnings"}
{"timestamp":"2026-02-13T07:06:30.013092Z","level":"warning","event":"The `airflow.decorators.task` attribute is deprecated. Please use `'airflow.sdk.task'`.","category":"DeprecatedImportWarning","filename":"/opt/airflow/dags/branch_pipeline.py","lineno":1,"logger":"py.warnings"}
{"timestamp":"2026-02-13T07:06:30.013341Z","level":"warning","event":"The `airflow.operators.python.BranchPythonOperator` attribute is deprecated. Please use `'airflow.providers.standard.operators.python.BranchPythonOperator'`.","category":"DeprecatedImportWarning","filename":"/opt/airflow/dags/branch_pipeline.py","lineno":2,"logger":"py.warnings"}
{"timestamp":"2026-02-13T07:06:30.013480Z","level":"warning","event":"The `airflow.operators.bash.BashOperator` attribute is deprecated. Please use `'airflow.providers.standard.operators.bash.BashOperator'`.","category":"DeprecatedImportWarning","filename":"/opt/airflow/dags/branch_pipeline.py","lineno":3,"logger":"py.warnings"}
{"timestamp":"2026-02-13T07:07:01.181961Z","level":"info","event":"Filling up the DagBag from /opt/airflow/dags/branch_pipeline.py","logger":"airflow.models.dagbag.BundleDagBag","filename":"dagbag.py","lineno":593}
{"timestamp":"2026-02-13T07:07:01.318252Z","level":"warning","event":"The `airflow.decorators.dag` attribute is deprecated. Please use `'airflow.sdk.dag'`.","category":"DeprecatedImportWarning","filename":"/opt/airflow/dags/branch_pipeline.py","lineno":1,"logger":"py.warnings"}
{"timestamp":"2026-02-13T07:07:01.318571Z","level":"warning","event":"The `airflow.decorators.task` attribute is deprecated. Please use `'airflow.sdk.task'`.","category":"DeprecatedImportWarning","filename":"/opt/airflow/dags/branch_pipeline.py","lineno":1,"logger":"py.warnings"}
{"timestamp":"2026-02-13T07:07:01.318702Z","level":"warning","event":"The `airflow.operators.python.BranchPythonOperator` attribute is deprecated. Please use `'airflow.providers.standard.operators.python.BranchPythonOperator'`.","category":"DeprecatedImportWarning","filename":"/opt/airflow/dags/branch_pipeline.py","lineno":2,"logger":"py.warnings"}
{"timestamp":"2026-02-13T07:07:01.318772Z","level":"warning","event":"The `airflow.operators.bash.BashOperator` attribute is deprecated. Please use `'airflow.providers.standard.operators.bash.BashOperator'`.","category":"DeprecatedImportWarning","filename":"/opt/airflow/dags/branch_pipeline.py","lineno":3,"logger":"py.warnings"}
{"timestamp":"2026-02-13T07:07:32.372017Z","level":"info","event":"Filling up the DagBag from /opt/airflow/dags/branch_pipeline.py","logger":"airflow.models.dagbag.BundleDagBag","filename":"dagbag.py","lineno":593}
{"timestamp":"2026-02-13T07:07:32.432348Z","level":"warning","event":"The `airflow.decorators.dag` attribute is deprecated. Please use `'airflow.sdk.dag'`.","category":"DeprecatedImportWarning","filename":"/opt/airflow/dags/branch_pipeline.py","lineno":1,"logger":"py.warnings"}
{"timestamp":"2026-02-13T07:07:32.432982Z","level":"warning","event":"The `airflow.decorators.task` attribute is deprecated. Please use `'airflow.sdk.task'`.","category":"DeprecatedImportWarning","filename":"/opt/airflow/dags/branch_pipeline.py","lineno":1,"logger":"py.warnings"}
{"timestamp":"2026-02-13T07:07:32.433176Z","level":"warning","event":"The `airflow.operators.python.BranchPythonOperator` attribute is deprecated. Please use `'airflow.providers.standard.operators.python.BranchPythonOperator'`.","category":"DeprecatedImportWarning","filename":"/opt/airflow/dags/branch_pipeline.py","lineno":2,"logger":"py.warnings"}
{"timestamp":"2026-02-13T07:07:32.433277Z","level":"warning","event":"The `airflow.operators.bash.BashOperator` attribute is deprecated. Please use `'airflow.providers.standard.operators.bash.BashOperator'`.","category":"DeprecatedImportWarning","filename":"/opt/airflow/dags/branch_pipeline.py","lineno":3,"logger":"py.warnings"}
{"timestamp":"2026-02-13T07:08:03.248973Z","level":"info","event":"Filling up the DagBag from /opt/airflow/dags/branch_pipeline.py","logger":"airflow.models.dagbag.BundleDagBag","filename":"dagbag.py","lineno":593}
{"timestamp":"2026-02-13T07:08:03.370335Z","level":"warning","event":"The `airflow.decorators.dag` attribute is deprecated. Please use `'airflow.sdk.dag'`.","category":"DeprecatedImportWarning","filename":"/opt/airflow/dags/branch_pipeline.py","lineno":1,"logger":"py.warnings"}
{"timestamp":"2026-02-13T07:08:03.370660Z","level":"warning","event":"The `airflow.decorators.task` attribute is deprecated. Please use `'airflow.sdk.task'`.","category":"DeprecatedImportWarning","filename":"/opt/airflow/dags/branch_pipeline.py","lineno":1,"logger":"py.warnings"}
{"timestamp":"2026-02-13T07:08:03.370757Z","level":"warning","event":"The `airflow.operators.python.BranchPythonOperator` attribute is deprecated. Please use `'airflow.providers.standard.operators.python.BranchPythonOperator'`.","category":"DeprecatedImportWarning","filename":"/opt/airflow/dags/branch_pipeline.py","lineno":2,"logger":"py.warnings"}
{"timestamp":"2026-02-13T07:08:03.370831Z","level":"warning","event":"The `airflow.operators.bash.BashOperator` attribute is deprecated. Please use `'airflow.providers.standard.operators.bash.BashOperator'`.","category":"DeprecatedImportWarning","filename":"/opt/airflow/dags/branch_pipeline.py","lineno":3,"logger":"py.warnings"}
{"timestamp":"2026-02-13T07:08:33.708811Z","level":"info","event":"Filling up the DagBag from /opt/airflow/dags/branch_pipeline.py","logger":"airflow.models.dagbag.BundleDagBag","filename":"dagbag.py","lineno":593}
{"timestamp":"2026-02-13T07:08:33.781880Z","level":"warning","event":"The `airflow.decorators.dag` attribute is deprecated. Please use `'airflow.sdk.dag'`.","category":"DeprecatedImportWarning","filename":"/opt/airflow/dags/branch_pipeline.py","lineno":1,"logger":"py.warnings"}
{"timestamp":"2026-02-13T07:08:33.782272Z","level":"warning","event":"The `airflow.decorators.task` attribute is deprecated. Please use `'airflow.sdk.task'`.","category":"DeprecatedImportWarning","filename":"/opt/airflow/dags/branch_pipeline.py","lineno":1,"logger":"py.warnings"}
{"timestamp":"2026-02-13T07:08:33.782450Z","level":"warning","event":"The `airflow.operators.python.BranchPythonOperator` attribute is deprecated. Please use `'airflow.providers.standard.operators.python.BranchPythonOperator'`.","category":"DeprecatedImportWarning","filename":"/opt/airflow/dags/branch_pipeline.py","lineno":2,"logger":"py.warnings"}
{"timestamp":"2026-02-13T07:08:33.782591Z","level":"warning","event":"The `airflow.operators.bash.BashOperator` attribute is deprecated. Please use `'airflow.providers.standard.operators.bash.BashOperator'`.","category":"DeprecatedImportWarning","filename":"/opt/airflow/dags/branch_pipeline.py","lineno":3,"logger":"py.warnings"}
{"timestamp":"2026-02-13T07:09:04.113573Z","level":"info","event":"Filling up the DagBag from /opt/airflow/dags/branch_pipeline.py","logger":"airflow.models.dagbag.BundleDagBag","filename":"dagbag.py","lineno":593}
{"timestamp":"2026-02-13T07:09:04.222249Z","level":"warning","event":"The `airflow.decorators.dag` attribute is deprecated. Please use `'airflow.sdk.dag'`.","category":"DeprecatedImportWarning","filename":"/opt/airflow/dags/branch_pipeline.py","lineno":1,"logger":"py.warnings"}
{"timestamp":"2026-02-13T07:09:04.223905Z","level":"warning","event":"The `airflow.decorators.task` attribute is deprecated. Please use `'airflow.sdk.task'`.","category":"DeprecatedImportWarning","filename":"/opt/airflow/dags/branch_pipeline.py","lineno":1,"logger":"py.warnings"}
{"timestamp":"2026-02-13T07:09:04.224501Z","level":"warning","event":"The `airflow.operators.python.BranchPythonOperator` attribute is deprecated. Please use `'airflow.providers.standard.operators.python.BranchPythonOperator'`.","category":"DeprecatedImportWarning","filename":"/opt/airflow/dags/branch_pipeline.py","lineno":2,"logger":"py.warnings"}
{"timestamp":"2026-02-13T07:09:04.224804Z","level":"warning","event":"The `airflow.operators.bash.BashOperator` attribute is deprecated. Please use `'airflow.providers.standard.operators.bash.BashOperator'`.","category":"DeprecatedImportWarning","filename":"/opt/airflow/dags/branch_pipeline.py","lineno":3,"logger":"py.warnings"}
{"timestamp":"2026-02-13T07:09:35.305345Z","level":"info","event":"Filling up the DagBag from /opt/airflow/dags/branch_pipeline.py","logger":"airflow.models.dagbag.BundleDagBag","filename":"dagbag.py","lineno":593}
{"timestamp":"2026-02-13T07:09:35.369386Z","level":"warning","event":"The `airflow.decorators.dag` attribute is deprecated. Please use `'airflow.sdk.dag'`.","category":"DeprecatedImportWarning","filename":"/opt/airflow/dags/branch_pipeline.py","lineno":1,"logger":"py.warnings"}
{"timestamp":"2026-02-13T07:09:35.369948Z","level":"warning","event":"The `airflow.decorators.task` attribute is deprecated. Please use `'airflow.sdk.task'`.","category":"DeprecatedImportWarning","filename":"/opt/airflow/dags/branch_pipeline.py","lineno":1,"logger":"py.warnings"}
{"timestamp":"2026-02-13T07:09:35.370150Z","level":"warning","event":"The `airflow.operators.python.BranchPythonOperator` attribute is deprecated. Please use `'airflow.providers.standard.operators.python.BranchPythonOperator'`.","category":"DeprecatedImportWarning","filename":"/opt/airflow/dags/branch_pipeline.py","lineno":2,"logger":"py.warnings"}
{"timestamp":"2026-02-13T07:09:35.370230Z","level":"warning","event":"The `airflow.operators.bash.BashOperator` attribute is deprecated. Please use `'airflow.providers.standard.operators.bash.BashOperator'`.","category":"DeprecatedImportWarning","filename":"/opt/airflow/dags/branch_pipeline.py","lineno":3,"logger":"py.warnings"}
{"timestamp":"2026-02-13T07:10:05.723857Z","level":"info","event":"Filling up the DagBag from /opt/airflow/dags/branch_pipeline.py","logger":"airflow.models.dagbag.BundleDagBag","filename":"dagbag.py","lineno":593}
{"timestamp":"2026-02-13T07:10:05.810295Z","level":"warning","event":"The `airflow.decorators.dag` attribute is deprecated. Please use `'airflow.sdk.dag'`.","category":"DeprecatedImportWarning","filename":"/opt/airflow/dags/branch_pipeline.py","lineno":1,"logger":"py.warnings"}
{"timestamp":"2026-02-13T07:10:05.810602Z","level":"warning","event":"The `airflow.decorators.task` attribute is deprecated. Please use `'airflow.sdk.task'`.","category":"DeprecatedImportWarning","filename":"/opt/airflow/dags/branch_pipeline.py","lineno":1,"logger":"py.warnings"}
{"timestamp":"2026-02-13T07:10:05.810725Z","level":"warning","event":"The `airflow.operators.python.BranchPythonOperator` attribute is deprecated. Please use `'airflow.providers.standard.operators.python.BranchPythonOperator'`.","category":"DeprecatedImportWarning","filename":"/opt/airflow/dags/branch_pipeline.py","lineno":2,"logger":"py.warnings"}
{"timestamp":"2026-02-13T07:10:05.810815Z","level":"warning","event":"The `airflow.operators.bash.BashOperator` attribute is deprecated. Please use `'airflow.providers.standard.operators.bash.BashOperator'`.","category":"DeprecatedImportWarning","filename":"/opt/airflow/dags/branch_pipeline.py","lineno":3,"logger":"py.warnings"}
{"timestamp":"2026-02-13T07:10:36.123140Z","level":"info","event":"Filling up the DagBag from /opt/airflow/dags/branch_pipeline.py","logger":"airflow.models.dagbag.BundleDagBag","filename":"dagbag.py","lineno":593}
{"timestamp":"2026-02-13T07:10:36.193540Z","level":"warning","event":"The `airflow.decorators.dag` attribute is deprecated. Please use `'airflow.sdk.dag'`.","category":"DeprecatedImportWarning","filename":"/opt/airflow/dags/branch_pipeline.py","lineno":1,"logger":"py.warnings"}
{"timestamp":"2026-02-13T07:10:36.193818Z","level":"warning","event":"The `airflow.decorators.task` attribute is deprecated. Please use `'airflow.sdk.task'`.","category":"DeprecatedImportWarning","filename":"/opt/airflow/dags/branch_pipeline.py","lineno":1,"logger":"py.warnings"}
{"timestamp":"2026-02-13T07:10:36.193962Z","level":"warning","event":"The `airflow.operators.python.BranchPythonOperator` attribute is deprecated. Please use `'airflow.providers.standard.operators.python.BranchPythonOperator'`.","category":"DeprecatedImportWarning","filename":"/opt/airflow/dags/branch_pipeline.py","lineno":2,"logger":"py.warnings"}
{"timestamp":"2026-02-13T07:10:36.194059Z","level":"warning","event":"The `airflow.operators.bash.BashOperator` attribute is deprecated. Please use `'airflow.providers.standard.operators.bash.BashOperator'`.","category":"DeprecatedImportWarning","filename":"/opt/airflow/dags/branch_pipeline.py","lineno":3,"logger":"py.warnings"}
{"timestamp":"2026-02-13T07:11:06.659698Z","level":"info","event":"Filling up the DagBag from /opt/airflow/dags/branch_pipeline.py","logger":"airflow.models.dagbag.BundleDagBag","filename":"dagbag.py","lineno":593}
{"timestamp":"2026-02-13T07:11:06.905228Z","level":"warning","event":"The `airflow.decorators.dag` attribute is deprecated. Please use `'airflow.sdk.dag'`.","category":"DeprecatedImportWarning","filename":"/opt/airflow/dags/branch_pipeline.py","lineno":1,"logger":"py.warnings"}
{"timestamp":"2026-02-13T07:11:06.905499Z","level":"warning","event":"The `airflow.decorators.task` attribute is deprecated. Please use `'airflow.sdk.task'`.","category":"DeprecatedImportWarning","filename":"/opt/airflow/dags/branch_pipeline.py","lineno":1,"logger":"py.warnings"}
{"timestamp":"2026-02-13T07:11:06.905592Z","level":"warning","event":"The `airflow.operators.python.BranchPythonOperator` attribute is deprecated. Please use `'airflow.providers.standard.operators.python.BranchPythonOperator'`.","category":"DeprecatedImportWarning","filename":"/opt/airflow/dags/branch_pipeline.py","lineno":2,"logger":"py.warnings"}
{"timestamp":"2026-02-13T07:11:06.905703Z","level":"warning","event":"The `airflow.operators.bash.BashOperator` attribute is deprecated. Please use `'airflow.providers.standard.operators.bash.BashOperator'`.","category":"DeprecatedImportWarning","filename":"/opt/airflow/dags/branch_pipeline.py","lineno":3,"logger":"py.warnings"}
{"timestamp":"2026-02-13T07:11:37.513553Z","level":"info","event":"Filling up the DagBag from /opt/airflow/dags/branch_pipeline.py","logger":"airflow.models.dagbag.BundleDagBag","filename":"dagbag.py","lineno":593}
{"timestamp":"2026-02-13T07:11:37.575670Z","level":"warning","event":"The `airflow.decorators.dag` attribute is deprecated. Please use `'airflow.sdk.dag'`.","category":"DeprecatedImportWarning","filename":"/opt/airflow/dags/branch_pipeline.py","lineno":1,"logger":"py.warnings"}
{"timestamp":"2026-02-13T07:11:37.575897Z","level":"warning","event":"The `airflow.decorators.task` attribute is deprecated. Please use `'airflow.sdk.task'`.","category":"DeprecatedImportWarning","filename":"/opt/airflow/dags/branch_pipeline.py","lineno":1,"logger":"py.warnings"}
{"timestamp":"2026-02-13T07:11:37.575981Z","level":"warning","event":"The `airflow.operators.python.BranchPythonOperator` attribute is deprecated. Please use `'airflow.providers.standard.operators.python.BranchPythonOperator'`.","category":"DeprecatedImportWarning","filename":"/opt/airflow/dags/branch_pipeline.py","lineno":2,"logger":"py.warnings"}
{"timestamp":"2026-02-13T07:11:37.576043Z","level":"warning","event":"The `airflow.operators.bash.BashOperator` attribute is deprecated. Please use `'airflow.providers.standard.operators.bash.BashOperator'`.","category":"DeprecatedImportWarning","filename":"/opt/airflow/dags/branch_pipeline.py","lineno":3,"logger":"py.warnings"}
{"timestamp":"2026-02-13T07:12:08.376196Z","level":"info","event":"Filling up the DagBag from /opt/airflow/dags/branch_pipeline.py","logger":"airflow.models.dagbag.BundleDagBag","filename":"dagbag.py","lineno":593}
{"timestamp":"2026-02-13T07:12:08.475108Z","level":"warning","event":"The `airflow.decorators.dag` attribute is deprecated. Please use `'airflow.sdk.dag'`.","category":"DeprecatedImportWarning","filename":"/opt/airflow/dags/branch_pipeline.py","lineno":1,"logger":"py.warnings"}
{"timestamp":"2026-02-13T07:12:08.475467Z","level":"warning","event":"The `airflow.decorators.task` attribute is deprecated. Please use `'airflow.sdk.task'`.","category":"DeprecatedImportWarning","filename":"/opt/airflow/dags/branch_pipeline.py","lineno":1,"logger":"py.warnings"}
{"timestamp":"2026-02-13T07:12:08.475589Z","level":"warning","event":"The `airflow.operators.python.BranchPythonOperator` attribute is deprecated. Please use `'airflow.providers.standard.operators.python.BranchPythonOperator'`.","category":"DeprecatedImportWarning","filename":"/opt/airflow/dags/branch_pipeline.py","lineno":2,"logger":"py.warnings"}
{"timestamp":"2026-02-13T07:12:08.475659Z","level":"warning","event":"The `airflow.operators.bash.BashOperator` attribute is deprecated. Please use `'airflow.providers.standard.operators.bash.BashOperator'`.","category":"DeprecatedImportWarning","filename":"/opt/airflow/dags/branch_pipeline.py","lineno":3,"logger":"py.warnings"}
{"timestamp":"2026-02-13T07:12:38.935455Z","level":"info","event":"Filling up the DagBag from /opt/airflow/dags/branch_pipeline.py","logger":"airflow.models.dagbag.BundleDagBag","filename":"dagbag.py","lineno":593}
{"timestamp":"2026-02-13T07:12:39.023132Z","level":"warning","event":"The `airflow.decorators.dag` attribute is deprecated. Please use `'airflow.sdk.dag'`.","category":"DeprecatedImportWarning","filename":"/opt/airflow/dags/branch_pipeline.py","lineno":1,"logger":"py.warnings"}
{"timestamp":"2026-02-13T07:12:39.023529Z","level":"warning","event":"The `airflow.decorators.task` attribute is deprecated. Please use `'airflow.sdk.task'`.","category":"DeprecatedImportWarning","filename":"/opt/airflow/dags/branch_pipeline.py","lineno":1,"logger":"py.warnings"}
{"timestamp":"2026-02-13T07:12:39.023716Z","level":"warning","event":"The `airflow.operators.python.BranchPythonOperator` attribute is deprecated. Please use `'airflow.providers.standard.operators.python.BranchPythonOperator'`.","category":"DeprecatedImportWarning","filename":"/opt/airflow/dags/branch_pipeline.py","lineno":2,"logger":"py.warnings"}
{"timestamp":"2026-02-13T07:12:39.023867Z","level":"warning","event":"The `airflow.operators.bash.BashOperator` attribute is deprecated. Please use `'airflow.providers.standard.operators.bash.BashOperator'`.","category":"DeprecatedImportWarning","filename":"/opt/airflow/dags/branch_pipeline.py","lineno":3,"logger":"py.warnings"}
{"timestamp":"2026-02-13T07:13:09.303833Z","level":"info","event":"Filling up the DagBag from /opt/airflow/dags/branch_pipeline.py","logger":"airflow.models.dagbag.BundleDagBag","filename":"dagbag.py","lineno":593}
{"timestamp":"2026-02-13T07:13:09.387356Z","level":"warning","event":"The `airflow.decorators.dag` attribute is deprecated. Please use `'airflow.sdk.dag'`.","category":"DeprecatedImportWarning","filename":"/opt/airflow/dags/branch_pipeline.py","lineno":1,"logger":"py.warnings"}
{"timestamp":"2026-02-13T07:13:09.387620Z","level":"warning","event":"The `airflow.decorators.task` attribute is deprecated. Please use `'airflow.sdk.task'`.","category":"DeprecatedImportWarning","filename":"/opt/airflow/dags/branch_pipeline.py","lineno":1,"logger":"py.warnings"}
{"timestamp":"2026-02-13T07:13:09.387728Z","level":"warning","event":"The `airflow.operators.python.BranchPythonOperator` attribute is deprecated. Please use `'airflow.providers.standard.operators.python.BranchPythonOperator'`.","category":"DeprecatedImportWarning","filename":"/opt/airflow/dags/branch_pipeline.py","lineno":2,"logger":"py.warnings"}
{"timestamp":"2026-02-13T07:13:09.387805Z","level":"warning","event":"The `airflow.operators.bash.BashOperator` attribute is deprecated. Please use `'airflow.providers.standard.operators.bash.BashOperator'`.","category":"DeprecatedImportWarning","filename":"/opt/airflow/dags/branch_pipeline.py","lineno":3,"logger":"py.warnings"}
{"timestamp":"2026-02-13T07:13:39.756460Z","level":"info","event":"Filling up the DagBag from /opt/airflow/dags/branch_pipeline.py","logger":"airflow.models.dagbag.BundleDagBag","filename":"dagbag.py","lineno":593}
{"timestamp":"2026-02-13T07:13:39.836194Z","level":"warning","event":"The `airflow.decorators.dag` attribute is deprecated. Please use `'airflow.sdk.dag'`.","category":"DeprecatedImportWarning","filename":"/opt/airflow/dags/branch_pipeline.py","lineno":1,"logger":"py.warnings"}
{"timestamp":"2026-02-13T07:13:39.836541Z","level":"warning","event":"The `airflow.decorators.task` attribute is deprecated. Please use `'airflow.sdk.task'`.","category":"DeprecatedImportWarning","filename":"/opt/airflow/dags/branch_pipeline.py","lineno":1,"logger":"py.warnings"}
{"timestamp":"2026-02-13T07:13:39.836693Z","level":"warning","event":"The `airflow.operators.python.BranchPythonOperator` attribute is deprecated. Please use `'airflow.providers.standard.operators.python.BranchPythonOperator'`.","category":"DeprecatedImportWarning","filename":"/opt/airflow/dags/branch_pipeline.py","lineno":2,"logger":"py.warnings"}
{"timestamp":"2026-02-13T07:13:39.836797Z","level":"warning","event":"The `airflow.operators.bash.BashOperator` attribute is deprecated. Please use `'airflow.providers.standard.operators.bash.BashOperator'`.","category":"DeprecatedImportWarning","filename":"/opt/airflow/dags/branch_pipeline.py","lineno":3,"logger":"py.warnings"}
{"timestamp":"2026-02-13T07:14:10.859237Z","level":"info","event":"Filling up the DagBag from /opt/airflow/dags/branch_pipeline.py","logger":"airflow.models.dagbag.BundleDagBag","filename":"dagbag.py","lineno":593}
{"timestamp":"2026-02-13T07:14:10.929633Z","level":"warning","event":"The `airflow.decorators.dag` attribute is deprecated. Please use `'airflow.sdk.dag'`.","category":"DeprecatedImportWarning","filename":"/opt/airflow/dags/branch_pipeline.py","lineno":1,"logger":"py.warnings"}
{"timestamp":"2026-02-13T07:14:10.930008Z","level":"warning","event":"The `airflow.decorators.task` attribute is deprecated. Please use `'airflow.sdk.task'`.","category":"DeprecatedImportWarning","filename":"/opt/airflow/dags/branch_pipeline.py","lineno":1,"logger":"py.warnings"}
{"timestamp":"2026-02-13T07:14:10.930157Z","level":"warning","event":"The `airflow.operators.python.BranchPythonOperator` attribute is deprecated. Please use `'airflow.providers.standard.operators.python.BranchPythonOperator'`.","category":"DeprecatedImportWarning","filename":"/opt/airflow/dags/branch_pipeline.py","lineno":2,"logger":"py.warnings"}
{"timestamp":"2026-02-13T07:14:10.930262Z","level":"warning","event":"The `airflow.operators.bash.BashOperator` attribute is deprecated. Please use `'airflow.providers.standard.operators.bash.BashOperator'`.","category":"DeprecatedImportWarning","filename":"/opt/airflow/dags/branch_pipeline.py","lineno":3,"logger":"py.warnings"}
{"timestamp":"2026-02-13T07:14:41.386215Z","level":"info","event":"Filling up the DagBag from /opt/airflow/dags/branch_pipeline.py","logger":"airflow.models.dagbag.BundleDagBag","filename":"dagbag.py","lineno":593}
{"timestamp":"2026-02-13T07:14:41.450711Z","level":"warning","event":"The `airflow.decorators.dag` attribute is deprecated. Please use `'airflow.sdk.dag'`.","category":"DeprecatedImportWarning","filename":"/opt/airflow/dags/branch_pipeline.py","lineno":1,"logger":"py.warnings"}
{"timestamp":"2026-02-13T07:14:41.450951Z","level":"warning","event":"The `airflow.decorators.task` attribute is deprecated. Please use `'airflow.sdk.task'`.","category":"DeprecatedImportWarning","filename":"/opt/airflow/dags/branch_pipeline.py","lineno":1,"logger":"py.warnings"}
{"timestamp":"2026-02-13T07:14:41.451040Z","level":"warning","event":"The `airflow.operators.python.BranchPythonOperator` attribute is deprecated. Please use `'airflow.providers.standard.operators.python.BranchPythonOperator'`.","category":"DeprecatedImportWarning","filename":"/opt/airflow/dags/branch_pipeline.py","lineno":2,"logger":"py.warnings"}
{"timestamp":"2026-02-13T07:14:41.451107Z","level":"warning","event":"The `airflow.operators.bash.BashOperator` attribute is deprecated. Please use `'airflow.providers.standard.operators.bash.BashOperator'`.","category":"DeprecatedImportWarning","filename":"/opt/airflow/dags/branch_pipeline.py","lineno":3,"logger":"py.warnings"}
{"timestamp":"2026-02-13T07:15:13.034018Z","level":"info","event":"Filling up the DagBag from /opt/airflow/dags/branch_pipeline.py","logger":"airflow.models.dagbag.BundleDagBag","filename":"dagbag.py","lineno":593}
{"timestamp":"2026-02-13T07:15:13.109342Z","level":"warning","event":"The `airflow.decorators.dag` attribute is deprecated. Please use `'airflow.sdk.dag'`.","category":"DeprecatedImportWarning","filename":"/opt/airflow/dags/branch_pipeline.py","lineno":1,"logger":"py.warnings"}
{"timestamp":"2026-02-13T07:15:13.109714Z","level":"warning","event":"The `airflow.decorators.task` attribute is deprecated. Please use `'airflow.sdk.task'`.","category":"DeprecatedImportWarning","filename":"/opt/airflow/dags/branch_pipeline.py","lineno":1,"logger":"py.warnings"}
{"timestamp":"2026-02-13T07:15:13.109886Z","level":"warning","event":"The `airflow.operators.python.BranchPythonOperator` attribute is deprecated. Please use `'airflow.providers.standard.operators.python.BranchPythonOperator'`.","category":"DeprecatedImportWarning","filename":"/opt/airflow/dags/branch_pipeline.py","lineno":2,"logger":"py.warnings"}
{"timestamp":"2026-02-13T07:15:13.110008Z","level":"warning","event":"The `airflow.operators.bash.BashOperator` attribute is deprecated. Please use `'airflow.providers.standard.operators.bash.BashOperator'`.","category":"DeprecatedImportWarning","filename":"/opt/airflow/dags/branch_pipeline.py","lineno":3,"logger":"py.warnings"}
{"timestamp":"2026-02-13T07:15:43.601474Z","level":"info","event":"Filling up the DagBag from /opt/airflow/dags/branch_pipeline.py","logger":"airflow.models.dagbag.BundleDagBag","filename":"dagbag.py","lineno":593}
{"timestamp":"2026-02-13T07:15:43.745066Z","level":"warning","event":"The `airflow.decorators.dag` attribute is deprecated. Please use `'airflow.sdk.dag'`.","category":"DeprecatedImportWarning","filename":"/opt/airflow/dags/branch_pipeline.py","lineno":1,"logger":"py.warnings"}
{"timestamp":"2026-02-13T07:15:43.745563Z","level":"warning","event":"The `airflow.decorators.task` attribute is deprecated. Please use `'airflow.sdk.task'`.","category":"DeprecatedImportWarning","filename":"/opt/airflow/dags/branch_pipeline.py","lineno":1,"logger":"py.warnings"}
{"timestamp":"2026-02-13T07:15:43.745728Z","level":"warning","event":"The `airflow.operators.python.BranchPythonOperator` attribute is deprecated. Please use `'airflow.providers.standard.operators.python.BranchPythonOperator'`.","category":"DeprecatedImportWarning","filename":"/opt/airflow/dags/branch_pipeline.py","lineno":2,"logger":"py.warnings"}
{"timestamp":"2026-02-13T07:15:43.745855Z","level":"warning","event":"The `airflow.operators.bash.BashOperator` attribute is deprecated. Please use `'airflow.providers.standard.operators.bash.BashOperator'`.","category":"DeprecatedImportWarning","filename":"/opt/airflow/dags/branch_pipeline.py","lineno":3,"logger":"py.warnings"}
{"timestamp":"2026-02-13T07:16:14.863542Z","level":"info","event":"Filling up the DagBag from /opt/airflow/dags/branch_pipeline.py","logger":"airflow.models.dagbag.BundleDagBag","filename":"dagbag.py","lineno":593}
{"timestamp":"2026-02-13T07:16:14.925012Z","level":"warning","event":"The `airflow.decorators.dag` attribute is deprecated. Please use `'airflow.sdk.dag'`.","category":"DeprecatedImportWarning","filename":"/opt/airflow/dags/branch_pipeline.py","lineno":1,"logger":"py.warnings"}
{"timestamp":"2026-02-13T07:16:14.925494Z","level":"warning","event":"The `airflow.decorators.task` attribute is deprecated. Please use `'airflow.sdk.task'`.","category":"DeprecatedImportWarning","filename":"/opt/airflow/dags/branch_pipeline.py","lineno":1,"logger":"py.warnings"}
{"timestamp":"2026-02-13T07:16:14.925611Z","level":"warning","event":"The `airflow.operators.python.BranchPythonOperator` attribute is deprecated. Please use `'airflow.providers.standard.operators.python.BranchPythonOperator'`.","category":"DeprecatedImportWarning","filename":"/opt/airflow/dags/branch_pipeline.py","lineno":2,"logger":"py.warnings"}
{"timestamp":"2026-02-13T07:16:14.925681Z","level":"warning","event":"The `airflow.operators.bash.BashOperator` attribute is deprecated. Please use `'airflow.providers.standard.operators.bash.BashOperator'`.","category":"DeprecatedImportWarning","filename":"/opt/airflow/dags/branch_pipeline.py","lineno":3,"logger":"py.warnings"}
{"timestamp":"2026-02-13T07:16:45.708388Z","level":"info","event":"Filling up the DagBag from /opt/airflow/dags/branch_pipeline.py","logger":"airflow.models.dagbag.BundleDagBag","filename":"dagbag.py","lineno":593}
{"timestamp":"2026-02-13T07:16:45.780836Z","level":"warning","event":"The `airflow.decorators.dag` attribute is deprecated. Please use `'airflow.sdk.dag'`.","category":"DeprecatedImportWarning","filename":"/opt/airflow/dags/branch_pipeline.py","lineno":1,"logger":"py.warnings"}
{"timestamp":"2026-02-13T07:16:45.781176Z","level":"warning","event":"The `airflow.decorators.task` attribute is deprecated. Please use `'airflow.sdk.task'`.","category":"DeprecatedImportWarning","filename":"/opt/airflow/dags/branch_pipeline.py","lineno":1,"logger":"py.warnings"}
{"timestamp":"2026-02-13T07:16:45.781443Z","level":"warning","event":"The `airflow.operators.python.BranchPythonOperator` attribute is deprecated. Please use `'airflow.providers.standard.operators.python.BranchPythonOperator'`.","category":"DeprecatedImportWarning","filename":"/opt/airflow/dags/branch_pipeline.py","lineno":2,"logger":"py.warnings"}
{"timestamp":"2026-02-13T07:16:45.781877Z","level":"warning","event":"The `airflow.operators.bash.BashOperator` attribute is deprecated. Please use `'airflow.providers.standard.operators.bash.BashOperator'`.","category":"DeprecatedImportWarning","filename":"/opt/airflow/dags/branch_pipeline.py","lineno":3,"logger":"py.warnings"}
{"timestamp":"2026-02-13T07:17:16.679737Z","level":"info","event":"Filling up the DagBag from /opt/airflow/dags/branch_pipeline.py","logger":"airflow.models.dagbag.BundleDagBag","filename":"dagbag.py","lineno":593}
{"timestamp":"2026-02-13T07:17:16.753849Z","level":"warning","event":"The `airflow.decorators.dag` attribute is deprecated. Please use `'airflow.sdk.dag'`.","category":"DeprecatedImportWarning","filename":"/opt/airflow/dags/branch_pipeline.py","lineno":1,"logger":"py.warnings"}
{"timestamp":"2026-02-13T07:17:16.754197Z","level":"warning","event":"The `airflow.decorators.task` attribute is deprecated. Please use `'airflow.sdk.task'`.","category":"DeprecatedImportWarning","filename":"/opt/airflow/dags/branch_pipeline.py","lineno":1,"logger":"py.warnings"}
{"timestamp":"2026-02-13T07:17:16.754378Z","level":"warning","event":"The `airflow.operators.python.BranchPythonOperator` attribute is deprecated. Please use `'airflow.providers.standard.operators.python.BranchPythonOperator'`.","category":"DeprecatedImportWarning","filename":"/opt/airflow/dags/branch_pipeline.py","lineno":2,"logger":"py.warnings"}
{"timestamp":"2026-02-13T07:17:16.754730Z","level":"warning","event":"The `airflow.operators.bash.BashOperator` attribute is deprecated. Please use `'airflow.providers.standard.operators.bash.BashOperator'`.","category":"DeprecatedImportWarning","filename":"/opt/airflow/dags/branch_pipeline.py","lineno":3,"logger":"py.warnings"}
{"timestamp":"2026-02-13T07:17:47.155282Z","level":"info","event":"Filling up the DagBag from /opt/airflow/dags/branch_pipeline.py","logger":"airflow.models.dagbag.BundleDagBag","filename":"dagbag.py","lineno":593}
{"timestamp":"2026-02-13T07:17:47.218541Z","level":"warning","event":"The `airflow.decorators.dag` attribute is deprecated. Please use `'airflow.sdk.dag'`.","category":"DeprecatedImportWarning","filename":"/opt/airflow/dags/branch_pipeline.py","lineno":1,"logger":"py.warnings"}
{"timestamp":"2026-02-13T07:17:47.218947Z","level":"warning","event":"The `airflow.decorators.task` attribute is deprecated. Please use `'airflow.sdk.task'`.","category":"DeprecatedImportWarning","filename":"/opt/airflow/dags/branch_pipeline.py","lineno":1,"logger":"py.warnings"}
{"timestamp":"2026-02-13T07:17:47.219124Z","level":"warning","event":"The `airflow.operators.python.BranchPythonOperator` attribute is deprecated. Please use `'airflow.providers.standard.operators.python.BranchPythonOperator'`.","category":"DeprecatedImportWarning","filename":"/opt/airflow/dags/branch_pipeline.py","lineno":2,"logger":"py.warnings"}
{"timestamp":"2026-02-13T07:17:47.219353Z","level":"warning","event":"The `airflow.operators.bash.BashOperator` attribute is deprecated. Please use `'airflow.providers.standard.operators.bash.BashOperator'`.","category":"DeprecatedImportWarning","filename":"/opt/airflow/dags/branch_pipeline.py","lineno":3,"logger":"py.warnings"}
{"timestamp":"2026-02-13T07:18:18.206624Z","level":"info","event":"Filling up the DagBag from /opt/airflow/dags/branch_pipeline.py","logger":"airflow.models.dagbag.BundleDagBag","filename":"dagbag.py","lineno":593}
{"timestamp":"2026-02-13T07:18:18.306650Z","level":"warning","event":"The `airflow.decorators.dag` attribute is deprecated. Please use `'airflow.sdk.dag'`.","category":"DeprecatedImportWarning","filename":"/opt/airflow/dags/branch_pipeline.py","lineno":1,"logger":"py.warnings"}
{"timestamp":"2026-02-13T07:18:18.306893Z","level":"warning","event":"The `airflow.decorators.task` attribute is deprecated. Please use `'airflow.sdk.task'`.","category":"DeprecatedImportWarning","filename":"/opt/airflow/dags/branch_pipeline.py","lineno":1,"logger":"py.warnings"}
{"timestamp":"2026-02-13T07:18:18.307004Z","level":"warning","event":"The `airflow.operators.python.BranchPythonOperator` attribute is deprecated. Please use `'airflow.providers.standard.operators.python.BranchPythonOperator'`.","category":"DeprecatedImportWarning","filename":"/opt/airflow/dags/branch_pipeline.py","lineno":2,"logger":"py.warnings"}
{"timestamp":"2026-02-13T07:18:18.307096Z","level":"warning","event":"The `airflow.operators.bash.BashOperator` attribute is deprecated. Please use `'airflow.providers.standard.operators.bash.BashOperator'`.","category":"DeprecatedImportWarning","filename":"/opt/airflow/dags/branch_pipeline.py","lineno":3,"logger":"py.warnings"}
{"timestamp":"2026-02-13T07:18:48.623537Z","level":"info","event":"Filling up the DagBag from /opt/airflow/dags/branch_pipeline.py","logger":"airflow.models.dagbag.BundleDagBag","filename":"dagbag.py","lineno":593}
{"timestamp":"2026-02-13T07:18:48.684495Z","level":"warning","event":"The `airflow.decorators.dag` attribute is deprecated. Please use `'airflow.sdk.dag'`.","category":"DeprecatedImportWarning","filename":"/opt/airflow/dags/branch_pipeline.py","lineno":1,"logger":"py.warnings"}
{"timestamp":"2026-02-13T07:18:48.684763Z","level":"warning","event":"The `airflow.decorators.task` attribute is deprecated. Please use `'airflow.sdk.task'`.","category":"DeprecatedImportWarning","filename":"/opt/airflow/dags/branch_pipeline.py","lineno":1,"logger":"py.warnings"}
{"timestamp":"2026-02-13T07:18:48.684907Z","level":"warning","event":"The `airflow.operators.python.BranchPythonOperator` attribute is deprecated. Please use `'airflow.providers.standard.operators.python.BranchPythonOperator'`.","category":"DeprecatedImportWarning","filename":"/opt/airflow/dags/branch_pipeline.py","lineno":2,"logger":"py.warnings"}
{"timestamp":"2026-02-13T07:18:48.685076Z","level":"warning","event":"The `airflow.operators.bash.BashOperator` attribute is deprecated. Please use `'airflow.providers.standard.operators.bash.BashOperator'`.","category":"DeprecatedImportWarning","filename":"/opt/airflow/dags/branch_pipeline.py","lineno":3,"logger":"py.warnings"}
{"timestamp":"2026-02-13T07:19:19.572388Z","level":"info","event":"Filling up the DagBag from /opt/airflow/dags/branch_pipeline.py","logger":"airflow.models.dagbag.BundleDagBag","filename":"dagbag.py","lineno":593}
{"timestamp":"2026-02-13T07:19:19.924998Z","level":"warning","event":"The `airflow.decorators.dag` attribute is deprecated. Please use `'airflow.sdk.dag'`.","category":"DeprecatedImportWarning","filename":"/opt/airflow/dags/branch_pipeline.py","lineno":1,"logger":"py.warnings"}
{"timestamp":"2026-02-13T07:19:19.925954Z","level":"warning","event":"The `airflow.decorators.task` attribute is deprecated. Please use `'airflow.sdk.task'`.","category":"DeprecatedImportWarning","filename":"/opt/airflow/dags/branch_pipeline.py","lineno":1,"logger":"py.warnings"}
{"timestamp":"2026-02-13T07:19:19.926440Z","level":"warning","event":"The `airflow.operators.python.BranchPythonOperator` attribute is deprecated. Please use `'airflow.providers.standard.operators.python.BranchPythonOperator'`.","category":"DeprecatedImportWarning","filename":"/opt/airflow/dags/branch_pipeline.py","lineno":2,"logger":"py.warnings"}
{"timestamp":"2026-02-13T07:19:19.926794Z","level":"warning","event":"The `airflow.operators.bash.BashOperator` attribute is deprecated. Please use `'airflow.providers.standard.operators.bash.BashOperator'`.","category":"DeprecatedImportWarning","filename":"/opt/airflow/dags/branch_pipeline.py","lineno":3,"logger":"py.warnings"}
{"timestamp":"2026-02-13T07:19:50.598923Z","level":"info","event":"Filling up the DagBag from /opt/airflow/dags/branch_pipeline.py","logger":"airflow.models.dagbag.BundleDagBag","filename":"dagbag.py","lineno":593}
{"timestamp":"2026-02-13T07:19:50.686621Z","level":"warning","event":"The `airflow.decorators.dag` attribute is deprecated. Please use `'airflow.sdk.dag'`.","category":"DeprecatedImportWarning","filename":"/opt/airflow/dags/branch_pipeline.py","lineno":1,"logger":"py.warnings"}
{"timestamp":"2026-02-13T07:19:50.687134Z","level":"warning","event":"The `airflow.decorators.task` attribute is deprecated. Please use `'airflow.sdk.task'`.","category":"DeprecatedImportWarning","filename":"/opt/airflow/dags/branch_pipeline.py","lineno":1,"logger":"py.warnings"}
{"timestamp":"2026-02-13T07:19:50.687317Z","level":"warning","event":"The `airflow.operators.python.BranchPythonOperator` attribute is deprecated. Please use `'airflow.providers.standard.operators.python.BranchPythonOperator'`.","category":"DeprecatedImportWarning","filename":"/opt/airflow/dags/branch_pipeline.py","lineno":2,"logger":"py.warnings"}
{"timestamp":"2026-02-13T07:19:50.687471Z","level":"warning","event":"The `airflow.operators.bash.BashOperator` attribute is deprecated. Please use `'airflow.providers.standard.operators.bash.BashOperator'`.","category":"DeprecatedImportWarning","filename":"/opt/airflow/dags/branch_pipeline.py","lineno":3,"logger":"py.warnings"}
{"timestamp":"2026-02-13T07:20:21.693064Z","level":"info","event":"Filling up the DagBag from /opt/airflow/dags/branch_pipeline.py","logger":"airflow.models.dagbag.BundleDagBag","filename":"dagbag.py","lineno":593}
{"timestamp":"2026-02-13T07:20:21.768849Z","level":"warning","event":"The `airflow.decorators.dag` attribute is deprecated. Please use `'airflow.sdk.dag'`.","category":"DeprecatedImportWarning","filename":"/opt/airflow/dags/branch_pipeline.py","lineno":1,"logger":"py.warnings"}
{"timestamp":"2026-02-13T07:20:21.769132Z","level":"warning","event":"The `airflow.decorators.task` attribute is deprecated. Please use `'airflow.sdk.task'`.","category":"DeprecatedImportWarning","filename":"/opt/airflow/dags/branch_pipeline.py","lineno":1,"logger":"py.warnings"}
{"timestamp":"2026-02-13T07:20:21.769274Z","level":"warning","event":"The `airflow.operators.python.BranchPythonOperator` attribute is deprecated. Please use `'airflow.providers.standard.operators.python.BranchPythonOperator'`.","category":"DeprecatedImportWarning","filename":"/opt/airflow/dags/branch_pipeline.py","lineno":2,"logger":"py.warnings"}
{"timestamp":"2026-02-13T07:20:21.769401Z","level":"warning","event":"The `airflow.operators.bash.BashOperator` attribute is deprecated. Please use `'airflow.providers.standard.operators.bash.BashOperator'`.","category":"DeprecatedImportWarning","filename":"/opt/airflow/dags/branch_pipeline.py","lineno":3,"logger":"py.warnings"}
{"timestamp":"2026-02-13T07:20:52.031400Z","level":"info","event":"Filling up the DagBag from /opt/airflow/dags/branch_pipeline.py","logger":"airflow.models.dagbag.BundleDagBag","filename":"dagbag.py","lineno":593}
{"timestamp":"2026-02-13T07:20:52.102142Z","level":"warning","event":"The `airflow.decorators.dag` attribute is deprecated. Please use `'airflow.sdk.dag'`.","category":"DeprecatedImportWarning","filename":"/opt/airflow/dags/branch_pipeline.py","lineno":1,"logger":"py.warnings"}
{"timestamp":"2026-02-13T07:20:52.102426Z","level":"warning","event":"The `airflow.decorators.task` attribute is deprecated. Please use `'airflow.sdk.task'`.","category":"DeprecatedImportWarning","filename":"/opt/airflow/dags/branch_pipeline.py","lineno":1,"logger":"py.warnings"}
{"timestamp":"2026-02-13T07:20:52.102573Z","level":"warning","event":"The `airflow.operators.python.BranchPythonOperator` attribute is deprecated. Please use `'airflow.providers.standard.operators.python.BranchPythonOperator'`.","category":"DeprecatedImportWarning","filename":"/opt/airflow/dags/branch_pipeline.py","lineno":2,"logger":"py.warnings"}
{"timestamp":"2026-02-13T07:20:52.102670Z","level":"warning","event":"The `airflow.operators.bash.BashOperator` attribute is deprecated. Please use `'airflow.providers.standard.operators.bash.BashOperator'`.","category":"DeprecatedImportWarning","filename":"/opt/airflow/dags/branch_pipeline.py","lineno":3,"logger":"py.warnings"}
{"timestamp":"2026-02-13T07:21:22.576009Z","level":"info","event":"Filling up the DagBag from /opt/airflow/dags/branch_pipeline.py","logger":"airflow.models.dagbag.BundleDagBag","filename":"dagbag.py","lineno":593}
{"timestamp":"2026-02-13T07:21:22.665257Z","level":"warning","event":"The `airflow.decorators.dag` attribute is deprecated. Please use `'airflow.sdk.dag'`.","category":"DeprecatedImportWarning","filename":"/opt/airflow/dags/branch_pipeline.py","lineno":1,"logger":"py.warnings"}
{"timestamp":"2026-02-13T07:21:22.665557Z","level":"warning","event":"The `airflow.decorators.task` attribute is deprecated. Please use `'airflow.sdk.task'`.","category":"DeprecatedImportWarning","filename":"/opt/airflow/dags/branch_pipeline.py","lineno":1,"logger":"py.warnings"}
{"timestamp":"2026-02-13T07:21:22.665658Z","level":"warning","event":"The `airflow.operators.python.BranchPythonOperator` attribute is deprecated. Please use `'airflow.providers.standard.operators.python.BranchPythonOperator'`.","category":"DeprecatedImportWarning","filename":"/opt/airflow/dags/branch_pipeline.py","lineno":2,"logger":"py.warnings"}
{"timestamp":"2026-02-13T07:21:22.665724Z","level":"warning","event":"The `airflow.operators.bash.BashOperator` attribute is deprecated. Please use `'airflow.providers.standard.operators.bash.BashOperator'`.","category":"DeprecatedImportWarning","filename":"/opt/airflow/dags/branch_pipeline.py","lineno":3,"logger":"py.warnings"}
{"timestamp":"2026-02-13T07:21:53.210916Z","level":"info","event":"Filling up the DagBag from /opt/airflow/dags/branch_pipeline.py","logger":"airflow.models.dagbag.BundleDagBag","filename":"dagbag.py","lineno":593}
{"timestamp":"2026-02-13T07:21:53.302126Z","level":"warning","event":"The `airflow.decorators.dag` attribute is deprecated. Please use `'airflow.sdk.dag'`.","category":"DeprecatedImportWarning","filename":"/opt/airflow/dags/branch_pipeline.py","lineno":1,"logger":"py.warnings"}
{"timestamp":"2026-02-13T07:21:53.302591Z","level":"warning","event":"The `airflow.decorators.task` attribute is deprecated. Please use `'airflow.sdk.task'`.","category":"DeprecatedImportWarning","filename":"/opt/airflow/dags/branch_pipeline.py","lineno":1,"logger":"py.warnings"}
{"timestamp":"2026-02-13T07:21:53.302747Z","level":"warning","event":"The `airflow.operators.python.BranchPythonOperator` attribute is deprecated. Please use `'airflow.providers.standard.operators.python.BranchPythonOperator'`.","category":"DeprecatedImportWarning","filename":"/opt/airflow/dags/branch_pipeline.py","lineno":2,"logger":"py.warnings"}
{"timestamp":"2026-02-13T07:21:53.302869Z","level":"warning","event":"The `airflow.operators.bash.BashOperator` attribute is deprecated. Please use `'airflow.providers.standard.operators.bash.BashOperator'`.","category":"DeprecatedImportWarning","filename":"/opt/airflow/dags/branch_pipeline.py","lineno":3,"logger":"py.warnings"}
{"timestamp":"2026-02-13T07:22:23.680113Z","level":"info","event":"Filling up the DagBag from /opt/airflow/dags/branch_pipeline.py","logger":"airflow.models.dagbag.BundleDagBag","filename":"dagbag.py","lineno":593}
{"timestamp":"2026-02-13T07:22:23.768049Z","level":"warning","event":"The `airflow.decorators.dag` attribute is deprecated. Please use `'airflow.sdk.dag'`.","category":"DeprecatedImportWarning","filename":"/opt/airflow/dags/branch_pipeline.py","lineno":1,"logger":"py.warnings"}
{"timestamp":"2026-02-13T07:22:23.768328Z","level":"warning","event":"The `airflow.decorators.task` attribute is deprecated. Please use `'airflow.sdk.task'`.","category":"DeprecatedImportWarning","filename":"/opt/airflow/dags/branch_pipeline.py","lineno":1,"logger":"py.warnings"}
{"timestamp":"2026-02-13T07:22:23.768471Z","level":"warning","event":"The `airflow.operators.python.BranchPythonOperator` attribute is deprecated. Please use `'airflow.providers.standard.operators.python.BranchPythonOperator'`.","category":"DeprecatedImportWarning","filename":"/opt/airflow/dags/branch_pipeline.py","lineno":2,"logger":"py.warnings"}
{"timestamp":"2026-02-13T07:22:23.768576Z","level":"warning","event":"The `airflow.operators.bash.BashOperator` attribute is deprecated. Please use `'airflow.providers.standard.operators.bash.BashOperator'`.","category":"DeprecatedImportWarning","filename":"/opt/airflow/dags/branch_pipeline.py","lineno":3,"logger":"py.warnings"}
{"timestamp":"2026-02-13T07:22:54.503350Z","level":"info","event":"Filling up the DagBag from /opt/airflow/dags/branch_pipeline.py","logger":"airflow.models.dagbag.BundleDagBag","filename":"dagbag.py","lineno":593}
{"timestamp":"2026-02-13T07:22:54.599985Z","level":"warning","event":"The `airflow.decorators.dag` attribute is deprecated. Please use `'airflow.sdk.dag'`.","category":"DeprecatedImportWarning","filename":"/opt/airflow/dags/branch_pipeline.py","lineno":1,"logger":"py.warnings"}
{"timestamp":"2026-02-13T07:22:54.600484Z","level":"warning","event":"The `airflow.decorators.task` attribute is deprecated. Please use `'airflow.sdk.task'`.","category":"DeprecatedImportWarning","filename":"/opt/airflow/dags/branch_pipeline.py","lineno":1,"logger":"py.warnings"}
{"timestamp":"2026-02-13T07:22:54.600642Z","level":"warning","event":"The `airflow.operators.python.BranchPythonOperator` attribute is deprecated. Please use `'airflow.providers.standard.operators.python.BranchPythonOperator'`.","category":"DeprecatedImportWarning","filename":"/opt/airflow/dags/branch_pipeline.py","lineno":2,"logger":"py.warnings"}
{"timestamp":"2026-02-13T07:22:54.600828Z","level":"warning","event":"The `airflow.operators.bash.BashOperator` attribute is deprecated. Please use `'airflow.providers.standard.operators.bash.BashOperator'`.","category":"DeprecatedImportWarning","filename":"/opt/airflow/dags/branch_pipeline.py","lineno":3,"logger":"py.warnings"}
{"timestamp":"2026-02-13T07:23:25.252502Z","level":"info","event":"Filling up the DagBag from /opt/airflow/dags/branch_pipeline.py","logger":"airflow.models.dagbag.BundleDagBag","filename":"dagbag.py","lineno":593}
{"timestamp":"2026-02-13T07:23:25.365929Z","level":"warning","event":"The `airflow.decorators.dag` attribute is deprecated. Please use `'airflow.sdk.dag'`.","category":"DeprecatedImportWarning","filename":"/opt/airflow/dags/branch_pipeline.py","lineno":1,"logger":"py.warnings"}
{"timestamp":"2026-02-13T07:23:25.366404Z","level":"warning","event":"The `airflow.decorators.task` attribute is deprecated. Please use `'airflow.sdk.task'`.","category":"DeprecatedImportWarning","filename":"/opt/airflow/dags/branch_pipeline.py","lineno":1,"logger":"py.warnings"}
{"timestamp":"2026-02-13T07:23:25.366596Z","level":"warning","event":"The `airflow.operators.python.BranchPythonOperator` attribute is deprecated. Please use `'airflow.providers.standard.operators.python.BranchPythonOperator'`.","category":"DeprecatedImportWarning","filename":"/opt/airflow/dags/branch_pipeline.py","lineno":2,"logger":"py.warnings"}
{"timestamp":"2026-02-13T07:23:25.366753Z","level":"warning","event":"The `airflow.operators.bash.BashOperator` attribute is deprecated. Please use `'airflow.providers.standard.operators.bash.BashOperator'`.","category":"DeprecatedImportWarning","filename":"/opt/airflow/dags/branch_pipeline.py","lineno":3,"logger":"py.warnings"}
{"timestamp":"2026-02-13T07:23:55.997424Z","level":"info","event":"Filling up the DagBag from /opt/airflow/dags/branch_pipeline.py","logger":"airflow.models.dagbag.BundleDagBag","filename":"dagbag.py","lineno":593}
{"timestamp":"2026-02-13T07:23:56.112773Z","level":"warning","event":"The `airflow.decorators.dag` attribute is deprecated. Please use `'airflow.sdk.dag'`.","category":"DeprecatedImportWarning","filename":"/opt/airflow/dags/branch_pipeline.py","lineno":1,"logger":"py.warnings"}
{"timestamp":"2026-02-13T07:23:56.113318Z","level":"warning","event":"The `airflow.decorators.task` attribute is deprecated. Please use `'airflow.sdk.task'`.","category":"DeprecatedImportWarning","filename":"/opt/airflow/dags/branch_pipeline.py","lineno":1,"logger":"py.warnings"}
{"timestamp":"2026-02-13T07:23:56.113505Z","level":"warning","event":"The `airflow.operators.python.BranchPythonOperator` attribute is deprecated. Please use `'airflow.providers.standard.operators.python.BranchPythonOperator'`.","category":"DeprecatedImportWarning","filename":"/opt/airflow/dags/branch_pipeline.py","lineno":2,"logger":"py.warnings"}
{"timestamp":"2026-02-13T07:23:56.113640Z","level":"warning","event":"The `airflow.operators.bash.BashOperator` attribute is deprecated. Please use `'airflow.providers.standard.operators.bash.BashOperator'`.","category":"DeprecatedImportWarning","filename":"/opt/airflow/dags/branch_pipeline.py","lineno":3,"logger":"py.warnings"}
{"timestamp":"2026-02-13T07:24:26.518656Z","level":"info","event":"Filling up the DagBag from /opt/airflow/dags/branch_pipeline.py","logger":"airflow.models.dagbag.BundleDagBag","filename":"dagbag.py","lineno":593}
{"timestamp":"2026-02-13T07:24:26.613089Z","level":"warning","event":"The `airflow.decorators.dag` attribute is deprecated. Please use `'airflow.sdk.dag'`.","category":"DeprecatedImportWarning","filename":"/opt/airflow/dags/branch_pipeline.py","lineno":1,"logger":"py.warnings"}
{"timestamp":"2026-02-13T07:24:26.613459Z","level":"warning","event":"The `airflow.decorators.task` attribute is deprecated. Please use `'airflow.sdk.task'`.","category":"DeprecatedImportWarning","filename":"/opt/airflow/dags/branch_pipeline.py","lineno":1,"logger":"py.warnings"}
{"timestamp":"2026-02-13T07:24:26.613712Z","level":"warning","event":"The `airflow.operators.python.BranchPythonOperator` attribute is deprecated. Please use `'airflow.providers.standard.operators.python.BranchPythonOperator'`.","category":"DeprecatedImportWarning","filename":"/opt/airflow/dags/branch_pipeline.py","lineno":2,"logger":"py.warnings"}
{"timestamp":"2026-02-13T07:24:26.613865Z","level":"warning","event":"The `airflow.operators.bash.BashOperator` attribute is deprecated. Please use `'airflow.providers.standard.operators.bash.BashOperator'`.","category":"DeprecatedImportWarning","filename":"/opt/airflow/dags/branch_pipeline.py","lineno":3,"logger":"py.warnings"}
{"timestamp":"2026-02-13T07:24:56.931236Z","level":"info","event":"Filling up the DagBag from /opt/airflow/dags/branch_pipeline.py","logger":"airflow.models.dagbag.BundleDagBag","filename":"dagbag.py","lineno":593}
{"timestamp":"2026-02-13T07:24:56.992177Z","level":"warning","event":"The `airflow.decorators.dag` attribute is deprecated. Please use `'airflow.sdk.dag'`.","category":"DeprecatedImportWarning","filename":"/opt/airflow/dags/branch_pipeline.py","lineno":1,"logger":"py.warnings"}
{"timestamp":"2026-02-13T07:24:56.992545Z","level":"warning","event":"The `airflow.decorators.task` attribute is deprecated. Please use `'airflow.sdk.task'`.","category":"DeprecatedImportWarning","filename":"/opt/airflow/dags/branch_pipeline.py","lineno":1,"logger":"py.warnings"}
{"timestamp":"2026-02-13T07:24:56.992722Z","level":"warning","event":"The `airflow.operators.python.BranchPythonOperator` attribute is deprecated. Please use `'airflow.providers.standard.operators.python.BranchPythonOperator'`.","category":"DeprecatedImportWarning","filename":"/opt/airflow/dags/branch_pipeline.py","lineno":2,"logger":"py.warnings"}
{"timestamp":"2026-02-13T07:24:56.992836Z","level":"warning","event":"The `airflow.operators.bash.BashOperator` attribute is deprecated. Please use `'airflow.providers.standard.operators.bash.BashOperator'`.","category":"DeprecatedImportWarning","filename":"/opt/airflow/dags/branch_pipeline.py","lineno":3,"logger":"py.warnings"}
{"timestamp":"2026-02-13T07:25:27.556196Z","level":"info","event":"Filling up the DagBag from /opt/airflow/dags/branch_pipeline.py","logger":"airflow.models.dagbag.BundleDagBag","filename":"dagbag.py","lineno":593}
{"timestamp":"2026-02-13T07:25:27.637988Z","level":"warning","event":"The `airflow.decorators.dag` attribute is deprecated. Please use `'airflow.sdk.dag'`.","category":"DeprecatedImportWarning","filename":"/opt/airflow/dags/branch_pipeline.py","lineno":1,"logger":"py.warnings"}
{"timestamp":"2026-02-13T07:25:27.638309Z","level":"warning","event":"The `airflow.decorators.task` attribute is deprecated. Please use `'airflow.sdk.task'`.","category":"DeprecatedImportWarning","filename":"/opt/airflow/dags/branch_pipeline.py","lineno":1,"logger":"py.warnings"}
{"timestamp":"2026-02-13T07:25:27.638451Z","level":"warning","event":"The `airflow.operators.python.BranchPythonOperator` attribute is deprecated. Please use `'airflow.providers.standard.operators.python.BranchPythonOperator'`.","category":"DeprecatedImportWarning","filename":"/opt/airflow/dags/branch_pipeline.py","lineno":2,"logger":"py.warnings"}
{"timestamp":"2026-02-13T07:25:27.638562Z","level":"warning","event":"The `airflow.operators.bash.BashOperator` attribute is deprecated. Please use `'airflow.providers.standard.operators.bash.BashOperator'`.","category":"DeprecatedImportWarning","filename":"/opt/airflow/dags/branch_pipeline.py","lineno":3,"logger":"py.warnings"}
{"timestamp":"2026-02-13T07:25:58.059834Z","level":"info","event":"Filling up the DagBag from /opt/airflow/dags/branch_pipeline.py","logger":"airflow.models.dagbag.BundleDagBag","filename":"dagbag.py","lineno":593}
{"timestamp":"2026-02-13T07:25:58.142402Z","level":"warning","event":"The `airflow.decorators.dag` attribute is deprecated. Please use `'airflow.sdk.dag'`.","category":"DeprecatedImportWarning","filename":"/opt/airflow/dags/branch_pipeline.py","lineno":1,"logger":"py.warnings"}
{"timestamp":"2026-02-13T07:25:58.143093Z","level":"warning","event":"The `airflow.decorators.task` attribute is deprecated. Please use `'airflow.sdk.task'`.","category":"DeprecatedImportWarning","filename":"/opt/airflow/dags/branch_pipeline.py","lineno":1,"logger":"py.warnings"}
{"timestamp":"2026-02-13T07:25:58.143424Z","level":"warning","event":"The `airflow.operators.python.BranchPythonOperator` attribute is deprecated. Please use `'airflow.providers.standard.operators.python.BranchPythonOperator'`.","category":"DeprecatedImportWarning","filename":"/opt/airflow/dags/branch_pipeline.py","lineno":2,"logger":"py.warnings"}
{"timestamp":"2026-02-13T07:25:58.143564Z","level":"warning","event":"The `airflow.operators.bash.BashOperator` attribute is deprecated. Please use `'airflow.providers.standard.operators.bash.BashOperator'`.","category":"DeprecatedImportWarning","filename":"/opt/airflow/dags/branch_pipeline.py","lineno":3,"logger":"py.warnings"}
{"timestamp":"2026-02-13T07:26:29.095406Z","level":"info","event":"Filling up the DagBag from /opt/airflow/dags/branch_pipeline.py","logger":"airflow.models.dagbag.BundleDagBag","filename":"dagbag.py","lineno":593}
{"timestamp":"2026-02-13T07:26:29.172198Z","level":"warning","event":"The `airflow.decorators.dag` attribute is deprecated. Please use `'airflow.sdk.dag'`.","category":"DeprecatedImportWarning","filename":"/opt/airflow/dags/branch_pipeline.py","lineno":1,"logger":"py.warnings"}
{"timestamp":"2026-02-13T07:26:29.172471Z","level":"warning","event":"The `airflow.decorators.task` attribute is deprecated. Please use `'airflow.sdk.task'`.","category":"DeprecatedImportWarning","filename":"/opt/airflow/dags/branch_pipeline.py","lineno":1,"logger":"py.warnings"}
{"timestamp":"2026-02-13T07:26:29.172563Z","level":"warning","event":"The `airflow.operators.python.BranchPythonOperator` attribute is deprecated. Please use `'airflow.providers.standard.operators.python.BranchPythonOperator'`.","category":"DeprecatedImportWarning","filename":"/opt/airflow/dags/branch_pipeline.py","lineno":2,"logger":"py.warnings"}
{"timestamp":"2026-02-13T07:26:29.172624Z","level":"warning","event":"The `airflow.operators.bash.BashOperator` attribute is deprecated. Please use `'airflow.providers.standard.operators.bash.BashOperator'`.","category":"DeprecatedImportWarning","filename":"/opt/airflow/dags/branch_pipeline.py","lineno":3,"logger":"py.warnings"}
{"timestamp":"2026-02-13T07:26:59.495128Z","level":"info","event":"Filling up the DagBag from /opt/airflow/dags/branch_pipeline.py","logger":"airflow.models.dagbag.BundleDagBag","filename":"dagbag.py","lineno":593}
{"timestamp":"2026-02-13T07:26:59.592164Z","level":"warning","event":"The `airflow.decorators.dag` attribute is deprecated. Please use `'airflow.sdk.dag'`.","category":"DeprecatedImportWarning","filename":"/opt/airflow/dags/branch_pipeline.py","lineno":1,"logger":"py.warnings"}
{"timestamp":"2026-02-13T07:26:59.592347Z","level":"warning","event":"The `airflow.decorators.task` attribute is deprecated. Please use `'airflow.sdk.task'`.","category":"DeprecatedImportWarning","filename":"/opt/airflow/dags/branch_pipeline.py","lineno":1,"logger":"py.warnings"}
{"timestamp":"2026-02-13T07:26:59.592424Z","level":"warning","event":"The `airflow.operators.python.BranchPythonOperator` attribute is deprecated. Please use `'airflow.providers.standard.operators.python.BranchPythonOperator'`.","category":"DeprecatedImportWarning","filename":"/opt/airflow/dags/branch_pipeline.py","lineno":2,"logger":"py.warnings"}
{"timestamp":"2026-02-13T07:26:59.592485Z","level":"warning","event":"The `airflow.operators.bash.BashOperator` attribute is deprecated. Please use `'airflow.providers.standard.operators.bash.BashOperator'`.","category":"DeprecatedImportWarning","filename":"/opt/airflow/dags/branch_pipeline.py","lineno":3,"logger":"py.warnings"}
{"timestamp":"2026-02-13T07:27:29.838225Z","level":"info","event":"Filling up the DagBag from /opt/airflow/dags/branch_pipeline.py","logger":"airflow.models.dagbag.BundleDagBag","filename":"dagbag.py","lineno":593}
{"timestamp":"2026-02-13T07:27:29.947079Z","level":"warning","event":"The `airflow.decorators.dag` attribute is deprecated. Please use `'airflow.sdk.dag'`.","category":"DeprecatedImportWarning","filename":"/opt/airflow/dags/branch_pipeline.py","lineno":1,"logger":"py.warnings"}
{"timestamp":"2026-02-13T07:27:29.947523Z","level":"warning","event":"The `airflow.decorators.task` attribute is deprecated. Please use `'airflow.sdk.task'`.","category":"DeprecatedImportWarning","filename":"/opt/airflow/dags/branch_pipeline.py","lineno":1,"logger":"py.warnings"}
{"timestamp":"2026-02-13T07:27:29.947680Z","level":"warning","event":"The `airflow.operators.python.BranchPythonOperator` attribute is deprecated. Please use `'airflow.providers.standard.operators.python.BranchPythonOperator'`.","category":"DeprecatedImportWarning","filename":"/opt/airflow/dags/branch_pipeline.py","lineno":2,"logger":"py.warnings"}
{"timestamp":"2026-02-13T07:27:29.947798Z","level":"warning","event":"The `airflow.operators.bash.BashOperator` attribute is deprecated. Please use `'airflow.providers.standard.operators.bash.BashOperator'`.","category":"DeprecatedImportWarning","filename":"/opt/airflow/dags/branch_pipeline.py","lineno":3,"logger":"py.warnings"}
{"timestamp":"2026-02-13T07:28:00.229389Z","level":"info","event":"Filling up the DagBag from /opt/airflow/dags/branch_pipeline.py","logger":"airflow.models.dagbag.BundleDagBag","filename":"dagbag.py","lineno":593}
{"timestamp":"2026-02-13T07:28:00.370491Z","level":"warning","event":"The `airflow.decorators.dag` attribute is deprecated. Please use `'airflow.sdk.dag'`.","category":"DeprecatedImportWarning","filename":"/opt/airflow/dags/branch_pipeline.py","lineno":1,"logger":"py.warnings"}
{"timestamp":"2026-02-13T07:28:00.370922Z","level":"warning","event":"The `airflow.decorators.task` attribute is deprecated. Please use `'airflow.sdk.task'`.","category":"DeprecatedImportWarning","filename":"/opt/airflow/dags/branch_pipeline.py","lineno":1,"logger":"py.warnings"}
{"timestamp":"2026-02-13T07:28:00.371161Z","level":"warning","event":"The `airflow.operators.python.BranchPythonOperator` attribute is deprecated. Please use `'airflow.providers.standard.operators.python.BranchPythonOperator'`.","category":"DeprecatedImportWarning","filename":"/opt/airflow/dags/branch_pipeline.py","lineno":2,"logger":"py.warnings"}
{"timestamp":"2026-02-13T07:28:00.371374Z","level":"warning","event":"The `airflow.operators.bash.BashOperator` attribute is deprecated. Please use `'airflow.providers.standard.operators.bash.BashOperator'`.","category":"DeprecatedImportWarning","filename":"/opt/airflow/dags/branch_pipeline.py","lineno":3,"logger":"py.warnings"}
{"timestamp":"2026-02-13T07:28:30.779554Z","level":"info","event":"Filling up the DagBag from /opt/airflow/dags/branch_pipeline.py","logger":"airflow.models.dagbag.BundleDagBag","filename":"dagbag.py","lineno":593}
{"timestamp":"2026-02-13T07:28:30.838673Z","level":"warning","event":"The `airflow.decorators.dag` attribute is deprecated. Please use `'airflow.sdk.dag'`.","category":"DeprecatedImportWarning","filename":"/opt/airflow/dags/branch_pipeline.py","lineno":1,"logger":"py.warnings"}
{"timestamp":"2026-02-13T07:28:30.839140Z","level":"warning","event":"The `airflow.decorators.task` attribute is deprecated. Please use `'airflow.sdk.task'`.","category":"DeprecatedImportWarning","filename":"/opt/airflow/dags/branch_pipeline.py","lineno":1,"logger":"py.warnings"}
{"timestamp":"2026-02-13T07:28:30.839299Z","level":"warning","event":"The `airflow.operators.python.BranchPythonOperator` attribute is deprecated. Please use `'airflow.providers.standard.operators.python.BranchPythonOperator'`.","category":"DeprecatedImportWarning","filename":"/opt/airflow/dags/branch_pipeline.py","lineno":2,"logger":"py.warnings"}
{"timestamp":"2026-02-13T07:28:30.839415Z","level":"warning","event":"The `airflow.operators.bash.BashOperator` attribute is deprecated. Please use `'airflow.providers.standard.operators.bash.BashOperator'`.","category":"DeprecatedImportWarning","filename":"/opt/airflow/dags/branch_pipeline.py","lineno":3,"logger":"py.warnings"}
{"timestamp":"2026-02-13T07:29:01.513880Z","level":"info","event":"Filling up the DagBag from /opt/airflow/dags/branch_pipeline.py","logger":"airflow.models.dagbag.BundleDagBag","filename":"dagbag.py","lineno":593}
{"timestamp":"2026-02-13T07:29:01.589746Z","level":"warning","event":"The `airflow.decorators.dag` attribute is deprecated. Please use `'airflow.sdk.dag'`.","category":"DeprecatedImportWarning","filename":"/opt/airflow/dags/branch_pipeline.py","lineno":1,"logger":"py.warnings"}
{"timestamp":"2026-02-13T07:29:01.590348Z","level":"warning","event":"The `airflow.decorators.task` attribute is deprecated. Please use `'airflow.sdk.task'`.","category":"DeprecatedImportWarning","filename":"/opt/airflow/dags/branch_pipeline.py","lineno":1,"logger":"py.warnings"}
{"timestamp":"2026-02-13T07:29:01.590754Z","level":"warning","event":"The `airflow.operators.python.BranchPythonOperator` attribute is deprecated. Please use `'airflow.providers.standard.operators.python.BranchPythonOperator'`.","category":"DeprecatedImportWarning","filename":"/opt/airflow/dags/branch_pipeline.py","lineno":2,"logger":"py.warnings"}
{"timestamp":"2026-02-13T07:29:01.590989Z","level":"warning","event":"The `airflow.operators.bash.BashOperator` attribute is deprecated. Please use `'airflow.providers.standard.operators.bash.BashOperator'`.","category":"DeprecatedImportWarning","filename":"/opt/airflow/dags/branch_pipeline.py","lineno":3,"logger":"py.warnings"}
{"timestamp":"2026-02-13T07:29:31.817474Z","level":"info","event":"Filling up the DagBag from /opt/airflow/dags/branch_pipeline.py","logger":"airflow.models.dagbag.BundleDagBag","filename":"dagbag.py","lineno":593}
{"timestamp":"2026-02-13T07:29:31.900379Z","level":"warning","event":"The `airflow.decorators.dag` attribute is deprecated. Please use `'airflow.sdk.dag'`.","category":"DeprecatedImportWarning","filename":"/opt/airflow/dags/branch_pipeline.py","lineno":1,"logger":"py.warnings"}
{"timestamp":"2026-02-13T07:29:31.900864Z","level":"warning","event":"The `airflow.decorators.task` attribute is deprecated. Please use `'airflow.sdk.task'`.","category":"DeprecatedImportWarning","filename":"/opt/airflow/dags/branch_pipeline.py","lineno":1,"logger":"py.warnings"}
{"timestamp":"2026-02-13T07:29:31.901522Z","level":"warning","event":"The `airflow.operators.python.BranchPythonOperator` attribute is deprecated. Please use `'airflow.providers.standard.operators.python.BranchPythonOperator'`.","category":"DeprecatedImportWarning","filename":"/opt/airflow/dags/branch_pipeline.py","lineno":2,"logger":"py.warnings"}
{"timestamp":"2026-02-13T07:29:31.901758Z","level":"warning","event":"The `airflow.operators.bash.BashOperator` attribute is deprecated. Please use `'airflow.providers.standard.operators.bash.BashOperator'`.","category":"DeprecatedImportWarning","filename":"/opt/airflow/dags/branch_pipeline.py","lineno":3,"logger":"py.warnings"}
{"timestamp":"2026-02-13T07:30:02.731375Z","level":"info","event":"Filling up the DagBag from /opt/airflow/dags/branch_pipeline.py","logger":"airflow.models.dagbag.BundleDagBag","filename":"dagbag.py","lineno":593}
{"timestamp":"2026-02-13T07:30:02.829285Z","level":"warning","event":"The `airflow.decorators.dag` attribute is deprecated. Please use `'airflow.sdk.dag'`.","category":"DeprecatedImportWarning","filename":"/opt/airflow/dags/branch_pipeline.py","lineno":1,"logger":"py.warnings"}
{"timestamp":"2026-02-13T07:30:02.829545Z","level":"warning","event":"The `airflow.decorators.task` attribute is deprecated. Please use `'airflow.sdk.task'`.","category":"DeprecatedImportWarning","filename":"/opt/airflow/dags/branch_pipeline.py","lineno":1,"logger":"py.warnings"}
{"timestamp":"2026-02-13T07:30:02.829642Z","level":"warning","event":"The `airflow.operators.python.BranchPythonOperator` attribute is deprecated. Please use `'airflow.providers.standard.operators.python.BranchPythonOperator'`.","category":"DeprecatedImportWarning","filename":"/opt/airflow/dags/branch_pipeline.py","lineno":2,"logger":"py.warnings"}
{"timestamp":"2026-02-13T07:30:02.830058Z","level":"warning","event":"The `airflow.operators.bash.BashOperator` attribute is deprecated. Please use `'airflow.providers.standard.operators.bash.BashOperator'`.","category":"DeprecatedImportWarning","filename":"/opt/airflow/dags/branch_pipeline.py","lineno":3,"logger":"py.warnings"}
{"timestamp":"2026-02-13T07:30:33.232608Z","level":"info","event":"Filling up the DagBag from /opt/airflow/dags/branch_pipeline.py","logger":"airflow.models.dagbag.BundleDagBag","filename":"dagbag.py","lineno":593}
{"timestamp":"2026-02-13T07:30:33.375346Z","level":"warning","event":"The `airflow.decorators.dag` attribute is deprecated. Please use `'airflow.sdk.dag'`.","category":"DeprecatedImportWarning","filename":"/opt/airflow/dags/branch_pipeline.py","lineno":1,"logger":"py.warnings"}
{"timestamp":"2026-02-13T07:30:33.375945Z","level":"warning","event":"The `airflow.decorators.task` attribute is deprecated. Please use `'airflow.sdk.task'`.","category":"DeprecatedImportWarning","filename":"/opt/airflow/dags/branch_pipeline.py","lineno":1,"logger":"py.warnings"}
{"timestamp":"2026-02-13T07:30:33.376308Z","level":"warning","event":"The `airflow.operators.python.BranchPythonOperator` attribute is deprecated. Please use `'airflow.providers.standard.operators.python.BranchPythonOperator'`.","category":"DeprecatedImportWarning","filename":"/opt/airflow/dags/branch_pipeline.py","lineno":2,"logger":"py.warnings"}
{"timestamp":"2026-02-13T07:30:33.376620Z","level":"warning","event":"The `airflow.operators.bash.BashOperator` attribute is deprecated. Please use `'airflow.providers.standard.operators.bash.BashOperator'`.","category":"DeprecatedImportWarning","filename":"/opt/airflow/dags/branch_pipeline.py","lineno":3,"logger":"py.warnings"}
{"timestamp":"2026-02-13T07:31:03.713993Z","level":"info","event":"Filling up the DagBag from /opt/airflow/dags/branch_pipeline.py","logger":"airflow.models.dagbag.BundleDagBag","filename":"dagbag.py","lineno":593}
{"timestamp":"2026-02-13T07:31:03.785003Z","level":"warning","event":"The `airflow.decorators.dag` attribute is deprecated. Please use `'airflow.sdk.dag'`.","category":"DeprecatedImportWarning","filename":"/opt/airflow/dags/branch_pipeline.py","lineno":1,"logger":"py.warnings"}
{"timestamp":"2026-02-13T07:31:03.785232Z","level":"warning","event":"The `airflow.decorators.task` attribute is deprecated. Please use `'airflow.sdk.task'`.","category":"DeprecatedImportWarning","filename":"/opt/airflow/dags/branch_pipeline.py","lineno":1,"logger":"py.warnings"}
{"timestamp":"2026-02-13T07:31:03.785326Z","level":"warning","event":"The `airflow.operators.python.BranchPythonOperator` attribute is deprecated. Please use `'airflow.providers.standard.operators.python.BranchPythonOperator'`.","category":"DeprecatedImportWarning","filename":"/opt/airflow/dags/branch_pipeline.py","lineno":2,"logger":"py.warnings"}
{"timestamp":"2026-02-13T07:31:03.785419Z","level":"warning","event":"The `airflow.operators.bash.BashOperator` attribute is deprecated. Please use `'airflow.providers.standard.operators.bash.BashOperator'`.","category":"DeprecatedImportWarning","filename":"/opt/airflow/dags/branch_pipeline.py","lineno":3,"logger":"py.warnings"}
{"timestamp":"2026-02-13T07:31:34.291672Z","level":"info","event":"Filling up the DagBag from /opt/airflow/dags/branch_pipeline.py","logger":"airflow.models.dagbag.BundleDagBag","filename":"dagbag.py","lineno":593}
{"timestamp":"2026-02-13T07:31:34.403180Z","level":"warning","event":"The `airflow.decorators.dag` attribute is deprecated. Please use `'airflow.sdk.dag'`.","category":"DeprecatedImportWarning","filename":"/opt/airflow/dags/branch_pipeline.py","lineno":1,"logger":"py.warnings"}
{"timestamp":"2026-02-13T07:31:34.403678Z","level":"warning","event":"The `airflow.decorators.task` attribute is deprecated. Please use `'airflow.sdk.task'`.","category":"DeprecatedImportWarning","filename":"/opt/airflow/dags/branch_pipeline.py","lineno":1,"logger":"py.warnings"}
{"timestamp":"2026-02-13T07:31:34.403960Z","level":"warning","event":"The `airflow.operators.python.BranchPythonOperator` attribute is deprecated. Please use `'airflow.providers.standard.operators.python.BranchPythonOperator'`.","category":"DeprecatedImportWarning","filename":"/opt/airflow/dags/branch_pipeline.py","lineno":2,"logger":"py.warnings"}
{"timestamp":"2026-02-13T07:31:34.404214Z","level":"warning","event":"The `airflow.operators.bash.BashOperator` attribute is deprecated. Please use `'airflow.providers.standard.operators.bash.BashOperator'`.","category":"DeprecatedImportWarning","filename":"/opt/airflow/dags/branch_pipeline.py","lineno":3,"logger":"py.warnings"}
{"timestamp":"2026-02-13T07:32:05.078791Z","level":"info","event":"Filling up the DagBag from /opt/airflow/dags/branch_pipeline.py","logger":"airflow.models.dagbag.BundleDagBag","filename":"dagbag.py","lineno":593}
{"timestamp":"2026-02-13T07:32:05.215532Z","level":"warning","event":"The `airflow.decorators.dag` attribute is deprecated. Please use `'airflow.sdk.dag'`.","category":"DeprecatedImportWarning","filename":"/opt/airflow/dags/branch_pipeline.py","lineno":1,"logger":"py.warnings"}
{"timestamp":"2026-02-13T07:32:05.215980Z","level":"warning","event":"The `airflow.decorators.task` attribute is deprecated. Please use `'airflow.sdk.task'`.","category":"DeprecatedImportWarning","filename":"/opt/airflow/dags/branch_pipeline.py","lineno":1,"logger":"py.warnings"}
{"timestamp":"2026-02-13T07:32:05.216172Z","level":"warning","event":"The `airflow.operators.python.BranchPythonOperator` attribute is deprecated. Please use `'airflow.providers.standard.operators.python.BranchPythonOperator'`.","category":"DeprecatedImportWarning","filename":"/opt/airflow/dags/branch_pipeline.py","lineno":2,"logger":"py.warnings"}
{"timestamp":"2026-02-13T07:32:05.216347Z","level":"warning","event":"The `airflow.operators.bash.BashOperator` attribute is deprecated. Please use `'airflow.providers.standard.operators.bash.BashOperator'`.","category":"DeprecatedImportWarning","filename":"/opt/airflow/dags/branch_pipeline.py","lineno":3,"logger":"py.warnings"}
{"timestamp":"2026-02-13T07:32:35.794161Z","level":"info","event":"Filling up the DagBag from /opt/airflow/dags/branch_pipeline.py","logger":"airflow.models.dagbag.BundleDagBag","filename":"dagbag.py","lineno":593}
{"timestamp":"2026-02-13T07:32:35.880957Z","level":"warning","event":"The `airflow.decorators.dag` attribute is deprecated. Please use `'airflow.sdk.dag'`.","category":"DeprecatedImportWarning","filename":"/opt/airflow/dags/branch_pipeline.py","lineno":1,"logger":"py.warnings"}
{"timestamp":"2026-02-13T07:32:35.881134Z","level":"warning","event":"The `airflow.decorators.task` attribute is deprecated. Please use `'airflow.sdk.task'`.","category":"DeprecatedImportWarning","filename":"/opt/airflow/dags/branch_pipeline.py","lineno":1,"logger":"py.warnings"}
{"timestamp":"2026-02-13T07:32:35.881298Z","level":"warning","event":"The `airflow.operators.python.BranchPythonOperator` attribute is deprecated. Please use `'airflow.providers.standard.operators.python.BranchPythonOperator'`.","category":"DeprecatedImportWarning","filename":"/opt/airflow/dags/branch_pipeline.py","lineno":2,"logger":"py.warnings"}
{"timestamp":"2026-02-13T07:32:35.881372Z","level":"warning","event":"The `airflow.operators.bash.BashOperator` attribute is deprecated. Please use `'airflow.providers.standard.operators.bash.BashOperator'`.","category":"DeprecatedImportWarning","filename":"/opt/airflow/dags/branch_pipeline.py","lineno":3,"logger":"py.warnings"}
{"timestamp":"2026-02-13T07:33:06.389356Z","level":"info","event":"Filling up the DagBag from /opt/airflow/dags/branch_pipeline.py","logger":"airflow.models.dagbag.BundleDagBag","filename":"dagbag.py","lineno":593}
{"timestamp":"2026-02-13T07:33:06.463843Z","level":"warning","event":"The `airflow.decorators.dag` attribute is deprecated. Please use `'airflow.sdk.dag'`.","category":"DeprecatedImportWarning","filename":"/opt/airflow/dags/branch_pipeline.py","lineno":1,"logger":"py.warnings"}
{"timestamp":"2026-02-13T07:33:06.464142Z","level":"warning","event":"The `airflow.decorators.task` attribute is deprecated. Please use `'airflow.sdk.task'`.","category":"DeprecatedImportWarning","filename":"/opt/airflow/dags/branch_pipeline.py","lineno":1,"logger":"py.warnings"}
{"timestamp":"2026-02-13T07:33:06.464287Z","level":"warning","event":"The `airflow.operators.python.BranchPythonOperator` attribute is deprecated. Please use `'airflow.providers.standard.operators.python.BranchPythonOperator'`.","category":"DeprecatedImportWarning","filename":"/opt/airflow/dags/branch_pipeline.py","lineno":2,"logger":"py.warnings"}
{"timestamp":"2026-02-13T07:33:06.464435Z","level":"warning","event":"The `airflow.operators.bash.BashOperator` attribute is deprecated. Please use `'airflow.providers.standard.operators.bash.BashOperator'`.","category":"DeprecatedImportWarning","filename":"/opt/airflow/dags/branch_pipeline.py","lineno":3,"logger":"py.warnings"}
{"timestamp":"2026-02-13T07:33:36.952831Z","level":"info","event":"Filling up the DagBag from /opt/airflow/dags/branch_pipeline.py","logger":"airflow.models.dagbag.BundleDagBag","filename":"dagbag.py","lineno":593}
{"timestamp":"2026-02-13T07:33:37.048691Z","level":"warning","event":"The `airflow.decorators.dag` attribute is deprecated. Please use `'airflow.sdk.dag'`.","category":"DeprecatedImportWarning","filename":"/opt/airflow/dags/branch_pipeline.py","lineno":1,"logger":"py.warnings"}
{"timestamp":"2026-02-13T07:33:37.048930Z","level":"warning","event":"The `airflow.decorators.task` attribute is deprecated. Please use `'airflow.sdk.task'`.","category":"DeprecatedImportWarning","filename":"/opt/airflow/dags/branch_pipeline.py","lineno":1,"logger":"py.warnings"}
{"timestamp":"2026-02-13T07:33:37.049023Z","level":"warning","event":"The `airflow.operators.python.BranchPythonOperator` attribute is deprecated. Please use `'airflow.providers.standard.operators.python.BranchPythonOperator'`.","category":"DeprecatedImportWarning","filename":"/opt/airflow/dags/branch_pipeline.py","lineno":2,"logger":"py.warnings"}
{"timestamp":"2026-02-13T07:33:37.049089Z","level":"warning","event":"The `airflow.operators.bash.BashOperator` attribute is deprecated. Please use `'airflow.providers.standard.operators.bash.BashOperator'`.","category":"DeprecatedImportWarning","filename":"/opt/airflow/dags/branch_pipeline.py","lineno":3,"logger":"py.warnings"}
{"timestamp":"2026-02-13T07:34:07.569678Z","level":"info","event":"Filling up the DagBag from /opt/airflow/dags/branch_pipeline.py","logger":"airflow.models.dagbag.BundleDagBag","filename":"dagbag.py","lineno":593}
{"timestamp":"2026-02-13T07:34:07.689496Z","level":"warning","event":"The `airflow.decorators.dag` attribute is deprecated. Please use `'airflow.sdk.dag'`.","category":"DeprecatedImportWarning","filename":"/opt/airflow/dags/branch_pipeline.py","lineno":1,"logger":"py.warnings"}
{"timestamp":"2026-02-13T07:34:07.690152Z","level":"warning","event":"The `airflow.decorators.task` attribute is deprecated. Please use `'airflow.sdk.task'`.","category":"DeprecatedImportWarning","filename":"/opt/airflow/dags/branch_pipeline.py","lineno":1,"logger":"py.warnings"}
{"timestamp":"2026-02-13T07:34:07.690412Z","level":"warning","event":"The `airflow.operators.python.BranchPythonOperator` attribute is deprecated. Please use `'airflow.providers.standard.operators.python.BranchPythonOperator'`.","category":"DeprecatedImportWarning","filename":"/opt/airflow/dags/branch_pipeline.py","lineno":2,"logger":"py.warnings"}
{"timestamp":"2026-02-13T07:34:07.690597Z","level":"warning","event":"The `airflow.operators.bash.BashOperator` attribute is deprecated. Please use `'airflow.providers.standard.operators.bash.BashOperator'`.","category":"DeprecatedImportWarning","filename":"/opt/airflow/dags/branch_pipeline.py","lineno":3,"logger":"py.warnings"}
{"timestamp":"2026-02-13T07:34:38.232007Z","level":"info","event":"Filling up the DagBag from /opt/airflow/dags/branch_pipeline.py","logger":"airflow.models.dagbag.BundleDagBag","filename":"dagbag.py","lineno":593}
{"timestamp":"2026-02-13T07:34:38.341225Z","level":"warning","event":"The `airflow.decorators.dag` attribute is deprecated. Please use `'airflow.sdk.dag'`.","category":"DeprecatedImportWarning","filename":"/opt/airflow/dags/branch_pipeline.py","lineno":1,"logger":"py.warnings"}
{"timestamp":"2026-02-13T07:34:38.342149Z","level":"warning","event":"The `airflow.decorators.task` attribute is deprecated. Please use `'airflow.sdk.task'`.","category":"DeprecatedImportWarning","filename":"/opt/airflow/dags/branch_pipeline.py","lineno":1,"logger":"py.warnings"}
{"timestamp":"2026-02-13T07:34:38.342382Z","level":"warning","event":"The `airflow.operators.python.BranchPythonOperator` attribute is deprecated. Please use `'airflow.providers.standard.operators.python.BranchPythonOperator'`.","category":"DeprecatedImportWarning","filename":"/opt/airflow/dags/branch_pipeline.py","lineno":2,"logger":"py.warnings"}
{"timestamp":"2026-02-13T07:34:38.342561Z","level":"warning","event":"The `airflow.operators.bash.BashOperator` attribute is deprecated. Please use `'airflow.providers.standard.operators.bash.BashOperator'`.","category":"DeprecatedImportWarning","filename":"/opt/airflow/dags/branch_pipeline.py","lineno":3,"logger":"py.warnings"}
{"timestamp":"2026-02-13T07:35:08.650725Z","level":"info","event":"Filling up the DagBag from /opt/airflow/dags/branch_pipeline.py","logger":"airflow.models.dagbag.BundleDagBag","filename":"dagbag.py","lineno":593}
{"timestamp":"2026-02-13T07:35:08.787687Z","level":"warning","event":"The `airflow.decorators.dag` attribute is deprecated. Please use `'airflow.sdk.dag'`.","category":"DeprecatedImportWarning","filename":"/opt/airflow/dags/branch_pipeline.py","lineno":1,"logger":"py.warnings"}
{"timestamp":"2026-02-13T07:35:08.788419Z","level":"warning","event":"The `airflow.decorators.task` attribute is deprecated. Please use `'airflow.sdk.task'`.","category":"DeprecatedImportWarning","filename":"/opt/airflow/dags/branch_pipeline.py","lineno":1,"logger":"py.warnings"}
{"timestamp":"2026-02-13T07:35:08.788707Z","level":"warning","event":"The `airflow.operators.python.BranchPythonOperator` attribute is deprecated. Please use `'airflow.providers.standard.operators.python.BranchPythonOperator'`.","category":"DeprecatedImportWarning","filename":"/opt/airflow/dags/branch_pipeline.py","lineno":2,"logger":"py.warnings"}
{"timestamp":"2026-02-13T07:35:08.788961Z","level":"warning","event":"The `airflow.operators.bash.BashOperator` attribute is deprecated. Please use `'airflow.providers.standard.operators.bash.BashOperator'`.","category":"DeprecatedImportWarning","filename":"/opt/airflow/dags/branch_pipeline.py","lineno":3,"logger":"py.warnings"}
{"timestamp":"2026-02-13T07:35:39.416297Z","level":"info","event":"Filling up the DagBag from /opt/airflow/dags/branch_pipeline.py","logger":"airflow.models.dagbag.BundleDagBag","filename":"dagbag.py","lineno":593}
{"timestamp":"2026-02-13T07:35:39.576077Z","level":"warning","event":"The `airflow.decorators.dag` attribute is deprecated. Please use `'airflow.sdk.dag'`.","category":"DeprecatedImportWarning","filename":"/opt/airflow/dags/branch_pipeline.py","lineno":1,"logger":"py.warnings"}
{"timestamp":"2026-02-13T07:35:39.576598Z","level":"warning","event":"The `airflow.decorators.task` attribute is deprecated. Please use `'airflow.sdk.task'`.","category":"DeprecatedImportWarning","filename":"/opt/airflow/dags/branch_pipeline.py","lineno":1,"logger":"py.warnings"}
{"timestamp":"2026-02-13T07:35:39.576930Z","level":"warning","event":"The `airflow.operators.python.BranchPythonOperator` attribute is deprecated. Please use `'airflow.providers.standard.operators.python.BranchPythonOperator'`.","category":"DeprecatedImportWarning","filename":"/opt/airflow/dags/branch_pipeline.py","lineno":2,"logger":"py.warnings"}
{"timestamp":"2026-02-13T07:35:39.577175Z","level":"warning","event":"The `airflow.operators.bash.BashOperator` attribute is deprecated. Please use `'airflow.providers.standard.operators.bash.BashOperator'`.","category":"DeprecatedImportWarning","filename":"/opt/airflow/dags/branch_pipeline.py","lineno":3,"logger":"py.warnings"}
{"timestamp":"2026-02-13T07:36:09.904913Z","level":"info","event":"Filling up the DagBag from /opt/airflow/dags/branch_pipeline.py","logger":"airflow.models.dagbag.BundleDagBag","filename":"dagbag.py","lineno":593}
{"timestamp":"2026-02-13T07:36:10.288773Z","level":"warning","event":"The `airflow.decorators.dag` attribute is deprecated. Please use `'airflow.sdk.dag'`.","category":"DeprecatedImportWarning","filename":"/opt/airflow/dags/branch_pipeline.py","lineno":1,"logger":"py.warnings"}
{"timestamp":"2026-02-13T07:36:10.289169Z","level":"warning","event":"The `airflow.decorators.task` attribute is deprecated. Please use `'airflow.sdk.task'`.","category":"DeprecatedImportWarning","filename":"/opt/airflow/dags/branch_pipeline.py","lineno":1,"logger":"py.warnings"}
{"timestamp":"2026-02-13T07:36:10.289347Z","level":"warning","event":"The `airflow.operators.python.BranchPythonOperator` attribute is deprecated. Please use `'airflow.providers.standard.operators.python.BranchPythonOperator'`.","category":"DeprecatedImportWarning","filename":"/opt/airflow/dags/branch_pipeline.py","lineno":2,"logger":"py.warnings"}
{"timestamp":"2026-02-13T07:36:10.289486Z","level":"warning","event":"The `airflow.operators.bash.BashOperator` attribute is deprecated. Please use `'airflow.providers.standard.operators.bash.BashOperator'`.","category":"DeprecatedImportWarning","filename":"/opt/airflow/dags/branch_pipeline.py","lineno":3,"logger":"py.warnings"}
{"timestamp":"2026-02-13T07:36:40.701730Z","level":"info","event":"Filling up the DagBag from /opt/airflow/dags/branch_pipeline.py","logger":"airflow.models.dagbag.BundleDagBag","filename":"dagbag.py","lineno":593}
{"timestamp":"2026-02-13T07:36:40.806865Z","level":"warning","event":"The `airflow.decorators.dag` attribute is deprecated. Please use `'airflow.sdk.dag'`.","category":"DeprecatedImportWarning","filename":"/opt/airflow/dags/branch_pipeline.py","lineno":1,"logger":"py.warnings"}
{"timestamp":"2026-02-13T07:36:40.807255Z","level":"warning","event":"The `airflow.decorators.task` attribute is deprecated. Please use `'airflow.sdk.task'`.","category":"DeprecatedImportWarning","filename":"/opt/airflow/dags/branch_pipeline.py","lineno":1,"logger":"py.warnings"}
{"timestamp":"2026-02-13T07:36:40.807383Z","level":"warning","event":"The `airflow.operators.python.BranchPythonOperator` attribute is deprecated. Please use `'airflow.providers.standard.operators.python.BranchPythonOperator'`.","category":"DeprecatedImportWarning","filename":"/opt/airflow/dags/branch_pipeline.py","lineno":2,"logger":"py.warnings"}
{"timestamp":"2026-02-13T07:36:40.807491Z","level":"warning","event":"The `airflow.operators.bash.BashOperator` attribute is deprecated. Please use `'airflow.providers.standard.operators.bash.BashOperator'`.","category":"DeprecatedImportWarning","filename":"/opt/airflow/dags/branch_pipeline.py","lineno":3,"logger":"py.warnings"}
{"timestamp":"2026-02-13T07:37:11.102742Z","level":"info","event":"Filling up the DagBag from /opt/airflow/dags/branch_pipeline.py","logger":"airflow.models.dagbag.BundleDagBag","filename":"dagbag.py","lineno":593}
{"timestamp":"2026-02-13T07:37:11.169707Z","level":"warning","event":"The `airflow.decorators.dag` attribute is deprecated. Please use `'airflow.sdk.dag'`.","category":"DeprecatedImportWarning","filename":"/opt/airflow/dags/branch_pipeline.py","lineno":1,"logger":"py.warnings"}
{"timestamp":"2026-02-13T07:37:11.169941Z","level":"warning","event":"The `airflow.decorators.task` attribute is deprecated. Please use `'airflow.sdk.task'`.","category":"DeprecatedImportWarning","filename":"/opt/airflow/dags/branch_pipeline.py","lineno":1,"logger":"py.warnings"}
{"timestamp":"2026-02-13T07:37:11.170057Z","level":"warning","event":"The `airflow.operators.python.BranchPythonOperator` attribute is deprecated. Please use `'airflow.providers.standard.operators.python.BranchPythonOperator'`.","category":"DeprecatedImportWarning","filename":"/opt/airflow/dags/branch_pipeline.py","lineno":2,"logger":"py.warnings"}
{"timestamp":"2026-02-13T07:37:11.170179Z","level":"warning","event":"The `airflow.operators.bash.BashOperator` attribute is deprecated. Please use `'airflow.providers.standard.operators.bash.BashOperator'`.","category":"DeprecatedImportWarning","filename":"/opt/airflow/dags/branch_pipeline.py","lineno":3,"logger":"py.warnings"}
{"timestamp":"2026-02-13T07:37:41.441396Z","level":"info","event":"Filling up the DagBag from /opt/airflow/dags/branch_pipeline.py","logger":"airflow.models.dagbag.BundleDagBag","filename":"dagbag.py","lineno":593}
{"timestamp":"2026-02-13T07:37:41.502420Z","level":"warning","event":"The `airflow.decorators.dag` attribute is deprecated. Please use `'airflow.sdk.dag'`.","category":"DeprecatedImportWarning","filename":"/opt/airflow/dags/branch_pipeline.py","lineno":1,"logger":"py.warnings"}
{"timestamp":"2026-02-13T07:37:41.502684Z","level":"warning","event":"The `airflow.decorators.task` attribute is deprecated. Please use `'airflow.sdk.task'`.","category":"DeprecatedImportWarning","filename":"/opt/airflow/dags/branch_pipeline.py","lineno":1,"logger":"py.warnings"}
{"timestamp":"2026-02-13T07:37:41.502792Z","level":"warning","event":"The `airflow.operators.python.BranchPythonOperator` attribute is deprecated. Please use `'airflow.providers.standard.operators.python.BranchPythonOperator'`.","category":"DeprecatedImportWarning","filename":"/opt/airflow/dags/branch_pipeline.py","lineno":2,"logger":"py.warnings"}
{"timestamp":"2026-02-13T07:37:41.502886Z","level":"warning","event":"The `airflow.operators.bash.BashOperator` attribute is deprecated. Please use `'airflow.providers.standard.operators.bash.BashOperator'`.","category":"DeprecatedImportWarning","filename":"/opt/airflow/dags/branch_pipeline.py","lineno":3,"logger":"py.warnings"}
{"timestamp":"2026-02-13T07:38:11.872480Z","level":"info","event":"Filling up the DagBag from /opt/airflow/dags/branch_pipeline.py","logger":"airflow.models.dagbag.BundleDagBag","filename":"dagbag.py","lineno":593}
{"timestamp":"2026-02-13T07:38:11.995005Z","level":"warning","event":"The `airflow.decorators.dag` attribute is deprecated. Please use `'airflow.sdk.dag'`.","category":"DeprecatedImportWarning","filename":"/opt/airflow/dags/branch_pipeline.py","lineno":1,"logger":"py.warnings"}
{"timestamp":"2026-02-13T07:38:11.995707Z","level":"warning","event":"The `airflow.decorators.task` attribute is deprecated. Please use `'airflow.sdk.task'`.","category":"DeprecatedImportWarning","filename":"/opt/airflow/dags/branch_pipeline.py","lineno":1,"logger":"py.warnings"}
{"timestamp":"2026-02-13T07:38:11.995952Z","level":"warning","event":"The `airflow.operators.python.BranchPythonOperator` attribute is deprecated. Please use `'airflow.providers.standard.operators.python.BranchPythonOperator'`.","category":"DeprecatedImportWarning","filename":"/opt/airflow/dags/branch_pipeline.py","lineno":2,"logger":"py.warnings"}
{"timestamp":"2026-02-13T07:38:11.996177Z","level":"warning","event":"The `airflow.operators.bash.BashOperator` attribute is deprecated. Please use `'airflow.providers.standard.operators.bash.BashOperator'`.","category":"DeprecatedImportWarning","filename":"/opt/airflow/dags/branch_pipeline.py","lineno":3,"logger":"py.warnings"}
{"timestamp":"2026-02-13T07:38:42.263342Z","level":"info","event":"Filling up the DagBag from /opt/airflow/dags/branch_pipeline.py","logger":"airflow.models.dagbag.BundleDagBag","filename":"dagbag.py","lineno":593}
{"timestamp":"2026-02-13T07:38:42.355445Z","level":"warning","event":"The `airflow.decorators.dag` attribute is deprecated. Please use `'airflow.sdk.dag'`.","category":"DeprecatedImportWarning","filename":"/opt/airflow/dags/branch_pipeline.py","lineno":1,"logger":"py.warnings"}
{"timestamp":"2026-02-13T07:38:42.356443Z","level":"warning","event":"The `airflow.decorators.task` attribute is deprecated. Please use `'airflow.sdk.task'`.","category":"DeprecatedImportWarning","filename":"/opt/airflow/dags/branch_pipeline.py","lineno":1,"logger":"py.warnings"}
{"timestamp":"2026-02-13T07:38:42.356686Z","level":"warning","event":"The `airflow.operators.python.BranchPythonOperator` attribute is deprecated. Please use `'airflow.providers.standard.operators.python.BranchPythonOperator'`.","category":"DeprecatedImportWarning","filename":"/opt/airflow/dags/branch_pipeline.py","lineno":2,"logger":"py.warnings"}
{"timestamp":"2026-02-13T07:38:42.356992Z","level":"warning","event":"The `airflow.operators.bash.BashOperator` attribute is deprecated. Please use `'airflow.providers.standard.operators.bash.BashOperator'`.","category":"DeprecatedImportWarning","filename":"/opt/airflow/dags/branch_pipeline.py","lineno":3,"logger":"py.warnings"}
{"timestamp":"2026-02-13T07:39:13.488833Z","level":"info","event":"Filling up the DagBag from /opt/airflow/dags/branch_pipeline.py","logger":"airflow.models.dagbag.BundleDagBag","filename":"dagbag.py","lineno":593}
{"timestamp":"2026-02-13T07:39:13.587419Z","level":"warning","event":"The `airflow.decorators.dag` attribute is deprecated. Please use `'airflow.sdk.dag'`.","category":"DeprecatedImportWarning","filename":"/opt/airflow/dags/branch_pipeline.py","lineno":1,"logger":"py.warnings"}
{"timestamp":"2026-02-13T07:39:13.587749Z","level":"warning","event":"The `airflow.decorators.task` attribute is deprecated. Please use `'airflow.sdk.task'`.","category":"DeprecatedImportWarning","filename":"/opt/airflow/dags/branch_pipeline.py","lineno":1,"logger":"py.warnings"}
{"timestamp":"2026-02-13T07:39:13.591436Z","level":"warning","event":"The `airflow.operators.python.BranchPythonOperator` attribute is deprecated. Please use `'airflow.providers.standard.operators.python.BranchPythonOperator'`.","category":"DeprecatedImportWarning","filename":"/opt/airflow/dags/branch_pipeline.py","lineno":2,"logger":"py.warnings"}
{"timestamp":"2026-02-13T07:39:13.592017Z","level":"warning","event":"The `airflow.operators.bash.BashOperator` attribute is deprecated. Please use `'airflow.providers.standard.operators.bash.BashOperator'`.","category":"DeprecatedImportWarning","filename":"/opt/airflow/dags/branch_pipeline.py","lineno":3,"logger":"py.warnings"}
{"timestamp":"2026-02-13T07:39:44.176231Z","level":"info","event":"Filling up the DagBag from /opt/airflow/dags/branch_pipeline.py","logger":"airflow.models.dagbag.BundleDagBag","filename":"dagbag.py","lineno":593}
{"timestamp":"2026-02-13T07:39:44.273395Z","level":"warning","event":"The `airflow.decorators.dag` attribute is deprecated. Please use `'airflow.sdk.dag'`.","category":"DeprecatedImportWarning","filename":"/opt/airflow/dags/branch_pipeline.py","lineno":1,"logger":"py.warnings"}
{"timestamp":"2026-02-13T07:39:44.273770Z","level":"warning","event":"The `airflow.decorators.task` attribute is deprecated. Please use `'airflow.sdk.task'`.","category":"DeprecatedImportWarning","filename":"/opt/airflow/dags/branch_pipeline.py","lineno":1,"logger":"py.warnings"}
{"timestamp":"2026-02-13T07:39:44.273935Z","level":"warning","event":"The `airflow.operators.python.BranchPythonOperator` attribute is deprecated. Please use `'airflow.providers.standard.operators.python.BranchPythonOperator'`.","category":"DeprecatedImportWarning","filename":"/opt/airflow/dags/branch_pipeline.py","lineno":2,"logger":"py.warnings"}
{"timestamp":"2026-02-13T07:39:44.274078Z","level":"warning","event":"The `airflow.operators.bash.BashOperator` attribute is deprecated. Please use `'airflow.providers.standard.operators.bash.BashOperator'`.","category":"DeprecatedImportWarning","filename":"/opt/airflow/dags/branch_pipeline.py","lineno":3,"logger":"py.warnings"}
{"timestamp":"2026-02-13T07:40:15.046202Z","level":"info","event":"Filling up the DagBag from /opt/airflow/dags/branch_pipeline.py","logger":"airflow.models.dagbag.BundleDagBag","filename":"dagbag.py","lineno":593}
{"timestamp":"2026-02-13T07:40:15.200128Z","level":"warning","event":"The `airflow.decorators.dag` attribute is deprecated. Please use `'airflow.sdk.dag'`.","category":"DeprecatedImportWarning","filename":"/opt/airflow/dags/branch_pipeline.py","lineno":1,"logger":"py.warnings"}
{"timestamp":"2026-02-13T07:40:15.200762Z","level":"warning","event":"The `airflow.decorators.task` attribute is deprecated. Please use `'airflow.sdk.task'`.","category":"DeprecatedImportWarning","filename":"/opt/airflow/dags/branch_pipeline.py","lineno":1,"logger":"py.warnings"}
{"timestamp":"2026-02-13T07:40:15.201021Z","level":"warning","event":"The `airflow.operators.python.BranchPythonOperator` attribute is deprecated. Please use `'airflow.providers.standard.operators.python.BranchPythonOperator'`.","category":"DeprecatedImportWarning","filename":"/opt/airflow/dags/branch_pipeline.py","lineno":2,"logger":"py.warnings"}
{"timestamp":"2026-02-13T07:40:15.201217Z","level":"warning","event":"The `airflow.operators.bash.BashOperator` attribute is deprecated. Please use `'airflow.providers.standard.operators.bash.BashOperator'`.","category":"DeprecatedImportWarning","filename":"/opt/airflow/dags/branch_pipeline.py","lineno":3,"logger":"py.warnings"}
{"timestamp":"2026-02-13T07:40:45.547772Z","level":"info","event":"Filling up the DagBag from /opt/airflow/dags/branch_pipeline.py","logger":"airflow.models.dagbag.BundleDagBag","filename":"dagbag.py","lineno":593}
{"timestamp":"2026-02-13T07:40:45.610347Z","level":"warning","event":"The `airflow.decorators.dag` attribute is deprecated. Please use `'airflow.sdk.dag'`.","category":"DeprecatedImportWarning","filename":"/opt/airflow/dags/branch_pipeline.py","lineno":1,"logger":"py.warnings"}
{"timestamp":"2026-02-13T07:40:45.610567Z","level":"warning","event":"The `airflow.decorators.task` attribute is deprecated. Please use `'airflow.sdk.task'`.","category":"DeprecatedImportWarning","filename":"/opt/airflow/dags/branch_pipeline.py","lineno":1,"logger":"py.warnings"}
{"timestamp":"2026-02-13T07:40:45.610698Z","level":"warning","event":"The `airflow.operators.python.BranchPythonOperator` attribute is deprecated. Please use `'airflow.providers.standard.operators.python.BranchPythonOperator'`.","category":"DeprecatedImportWarning","filename":"/opt/airflow/dags/branch_pipeline.py","lineno":2,"logger":"py.warnings"}
{"timestamp":"2026-02-13T07:40:45.610822Z","level":"warning","event":"The `airflow.operators.bash.BashOperator` attribute is deprecated. Please use `'airflow.providers.standard.operators.bash.BashOperator'`.","category":"DeprecatedImportWarning","filename":"/opt/airflow/dags/branch_pipeline.py","lineno":3,"logger":"py.warnings"}
{"timestamp":"2026-02-13T07:41:16.094509Z","level":"info","event":"Filling up the DagBag from /opt/airflow/dags/branch_pipeline.py","logger":"airflow.models.dagbag.BundleDagBag","filename":"dagbag.py","lineno":593}
{"timestamp":"2026-02-13T07:41:16.189342Z","level":"warning","event":"The `airflow.decorators.dag` attribute is deprecated. Please use `'airflow.sdk.dag'`.","category":"DeprecatedImportWarning","filename":"/opt/airflow/dags/branch_pipeline.py","lineno":1,"logger":"py.warnings"}
{"timestamp":"2026-02-13T07:41:16.189656Z","level":"warning","event":"The `airflow.decorators.task` attribute is deprecated. Please use `'airflow.sdk.task'`.","category":"DeprecatedImportWarning","filename":"/opt/airflow/dags/branch_pipeline.py","lineno":1,"logger":"py.warnings"}
{"timestamp":"2026-02-13T07:41:16.189796Z","level":"warning","event":"The `airflow.operators.python.BranchPythonOperator` attribute is deprecated. Please use `'airflow.providers.standard.operators.python.BranchPythonOperator'`.","category":"DeprecatedImportWarning","filename":"/opt/airflow/dags/branch_pipeline.py","lineno":2,"logger":"py.warnings"}
{"timestamp":"2026-02-13T07:41:16.190030Z","level":"warning","event":"The `airflow.operators.bash.BashOperator` attribute is deprecated. Please use `'airflow.providers.standard.operators.bash.BashOperator'`.","category":"DeprecatedImportWarning","filename":"/opt/airflow/dags/branch_pipeline.py","lineno":3,"logger":"py.warnings"}
{"timestamp":"2026-02-13T07:41:46.972968Z","level":"info","event":"Filling up the DagBag from /opt/airflow/dags/branch_pipeline.py","logger":"airflow.models.dagbag.BundleDagBag","filename":"dagbag.py","lineno":593}
{"timestamp":"2026-02-13T07:41:47.065178Z","level":"warning","event":"The `airflow.decorators.dag` attribute is deprecated. Please use `'airflow.sdk.dag'`.","category":"DeprecatedImportWarning","filename":"/opt/airflow/dags/branch_pipeline.py","lineno":1,"logger":"py.warnings"}
{"timestamp":"2026-02-13T07:41:47.065531Z","level":"warning","event":"The `airflow.decorators.task` attribute is deprecated. Please use `'airflow.sdk.task'`.","category":"DeprecatedImportWarning","filename":"/opt/airflow/dags/branch_pipeline.py","lineno":1,"logger":"py.warnings"}
{"timestamp":"2026-02-13T07:41:47.065680Z","level":"warning","event":"The `airflow.operators.python.BranchPythonOperator` attribute is deprecated. Please use `'airflow.providers.standard.operators.python.BranchPythonOperator'`.","category":"DeprecatedImportWarning","filename":"/opt/airflow/dags/branch_pipeline.py","lineno":2,"logger":"py.warnings"}
{"timestamp":"2026-02-13T07:41:47.065820Z","level":"warning","event":"The `airflow.operators.bash.BashOperator` attribute is deprecated. Please use `'airflow.providers.standard.operators.bash.BashOperator'`.","category":"DeprecatedImportWarning","filename":"/opt/airflow/dags/branch_pipeline.py","lineno":3,"logger":"py.warnings"}
{"timestamp":"2026-02-13T07:42:17.313550Z","level":"info","event":"Filling up the DagBag from /opt/airflow/dags/branch_pipeline.py","logger":"airflow.models.dagbag.BundleDagBag","filename":"dagbag.py","lineno":593}
{"timestamp":"2026-02-13T07:42:17.404207Z","level":"warning","event":"The `airflow.decorators.dag` attribute is deprecated. Please use `'airflow.sdk.dag'`.","category":"DeprecatedImportWarning","filename":"/opt/airflow/dags/branch_pipeline.py","lineno":1,"logger":"py.warnings"}
{"timestamp":"2026-02-13T07:42:17.404467Z","level":"warning","event":"The `airflow.decorators.task` attribute is deprecated. Please use `'airflow.sdk.task'`.","category":"DeprecatedImportWarning","filename":"/opt/airflow/dags/branch_pipeline.py","lineno":1,"logger":"py.warnings"}
{"timestamp":"2026-02-13T07:42:17.404608Z","level":"warning","event":"The `airflow.operators.python.BranchPythonOperator` attribute is deprecated. Please use `'airflow.providers.standard.operators.python.BranchPythonOperator'`.","category":"DeprecatedImportWarning","filename":"/opt/airflow/dags/branch_pipeline.py","lineno":2,"logger":"py.warnings"}
{"timestamp":"2026-02-13T07:42:17.404730Z","level":"warning","event":"The `airflow.operators.bash.BashOperator` attribute is deprecated. Please use `'airflow.providers.standard.operators.bash.BashOperator'`.","category":"DeprecatedImportWarning","filename":"/opt/airflow/dags/branch_pipeline.py","lineno":3,"logger":"py.warnings"}
{"timestamp":"2026-02-13T07:42:47.673512Z","level":"info","event":"Filling up the DagBag from /opt/airflow/dags/branch_pipeline.py","logger":"airflow.models.dagbag.BundleDagBag","filename":"dagbag.py","lineno":593}
{"timestamp":"2026-02-13T07:42:47.758406Z","level":"warning","event":"The `airflow.decorators.dag` attribute is deprecated. Please use `'airflow.sdk.dag'`.","category":"DeprecatedImportWarning","filename":"/opt/airflow/dags/branch_pipeline.py","lineno":1,"logger":"py.warnings"}
{"timestamp":"2026-02-13T07:42:47.758745Z","level":"warning","event":"The `airflow.decorators.task` attribute is deprecated. Please use `'airflow.sdk.task'`.","category":"DeprecatedImportWarning","filename":"/opt/airflow/dags/branch_pipeline.py","lineno":1,"logger":"py.warnings"}
{"timestamp":"2026-02-13T07:42:47.758896Z","level":"warning","event":"The `airflow.operators.python.BranchPythonOperator` attribute is deprecated. Please use `'airflow.providers.standard.operators.python.BranchPythonOperator'`.","category":"DeprecatedImportWarning","filename":"/opt/airflow/dags/branch_pipeline.py","lineno":2,"logger":"py.warnings"}
{"timestamp":"2026-02-13T07:42:47.759086Z","level":"warning","event":"The `airflow.operators.bash.BashOperator` attribute is deprecated. Please use `'airflow.providers.standard.operators.bash.BashOperator'`.","category":"DeprecatedImportWarning","filename":"/opt/airflow/dags/branch_pipeline.py","lineno":3,"logger":"py.warnings"}
{"timestamp":"2026-02-13T07:43:20.074779Z","level":"info","event":"Filling up the DagBag from /opt/airflow/dags/branch_pipeline.py","logger":"airflow.models.dagbag.BundleDagBag","filename":"dagbag.py","lineno":593}
{"timestamp":"2026-02-13T07:43:20.689627Z","level":"warning","event":"The `airflow.decorators.dag` attribute is deprecated. Please use `'airflow.sdk.dag'`.","category":"DeprecatedImportWarning","filename":"/opt/airflow/dags/branch_pipeline.py","lineno":1,"logger":"py.warnings"}
{"timestamp":"2026-02-13T07:43:20.690440Z","level":"warning","event":"The `airflow.decorators.task` attribute is deprecated. Please use `'airflow.sdk.task'`.","category":"DeprecatedImportWarning","filename":"/opt/airflow/dags/branch_pipeline.py","lineno":1,"logger":"py.warnings"}
{"timestamp":"2026-02-13T07:43:20.690784Z","level":"warning","event":"The `airflow.operators.python.BranchPythonOperator` attribute is deprecated. Please use `'airflow.providers.standard.operators.python.BranchPythonOperator'`.","category":"DeprecatedImportWarning","filename":"/opt/airflow/dags/branch_pipeline.py","lineno":2,"logger":"py.warnings"}
{"timestamp":"2026-02-13T07:43:20.691080Z","level":"warning","event":"The `airflow.operators.bash.BashOperator` attribute is deprecated. Please use `'airflow.providers.standard.operators.bash.BashOperator'`.","category":"DeprecatedImportWarning","filename":"/opt/airflow/dags/branch_pipeline.py","lineno":3,"logger":"py.warnings"}
{"timestamp":"2026-02-13T07:44:43.270249Z","level":"info","event":"Filling up the DagBag from /opt/airflow/dags/branch_pipeline.py","logger":"airflow.models.dagbag.BundleDagBag","filename":"dagbag.py","lineno":593}
{"timestamp":"2026-02-13T07:44:43.344664Z","level":"warning","event":"The `airflow.decorators.dag` attribute is deprecated. Please use `'airflow.sdk.dag'`.","category":"DeprecatedImportWarning","filename":"/opt/airflow/dags/branch_pipeline.py","lineno":1,"logger":"py.warnings"}
{"timestamp":"2026-02-13T07:44:43.345658Z","level":"warning","event":"The `airflow.decorators.task` attribute is deprecated. Please use `'airflow.sdk.task'`.","category":"DeprecatedImportWarning","filename":"/opt/airflow/dags/branch_pipeline.py","lineno":1,"logger":"py.warnings"}
{"timestamp":"2026-02-13T07:44:43.345840Z","level":"warning","event":"The `airflow.operators.python.BranchPythonOperator` attribute is deprecated. Please use `'airflow.providers.standard.operators.python.BranchPythonOperator'`.","category":"DeprecatedImportWarning","filename":"/opt/airflow/dags/branch_pipeline.py","lineno":2,"logger":"py.warnings"}
{"timestamp":"2026-02-13T07:44:43.346000Z","level":"warning","event":"The `airflow.operators.bash.BashOperator` attribute is deprecated. Please use `'airflow.providers.standard.operators.bash.BashOperator'`.","category":"DeprecatedImportWarning","filename":"/opt/airflow/dags/branch_pipeline.py","lineno":3,"logger":"py.warnings"}
{"timestamp":"2026-02-13T07:45:13.704434Z","level":"info","event":"Filling up the DagBag from /opt/airflow/dags/branch_pipeline.py","logger":"airflow.models.dagbag.BundleDagBag","filename":"dagbag.py","lineno":593}
{"timestamp":"2026-02-13T07:45:13.791945Z","level":"warning","event":"The `airflow.decorators.dag` attribute is deprecated. Please use `'airflow.sdk.dag'`.","category":"DeprecatedImportWarning","filename":"/opt/airflow/dags/branch_pipeline.py","lineno":1,"logger":"py.warnings"}
{"timestamp":"2026-02-13T07:45:13.792330Z","level":"warning","event":"The `airflow.decorators.task` attribute is deprecated. Please use `'airflow.sdk.task'`.","category":"DeprecatedImportWarning","filename":"/opt/airflow/dags/branch_pipeline.py","lineno":1,"logger":"py.warnings"}
{"timestamp":"2026-02-13T07:45:13.792596Z","level":"warning","event":"The `airflow.operators.python.BranchPythonOperator` attribute is deprecated. Please use `'airflow.providers.standard.operators.python.BranchPythonOperator'`.","category":"DeprecatedImportWarning","filename":"/opt/airflow/dags/branch_pipeline.py","lineno":2,"logger":"py.warnings"}
{"timestamp":"2026-02-13T07:45:13.792829Z","level":"warning","event":"The `airflow.operators.bash.BashOperator` attribute is deprecated. Please use `'airflow.providers.standard.operators.bash.BashOperator'`.","category":"DeprecatedImportWarning","filename":"/opt/airflow/dags/branch_pipeline.py","lineno":3,"logger":"py.warnings"}
{"timestamp":"2026-02-13T07:45:44.063815Z","level":"info","event":"Filling up the DagBag from /opt/airflow/dags/branch_pipeline.py","logger":"airflow.models.dagbag.BundleDagBag","filename":"dagbag.py","lineno":593}
{"timestamp":"2026-02-13T07:45:44.143457Z","level":"warning","event":"The `airflow.decorators.dag` attribute is deprecated. Please use `'airflow.sdk.dag'`.","category":"DeprecatedImportWarning","filename":"/opt/airflow/dags/branch_pipeline.py","lineno":1,"logger":"py.warnings"}
{"timestamp":"2026-02-13T07:45:44.143904Z","level":"warning","event":"The `airflow.decorators.task` attribute is deprecated. Please use `'airflow.sdk.task'`.","category":"DeprecatedImportWarning","filename":"/opt/airflow/dags/branch_pipeline.py","lineno":1,"logger":"py.warnings"}
{"timestamp":"2026-02-13T07:45:44.144108Z","level":"warning","event":"The `airflow.operators.python.BranchPythonOperator` attribute is deprecated. Please use `'airflow.providers.standard.operators.python.BranchPythonOperator'`.","category":"DeprecatedImportWarning","filename":"/opt/airflow/dags/branch_pipeline.py","lineno":2,"logger":"py.warnings"}
{"timestamp":"2026-02-13T07:45:44.144264Z","level":"warning","event":"The `airflow.operators.bash.BashOperator` attribute is deprecated. Please use `'airflow.providers.standard.operators.bash.BashOperator'`.","category":"DeprecatedImportWarning","filename":"/opt/airflow/dags/branch_pipeline.py","lineno":3,"logger":"py.warnings"}
{"timestamp":"2026-02-13T07:46:15.161512Z","level":"info","event":"Filling up the DagBag from /opt/airflow/dags/branch_pipeline.py","logger":"airflow.models.dagbag.BundleDagBag","filename":"dagbag.py","lineno":593}
{"timestamp":"2026-02-13T07:46:15.229334Z","level":"warning","event":"The `airflow.decorators.dag` attribute is deprecated. Please use `'airflow.sdk.dag'`.","category":"DeprecatedImportWarning","filename":"/opt/airflow/dags/branch_pipeline.py","lineno":1,"logger":"py.warnings"}
{"timestamp":"2026-02-13T07:46:15.229982Z","level":"warning","event":"The `airflow.decorators.task` attribute is deprecated. Please use `'airflow.sdk.task'`.","category":"DeprecatedImportWarning","filename":"/opt/airflow/dags/branch_pipeline.py","lineno":1,"logger":"py.warnings"}
{"timestamp":"2026-02-13T07:46:15.230206Z","level":"warning","event":"The `airflow.operators.python.BranchPythonOperator` attribute is deprecated. Please use `'airflow.providers.standard.operators.python.BranchPythonOperator'`.","category":"DeprecatedImportWarning","filename":"/opt/airflow/dags/branch_pipeline.py","lineno":2,"logger":"py.warnings"}
{"timestamp":"2026-02-13T07:46:15.230602Z","level":"warning","event":"The `airflow.operators.bash.BashOperator` attribute is deprecated. Please use `'airflow.providers.standard.operators.bash.BashOperator'`.","category":"DeprecatedImportWarning","filename":"/opt/airflow/dags/branch_pipeline.py","lineno":3,"logger":"py.warnings"}
{"timestamp":"2026-02-13T07:46:46.092490Z","level":"info","event":"Filling up the DagBag from /opt/airflow/dags/branch_pipeline.py","logger":"airflow.models.dagbag.BundleDagBag","filename":"dagbag.py","lineno":593}
{"timestamp":"2026-02-13T07:46:46.146853Z","level":"warning","event":"The `airflow.decorators.dag` attribute is deprecated. Please use `'airflow.sdk.dag'`.","category":"DeprecatedImportWarning","filename":"/opt/airflow/dags/branch_pipeline.py","lineno":1,"logger":"py.warnings"}
{"timestamp":"2026-02-13T07:46:46.147438Z","level":"warning","event":"The `airflow.decorators.task` attribute is deprecated. Please use `'airflow.sdk.task'`.","category":"DeprecatedImportWarning","filename":"/opt/airflow/dags/branch_pipeline.py","lineno":1,"logger":"py.warnings"}
{"timestamp":"2026-02-13T07:46:46.147599Z","level":"warning","event":"The `airflow.operators.python.BranchPythonOperator` attribute is deprecated. Please use `'airflow.providers.standard.operators.python.BranchPythonOperator'`.","category":"DeprecatedImportWarning","filename":"/opt/airflow/dags/branch_pipeline.py","lineno":2,"logger":"py.warnings"}
{"timestamp":"2026-02-13T07:46:46.147705Z","level":"warning","event":"The `airflow.operators.bash.BashOperator` attribute is deprecated. Please use `'airflow.providers.standard.operators.bash.BashOperator'`.","category":"DeprecatedImportWarning","filename":"/opt/airflow/dags/branch_pipeline.py","lineno":3,"logger":"py.warnings"}
{"timestamp":"2026-02-13T07:47:16.893274Z","level":"info","event":"Filling up the DagBag from /opt/airflow/dags/branch_pipeline.py","logger":"airflow.models.dagbag.BundleDagBag","filename":"dagbag.py","lineno":593}
{"timestamp":"2026-02-13T07:47:16.958311Z","level":"warning","event":"The `airflow.decorators.dag` attribute is deprecated. Please use `'airflow.sdk.dag'`.","category":"DeprecatedImportWarning","filename":"/opt/airflow/dags/branch_pipeline.py","lineno":1,"logger":"py.warnings"}
{"timestamp":"2026-02-13T07:47:16.958668Z","level":"warning","event":"The `airflow.decorators.task` attribute is deprecated. Please use `'airflow.sdk.task'`.","category":"DeprecatedImportWarning","filename":"/opt/airflow/dags/branch_pipeline.py","lineno":1,"logger":"py.warnings"}
{"timestamp":"2026-02-13T07:47:16.958823Z","level":"warning","event":"The `airflow.operators.python.BranchPythonOperator` attribute is deprecated. Please use `'airflow.providers.standard.operators.python.BranchPythonOperator'`.","category":"DeprecatedImportWarning","filename":"/opt/airflow/dags/branch_pipeline.py","lineno":2,"logger":"py.warnings"}
{"timestamp":"2026-02-13T07:47:16.958946Z","level":"warning","event":"The `airflow.operators.bash.BashOperator` attribute is deprecated. Please use `'airflow.providers.standard.operators.bash.BashOperator'`.","category":"DeprecatedImportWarning","filename":"/opt/airflow/dags/branch_pipeline.py","lineno":3,"logger":"py.warnings"}
{"timestamp":"2026-02-13T07:47:47.966835Z","level":"info","event":"Filling up the DagBag from /opt/airflow/dags/branch_pipeline.py","logger":"airflow.models.dagbag.BundleDagBag","filename":"dagbag.py","lineno":593}
{"timestamp":"2026-02-13T07:47:48.030748Z","level":"warning","event":"The `airflow.decorators.dag` attribute is deprecated. Please use `'airflow.sdk.dag'`.","category":"DeprecatedImportWarning","filename":"/opt/airflow/dags/branch_pipeline.py","lineno":1,"logger":"py.warnings"}
{"timestamp":"2026-02-13T07:47:48.031082Z","level":"warning","event":"The `airflow.decorators.task` attribute is deprecated. Please use `'airflow.sdk.task'`.","category":"DeprecatedImportWarning","filename":"/opt/airflow/dags/branch_pipeline.py","lineno":1,"logger":"py.warnings"}
{"timestamp":"2026-02-13T07:47:48.031503Z","level":"warning","event":"The `airflow.operators.python.BranchPythonOperator` attribute is deprecated. Please use `'airflow.providers.standard.operators.python.BranchPythonOperator'`.","category":"DeprecatedImportWarning","filename":"/opt/airflow/dags/branch_pipeline.py","lineno":2,"logger":"py.warnings"}
{"timestamp":"2026-02-13T07:47:48.031686Z","level":"warning","event":"The `airflow.operators.bash.BashOperator` attribute is deprecated. Please use `'airflow.providers.standard.operators.bash.BashOperator'`.","category":"DeprecatedImportWarning","filename":"/opt/airflow/dags/branch_pipeline.py","lineno":3,"logger":"py.warnings"}
{"timestamp":"2026-02-13T07:48:18.303592Z","level":"info","event":"Filling up the DagBag from /opt/airflow/dags/branch_pipeline.py","logger":"airflow.models.dagbag.BundleDagBag","filename":"dagbag.py","lineno":593}
{"timestamp":"2026-02-13T07:48:18.381391Z","level":"warning","event":"The `airflow.decorators.dag` attribute is deprecated. Please use `'airflow.sdk.dag'`.","category":"DeprecatedImportWarning","filename":"/opt/airflow/dags/branch_pipeline.py","lineno":1,"logger":"py.warnings"}
{"timestamp":"2026-02-13T07:48:18.381998Z","level":"warning","event":"The `airflow.decorators.task` attribute is deprecated. Please use `'airflow.sdk.task'`.","category":"DeprecatedImportWarning","filename":"/opt/airflow/dags/branch_pipeline.py","lineno":1,"logger":"py.warnings"}
{"timestamp":"2026-02-13T07:48:18.382200Z","level":"warning","event":"The `airflow.operators.python.BranchPythonOperator` attribute is deprecated. Please use `'airflow.providers.standard.operators.python.BranchPythonOperator'`.","category":"DeprecatedImportWarning","filename":"/opt/airflow/dags/branch_pipeline.py","lineno":2,"logger":"py.warnings"}
{"timestamp":"2026-02-13T07:48:18.382378Z","level":"warning","event":"The `airflow.operators.bash.BashOperator` attribute is deprecated. Please use `'airflow.providers.standard.operators.bash.BashOperator'`.","category":"DeprecatedImportWarning","filename":"/opt/airflow/dags/branch_pipeline.py","lineno":3,"logger":"py.warnings"}
{"timestamp":"2026-02-13T07:48:49.092332Z","level":"info","event":"Filling up the DagBag from /opt/airflow/dags/branch_pipeline.py","logger":"airflow.models.dagbag.BundleDagBag","filename":"dagbag.py","lineno":593}
{"timestamp":"2026-02-13T07:48:49.163216Z","level":"warning","event":"The `airflow.decorators.dag` attribute is deprecated. Please use `'airflow.sdk.dag'`.","category":"DeprecatedImportWarning","filename":"/opt/airflow/dags/branch_pipeline.py","lineno":1,"logger":"py.warnings"}
{"timestamp":"2026-02-13T07:48:49.163745Z","level":"warning","event":"The `airflow.decorators.task` attribute is deprecated. Please use `'airflow.sdk.task'`.","category":"DeprecatedImportWarning","filename":"/opt/airflow/dags/branch_pipeline.py","lineno":1,"logger":"py.warnings"}
{"timestamp":"2026-02-13T07:48:49.168256Z","level":"warning","event":"The `airflow.operators.python.BranchPythonOperator` attribute is deprecated. Please use `'airflow.providers.standard.operators.python.BranchPythonOperator'`.","category":"DeprecatedImportWarning","filename":"/opt/airflow/dags/branch_pipeline.py","lineno":2,"logger":"py.warnings"}
{"timestamp":"2026-02-13T07:48:49.168554Z","level":"warning","event":"The `airflow.operators.bash.BashOperator` attribute is deprecated. Please use `'airflow.providers.standard.operators.bash.BashOperator'`.","category":"DeprecatedImportWarning","filename":"/opt/airflow/dags/branch_pipeline.py","lineno":3,"logger":"py.warnings"}
{"timestamp":"2026-02-13T07:49:20.192740Z","level":"info","event":"Filling up the DagBag from /opt/airflow/dags/branch_pipeline.py","logger":"airflow.models.dagbag.BundleDagBag","filename":"dagbag.py","lineno":593}
{"timestamp":"2026-02-13T07:49:20.260414Z","level":"warning","event":"The `airflow.decorators.dag` attribute is deprecated. Please use `'airflow.sdk.dag'`.","category":"DeprecatedImportWarning","filename":"/opt/airflow/dags/branch_pipeline.py","lineno":1,"logger":"py.warnings"}
{"timestamp":"2026-02-13T07:49:20.260799Z","level":"warning","event":"The `airflow.decorators.task` attribute is deprecated. Please use `'airflow.sdk.task'`.","category":"DeprecatedImportWarning","filename":"/opt/airflow/dags/branch_pipeline.py","lineno":1,"logger":"py.warnings"}
{"timestamp":"2026-02-13T07:49:20.260973Z","level":"warning","event":"The `airflow.operators.python.BranchPythonOperator` attribute is deprecated. Please use `'airflow.providers.standard.operators.python.BranchPythonOperator'`.","category":"DeprecatedImportWarning","filename":"/opt/airflow/dags/branch_pipeline.py","lineno":2,"logger":"py.warnings"}
{"timestamp":"2026-02-13T07:49:20.261097Z","level":"warning","event":"The `airflow.operators.bash.BashOperator` attribute is deprecated. Please use `'airflow.providers.standard.operators.bash.BashOperator'`.","category":"DeprecatedImportWarning","filename":"/opt/airflow/dags/branch_pipeline.py","lineno":3,"logger":"py.warnings"}
{"timestamp":"2026-02-13T07:49:50.843153Z","level":"info","event":"Filling up the DagBag from /opt/airflow/dags/branch_pipeline.py","logger":"airflow.models.dagbag.BundleDagBag","filename":"dagbag.py","lineno":593}
{"timestamp":"2026-02-13T07:49:50.915246Z","level":"warning","event":"The `airflow.decorators.dag` attribute is deprecated. Please use `'airflow.sdk.dag'`.","category":"DeprecatedImportWarning","filename":"/opt/airflow/dags/branch_pipeline.py","lineno":1,"logger":"py.warnings"}
{"timestamp":"2026-02-13T07:49:50.916344Z","level":"warning","event":"The `airflow.decorators.task` attribute is deprecated. Please use `'airflow.sdk.task'`.","category":"DeprecatedImportWarning","filename":"/opt/airflow/dags/branch_pipeline.py","lineno":1,"logger":"py.warnings"}
{"timestamp":"2026-02-13T07:49:50.916726Z","level":"warning","event":"The `airflow.operators.python.BranchPythonOperator` attribute is deprecated. Please use `'airflow.providers.standard.operators.python.BranchPythonOperator'`.","category":"DeprecatedImportWarning","filename":"/opt/airflow/dags/branch_pipeline.py","lineno":2,"logger":"py.warnings"}
{"timestamp":"2026-02-13T07:49:50.916958Z","level":"warning","event":"The `airflow.operators.bash.BashOperator` attribute is deprecated. Please use `'airflow.providers.standard.operators.bash.BashOperator'`.","category":"DeprecatedImportWarning","filename":"/opt/airflow/dags/branch_pipeline.py","lineno":3,"logger":"py.warnings"}
{"timestamp":"2026-02-13T07:50:21.359387Z","level":"info","event":"Filling up the DagBag from /opt/airflow/dags/branch_pipeline.py","logger":"airflow.models.dagbag.BundleDagBag","filename":"dagbag.py","lineno":593}
{"timestamp":"2026-02-13T07:50:21.431137Z","level":"warning","event":"The `airflow.decorators.dag` attribute is deprecated. Please use `'airflow.sdk.dag'`.","category":"DeprecatedImportWarning","filename":"/opt/airflow/dags/branch_pipeline.py","lineno":1,"logger":"py.warnings"}
{"timestamp":"2026-02-13T07:50:21.431644Z","level":"warning","event":"The `airflow.decorators.task` attribute is deprecated. Please use `'airflow.sdk.task'`.","category":"DeprecatedImportWarning","filename":"/opt/airflow/dags/branch_pipeline.py","lineno":1,"logger":"py.warnings"}
{"timestamp":"2026-02-13T07:50:21.431837Z","level":"warning","event":"The `airflow.operators.python.BranchPythonOperator` attribute is deprecated. Please use `'airflow.providers.standard.operators.python.BranchPythonOperator'`.","category":"DeprecatedImportWarning","filename":"/opt/airflow/dags/branch_pipeline.py","lineno":2,"logger":"py.warnings"}
{"timestamp":"2026-02-13T07:50:21.432044Z","level":"warning","event":"The `airflow.operators.bash.BashOperator` attribute is deprecated. Please use `'airflow.providers.standard.operators.bash.BashOperator'`.","category":"DeprecatedImportWarning","filename":"/opt/airflow/dags/branch_pipeline.py","lineno":3,"logger":"py.warnings"}
{"timestamp":"2026-02-13T07:50:52.567398Z","level":"info","event":"Filling up the DagBag from /opt/airflow/dags/branch_pipeline.py","logger":"airflow.models.dagbag.BundleDagBag","filename":"dagbag.py","lineno":593}
{"timestamp":"2026-02-13T07:50:52.699945Z","level":"warning","event":"The `airflow.decorators.dag` attribute is deprecated. Please use `'airflow.sdk.dag'`.","category":"DeprecatedImportWarning","filename":"/opt/airflow/dags/branch_pipeline.py","lineno":1,"logger":"py.warnings"}
{"timestamp":"2026-02-13T07:50:52.700283Z","level":"warning","event":"The `airflow.decorators.task` attribute is deprecated. Please use `'airflow.sdk.task'`.","category":"DeprecatedImportWarning","filename":"/opt/airflow/dags/branch_pipeline.py","lineno":1,"logger":"py.warnings"}
{"timestamp":"2026-02-13T07:50:52.700416Z","level":"warning","event":"The `airflow.operators.python.BranchPythonOperator` attribute is deprecated. Please use `'airflow.providers.standard.operators.python.BranchPythonOperator'`.","category":"DeprecatedImportWarning","filename":"/opt/airflow/dags/branch_pipeline.py","lineno":2,"logger":"py.warnings"}
{"timestamp":"2026-02-13T07:50:52.700510Z","level":"warning","event":"The `airflow.operators.bash.BashOperator` attribute is deprecated. Please use `'airflow.providers.standard.operators.bash.BashOperator'`.","category":"DeprecatedImportWarning","filename":"/opt/airflow/dags/branch_pipeline.py","lineno":3,"logger":"py.warnings"}
{"timestamp":"2026-02-13T07:52:27.854094Z","level":"info","event":"Filling up the DagBag from /opt/airflow/dags/branch_pipeline.py","logger":"airflow.models.dagbag.BundleDagBag","filename":"dagbag.py","lineno":593}
{"timestamp":"2026-02-13T07:52:27.983253Z","level":"warning","event":"The `airflow.decorators.dag` attribute is deprecated. Please use `'airflow.sdk.dag'`.","category":"DeprecatedImportWarning","filename":"/opt/airflow/dags/branch_pipeline.py","lineno":1,"logger":"py.warnings"}
{"timestamp":"2026-02-13T07:52:27.983643Z","level":"warning","event":"The `airflow.decorators.task` attribute is deprecated. Please use `'airflow.sdk.task'`.","category":"DeprecatedImportWarning","filename":"/opt/airflow/dags/branch_pipeline.py","lineno":1,"logger":"py.warnings"}
{"timestamp":"2026-02-13T07:52:27.983793Z","level":"warning","event":"The `airflow.operators.python.BranchPythonOperator` attribute is deprecated. Please use `'airflow.providers.standard.operators.python.BranchPythonOperator'`.","category":"DeprecatedImportWarning","filename":"/opt/airflow/dags/branch_pipeline.py","lineno":2,"logger":"py.warnings"}
{"timestamp":"2026-02-13T07:52:27.984214Z","level":"warning","event":"The `airflow.operators.bash.BashOperator` attribute is deprecated. Please use `'airflow.providers.standard.operators.bash.BashOperator'`.","category":"DeprecatedImportWarning","filename":"/opt/airflow/dags/branch_pipeline.py","lineno":3,"logger":"py.warnings"}
{"timestamp":"2026-02-13T07:52:58.680050Z","level":"info","event":"Filling up the DagBag from /opt/airflow/dags/branch_pipeline.py","logger":"airflow.models.dagbag.BundleDagBag","filename":"dagbag.py","lineno":593}
{"timestamp":"2026-02-13T07:52:58.739282Z","level":"warning","event":"The `airflow.decorators.dag` attribute is deprecated. Please use `'airflow.sdk.dag'`.","category":"DeprecatedImportWarning","filename":"/opt/airflow/dags/branch_pipeline.py","lineno":1,"logger":"py.warnings"}
{"timestamp":"2026-02-13T07:52:58.739569Z","level":"warning","event":"The `airflow.decorators.task` attribute is deprecated. Please use `'airflow.sdk.task'`.","category":"DeprecatedImportWarning","filename":"/opt/airflow/dags/branch_pipeline.py","lineno":1,"logger":"py.warnings"}
{"timestamp":"2026-02-13T07:52:58.739699Z","level":"warning","event":"The `airflow.operators.python.BranchPythonOperator` attribute is deprecated. Please use `'airflow.providers.standard.operators.python.BranchPythonOperator'`.","category":"DeprecatedImportWarning","filename":"/opt/airflow/dags/branch_pipeline.py","lineno":2,"logger":"py.warnings"}
{"timestamp":"2026-02-13T07:52:58.739811Z","level":"warning","event":"The `airflow.operators.bash.BashOperator` attribute is deprecated. Please use `'airflow.providers.standard.operators.bash.BashOperator'`.","category":"DeprecatedImportWarning","filename":"/opt/airflow/dags/branch_pipeline.py","lineno":3,"logger":"py.warnings"}
{"timestamp":"2026-02-13T07:53:29.692436Z","level":"info","event":"Filling up the DagBag from /opt/airflow/dags/branch_pipeline.py","logger":"airflow.models.dagbag.BundleDagBag","filename":"dagbag.py","lineno":593}
{"timestamp":"2026-02-13T07:53:29.744015Z","level":"warning","event":"The `airflow.decorators.dag` attribute is deprecated. Please use `'airflow.sdk.dag'`.","category":"DeprecatedImportWarning","filename":"/opt/airflow/dags/branch_pipeline.py","lineno":1,"logger":"py.warnings"}
{"timestamp":"2026-02-13T07:53:29.744178Z","level":"warning","event":"The `airflow.decorators.task` attribute is deprecated. Please use `'airflow.sdk.task'`.","category":"DeprecatedImportWarning","filename":"/opt/airflow/dags/branch_pipeline.py","lineno":1,"logger":"py.warnings"}
{"timestamp":"2026-02-13T07:53:29.744242Z","level":"warning","event":"The `airflow.operators.python.BranchPythonOperator` attribute is deprecated. Please use `'airflow.providers.standard.operators.python.BranchPythonOperator'`.","category":"DeprecatedImportWarning","filename":"/opt/airflow/dags/branch_pipeline.py","lineno":2,"logger":"py.warnings"}
{"timestamp":"2026-02-13T07:53:29.744299Z","level":"warning","event":"The `airflow.operators.bash.BashOperator` attribute is deprecated. Please use `'airflow.providers.standard.operators.bash.BashOperator'`.","category":"DeprecatedImportWarning","filename":"/opt/airflow/dags/branch_pipeline.py","lineno":3,"logger":"py.warnings"}
{"timestamp":"2026-02-13T07:54:00.480139Z","level":"info","event":"Filling up the DagBag from /opt/airflow/dags/branch_pipeline.py","logger":"airflow.models.dagbag.BundleDagBag","filename":"dagbag.py","lineno":593}
{"timestamp":"2026-02-13T07:54:00.548195Z","level":"warning","event":"The `airflow.decorators.dag` attribute is deprecated. Please use `'airflow.sdk.dag'`.","category":"DeprecatedImportWarning","filename":"/opt/airflow/dags/branch_pipeline.py","lineno":1,"logger":"py.warnings"}
{"timestamp":"2026-02-13T07:54:00.548381Z","level":"warning","event":"The `airflow.decorators.task` attribute is deprecated. Please use `'airflow.sdk.task'`.","category":"DeprecatedImportWarning","filename":"/opt/airflow/dags/branch_pipeline.py","lineno":1,"logger":"py.warnings"}
{"timestamp":"2026-02-13T07:54:00.548444Z","level":"warning","event":"The `airflow.operators.python.BranchPythonOperator` attribute is deprecated. Please use `'airflow.providers.standard.operators.python.BranchPythonOperator'`.","category":"DeprecatedImportWarning","filename":"/opt/airflow/dags/branch_pipeline.py","lineno":2,"logger":"py.warnings"}
{"timestamp":"2026-02-13T07:54:00.548505Z","level":"warning","event":"The `airflow.operators.bash.BashOperator` attribute is deprecated. Please use `'airflow.providers.standard.operators.bash.BashOperator'`.","category":"DeprecatedImportWarning","filename":"/opt/airflow/dags/branch_pipeline.py","lineno":3,"logger":"py.warnings"}
{"timestamp":"2026-02-13T07:54:30.875085Z","level":"info","event":"Filling up the DagBag from /opt/airflow/dags/branch_pipeline.py","logger":"airflow.models.dagbag.BundleDagBag","filename":"dagbag.py","lineno":593}
{"timestamp":"2026-02-13T07:54:30.933821Z","level":"warning","event":"The `airflow.decorators.dag` attribute is deprecated. Please use `'airflow.sdk.dag'`.","category":"DeprecatedImportWarning","filename":"/opt/airflow/dags/branch_pipeline.py","lineno":1,"logger":"py.warnings"}
{"timestamp":"2026-02-13T07:54:30.933972Z","level":"warning","event":"The `airflow.decorators.task` attribute is deprecated. Please use `'airflow.sdk.task'`.","category":"DeprecatedImportWarning","filename":"/opt/airflow/dags/branch_pipeline.py","lineno":1,"logger":"py.warnings"}
{"timestamp":"2026-02-13T07:54:30.934037Z","level":"warning","event":"The `airflow.operators.python.BranchPythonOperator` attribute is deprecated. Please use `'airflow.providers.standard.operators.python.BranchPythonOperator'`.","category":"DeprecatedImportWarning","filename":"/opt/airflow/dags/branch_pipeline.py","lineno":2,"logger":"py.warnings"}
{"timestamp":"2026-02-13T07:54:30.934102Z","level":"warning","event":"The `airflow.operators.bash.BashOperator` attribute is deprecated. Please use `'airflow.providers.standard.operators.bash.BashOperator'`.","category":"DeprecatedImportWarning","filename":"/opt/airflow/dags/branch_pipeline.py","lineno":3,"logger":"py.warnings"}
{"timestamp":"2026-02-13T07:55:01.311084Z","level":"info","event":"Filling up the DagBag from /opt/airflow/dags/branch_pipeline.py","logger":"airflow.models.dagbag.BundleDagBag","filename":"dagbag.py","lineno":593}
{"timestamp":"2026-02-13T07:55:01.378698Z","level":"warning","event":"The `airflow.decorators.dag` attribute is deprecated. Please use `'airflow.sdk.dag'`.","category":"DeprecatedImportWarning","filename":"/opt/airflow/dags/branch_pipeline.py","lineno":1,"logger":"py.warnings"}
{"timestamp":"2026-02-13T07:55:01.379029Z","level":"warning","event":"The `airflow.decorators.task` attribute is deprecated. Please use `'airflow.sdk.task'`.","category":"DeprecatedImportWarning","filename":"/opt/airflow/dags/branch_pipeline.py","lineno":1,"logger":"py.warnings"}
{"timestamp":"2026-02-13T07:55:01.379255Z","level":"warning","event":"The `airflow.operators.python.BranchPythonOperator` attribute is deprecated. Please use `'airflow.providers.standard.operators.python.BranchPythonOperator'`.","category":"DeprecatedImportWarning","filename":"/opt/airflow/dags/branch_pipeline.py","lineno":2,"logger":"py.warnings"}
{"timestamp":"2026-02-13T07:55:01.379422Z","level":"warning","event":"The `airflow.operators.bash.BashOperator` attribute is deprecated. Please use `'airflow.providers.standard.operators.bash.BashOperator'`.","category":"DeprecatedImportWarning","filename":"/opt/airflow/dags/branch_pipeline.py","lineno":3,"logger":"py.warnings"}
{"timestamp":"2026-02-13T07:55:31.615489Z","level":"info","event":"Filling up the DagBag from /opt/airflow/dags/branch_pipeline.py","logger":"airflow.models.dagbag.BundleDagBag","filename":"dagbag.py","lineno":593}
{"timestamp":"2026-02-13T07:55:31.661163Z","level":"warning","event":"The `airflow.decorators.dag` attribute is deprecated. Please use `'airflow.sdk.dag'`.","category":"DeprecatedImportWarning","filename":"/opt/airflow/dags/branch_pipeline.py","lineno":1,"logger":"py.warnings"}
{"timestamp":"2026-02-13T07:55:31.661340Z","level":"warning","event":"The `airflow.decorators.task` attribute is deprecated. Please use `'airflow.sdk.task'`.","category":"DeprecatedImportWarning","filename":"/opt/airflow/dags/branch_pipeline.py","lineno":1,"logger":"py.warnings"}
{"timestamp":"2026-02-13T07:55:31.661395Z","level":"warning","event":"The `airflow.operators.python.BranchPythonOperator` attribute is deprecated. Please use `'airflow.providers.standard.operators.python.BranchPythonOperator'`.","category":"DeprecatedImportWarning","filename":"/opt/airflow/dags/branch_pipeline.py","lineno":2,"logger":"py.warnings"}
{"timestamp":"2026-02-13T07:55:31.661460Z","level":"warning","event":"The `airflow.operators.bash.BashOperator` attribute is deprecated. Please use `'airflow.providers.standard.operators.bash.BashOperator'`.","category":"DeprecatedImportWarning","filename":"/opt/airflow/dags/branch_pipeline.py","lineno":3,"logger":"py.warnings"}
{"timestamp":"2026-02-13T07:56:02.099154Z","level":"info","event":"Filling up the DagBag from /opt/airflow/dags/branch_pipeline.py","logger":"airflow.models.dagbag.BundleDagBag","filename":"dagbag.py","lineno":593}
{"timestamp":"2026-02-13T07:56:02.150586Z","level":"warning","event":"The `airflow.decorators.dag` attribute is deprecated. Please use `'airflow.sdk.dag'`.","category":"DeprecatedImportWarning","filename":"/opt/airflow/dags/branch_pipeline.py","lineno":1,"logger":"py.warnings"}
{"timestamp":"2026-02-13T07:56:02.150731Z","level":"warning","event":"The `airflow.decorators.task` attribute is deprecated. Please use `'airflow.sdk.task'`.","category":"DeprecatedImportWarning","filename":"/opt/airflow/dags/branch_pipeline.py","lineno":1,"logger":"py.warnings"}
{"timestamp":"2026-02-13T07:56:02.150818Z","level":"warning","event":"The `airflow.operators.python.BranchPythonOperator` attribute is deprecated. Please use `'airflow.providers.standard.operators.python.BranchPythonOperator'`.","category":"DeprecatedImportWarning","filename":"/opt/airflow/dags/branch_pipeline.py","lineno":2,"logger":"py.warnings"}
{"timestamp":"2026-02-13T07:56:02.150895Z","level":"warning","event":"The `airflow.operators.bash.BashOperator` attribute is deprecated. Please use `'airflow.providers.standard.operators.bash.BashOperator'`.","category":"DeprecatedImportWarning","filename":"/opt/airflow/dags/branch_pipeline.py","lineno":3,"logger":"py.warnings"}
{"timestamp":"2026-02-13T07:56:32.771253Z","level":"info","event":"Filling up the DagBag from /opt/airflow/dags/branch_pipeline.py","logger":"airflow.models.dagbag.BundleDagBag","filename":"dagbag.py","lineno":593}
{"timestamp":"2026-02-13T07:56:32.827636Z","level":"warning","event":"The `airflow.decorators.dag` attribute is deprecated. Please use `'airflow.sdk.dag'`.","category":"DeprecatedImportWarning","filename":"/opt/airflow/dags/branch_pipeline.py","lineno":1,"logger":"py.warnings"}
{"timestamp":"2026-02-13T07:56:32.828038Z","level":"warning","event":"The `airflow.decorators.task` attribute is deprecated. Please use `'airflow.sdk.task'`.","category":"DeprecatedImportWarning","filename":"/opt/airflow/dags/branch_pipeline.py","lineno":1,"logger":"py.warnings"}
{"timestamp":"2026-02-13T07:56:32.828167Z","level":"warning","event":"The `airflow.operators.python.BranchPythonOperator` attribute is deprecated. Please use `'airflow.providers.standard.operators.python.BranchPythonOperator'`.","category":"DeprecatedImportWarning","filename":"/opt/airflow/dags/branch_pipeline.py","lineno":2,"logger":"py.warnings"}
{"timestamp":"2026-02-13T07:56:32.828267Z","level":"warning","event":"The `airflow.operators.bash.BashOperator` attribute is deprecated. Please use `'airflow.providers.standard.operators.bash.BashOperator'`.","category":"DeprecatedImportWarning","filename":"/opt/airflow/dags/branch_pipeline.py","lineno":3,"logger":"py.warnings"}
{"timestamp":"2026-02-13T07:57:03.472079Z","level":"info","event":"Filling up the DagBag from /opt/airflow/dags/branch_pipeline.py","logger":"airflow.models.dagbag.BundleDagBag","filename":"dagbag.py","lineno":593}
{"timestamp":"2026-02-13T07:57:03.541741Z","level":"warning","event":"The `airflow.decorators.dag` attribute is deprecated. Please use `'airflow.sdk.dag'`.","category":"DeprecatedImportWarning","filename":"/opt/airflow/dags/branch_pipeline.py","lineno":1,"logger":"py.warnings"}
{"timestamp":"2026-02-13T07:57:03.542776Z","level":"warning","event":"The `airflow.decorators.task` attribute is deprecated. Please use `'airflow.sdk.task'`.","category":"DeprecatedImportWarning","filename":"/opt/airflow/dags/branch_pipeline.py","lineno":1,"logger":"py.warnings"}
{"timestamp":"2026-02-13T07:57:03.543134Z","level":"warning","event":"The `airflow.operators.python.BranchPythonOperator` attribute is deprecated. Please use `'airflow.providers.standard.operators.python.BranchPythonOperator'`.","category":"DeprecatedImportWarning","filename":"/opt/airflow/dags/branch_pipeline.py","lineno":2,"logger":"py.warnings"}
{"timestamp":"2026-02-13T07:57:03.543303Z","level":"warning","event":"The `airflow.operators.bash.BashOperator` attribute is deprecated. Please use `'airflow.providers.standard.operators.bash.BashOperator'`.","category":"DeprecatedImportWarning","filename":"/opt/airflow/dags/branch_pipeline.py","lineno":3,"logger":"py.warnings"}
{"timestamp":"2026-02-13T07:57:34.163870Z","level":"info","event":"Filling up the DagBag from /opt/airflow/dags/branch_pipeline.py","logger":"airflow.models.dagbag.BundleDagBag","filename":"dagbag.py","lineno":593}
{"timestamp":"2026-02-13T07:57:34.238742Z","level":"warning","event":"The `airflow.decorators.dag` attribute is deprecated. Please use `'airflow.sdk.dag'`.","category":"DeprecatedImportWarning","filename":"/opt/airflow/dags/branch_pipeline.py","lineno":1,"logger":"py.warnings"}
{"timestamp":"2026-02-13T07:57:34.239315Z","level":"warning","event":"The `airflow.decorators.task` attribute is deprecated. Please use `'airflow.sdk.task'`.","category":"DeprecatedImportWarning","filename":"/opt/airflow/dags/branch_pipeline.py","lineno":1,"logger":"py.warnings"}
{"timestamp":"2026-02-13T07:57:34.239515Z","level":"warning","event":"The `airflow.operators.python.BranchPythonOperator` attribute is deprecated. Please use `'airflow.providers.standard.operators.python.BranchPythonOperator'`.","category":"DeprecatedImportWarning","filename":"/opt/airflow/dags/branch_pipeline.py","lineno":2,"logger":"py.warnings"}
{"timestamp":"2026-02-13T07:57:34.239844Z","level":"warning","event":"The `airflow.operators.bash.BashOperator` attribute is deprecated. Please use `'airflow.providers.standard.operators.bash.BashOperator'`.","category":"DeprecatedImportWarning","filename":"/opt/airflow/dags/branch_pipeline.py","lineno":3,"logger":"py.warnings"}
{"timestamp":"2026-02-13T07:58:04.989185Z","level":"info","event":"Filling up the DagBag from /opt/airflow/dags/branch_pipeline.py","logger":"airflow.models.dagbag.BundleDagBag","filename":"dagbag.py","lineno":593}
{"timestamp":"2026-02-13T07:58:05.039160Z","level":"warning","event":"The `airflow.decorators.dag` attribute is deprecated. Please use `'airflow.sdk.dag'`.","category":"DeprecatedImportWarning","filename":"/opt/airflow/dags/branch_pipeline.py","lineno":1,"logger":"py.warnings"}
{"timestamp":"2026-02-13T07:58:05.039308Z","level":"warning","event":"The `airflow.decorators.task` attribute is deprecated. Please use `'airflow.sdk.task'`.","category":"DeprecatedImportWarning","filename":"/opt/airflow/dags/branch_pipeline.py","lineno":1,"logger":"py.warnings"}
{"timestamp":"2026-02-13T07:58:05.039370Z","level":"warning","event":"The `airflow.operators.python.BranchPythonOperator` attribute is deprecated. Please use `'airflow.providers.standard.operators.python.BranchPythonOperator'`.","category":"DeprecatedImportWarning","filename":"/opt/airflow/dags/branch_pipeline.py","lineno":2,"logger":"py.warnings"}
{"timestamp":"2026-02-13T07:58:05.039435Z","level":"warning","event":"The `airflow.operators.bash.BashOperator` attribute is deprecated. Please use `'airflow.providers.standard.operators.bash.BashOperator'`.","category":"DeprecatedImportWarning","filename":"/opt/airflow/dags/branch_pipeline.py","lineno":3,"logger":"py.warnings"}
{"timestamp":"2026-02-13T07:58:35.417567Z","level":"info","event":"Filling up the DagBag from /opt/airflow/dags/branch_pipeline.py","logger":"airflow.models.dagbag.BundleDagBag","filename":"dagbag.py","lineno":593}
{"timestamp":"2026-02-13T07:58:35.466969Z","level":"warning","event":"The `airflow.decorators.dag` attribute is deprecated. Please use `'airflow.sdk.dag'`.","category":"DeprecatedImportWarning","filename":"/opt/airflow/dags/branch_pipeline.py","lineno":1,"logger":"py.warnings"}
{"timestamp":"2026-02-13T07:58:35.467112Z","level":"warning","event":"The `airflow.decorators.task` attribute is deprecated. Please use `'airflow.sdk.task'`.","category":"DeprecatedImportWarning","filename":"/opt/airflow/dags/branch_pipeline.py","lineno":1,"logger":"py.warnings"}
{"timestamp":"2026-02-13T07:58:35.467182Z","level":"warning","event":"The `airflow.operators.python.BranchPythonOperator` attribute is deprecated. Please use `'airflow.providers.standard.operators.python.BranchPythonOperator'`.","category":"DeprecatedImportWarning","filename":"/opt/airflow/dags/branch_pipeline.py","lineno":2,"logger":"py.warnings"}
{"timestamp":"2026-02-13T07:58:35.467244Z","level":"warning","event":"The `airflow.operators.bash.BashOperator` attribute is deprecated. Please use `'airflow.providers.standard.operators.bash.BashOperator'`.","category":"DeprecatedImportWarning","filename":"/opt/airflow/dags/branch_pipeline.py","lineno":3,"logger":"py.warnings"}
{"timestamp":"2026-02-13T07:59:05.843244Z","level":"info","event":"Filling up the DagBag from /opt/airflow/dags/branch_pipeline.py","logger":"airflow.models.dagbag.BundleDagBag","filename":"dagbag.py","lineno":593}
{"timestamp":"2026-02-13T07:59:05.905961Z","level":"warning","event":"The `airflow.decorators.dag` attribute is deprecated. Please use `'airflow.sdk.dag'`.","category":"DeprecatedImportWarning","filename":"/opt/airflow/dags/branch_pipeline.py","lineno":1,"logger":"py.warnings"}
{"timestamp":"2026-02-13T07:59:05.906107Z","level":"warning","event":"The `airflow.decorators.task` attribute is deprecated. Please use `'airflow.sdk.task'`.","category":"DeprecatedImportWarning","filename":"/opt/airflow/dags/branch_pipeline.py","lineno":1,"logger":"py.warnings"}
{"timestamp":"2026-02-13T07:59:05.906168Z","level":"warning","event":"The `airflow.operators.python.BranchPythonOperator` attribute is deprecated. Please use `'airflow.providers.standard.operators.python.BranchPythonOperator'`.","category":"DeprecatedImportWarning","filename":"/opt/airflow/dags/branch_pipeline.py","lineno":2,"logger":"py.warnings"}
{"timestamp":"2026-02-13T07:59:05.906272Z","level":"warning","event":"The `airflow.operators.bash.BashOperator` attribute is deprecated. Please use `'airflow.providers.standard.operators.bash.BashOperator'`.","category":"DeprecatedImportWarning","filename":"/opt/airflow/dags/branch_pipeline.py","lineno":3,"logger":"py.warnings"}
{"timestamp":"2026-02-13T07:59:36.195955Z","level":"info","event":"Filling up the DagBag from /opt/airflow/dags/branch_pipeline.py","logger":"airflow.models.dagbag.BundleDagBag","filename":"dagbag.py","lineno":593}
{"timestamp":"2026-02-13T07:59:36.252424Z","level":"warning","event":"The `airflow.decorators.dag` attribute is deprecated. Please use `'airflow.sdk.dag'`.","category":"DeprecatedImportWarning","filename":"/opt/airflow/dags/branch_pipeline.py","lineno":1,"logger":"py.warnings"}
{"timestamp":"2026-02-13T07:59:36.252604Z","level":"warning","event":"The `airflow.decorators.task` attribute is deprecated. Please use `'airflow.sdk.task'`.","category":"DeprecatedImportWarning","filename":"/opt/airflow/dags/branch_pipeline.py","lineno":1,"logger":"py.warnings"}
{"timestamp":"2026-02-13T07:59:36.252670Z","level":"warning","event":"The `airflow.operators.python.BranchPythonOperator` attribute is deprecated. Please use `'airflow.providers.standard.operators.python.BranchPythonOperator'`.","category":"DeprecatedImportWarning","filename":"/opt/airflow/dags/branch_pipeline.py","lineno":2,"logger":"py.warnings"}
{"timestamp":"2026-02-13T07:59:36.252735Z","level":"warning","event":"The `airflow.operators.bash.BashOperator` attribute is deprecated. Please use `'airflow.providers.standard.operators.bash.BashOperator'`.","category":"DeprecatedImportWarning","filename":"/opt/airflow/dags/branch_pipeline.py","lineno":3,"logger":"py.warnings"}
{"timestamp":"2026-02-13T08:00:06.706399Z","level":"info","event":"Filling up the DagBag from /opt/airflow/dags/branch_pipeline.py","logger":"airflow.models.dagbag.BundleDagBag","filename":"dagbag.py","lineno":593}
{"timestamp":"2026-02-13T08:00:06.768226Z","level":"warning","event":"The `airflow.decorators.dag` attribute is deprecated. Please use `'airflow.sdk.dag'`.","category":"DeprecatedImportWarning","filename":"/opt/airflow/dags/branch_pipeline.py","lineno":1,"logger":"py.warnings"}
{"timestamp":"2026-02-13T08:00:06.768512Z","level":"warning","event":"The `airflow.decorators.task` attribute is deprecated. Please use `'airflow.sdk.task'`.","category":"DeprecatedImportWarning","filename":"/opt/airflow/dags/branch_pipeline.py","lineno":1,"logger":"py.warnings"}
{"timestamp":"2026-02-13T08:00:06.768656Z","level":"warning","event":"The `airflow.operators.python.BranchPythonOperator` attribute is deprecated. Please use `'airflow.providers.standard.operators.python.BranchPythonOperator'`.","category":"DeprecatedImportWarning","filename":"/opt/airflow/dags/branch_pipeline.py","lineno":2,"logger":"py.warnings"}
{"timestamp":"2026-02-13T08:00:06.768805Z","level":"warning","event":"The `airflow.operators.bash.BashOperator` attribute is deprecated. Please use `'airflow.providers.standard.operators.bash.BashOperator'`.","category":"DeprecatedImportWarning","filename":"/opt/airflow/dags/branch_pipeline.py","lineno":3,"logger":"py.warnings"}
{"timestamp":"2026-02-13T08:00:37.102523Z","level":"info","event":"Filling up the DagBag from /opt/airflow/dags/branch_pipeline.py","logger":"airflow.models.dagbag.BundleDagBag","filename":"dagbag.py","lineno":593}
{"timestamp":"2026-02-13T08:00:37.148012Z","level":"warning","event":"The `airflow.decorators.dag` attribute is deprecated. Please use `'airflow.sdk.dag'`.","category":"DeprecatedImportWarning","filename":"/opt/airflow/dags/branch_pipeline.py","lineno":1,"logger":"py.warnings"}
{"timestamp":"2026-02-13T08:00:37.148183Z","level":"warning","event":"The `airflow.decorators.task` attribute is deprecated. Please use `'airflow.sdk.task'`.","category":"DeprecatedImportWarning","filename":"/opt/airflow/dags/branch_pipeline.py","lineno":1,"logger":"py.warnings"}
{"timestamp":"2026-02-13T08:00:37.148240Z","level":"warning","event":"The `airflow.operators.python.BranchPythonOperator` attribute is deprecated. Please use `'airflow.providers.standard.operators.python.BranchPythonOperator'`.","category":"DeprecatedImportWarning","filename":"/opt/airflow/dags/branch_pipeline.py","lineno":2,"logger":"py.warnings"}
{"timestamp":"2026-02-13T08:00:37.148298Z","level":"warning","event":"The `airflow.operators.bash.BashOperator` attribute is deprecated. Please use `'airflow.providers.standard.operators.bash.BashOperator'`.","category":"DeprecatedImportWarning","filename":"/opt/airflow/dags/branch_pipeline.py","lineno":3,"logger":"py.warnings"}
{"timestamp":"2026-02-13T08:01:07.599704Z","level":"info","event":"Filling up the DagBag from /opt/airflow/dags/branch_pipeline.py","logger":"airflow.models.dagbag.BundleDagBag","filename":"dagbag.py","lineno":593}
{"timestamp":"2026-02-13T08:01:07.661322Z","level":"warning","event":"The `airflow.decorators.dag` attribute is deprecated. Please use `'airflow.sdk.dag'`.","category":"DeprecatedImportWarning","filename":"/opt/airflow/dags/branch_pipeline.py","lineno":1,"logger":"py.warnings"}
{"timestamp":"2026-02-13T08:01:07.661504Z","level":"warning","event":"The `airflow.decorators.task` attribute is deprecated. Please use `'airflow.sdk.task'`.","category":"DeprecatedImportWarning","filename":"/opt/airflow/dags/branch_pipeline.py","lineno":1,"logger":"py.warnings"}
{"timestamp":"2026-02-13T08:01:07.661624Z","level":"warning","event":"The `airflow.operators.python.BranchPythonOperator` attribute is deprecated. Please use `'airflow.providers.standard.operators.python.BranchPythonOperator'`.","category":"DeprecatedImportWarning","filename":"/opt/airflow/dags/branch_pipeline.py","lineno":2,"logger":"py.warnings"}
{"timestamp":"2026-02-13T08:01:07.661745Z","level":"warning","event":"The `airflow.operators.bash.BashOperator` attribute is deprecated. Please use `'airflow.providers.standard.operators.bash.BashOperator'`.","category":"DeprecatedImportWarning","filename":"/opt/airflow/dags/branch_pipeline.py","lineno":3,"logger":"py.warnings"}
{"timestamp":"2026-02-13T08:01:38.006939Z","level":"info","event":"Filling up the DagBag from /opt/airflow/dags/branch_pipeline.py","logger":"airflow.models.dagbag.BundleDagBag","filename":"dagbag.py","lineno":593}
{"timestamp":"2026-02-13T08:01:38.055534Z","level":"warning","event":"The `airflow.decorators.dag` attribute is deprecated. Please use `'airflow.sdk.dag'`.","category":"DeprecatedImportWarning","filename":"/opt/airflow/dags/branch_pipeline.py","lineno":1,"logger":"py.warnings"}
{"timestamp":"2026-02-13T08:01:38.055671Z","level":"warning","event":"The `airflow.decorators.task` attribute is deprecated. Please use `'airflow.sdk.task'`.","category":"DeprecatedImportWarning","filename":"/opt/airflow/dags/branch_pipeline.py","lineno":1,"logger":"py.warnings"}
{"timestamp":"2026-02-13T08:01:38.055727Z","level":"warning","event":"The `airflow.operators.python.BranchPythonOperator` attribute is deprecated. Please use `'airflow.providers.standard.operators.python.BranchPythonOperator'`.","category":"DeprecatedImportWarning","filename":"/opt/airflow/dags/branch_pipeline.py","lineno":2,"logger":"py.warnings"}
{"timestamp":"2026-02-13T08:01:38.055786Z","level":"warning","event":"The `airflow.operators.bash.BashOperator` attribute is deprecated. Please use `'airflow.providers.standard.operators.bash.BashOperator'`.","category":"DeprecatedImportWarning","filename":"/opt/airflow/dags/branch_pipeline.py","lineno":3,"logger":"py.warnings"}
{"timestamp":"2026-02-13T08:02:08.359882Z","level":"info","event":"Filling up the DagBag from /opt/airflow/dags/branch_pipeline.py","logger":"airflow.models.dagbag.BundleDagBag","filename":"dagbag.py","lineno":593}
{"timestamp":"2026-02-13T08:02:08.423954Z","level":"warning","event":"The `airflow.decorators.dag` attribute is deprecated. Please use `'airflow.sdk.dag'`.","category":"DeprecatedImportWarning","filename":"/opt/airflow/dags/branch_pipeline.py","lineno":1,"logger":"py.warnings"}
{"timestamp":"2026-02-13T08:02:08.424164Z","level":"warning","event":"The `airflow.decorators.task` attribute is deprecated. Please use `'airflow.sdk.task'`.","category":"DeprecatedImportWarning","filename":"/opt/airflow/dags/branch_pipeline.py","lineno":1,"logger":"py.warnings"}
{"timestamp":"2026-02-13T08:02:08.424235Z","level":"warning","event":"The `airflow.operators.python.BranchPythonOperator` attribute is deprecated. Please use `'airflow.providers.standard.operators.python.BranchPythonOperator'`.","category":"DeprecatedImportWarning","filename":"/opt/airflow/dags/branch_pipeline.py","lineno":2,"logger":"py.warnings"}
{"timestamp":"2026-02-13T08:02:08.424293Z","level":"warning","event":"The `airflow.operators.bash.BashOperator` attribute is deprecated. Please use `'airflow.providers.standard.operators.bash.BashOperator'`.","category":"DeprecatedImportWarning","filename":"/opt/airflow/dags/branch_pipeline.py","lineno":3,"logger":"py.warnings"}
{"timestamp":"2026-02-13T08:02:39.131510Z","level":"info","event":"Filling up the DagBag from /opt/airflow/dags/branch_pipeline.py","logger":"airflow.models.dagbag.BundleDagBag","filename":"dagbag.py","lineno":593}
{"timestamp":"2026-02-13T08:02:39.191722Z","level":"warning","event":"The `airflow.decorators.dag` attribute is deprecated. Please use `'airflow.sdk.dag'`.","category":"DeprecatedImportWarning","filename":"/opt/airflow/dags/branch_pipeline.py","lineno":1,"logger":"py.warnings"}
{"timestamp":"2026-02-13T08:02:39.191908Z","level":"warning","event":"The `airflow.decorators.task` attribute is deprecated. Please use `'airflow.sdk.task'`.","category":"DeprecatedImportWarning","filename":"/opt/airflow/dags/branch_pipeline.py","lineno":1,"logger":"py.warnings"}
{"timestamp":"2026-02-13T08:02:39.191975Z","level":"warning","event":"The `airflow.operators.python.BranchPythonOperator` attribute is deprecated. Please use `'airflow.providers.standard.operators.python.BranchPythonOperator'`.","category":"DeprecatedImportWarning","filename":"/opt/airflow/dags/branch_pipeline.py","lineno":2,"logger":"py.warnings"}
{"timestamp":"2026-02-13T08:02:39.192038Z","level":"warning","event":"The `airflow.operators.bash.BashOperator` attribute is deprecated. Please use `'airflow.providers.standard.operators.bash.BashOperator'`.","category":"DeprecatedImportWarning","filename":"/opt/airflow/dags/branch_pipeline.py","lineno":3,"logger":"py.warnings"}
{"timestamp":"2026-02-13T08:03:09.561033Z","level":"info","event":"Filling up the DagBag from /opt/airflow/dags/branch_pipeline.py","logger":"airflow.models.dagbag.BundleDagBag","filename":"dagbag.py","lineno":593}
{"timestamp":"2026-02-13T08:03:09.624955Z","level":"warning","event":"The `airflow.decorators.dag` attribute is deprecated. Please use `'airflow.sdk.dag'`.","category":"DeprecatedImportWarning","filename":"/opt/airflow/dags/branch_pipeline.py","lineno":1,"logger":"py.warnings"}
{"timestamp":"2026-02-13T08:03:09.625098Z","level":"warning","event":"The `airflow.decorators.task` attribute is deprecated. Please use `'airflow.sdk.task'`.","category":"DeprecatedImportWarning","filename":"/opt/airflow/dags/branch_pipeline.py","lineno":1,"logger":"py.warnings"}
{"timestamp":"2026-02-13T08:03:09.625155Z","level":"warning","event":"The `airflow.operators.python.BranchPythonOperator` attribute is deprecated. Please use `'airflow.providers.standard.operators.python.BranchPythonOperator'`.","category":"DeprecatedImportWarning","filename":"/opt/airflow/dags/branch_pipeline.py","lineno":2,"logger":"py.warnings"}
{"timestamp":"2026-02-13T08:03:09.625213Z","level":"warning","event":"The `airflow.operators.bash.BashOperator` attribute is deprecated. Please use `'airflow.providers.standard.operators.bash.BashOperator'`.","category":"DeprecatedImportWarning","filename":"/opt/airflow/dags/branch_pipeline.py","lineno":3,"logger":"py.warnings"}
{"timestamp":"2026-02-13T08:03:39.997589Z","level":"info","event":"Filling up the DagBag from /opt/airflow/dags/branch_pipeline.py","logger":"airflow.models.dagbag.BundleDagBag","filename":"dagbag.py","lineno":593}
{"timestamp":"2026-02-13T08:03:40.058828Z","level":"warning","event":"The `airflow.decorators.dag` attribute is deprecated. Please use `'airflow.sdk.dag'`.","category":"DeprecatedImportWarning","filename":"/opt/airflow/dags/branch_pipeline.py","lineno":1,"logger":"py.warnings"}
{"timestamp":"2026-02-13T08:03:40.058961Z","level":"warning","event":"The `airflow.decorators.task` attribute is deprecated. Please use `'airflow.sdk.task'`.","category":"DeprecatedImportWarning","filename":"/opt/airflow/dags/branch_pipeline.py","lineno":1,"logger":"py.warnings"}
{"timestamp":"2026-02-13T08:03:40.059040Z","level":"warning","event":"The `airflow.operators.python.BranchPythonOperator` attribute is deprecated. Please use `'airflow.providers.standard.operators.python.BranchPythonOperator'`.","category":"DeprecatedImportWarning","filename":"/opt/airflow/dags/branch_pipeline.py","lineno":2,"logger":"py.warnings"}
{"timestamp":"2026-02-13T08:03:40.059117Z","level":"warning","event":"The `airflow.operators.bash.BashOperator` attribute is deprecated. Please use `'airflow.providers.standard.operators.bash.BashOperator'`.","category":"DeprecatedImportWarning","filename":"/opt/airflow/dags/branch_pipeline.py","lineno":3,"logger":"py.warnings"}
{"timestamp":"2026-02-13T08:04:10.260800Z","level":"info","event":"Filling up the DagBag from /opt/airflow/dags/branch_pipeline.py","logger":"airflow.models.dagbag.BundleDagBag","filename":"dagbag.py","lineno":593}
{"timestamp":"2026-02-13T08:04:10.309443Z","level":"warning","event":"The `airflow.decorators.dag` attribute is deprecated. Please use `'airflow.sdk.dag'`.","category":"DeprecatedImportWarning","filename":"/opt/airflow/dags/branch_pipeline.py","lineno":1,"logger":"py.warnings"}
{"timestamp":"2026-02-13T08:04:10.309646Z","level":"warning","event":"The `airflow.decorators.task` attribute is deprecated. Please use `'airflow.sdk.task'`.","category":"DeprecatedImportWarning","filename":"/opt/airflow/dags/branch_pipeline.py","lineno":1,"logger":"py.warnings"}
{"timestamp":"2026-02-13T08:04:10.309703Z","level":"warning","event":"The `airflow.operators.python.BranchPythonOperator` attribute is deprecated. Please use `'airflow.providers.standard.operators.python.BranchPythonOperator'`.","category":"DeprecatedImportWarning","filename":"/opt/airflow/dags/branch_pipeline.py","lineno":2,"logger":"py.warnings"}
{"timestamp":"2026-02-13T08:04:10.309760Z","level":"warning","event":"The `airflow.operators.bash.BashOperator` attribute is deprecated. Please use `'airflow.providers.standard.operators.bash.BashOperator'`.","category":"DeprecatedImportWarning","filename":"/opt/airflow/dags/branch_pipeline.py","lineno":3,"logger":"py.warnings"}
{"timestamp":"2026-02-13T08:04:40.612360Z","level":"info","event":"Filling up the DagBag from /opt/airflow/dags/branch_pipeline.py","logger":"airflow.models.dagbag.BundleDagBag","filename":"dagbag.py","lineno":593}
{"timestamp":"2026-02-13T08:04:40.654918Z","level":"warning","event":"The `airflow.decorators.dag` attribute is deprecated. Please use `'airflow.sdk.dag'`.","category":"DeprecatedImportWarning","filename":"/opt/airflow/dags/branch_pipeline.py","lineno":1,"logger":"py.warnings"}
{"timestamp":"2026-02-13T08:04:40.655082Z","level":"warning","event":"The `airflow.decorators.task` attribute is deprecated. Please use `'airflow.sdk.task'`.","category":"DeprecatedImportWarning","filename":"/opt/airflow/dags/branch_pipeline.py","lineno":1,"logger":"py.warnings"}
{"timestamp":"2026-02-13T08:04:40.655147Z","level":"warning","event":"The `airflow.operators.python.BranchPythonOperator` attribute is deprecated. Please use `'airflow.providers.standard.operators.python.BranchPythonOperator'`.","category":"DeprecatedImportWarning","filename":"/opt/airflow/dags/branch_pipeline.py","lineno":2,"logger":"py.warnings"}
{"timestamp":"2026-02-13T08:04:40.655213Z","level":"warning","event":"The `airflow.operators.bash.BashOperator` attribute is deprecated. Please use `'airflow.providers.standard.operators.bash.BashOperator'`.","category":"DeprecatedImportWarning","filename":"/opt/airflow/dags/branch_pipeline.py","lineno":3,"logger":"py.warnings"}
{"timestamp":"2026-02-13T08:05:10.954009Z","level":"info","event":"Filling up the DagBag from /opt/airflow/dags/branch_pipeline.py","logger":"airflow.models.dagbag.BundleDagBag","filename":"dagbag.py","lineno":593}
{"timestamp":"2026-02-13T08:05:10.999524Z","level":"warning","event":"The `airflow.decorators.dag` attribute is deprecated. Please use `'airflow.sdk.dag'`.","category":"DeprecatedImportWarning","filename":"/opt/airflow/dags/branch_pipeline.py","lineno":1,"logger":"py.warnings"}
{"timestamp":"2026-02-13T08:05:10.999748Z","level":"warning","event":"The `airflow.decorators.task` attribute is deprecated. Please use `'airflow.sdk.task'`.","category":"DeprecatedImportWarning","filename":"/opt/airflow/dags/branch_pipeline.py","lineno":1,"logger":"py.warnings"}
{"timestamp":"2026-02-13T08:05:10.999862Z","level":"warning","event":"The `airflow.operators.python.BranchPythonOperator` attribute is deprecated. Please use `'airflow.providers.standard.operators.python.BranchPythonOperator'`.","category":"DeprecatedImportWarning","filename":"/opt/airflow/dags/branch_pipeline.py","lineno":2,"logger":"py.warnings"}
{"timestamp":"2026-02-13T08:05:10.999935Z","level":"warning","event":"The `airflow.operators.bash.BashOperator` attribute is deprecated. Please use `'airflow.providers.standard.operators.bash.BashOperator'`.","category":"DeprecatedImportWarning","filename":"/opt/airflow/dags/branch_pipeline.py","lineno":3,"logger":"py.warnings"}
{"timestamp":"2026-02-13T08:05:41.295105Z","level":"info","event":"Filling up the DagBag from /opt/airflow/dags/branch_pipeline.py","logger":"airflow.models.dagbag.BundleDagBag","filename":"dagbag.py","lineno":593}
{"timestamp":"2026-02-13T08:05:41.336976Z","level":"warning","event":"The `airflow.decorators.dag` attribute is deprecated. Please use `'airflow.sdk.dag'`.","category":"DeprecatedImportWarning","filename":"/opt/airflow/dags/branch_pipeline.py","lineno":1,"logger":"py.warnings"}
{"timestamp":"2026-02-13T08:05:41.337112Z","level":"warning","event":"The `airflow.decorators.task` attribute is deprecated. Please use `'airflow.sdk.task'`.","category":"DeprecatedImportWarning","filename":"/opt/airflow/dags/branch_pipeline.py","lineno":1,"logger":"py.warnings"}
{"timestamp":"2026-02-13T08:05:41.337167Z","level":"warning","event":"The `airflow.operators.python.BranchPythonOperator` attribute is deprecated. Please use `'airflow.providers.standard.operators.python.BranchPythonOperator'`.","category":"DeprecatedImportWarning","filename":"/opt/airflow/dags/branch_pipeline.py","lineno":2,"logger":"py.warnings"}
{"timestamp":"2026-02-13T08:05:41.337224Z","level":"warning","event":"The `airflow.operators.bash.BashOperator` attribute is deprecated. Please use `'airflow.providers.standard.operators.bash.BashOperator'`.","category":"DeprecatedImportWarning","filename":"/opt/airflow/dags/branch_pipeline.py","lineno":3,"logger":"py.warnings"}
{"timestamp":"2026-02-13T08:06:11.621974Z","level":"info","event":"Filling up the DagBag from /opt/airflow/dags/branch_pipeline.py","logger":"airflow.models.dagbag.BundleDagBag","filename":"dagbag.py","lineno":593}
{"timestamp":"2026-02-13T08:06:11.672843Z","level":"warning","event":"The `airflow.decorators.dag` attribute is deprecated. Please use `'airflow.sdk.dag'`.","category":"DeprecatedImportWarning","filename":"/opt/airflow/dags/branch_pipeline.py","lineno":1,"logger":"py.warnings"}
{"timestamp":"2026-02-13T08:06:11.672973Z","level":"warning","event":"The `airflow.decorators.task` attribute is deprecated. Please use `'airflow.sdk.task'`.","category":"DeprecatedImportWarning","filename":"/opt/airflow/dags/branch_pipeline.py","lineno":1,"logger":"py.warnings"}
{"timestamp":"2026-02-13T08:06:11.673034Z","level":"warning","event":"The `airflow.operators.python.BranchPythonOperator` attribute is deprecated. Please use `'airflow.providers.standard.operators.python.BranchPythonOperator'`.","category":"DeprecatedImportWarning","filename":"/opt/airflow/dags/branch_pipeline.py","lineno":2,"logger":"py.warnings"}
{"timestamp":"2026-02-13T08:06:11.673143Z","level":"warning","event":"The `airflow.operators.bash.BashOperator` attribute is deprecated. Please use `'airflow.providers.standard.operators.bash.BashOperator'`.","category":"DeprecatedImportWarning","filename":"/opt/airflow/dags/branch_pipeline.py","lineno":3,"logger":"py.warnings"}
{"timestamp":"2026-02-13T08:06:41.991178Z","level":"info","event":"Filling up the DagBag from /opt/airflow/dags/branch_pipeline.py","logger":"airflow.models.dagbag.BundleDagBag","filename":"dagbag.py","lineno":593}
{"timestamp":"2026-02-13T08:06:42.032244Z","level":"warning","event":"The `airflow.decorators.dag` attribute is deprecated. Please use `'airflow.sdk.dag'`.","category":"DeprecatedImportWarning","filename":"/opt/airflow/dags/branch_pipeline.py","lineno":1,"logger":"py.warnings"}
{"timestamp":"2026-02-13T08:06:42.032372Z","level":"warning","event":"The `airflow.decorators.task` attribute is deprecated. Please use `'airflow.sdk.task'`.","category":"DeprecatedImportWarning","filename":"/opt/airflow/dags/branch_pipeline.py","lineno":1,"logger":"py.warnings"}
{"timestamp":"2026-02-13T08:06:42.032579Z","level":"warning","event":"The `airflow.operators.python.BranchPythonOperator` attribute is deprecated. Please use `'airflow.providers.standard.operators.python.BranchPythonOperator'`.","category":"DeprecatedImportWarning","filename":"/opt/airflow/dags/branch_pipeline.py","lineno":2,"logger":"py.warnings"}
{"timestamp":"2026-02-13T08:06:42.032676Z","level":"warning","event":"The `airflow.operators.bash.BashOperator` attribute is deprecated. Please use `'airflow.providers.standard.operators.bash.BashOperator'`.","category":"DeprecatedImportWarning","filename":"/opt/airflow/dags/branch_pipeline.py","lineno":3,"logger":"py.warnings"}
{"timestamp":"2026-02-13T08:07:12.240493Z","level":"info","event":"Filling up the DagBag from /opt/airflow/dags/branch_pipeline.py","logger":"airflow.models.dagbag.BundleDagBag","filename":"dagbag.py","lineno":593}
{"timestamp":"2026-02-13T08:07:12.297487Z","level":"warning","event":"The `airflow.decorators.dag` attribute is deprecated. Please use `'airflow.sdk.dag'`.","category":"DeprecatedImportWarning","filename":"/opt/airflow/dags/branch_pipeline.py","lineno":1,"logger":"py.warnings"}
{"timestamp":"2026-02-13T08:07:12.297645Z","level":"warning","event":"The `airflow.decorators.task` attribute is deprecated. Please use `'airflow.sdk.task'`.","category":"DeprecatedImportWarning","filename":"/opt/airflow/dags/branch_pipeline.py","lineno":1,"logger":"py.warnings"}
{"timestamp":"2026-02-13T08:07:12.297722Z","level":"warning","event":"The `airflow.operators.python.BranchPythonOperator` attribute is deprecated. Please use `'airflow.providers.standard.operators.python.BranchPythonOperator'`.","category":"DeprecatedImportWarning","filename":"/opt/airflow/dags/branch_pipeline.py","lineno":2,"logger":"py.warnings"}
{"timestamp":"2026-02-13T08:07:12.297781Z","level":"warning","event":"The `airflow.operators.bash.BashOperator` attribute is deprecated. Please use `'airflow.providers.standard.operators.bash.BashOperator'`.","category":"DeprecatedImportWarning","filename":"/opt/airflow/dags/branch_pipeline.py","lineno":3,"logger":"py.warnings"}
{"timestamp":"2026-02-13T08:07:42.582670Z","level":"info","event":"Filling up the DagBag from /opt/airflow/dags/branch_pipeline.py","logger":"airflow.models.dagbag.BundleDagBag","filename":"dagbag.py","lineno":593}
{"timestamp":"2026-02-13T08:07:42.637882Z","level":"warning","event":"The `airflow.decorators.dag` attribute is deprecated. Please use `'airflow.sdk.dag'`.","category":"DeprecatedImportWarning","filename":"/opt/airflow/dags/branch_pipeline.py","lineno":1,"logger":"py.warnings"}
{"timestamp":"2026-02-13T08:07:42.638133Z","level":"warning","event":"The `airflow.decorators.task` attribute is deprecated. Please use `'airflow.sdk.task'`.","category":"DeprecatedImportWarning","filename":"/opt/airflow/dags/branch_pipeline.py","lineno":1,"logger":"py.warnings"}
{"timestamp":"2026-02-13T08:07:42.638192Z","level":"warning","event":"The `airflow.operators.python.BranchPythonOperator` attribute is deprecated. Please use `'airflow.providers.standard.operators.python.BranchPythonOperator'`.","category":"DeprecatedImportWarning","filename":"/opt/airflow/dags/branch_pipeline.py","lineno":2,"logger":"py.warnings"}
{"timestamp":"2026-02-13T08:07:42.638254Z","level":"warning","event":"The `airflow.operators.bash.BashOperator` attribute is deprecated. Please use `'airflow.providers.standard.operators.bash.BashOperator'`.","category":"DeprecatedImportWarning","filename":"/opt/airflow/dags/branch_pipeline.py","lineno":3,"logger":"py.warnings"}
{"timestamp":"2026-02-13T08:08:12.970961Z","level":"info","event":"Filling up the DagBag from /opt/airflow/dags/branch_pipeline.py","logger":"airflow.models.dagbag.BundleDagBag","filename":"dagbag.py","lineno":593}
{"timestamp":"2026-02-13T08:08:13.012305Z","level":"warning","event":"The `airflow.decorators.dag` attribute is deprecated. Please use `'airflow.sdk.dag'`.","category":"DeprecatedImportWarning","filename":"/opt/airflow/dags/branch_pipeline.py","lineno":1,"logger":"py.warnings"}
{"timestamp":"2026-02-13T08:08:13.012444Z","level":"warning","event":"The `airflow.decorators.task` attribute is deprecated. Please use `'airflow.sdk.task'`.","category":"DeprecatedImportWarning","filename":"/opt/airflow/dags/branch_pipeline.py","lineno":1,"logger":"py.warnings"}
{"timestamp":"2026-02-13T08:08:13.012505Z","level":"warning","event":"The `airflow.operators.python.BranchPythonOperator` attribute is deprecated. Please use `'airflow.providers.standard.operators.python.BranchPythonOperator'`.","category":"DeprecatedImportWarning","filename":"/opt/airflow/dags/branch_pipeline.py","lineno":2,"logger":"py.warnings"}
{"timestamp":"2026-02-13T08:08:13.012572Z","level":"warning","event":"The `airflow.operators.bash.BashOperator` attribute is deprecated. Please use `'airflow.providers.standard.operators.bash.BashOperator'`.","category":"DeprecatedImportWarning","filename":"/opt/airflow/dags/branch_pipeline.py","lineno":3,"logger":"py.warnings"}
{"timestamp":"2026-02-13T08:08:43.324496Z","level":"info","event":"Filling up the DagBag from /opt/airflow/dags/branch_pipeline.py","logger":"airflow.models.dagbag.BundleDagBag","filename":"dagbag.py","lineno":593}
{"timestamp":"2026-02-13T08:08:43.374521Z","level":"warning","event":"The `airflow.decorators.dag` attribute is deprecated. Please use `'airflow.sdk.dag'`.","category":"DeprecatedImportWarning","filename":"/opt/airflow/dags/branch_pipeline.py","lineno":1,"logger":"py.warnings"}
{"timestamp":"2026-02-13T08:08:43.374777Z","level":"warning","event":"The `airflow.decorators.task` attribute is deprecated. Please use `'airflow.sdk.task'`.","category":"DeprecatedImportWarning","filename":"/opt/airflow/dags/branch_pipeline.py","lineno":1,"logger":"py.warnings"}
{"timestamp":"2026-02-13T08:08:43.374927Z","level":"warning","event":"The `airflow.operators.python.BranchPythonOperator` attribute is deprecated. Please use `'airflow.providers.standard.operators.python.BranchPythonOperator'`.","category":"DeprecatedImportWarning","filename":"/opt/airflow/dags/branch_pipeline.py","lineno":2,"logger":"py.warnings"}
{"timestamp":"2026-02-13T08:08:43.375065Z","level":"warning","event":"The `airflow.operators.bash.BashOperator` attribute is deprecated. Please use `'airflow.providers.standard.operators.bash.BashOperator'`.","category":"DeprecatedImportWarning","filename":"/opt/airflow/dags/branch_pipeline.py","lineno":3,"logger":"py.warnings"}
{"timestamp":"2026-02-13T08:09:13.678567Z","level":"info","event":"Filling up the DagBag from /opt/airflow/dags/branch_pipeline.py","logger":"airflow.models.dagbag.BundleDagBag","filename":"dagbag.py","lineno":593}
{"timestamp":"2026-02-13T08:09:13.763165Z","level":"warning","event":"The `airflow.decorators.dag` attribute is deprecated. Please use `'airflow.sdk.dag'`.","category":"DeprecatedImportWarning","filename":"/opt/airflow/dags/branch_pipeline.py","lineno":1,"logger":"py.warnings"}
{"timestamp":"2026-02-13T08:09:13.763404Z","level":"warning","event":"The `airflow.decorators.task` attribute is deprecated. Please use `'airflow.sdk.task'`.","category":"DeprecatedImportWarning","filename":"/opt/airflow/dags/branch_pipeline.py","lineno":1,"logger":"py.warnings"}
{"timestamp":"2026-02-13T08:09:13.763547Z","level":"warning","event":"The `airflow.operators.python.BranchPythonOperator` attribute is deprecated. Please use `'airflow.providers.standard.operators.python.BranchPythonOperator'`.","category":"DeprecatedImportWarning","filename":"/opt/airflow/dags/branch_pipeline.py","lineno":2,"logger":"py.warnings"}
{"timestamp":"2026-02-13T08:09:13.763704Z","level":"warning","event":"The `airflow.operators.bash.BashOperator` attribute is deprecated. Please use `'airflow.providers.standard.operators.bash.BashOperator'`.","category":"DeprecatedImportWarning","filename":"/opt/airflow/dags/branch_pipeline.py","lineno":3,"logger":"py.warnings"}
{"timestamp":"2026-02-13T08:09:44.040598Z","level":"info","event":"Filling up the DagBag from /opt/airflow/dags/branch_pipeline.py","logger":"airflow.models.dagbag.BundleDagBag","filename":"dagbag.py","lineno":593}
{"timestamp":"2026-02-13T08:09:44.078213Z","level":"warning","event":"The `airflow.decorators.dag` attribute is deprecated. Please use `'airflow.sdk.dag'`.","category":"DeprecatedImportWarning","filename":"/opt/airflow/dags/branch_pipeline.py","lineno":1,"logger":"py.warnings"}
{"timestamp":"2026-02-13T08:09:44.078362Z","level":"warning","event":"The `airflow.decorators.task` attribute is deprecated. Please use `'airflow.sdk.task'`.","category":"DeprecatedImportWarning","filename":"/opt/airflow/dags/branch_pipeline.py","lineno":1,"logger":"py.warnings"}
{"timestamp":"2026-02-13T08:09:44.078417Z","level":"warning","event":"The `airflow.operators.python.BranchPythonOperator` attribute is deprecated. Please use `'airflow.providers.standard.operators.python.BranchPythonOperator'`.","category":"DeprecatedImportWarning","filename":"/opt/airflow/dags/branch_pipeline.py","lineno":2,"logger":"py.warnings"}
{"timestamp":"2026-02-13T08:09:44.078474Z","level":"warning","event":"The `airflow.operators.bash.BashOperator` attribute is deprecated. Please use `'airflow.providers.standard.operators.bash.BashOperator'`.","category":"DeprecatedImportWarning","filename":"/opt/airflow/dags/branch_pipeline.py","lineno":3,"logger":"py.warnings"}
{"timestamp":"2026-02-13T08:10:14.429776Z","level":"info","event":"Filling up the DagBag from /opt/airflow/dags/branch_pipeline.py","logger":"airflow.models.dagbag.BundleDagBag","filename":"dagbag.py","lineno":593}
{"timestamp":"2026-02-13T08:10:14.473675Z","level":"warning","event":"The `airflow.decorators.dag` attribute is deprecated. Please use `'airflow.sdk.dag'`.","category":"DeprecatedImportWarning","filename":"/opt/airflow/dags/branch_pipeline.py","lineno":1,"logger":"py.warnings"}
{"timestamp":"2026-02-13T08:10:14.473812Z","level":"warning","event":"The `airflow.decorators.task` attribute is deprecated. Please use `'airflow.sdk.task'`.","category":"DeprecatedImportWarning","filename":"/opt/airflow/dags/branch_pipeline.py","lineno":1,"logger":"py.warnings"}
{"timestamp":"2026-02-13T08:10:14.473867Z","level":"warning","event":"The `airflow.operators.python.BranchPythonOperator` attribute is deprecated. Please use `'airflow.providers.standard.operators.python.BranchPythonOperator'`.","category":"DeprecatedImportWarning","filename":"/opt/airflow/dags/branch_pipeline.py","lineno":2,"logger":"py.warnings"}
{"timestamp":"2026-02-13T08:10:14.473925Z","level":"warning","event":"The `airflow.operators.bash.BashOperator` attribute is deprecated. Please use `'airflow.providers.standard.operators.bash.BashOperator'`.","category":"DeprecatedImportWarning","filename":"/opt/airflow/dags/branch_pipeline.py","lineno":3,"logger":"py.warnings"}
{"timestamp":"2026-02-13T08:10:44.708447Z","level":"info","event":"Filling up the DagBag from /opt/airflow/dags/branch_pipeline.py","logger":"airflow.models.dagbag.BundleDagBag","filename":"dagbag.py","lineno":593}
{"timestamp":"2026-02-13T08:10:44.760109Z","level":"warning","event":"The `airflow.decorators.dag` attribute is deprecated. Please use `'airflow.sdk.dag'`.","category":"DeprecatedImportWarning","filename":"/opt/airflow/dags/branch_pipeline.py","lineno":1,"logger":"py.warnings"}
{"timestamp":"2026-02-13T08:10:44.760239Z","level":"warning","event":"The `airflow.decorators.task` attribute is deprecated. Please use `'airflow.sdk.task'`.","category":"DeprecatedImportWarning","filename":"/opt/airflow/dags/branch_pipeline.py","lineno":1,"logger":"py.warnings"}
{"timestamp":"2026-02-13T08:10:44.760297Z","level":"warning","event":"The `airflow.operators.python.BranchPythonOperator` attribute is deprecated. Please use `'airflow.providers.standard.operators.python.BranchPythonOperator'`.","category":"DeprecatedImportWarning","filename":"/opt/airflow/dags/branch_pipeline.py","lineno":2,"logger":"py.warnings"}
{"timestamp":"2026-02-13T08:10:44.760355Z","level":"warning","event":"The `airflow.operators.bash.BashOperator` attribute is deprecated. Please use `'airflow.providers.standard.operators.bash.BashOperator'`.","category":"DeprecatedImportWarning","filename":"/opt/airflow/dags/branch_pipeline.py","lineno":3,"logger":"py.warnings"}
{"timestamp":"2026-02-13T08:11:15.091563Z","level":"info","event":"Filling up the DagBag from /opt/airflow/dags/branch_pipeline.py","logger":"airflow.models.dagbag.BundleDagBag","filename":"dagbag.py","lineno":593}
{"timestamp":"2026-02-13T08:11:15.132580Z","level":"warning","event":"The `airflow.decorators.dag` attribute is deprecated. Please use `'airflow.sdk.dag'`.","category":"DeprecatedImportWarning","filename":"/opt/airflow/dags/branch_pipeline.py","lineno":1,"logger":"py.warnings"}
{"timestamp":"2026-02-13T08:11:15.132705Z","level":"warning","event":"The `airflow.decorators.task` attribute is deprecated. Please use `'airflow.sdk.task'`.","category":"DeprecatedImportWarning","filename":"/opt/airflow/dags/branch_pipeline.py","lineno":1,"logger":"py.warnings"}
{"timestamp":"2026-02-13T08:11:15.132760Z","level":"warning","event":"The `airflow.operators.python.BranchPythonOperator` attribute is deprecated. Please use `'airflow.providers.standard.operators.python.BranchPythonOperator'`.","category":"DeprecatedImportWarning","filename":"/opt/airflow/dags/branch_pipeline.py","lineno":2,"logger":"py.warnings"}
{"timestamp":"2026-02-13T08:11:15.132816Z","level":"warning","event":"The `airflow.operators.bash.BashOperator` attribute is deprecated. Please use `'airflow.providers.standard.operators.bash.BashOperator'`.","category":"DeprecatedImportWarning","filename":"/opt/airflow/dags/branch_pipeline.py","lineno":3,"logger":"py.warnings"}
{"timestamp":"2026-02-13T08:11:45.476492Z","level":"info","event":"Filling up the DagBag from /opt/airflow/dags/branch_pipeline.py","logger":"airflow.models.dagbag.BundleDagBag","filename":"dagbag.py","lineno":593}
{"timestamp":"2026-02-13T08:11:45.534851Z","level":"warning","event":"The `airflow.decorators.dag` attribute is deprecated. Please use `'airflow.sdk.dag'`.","category":"DeprecatedImportWarning","filename":"/opt/airflow/dags/branch_pipeline.py","lineno":1,"logger":"py.warnings"}
{"timestamp":"2026-02-13T08:11:45.535026Z","level":"warning","event":"The `airflow.decorators.task` attribute is deprecated. Please use `'airflow.sdk.task'`.","category":"DeprecatedImportWarning","filename":"/opt/airflow/dags/branch_pipeline.py","lineno":1,"logger":"py.warnings"}
{"timestamp":"2026-02-13T08:11:45.535086Z","level":"warning","event":"The `airflow.operators.python.BranchPythonOperator` attribute is deprecated. Please use `'airflow.providers.standard.operators.python.BranchPythonOperator'`.","category":"DeprecatedImportWarning","filename":"/opt/airflow/dags/branch_pipeline.py","lineno":2,"logger":"py.warnings"}
{"timestamp":"2026-02-13T08:11:45.535150Z","level":"warning","event":"The `airflow.operators.bash.BashOperator` attribute is deprecated. Please use `'airflow.providers.standard.operators.bash.BashOperator'`.","category":"DeprecatedImportWarning","filename":"/opt/airflow/dags/branch_pipeline.py","lineno":3,"logger":"py.warnings"}
{"timestamp":"2026-02-13T08:12:15.828187Z","level":"info","event":"Filling up the DagBag from /opt/airflow/dags/branch_pipeline.py","logger":"airflow.models.dagbag.BundleDagBag","filename":"dagbag.py","lineno":593}
{"timestamp":"2026-02-13T08:12:15.876876Z","level":"warning","event":"The `airflow.decorators.dag` attribute is deprecated. Please use `'airflow.sdk.dag'`.","category":"DeprecatedImportWarning","filename":"/opt/airflow/dags/branch_pipeline.py","lineno":1,"logger":"py.warnings"}
{"timestamp":"2026-02-13T08:12:15.877052Z","level":"warning","event":"The `airflow.decorators.task` attribute is deprecated. Please use `'airflow.sdk.task'`.","category":"DeprecatedImportWarning","filename":"/opt/airflow/dags/branch_pipeline.py","lineno":1,"logger":"py.warnings"}
{"timestamp":"2026-02-13T08:12:15.877113Z","level":"warning","event":"The `airflow.operators.python.BranchPythonOperator` attribute is deprecated. Please use `'airflow.providers.standard.operators.python.BranchPythonOperator'`.","category":"DeprecatedImportWarning","filename":"/opt/airflow/dags/branch_pipeline.py","lineno":2,"logger":"py.warnings"}
{"timestamp":"2026-02-13T08:12:15.877177Z","level":"warning","event":"The `airflow.operators.bash.BashOperator` attribute is deprecated. Please use `'airflow.providers.standard.operators.bash.BashOperator'`.","category":"DeprecatedImportWarning","filename":"/opt/airflow/dags/branch_pipeline.py","lineno":3,"logger":"py.warnings"}
{"timestamp":"2026-02-13T08:12:46.468852Z","level":"info","event":"Filling up the DagBag from /opt/airflow/dags/branch_pipeline.py","logger":"airflow.models.dagbag.BundleDagBag","filename":"dagbag.py","lineno":593}
{"timestamp":"2026-02-13T08:12:46.523792Z","level":"warning","event":"The `airflow.decorators.dag` attribute is deprecated. Please use `'airflow.sdk.dag'`.","category":"DeprecatedImportWarning","filename":"/opt/airflow/dags/branch_pipeline.py","lineno":1,"logger":"py.warnings"}
{"timestamp":"2026-02-13T08:12:46.524084Z","level":"warning","event":"The `airflow.decorators.task` attribute is deprecated. Please use `'airflow.sdk.task'`.","category":"DeprecatedImportWarning","filename":"/opt/airflow/dags/branch_pipeline.py","lineno":1,"logger":"py.warnings"}
{"timestamp":"2026-02-13T08:12:46.524154Z","level":"warning","event":"The `airflow.operators.python.BranchPythonOperator` attribute is deprecated. Please use `'airflow.providers.standard.operators.python.BranchPythonOperator'`.","category":"DeprecatedImportWarning","filename":"/opt/airflow/dags/branch_pipeline.py","lineno":2,"logger":"py.warnings"}
{"timestamp":"2026-02-13T08:12:46.524258Z","level":"warning","event":"The `airflow.operators.bash.BashOperator` attribute is deprecated. Please use `'airflow.providers.standard.operators.bash.BashOperator'`.","category":"DeprecatedImportWarning","filename":"/opt/airflow/dags/branch_pipeline.py","lineno":3,"logger":"py.warnings"}
{"timestamp":"2026-02-13T08:13:16.835700Z","level":"info","event":"Filling up the DagBag from /opt/airflow/dags/branch_pipeline.py","logger":"airflow.models.dagbag.BundleDagBag","filename":"dagbag.py","lineno":593}
{"timestamp":"2026-02-13T08:13:16.891329Z","level":"warning","event":"The `airflow.decorators.dag` attribute is deprecated. Please use `'airflow.sdk.dag'`.","category":"DeprecatedImportWarning","filename":"/opt/airflow/dags/branch_pipeline.py","lineno":1,"logger":"py.warnings"}
{"timestamp":"2026-02-13T08:13:16.891632Z","level":"warning","event":"The `airflow.decorators.task` attribute is deprecated. Please use `'airflow.sdk.task'`.","category":"DeprecatedImportWarning","filename":"/opt/airflow/dags/branch_pipeline.py","lineno":1,"logger":"py.warnings"}
{"timestamp":"2026-02-13T08:13:16.891715Z","level":"warning","event":"The `airflow.operators.python.BranchPythonOperator` attribute is deprecated. Please use `'airflow.providers.standard.operators.python.BranchPythonOperator'`.","category":"DeprecatedImportWarning","filename":"/opt/airflow/dags/branch_pipeline.py","lineno":2,"logger":"py.warnings"}
{"timestamp":"2026-02-13T08:13:16.891779Z","level":"warning","event":"The `airflow.operators.bash.BashOperator` attribute is deprecated. Please use `'airflow.providers.standard.operators.bash.BashOperator'`.","category":"DeprecatedImportWarning","filename":"/opt/airflow/dags/branch_pipeline.py","lineno":3,"logger":"py.warnings"}
{"timestamp":"2026-02-13T08:13:47.348762Z","level":"info","event":"Filling up the DagBag from /opt/airflow/dags/branch_pipeline.py","logger":"airflow.models.dagbag.BundleDagBag","filename":"dagbag.py","lineno":593}
{"timestamp":"2026-02-13T08:13:47.399219Z","level":"warning","event":"The `airflow.decorators.dag` attribute is deprecated. Please use `'airflow.sdk.dag'`.","category":"DeprecatedImportWarning","filename":"/opt/airflow/dags/branch_pipeline.py","lineno":1,"logger":"py.warnings"}
{"timestamp":"2026-02-13T08:13:47.399418Z","level":"warning","event":"The `airflow.decorators.task` attribute is deprecated. Please use `'airflow.sdk.task'`.","category":"DeprecatedImportWarning","filename":"/opt/airflow/dags/branch_pipeline.py","lineno":1,"logger":"py.warnings"}
{"timestamp":"2026-02-13T08:13:47.399483Z","level":"warning","event":"The `airflow.operators.python.BranchPythonOperator` attribute is deprecated. Please use `'airflow.providers.standard.operators.python.BranchPythonOperator'`.","category":"DeprecatedImportWarning","filename":"/opt/airflow/dags/branch_pipeline.py","lineno":2,"logger":"py.warnings"}
{"timestamp":"2026-02-13T08:13:47.399543Z","level":"warning","event":"The `airflow.operators.bash.BashOperator` attribute is deprecated. Please use `'airflow.providers.standard.operators.bash.BashOperator'`.","category":"DeprecatedImportWarning","filename":"/opt/airflow/dags/branch_pipeline.py","lineno":3,"logger":"py.warnings"}
{"timestamp":"2026-02-13T08:14:17.623649Z","level":"info","event":"Filling up the DagBag from /opt/airflow/dags/branch_pipeline.py","logger":"airflow.models.dagbag.BundleDagBag","filename":"dagbag.py","lineno":593}
{"timestamp":"2026-02-13T08:14:17.665610Z","level":"warning","event":"The `airflow.decorators.dag` attribute is deprecated. Please use `'airflow.sdk.dag'`.","category":"DeprecatedImportWarning","filename":"/opt/airflow/dags/branch_pipeline.py","lineno":1,"logger":"py.warnings"}
{"timestamp":"2026-02-13T08:14:17.665744Z","level":"warning","event":"The `airflow.decorators.task` attribute is deprecated. Please use `'airflow.sdk.task'`.","category":"DeprecatedImportWarning","filename":"/opt/airflow/dags/branch_pipeline.py","lineno":1,"logger":"py.warnings"}
{"timestamp":"2026-02-13T08:14:17.665804Z","level":"warning","event":"The `airflow.operators.python.BranchPythonOperator` attribute is deprecated. Please use `'airflow.providers.standard.operators.python.BranchPythonOperator'`.","category":"DeprecatedImportWarning","filename":"/opt/airflow/dags/branch_pipeline.py","lineno":2,"logger":"py.warnings"}
{"timestamp":"2026-02-13T08:14:17.665860Z","level":"warning","event":"The `airflow.operators.bash.BashOperator` attribute is deprecated. Please use `'airflow.providers.standard.operators.bash.BashOperator'`.","category":"DeprecatedImportWarning","filename":"/opt/airflow/dags/branch_pipeline.py","lineno":3,"logger":"py.warnings"}
{"timestamp":"2026-02-13T08:14:47.971138Z","level":"info","event":"Filling up the DagBag from /opt/airflow/dags/branch_pipeline.py","logger":"airflow.models.dagbag.BundleDagBag","filename":"dagbag.py","lineno":593}
{"timestamp":"2026-02-13T08:14:48.023827Z","level":"warning","event":"The `airflow.decorators.dag` attribute is deprecated. Please use `'airflow.sdk.dag'`.","category":"DeprecatedImportWarning","filename":"/opt/airflow/dags/branch_pipeline.py","lineno":1,"logger":"py.warnings"}
{"timestamp":"2026-02-13T08:14:48.023958Z","level":"warning","event":"The `airflow.decorators.task` attribute is deprecated. Please use `'airflow.sdk.task'`.","category":"DeprecatedImportWarning","filename":"/opt/airflow/dags/branch_pipeline.py","lineno":1,"logger":"py.warnings"}
{"timestamp":"2026-02-13T08:14:48.024013Z","level":"warning","event":"The `airflow.operators.python.BranchPythonOperator` attribute is deprecated. Please use `'airflow.providers.standard.operators.python.BranchPythonOperator'`.","category":"DeprecatedImportWarning","filename":"/opt/airflow/dags/branch_pipeline.py","lineno":2,"logger":"py.warnings"}
{"timestamp":"2026-02-13T08:14:48.024127Z","level":"warning","event":"The `airflow.operators.bash.BashOperator` attribute is deprecated. Please use `'airflow.providers.standard.operators.bash.BashOperator'`.","category":"DeprecatedImportWarning","filename":"/opt/airflow/dags/branch_pipeline.py","lineno":3,"logger":"py.warnings"}
{"timestamp":"2026-02-13T08:15:18.381877Z","level":"info","event":"Filling up the DagBag from /opt/airflow/dags/branch_pipeline.py","logger":"airflow.models.dagbag.BundleDagBag","filename":"dagbag.py","lineno":593}
{"timestamp":"2026-02-13T08:15:18.432739Z","level":"warning","event":"The `airflow.decorators.dag` attribute is deprecated. Please use `'airflow.sdk.dag'`.","category":"DeprecatedImportWarning","filename":"/opt/airflow/dags/branch_pipeline.py","lineno":1,"logger":"py.warnings"}
{"timestamp":"2026-02-13T08:15:18.432882Z","level":"warning","event":"The `airflow.decorators.task` attribute is deprecated. Please use `'airflow.sdk.task'`.","category":"DeprecatedImportWarning","filename":"/opt/airflow/dags/branch_pipeline.py","lineno":1,"logger":"py.warnings"}
{"timestamp":"2026-02-13T08:15:18.432940Z","level":"warning","event":"The `airflow.operators.python.BranchPythonOperator` attribute is deprecated. Please use `'airflow.providers.standard.operators.python.BranchPythonOperator'`.","category":"DeprecatedImportWarning","filename":"/opt/airflow/dags/branch_pipeline.py","lineno":2,"logger":"py.warnings"}
{"timestamp":"2026-02-13T08:15:18.433002Z","level":"warning","event":"The `airflow.operators.bash.BashOperator` attribute is deprecated. Please use `'airflow.providers.standard.operators.bash.BashOperator'`.","category":"DeprecatedImportWarning","filename":"/opt/airflow/dags/branch_pipeline.py","lineno":3,"logger":"py.warnings"}
{"timestamp":"2026-02-13T08:15:48.785058Z","level":"info","event":"Filling up the DagBag from /opt/airflow/dags/branch_pipeline.py","logger":"airflow.models.dagbag.BundleDagBag","filename":"dagbag.py","lineno":593}
{"timestamp":"2026-02-13T08:15:48.836931Z","level":"warning","event":"The `airflow.decorators.dag` attribute is deprecated. Please use `'airflow.sdk.dag'`.","category":"DeprecatedImportWarning","filename":"/opt/airflow/dags/branch_pipeline.py","lineno":1,"logger":"py.warnings"}
{"timestamp":"2026-02-13T08:15:48.837070Z","level":"warning","event":"The `airflow.decorators.task` attribute is deprecated. Please use `'airflow.sdk.task'`.","category":"DeprecatedImportWarning","filename":"/opt/airflow/dags/branch_pipeline.py","lineno":1,"logger":"py.warnings"}
{"timestamp":"2026-02-13T08:15:48.837128Z","level":"warning","event":"The `airflow.operators.python.BranchPythonOperator` attribute is deprecated. Please use `'airflow.providers.standard.operators.python.BranchPythonOperator'`.","category":"DeprecatedImportWarning","filename":"/opt/airflow/dags/branch_pipeline.py","lineno":2,"logger":"py.warnings"}
{"timestamp":"2026-02-13T08:15:48.837199Z","level":"warning","event":"The `airflow.operators.bash.BashOperator` attribute is deprecated. Please use `'airflow.providers.standard.operators.bash.BashOperator'`.","category":"DeprecatedImportWarning","filename":"/opt/airflow/dags/branch_pipeline.py","lineno":3,"logger":"py.warnings"}
{"timestamp":"2026-02-13T08:16:19.170350Z","level":"info","event":"Filling up the DagBag from /opt/airflow/dags/branch_pipeline.py","logger":"airflow.models.dagbag.BundleDagBag","filename":"dagbag.py","lineno":593}
{"timestamp":"2026-02-13T08:16:19.303683Z","level":"warning","event":"The `airflow.decorators.dag` attribute is deprecated. Please use `'airflow.sdk.dag'`.","category":"DeprecatedImportWarning","filename":"/opt/airflow/dags/branch_pipeline.py","lineno":1,"logger":"py.warnings"}
{"timestamp":"2026-02-13T08:16:19.304238Z","level":"warning","event":"The `airflow.decorators.task` attribute is deprecated. Please use `'airflow.sdk.task'`.","category":"DeprecatedImportWarning","filename":"/opt/airflow/dags/branch_pipeline.py","lineno":1,"logger":"py.warnings"}
{"timestamp":"2026-02-13T08:16:19.304407Z","level":"warning","event":"The `airflow.operators.python.BranchPythonOperator` attribute is deprecated. Please use `'airflow.providers.standard.operators.python.BranchPythonOperator'`.","category":"DeprecatedImportWarning","filename":"/opt/airflow/dags/branch_pipeline.py","lineno":2,"logger":"py.warnings"}
{"timestamp":"2026-02-13T08:16:19.304505Z","level":"warning","event":"The `airflow.operators.bash.BashOperator` attribute is deprecated. Please use `'airflow.providers.standard.operators.bash.BashOperator'`.","category":"DeprecatedImportWarning","filename":"/opt/airflow/dags/branch_pipeline.py","lineno":3,"logger":"py.warnings"}
{"timestamp":"2026-02-13T08:16:49.602550Z","level":"info","event":"Filling up the DagBag from /opt/airflow/dags/branch_pipeline.py","logger":"airflow.models.dagbag.BundleDagBag","filename":"dagbag.py","lineno":593}
{"timestamp":"2026-02-13T08:16:49.655299Z","level":"warning","event":"The `airflow.decorators.dag` attribute is deprecated. Please use `'airflow.sdk.dag'`.","category":"DeprecatedImportWarning","filename":"/opt/airflow/dags/branch_pipeline.py","lineno":1,"logger":"py.warnings"}
{"timestamp":"2026-02-13T08:16:49.655478Z","level":"warning","event":"The `airflow.decorators.task` attribute is deprecated. Please use `'airflow.sdk.task'`.","category":"DeprecatedImportWarning","filename":"/opt/airflow/dags/branch_pipeline.py","lineno":1,"logger":"py.warnings"}
{"timestamp":"2026-02-13T08:16:49.655539Z","level":"warning","event":"The `airflow.operators.python.BranchPythonOperator` attribute is deprecated. Please use `'airflow.providers.standard.operators.python.BranchPythonOperator'`.","category":"DeprecatedImportWarning","filename":"/opt/airflow/dags/branch_pipeline.py","lineno":2,"logger":"py.warnings"}
{"timestamp":"2026-02-13T08:16:49.655599Z","level":"warning","event":"The `airflow.operators.bash.BashOperator` attribute is deprecated. Please use `'airflow.providers.standard.operators.bash.BashOperator'`.","category":"DeprecatedImportWarning","filename":"/opt/airflow/dags/branch_pipeline.py","lineno":3,"logger":"py.warnings"}
{"timestamp":"2026-02-13T08:17:20.032491Z","level":"info","event":"Filling up the DagBag from /opt/airflow/dags/branch_pipeline.py","logger":"airflow.models.dagbag.BundleDagBag","filename":"dagbag.py","lineno":593}
{"timestamp":"2026-02-13T08:17:20.089108Z","level":"warning","event":"The `airflow.decorators.dag` attribute is deprecated. Please use `'airflow.sdk.dag'`.","category":"DeprecatedImportWarning","filename":"/opt/airflow/dags/branch_pipeline.py","lineno":1,"logger":"py.warnings"}
{"timestamp":"2026-02-13T08:17:20.089277Z","level":"warning","event":"The `airflow.decorators.task` attribute is deprecated. Please use `'airflow.sdk.task'`.","category":"DeprecatedImportWarning","filename":"/opt/airflow/dags/branch_pipeline.py","lineno":1,"logger":"py.warnings"}
{"timestamp":"2026-02-13T08:17:20.089349Z","level":"warning","event":"The `airflow.operators.python.BranchPythonOperator` attribute is deprecated. Please use `'airflow.providers.standard.operators.python.BranchPythonOperator'`.","category":"DeprecatedImportWarning","filename":"/opt/airflow/dags/branch_pipeline.py","lineno":2,"logger":"py.warnings"}
{"timestamp":"2026-02-13T08:17:20.089412Z","level":"warning","event":"The `airflow.operators.bash.BashOperator` attribute is deprecated. Please use `'airflow.providers.standard.operators.bash.BashOperator'`.","category":"DeprecatedImportWarning","filename":"/opt/airflow/dags/branch_pipeline.py","lineno":3,"logger":"py.warnings"}
{"timestamp":"2026-02-13T08:17:50.480992Z","level":"info","event":"Filling up the DagBag from /opt/airflow/dags/branch_pipeline.py","logger":"airflow.models.dagbag.BundleDagBag","filename":"dagbag.py","lineno":593}
{"timestamp":"2026-02-13T08:17:50.530098Z","level":"warning","event":"The `airflow.decorators.dag` attribute is deprecated. Please use `'airflow.sdk.dag'`.","category":"DeprecatedImportWarning","filename":"/opt/airflow/dags/branch_pipeline.py","lineno":1,"logger":"py.warnings"}
{"timestamp":"2026-02-13T08:17:50.530232Z","level":"warning","event":"The `airflow.decorators.task` attribute is deprecated. Please use `'airflow.sdk.task'`.","category":"DeprecatedImportWarning","filename":"/opt/airflow/dags/branch_pipeline.py","lineno":1,"logger":"py.warnings"}
{"timestamp":"2026-02-13T08:17:50.530290Z","level":"warning","event":"The `airflow.operators.python.BranchPythonOperator` attribute is deprecated. Please use `'airflow.providers.standard.operators.python.BranchPythonOperator'`.","category":"DeprecatedImportWarning","filename":"/opt/airflow/dags/branch_pipeline.py","lineno":2,"logger":"py.warnings"}
{"timestamp":"2026-02-13T08:17:50.530348Z","level":"warning","event":"The `airflow.operators.bash.BashOperator` attribute is deprecated. Please use `'airflow.providers.standard.operators.bash.BashOperator'`.","category":"DeprecatedImportWarning","filename":"/opt/airflow/dags/branch_pipeline.py","lineno":3,"logger":"py.warnings"}
{"timestamp":"2026-02-13T08:18:20.925317Z","level":"info","event":"Filling up the DagBag from /opt/airflow/dags/branch_pipeline.py","logger":"airflow.models.dagbag.BundleDagBag","filename":"dagbag.py","lineno":593}
{"timestamp":"2026-02-13T08:18:20.969351Z","level":"warning","event":"The `airflow.decorators.dag` attribute is deprecated. Please use `'airflow.sdk.dag'`.","category":"DeprecatedImportWarning","filename":"/opt/airflow/dags/branch_pipeline.py","lineno":1,"logger":"py.warnings"}
{"timestamp":"2026-02-13T08:18:20.969489Z","level":"warning","event":"The `airflow.decorators.task` attribute is deprecated. Please use `'airflow.sdk.task'`.","category":"DeprecatedImportWarning","filename":"/opt/airflow/dags/branch_pipeline.py","lineno":1,"logger":"py.warnings"}
{"timestamp":"2026-02-13T08:18:20.969547Z","level":"warning","event":"The `airflow.operators.python.BranchPythonOperator` attribute is deprecated. Please use `'airflow.providers.standard.operators.python.BranchPythonOperator'`.","category":"DeprecatedImportWarning","filename":"/opt/airflow/dags/branch_pipeline.py","lineno":2,"logger":"py.warnings"}
{"timestamp":"2026-02-13T08:18:20.969610Z","level":"warning","event":"The `airflow.operators.bash.BashOperator` attribute is deprecated. Please use `'airflow.providers.standard.operators.bash.BashOperator'`.","category":"DeprecatedImportWarning","filename":"/opt/airflow/dags/branch_pipeline.py","lineno":3,"logger":"py.warnings"}
{"timestamp":"2026-02-13T08:18:51.277612Z","level":"info","event":"Filling up the DagBag from /opt/airflow/dags/branch_pipeline.py","logger":"airflow.models.dagbag.BundleDagBag","filename":"dagbag.py","lineno":593}
{"timestamp":"2026-02-13T08:18:51.324979Z","level":"warning","event":"The `airflow.decorators.dag` attribute is deprecated. Please use `'airflow.sdk.dag'`.","category":"DeprecatedImportWarning","filename":"/opt/airflow/dags/branch_pipeline.py","lineno":1,"logger":"py.warnings"}
{"timestamp":"2026-02-13T08:18:51.325126Z","level":"warning","event":"The `airflow.decorators.task` attribute is deprecated. Please use `'airflow.sdk.task'`.","category":"DeprecatedImportWarning","filename":"/opt/airflow/dags/branch_pipeline.py","lineno":1,"logger":"py.warnings"}
{"timestamp":"2026-02-13T08:18:51.325189Z","level":"warning","event":"The `airflow.operators.python.BranchPythonOperator` attribute is deprecated. Please use `'airflow.providers.standard.operators.python.BranchPythonOperator'`.","category":"DeprecatedImportWarning","filename":"/opt/airflow/dags/branch_pipeline.py","lineno":2,"logger":"py.warnings"}
{"timestamp":"2026-02-13T08:18:51.325248Z","level":"warning","event":"The `airflow.operators.bash.BashOperator` attribute is deprecated. Please use `'airflow.providers.standard.operators.bash.BashOperator'`.","category":"DeprecatedImportWarning","filename":"/opt/airflow/dags/branch_pipeline.py","lineno":3,"logger":"py.warnings"}
{"timestamp":"2026-02-13T08:19:21.577073Z","level":"info","event":"Filling up the DagBag from /opt/airflow/dags/branch_pipeline.py","logger":"airflow.models.dagbag.BundleDagBag","filename":"dagbag.py","lineno":593}
{"timestamp":"2026-02-13T08:19:21.619723Z","level":"warning","event":"The `airflow.decorators.dag` attribute is deprecated. Please use `'airflow.sdk.dag'`.","category":"DeprecatedImportWarning","filename":"/opt/airflow/dags/branch_pipeline.py","lineno":1,"logger":"py.warnings"}
{"timestamp":"2026-02-13T08:19:21.619898Z","level":"warning","event":"The `airflow.decorators.task` attribute is deprecated. Please use `'airflow.sdk.task'`.","category":"DeprecatedImportWarning","filename":"/opt/airflow/dags/branch_pipeline.py","lineno":1,"logger":"py.warnings"}
{"timestamp":"2026-02-13T08:19:21.619965Z","level":"warning","event":"The `airflow.operators.python.BranchPythonOperator` attribute is deprecated. Please use `'airflow.providers.standard.operators.python.BranchPythonOperator'`.","category":"DeprecatedImportWarning","filename":"/opt/airflow/dags/branch_pipeline.py","lineno":2,"logger":"py.warnings"}
{"timestamp":"2026-02-13T08:19:21.620032Z","level":"warning","event":"The `airflow.operators.bash.BashOperator` attribute is deprecated. Please use `'airflow.providers.standard.operators.bash.BashOperator'`.","category":"DeprecatedImportWarning","filename":"/opt/airflow/dags/branch_pipeline.py","lineno":3,"logger":"py.warnings"}
{"timestamp":"2026-02-13T08:19:51.845996Z","level":"info","event":"Filling up the DagBag from /opt/airflow/dags/branch_pipeline.py","logger":"airflow.models.dagbag.BundleDagBag","filename":"dagbag.py","lineno":593}
{"timestamp":"2026-02-13T08:19:51.893594Z","level":"warning","event":"The `airflow.decorators.dag` attribute is deprecated. Please use `'airflow.sdk.dag'`.","category":"DeprecatedImportWarning","filename":"/opt/airflow/dags/branch_pipeline.py","lineno":1,"logger":"py.warnings"}
{"timestamp":"2026-02-13T08:19:51.893717Z","level":"warning","event":"The `airflow.decorators.task` attribute is deprecated. Please use `'airflow.sdk.task'`.","category":"DeprecatedImportWarning","filename":"/opt/airflow/dags/branch_pipeline.py","lineno":1,"logger":"py.warnings"}
{"timestamp":"2026-02-13T08:19:51.893770Z","level":"warning","event":"The `airflow.operators.python.BranchPythonOperator` attribute is deprecated. Please use `'airflow.providers.standard.operators.python.BranchPythonOperator'`.","category":"DeprecatedImportWarning","filename":"/opt/airflow/dags/branch_pipeline.py","lineno":2,"logger":"py.warnings"}
{"timestamp":"2026-02-13T08:19:51.893823Z","level":"warning","event":"The `airflow.operators.bash.BashOperator` attribute is deprecated. Please use `'airflow.providers.standard.operators.bash.BashOperator'`.","category":"DeprecatedImportWarning","filename":"/opt/airflow/dags/branch_pipeline.py","lineno":3,"logger":"py.warnings"}
{"timestamp":"2026-02-13T08:20:22.162097Z","level":"info","event":"Filling up the DagBag from /opt/airflow/dags/branch_pipeline.py","logger":"airflow.models.dagbag.BundleDagBag","filename":"dagbag.py","lineno":593}
{"timestamp":"2026-02-13T08:20:22.234574Z","level":"warning","event":"The `airflow.decorators.dag` attribute is deprecated. Please use `'airflow.sdk.dag'`.","category":"DeprecatedImportWarning","filename":"/opt/airflow/dags/branch_pipeline.py","lineno":1,"logger":"py.warnings"}
{"timestamp":"2026-02-13T08:20:22.234750Z","level":"warning","event":"The `airflow.decorators.task` attribute is deprecated. Please use `'airflow.sdk.task'`.","category":"DeprecatedImportWarning","filename":"/opt/airflow/dags/branch_pipeline.py","lineno":1,"logger":"py.warnings"}
{"timestamp":"2026-02-13T08:20:22.234821Z","level":"warning","event":"The `airflow.operators.python.BranchPythonOperator` attribute is deprecated. Please use `'airflow.providers.standard.operators.python.BranchPythonOperator'`.","category":"DeprecatedImportWarning","filename":"/opt/airflow/dags/branch_pipeline.py","lineno":2,"logger":"py.warnings"}
{"timestamp":"2026-02-13T08:20:22.234925Z","level":"warning","event":"The `airflow.operators.bash.BashOperator` attribute is deprecated. Please use `'airflow.providers.standard.operators.bash.BashOperator'`.","category":"DeprecatedImportWarning","filename":"/opt/airflow/dags/branch_pipeline.py","lineno":3,"logger":"py.warnings"}
{"timestamp":"2026-02-13T08:20:52.528381Z","level":"info","event":"Filling up the DagBag from /opt/airflow/dags/branch_pipeline.py","logger":"airflow.models.dagbag.BundleDagBag","filename":"dagbag.py","lineno":593}
{"timestamp":"2026-02-13T08:20:52.579956Z","level":"warning","event":"The `airflow.decorators.dag` attribute is deprecated. Please use `'airflow.sdk.dag'`.","category":"DeprecatedImportWarning","filename":"/opt/airflow/dags/branch_pipeline.py","lineno":1,"logger":"py.warnings"}
{"timestamp":"2026-02-13T08:20:52.580089Z","level":"warning","event":"The `airflow.decorators.task` attribute is deprecated. Please use `'airflow.sdk.task'`.","category":"DeprecatedImportWarning","filename":"/opt/airflow/dags/branch_pipeline.py","lineno":1,"logger":"py.warnings"}
{"timestamp":"2026-02-13T08:20:52.580145Z","level":"warning","event":"The `airflow.operators.python.BranchPythonOperator` attribute is deprecated. Please use `'airflow.providers.standard.operators.python.BranchPythonOperator'`.","category":"DeprecatedImportWarning","filename":"/opt/airflow/dags/branch_pipeline.py","lineno":2,"logger":"py.warnings"}
{"timestamp":"2026-02-13T08:20:52.580203Z","level":"warning","event":"The `airflow.operators.bash.BashOperator` attribute is deprecated. Please use `'airflow.providers.standard.operators.bash.BashOperator'`.","category":"DeprecatedImportWarning","filename":"/opt/airflow/dags/branch_pipeline.py","lineno":3,"logger":"py.warnings"}
{"timestamp":"2026-02-13T08:21:22.826655Z","level":"info","event":"Filling up the DagBag from /opt/airflow/dags/branch_pipeline.py","logger":"airflow.models.dagbag.BundleDagBag","filename":"dagbag.py","lineno":593}
{"timestamp":"2026-02-13T08:21:22.865312Z","level":"warning","event":"The `airflow.decorators.dag` attribute is deprecated. Please use `'airflow.sdk.dag'`.","category":"DeprecatedImportWarning","filename":"/opt/airflow/dags/branch_pipeline.py","lineno":1,"logger":"py.warnings"}
{"timestamp":"2026-02-13T08:21:22.865521Z","level":"warning","event":"The `airflow.decorators.task` attribute is deprecated. Please use `'airflow.sdk.task'`.","category":"DeprecatedImportWarning","filename":"/opt/airflow/dags/branch_pipeline.py","lineno":1,"logger":"py.warnings"}
{"timestamp":"2026-02-13T08:21:22.865596Z","level":"warning","event":"The `airflow.operators.python.BranchPythonOperator` attribute is deprecated. Please use `'airflow.providers.standard.operators.python.BranchPythonOperator'`.","category":"DeprecatedImportWarning","filename":"/opt/airflow/dags/branch_pipeline.py","lineno":2,"logger":"py.warnings"}
{"timestamp":"2026-02-13T08:21:22.865664Z","level":"warning","event":"The `airflow.operators.bash.BashOperator` attribute is deprecated. Please use `'airflow.providers.standard.operators.bash.BashOperator'`.","category":"DeprecatedImportWarning","filename":"/opt/airflow/dags/branch_pipeline.py","lineno":3,"logger":"py.warnings"}
{"timestamp":"2026-02-13T08:21:53.112414Z","level":"info","event":"Filling up the DagBag from /opt/airflow/dags/branch_pipeline.py","logger":"airflow.models.dagbag.BundleDagBag","filename":"dagbag.py","lineno":593}
{"timestamp":"2026-02-13T08:21:53.157721Z","level":"warning","event":"The `airflow.decorators.dag` attribute is deprecated. Please use `'airflow.sdk.dag'`.","category":"DeprecatedImportWarning","filename":"/opt/airflow/dags/branch_pipeline.py","lineno":1,"logger":"py.warnings"}
{"timestamp":"2026-02-13T08:21:53.157877Z","level":"warning","event":"The `airflow.decorators.task` attribute is deprecated. Please use `'airflow.sdk.task'`.","category":"DeprecatedImportWarning","filename":"/opt/airflow/dags/branch_pipeline.py","lineno":1,"logger":"py.warnings"}
{"timestamp":"2026-02-13T08:21:53.157932Z","level":"warning","event":"The `airflow.operators.python.BranchPythonOperator` attribute is deprecated. Please use `'airflow.providers.standard.operators.python.BranchPythonOperator'`.","category":"DeprecatedImportWarning","filename":"/opt/airflow/dags/branch_pipeline.py","lineno":2,"logger":"py.warnings"}
{"timestamp":"2026-02-13T08:21:53.157992Z","level":"warning","event":"The `airflow.operators.bash.BashOperator` attribute is deprecated. Please use `'airflow.providers.standard.operators.bash.BashOperator'`.","category":"DeprecatedImportWarning","filename":"/opt/airflow/dags/branch_pipeline.py","lineno":3,"logger":"py.warnings"}
{"timestamp":"2026-02-13T08:22:23.450233Z","level":"info","event":"Filling up the DagBag from /opt/airflow/dags/branch_pipeline.py","logger":"airflow.models.dagbag.BundleDagBag","filename":"dagbag.py","lineno":593}
{"timestamp":"2026-02-13T08:22:23.537025Z","level":"warning","event":"The `airflow.decorators.dag` attribute is deprecated. Please use `'airflow.sdk.dag'`.","category":"DeprecatedImportWarning","filename":"/opt/airflow/dags/branch_pipeline.py","lineno":1,"logger":"py.warnings"}
{"timestamp":"2026-02-13T08:22:23.537354Z","level":"warning","event":"The `airflow.decorators.task` attribute is deprecated. Please use `'airflow.sdk.task'`.","category":"DeprecatedImportWarning","filename":"/opt/airflow/dags/branch_pipeline.py","lineno":1,"logger":"py.warnings"}
{"timestamp":"2026-02-13T08:22:23.537491Z","level":"warning","event":"The `airflow.operators.python.BranchPythonOperator` attribute is deprecated. Please use `'airflow.providers.standard.operators.python.BranchPythonOperator'`.","category":"DeprecatedImportWarning","filename":"/opt/airflow/dags/branch_pipeline.py","lineno":2,"logger":"py.warnings"}
{"timestamp":"2026-02-13T08:22:23.537616Z","level":"warning","event":"The `airflow.operators.bash.BashOperator` attribute is deprecated. Please use `'airflow.providers.standard.operators.bash.BashOperator'`.","category":"DeprecatedImportWarning","filename":"/opt/airflow/dags/branch_pipeline.py","lineno":3,"logger":"py.warnings"}
{"timestamp":"2026-02-13T08:22:53.869251Z","level":"info","event":"Filling up the DagBag from /opt/airflow/dags/branch_pipeline.py","logger":"airflow.models.dagbag.BundleDagBag","filename":"dagbag.py","lineno":593}
{"timestamp":"2026-02-13T08:22:53.918917Z","level":"warning","event":"The `airflow.decorators.dag` attribute is deprecated. Please use `'airflow.sdk.dag'`.","category":"DeprecatedImportWarning","filename":"/opt/airflow/dags/branch_pipeline.py","lineno":1,"logger":"py.warnings"}
{"timestamp":"2026-02-13T08:22:53.919103Z","level":"warning","event":"The `airflow.decorators.task` attribute is deprecated. Please use `'airflow.sdk.task'`.","category":"DeprecatedImportWarning","filename":"/opt/airflow/dags/branch_pipeline.py","lineno":1,"logger":"py.warnings"}
{"timestamp":"2026-02-13T08:22:53.919166Z","level":"warning","event":"The `airflow.operators.python.BranchPythonOperator` attribute is deprecated. Please use `'airflow.providers.standard.operators.python.BranchPythonOperator'`.","category":"DeprecatedImportWarning","filename":"/opt/airflow/dags/branch_pipeline.py","lineno":2,"logger":"py.warnings"}
{"timestamp":"2026-02-13T08:22:53.919217Z","level":"warning","event":"The `airflow.operators.bash.BashOperator` attribute is deprecated. Please use `'airflow.providers.standard.operators.bash.BashOperator'`.","category":"DeprecatedImportWarning","filename":"/opt/airflow/dags/branch_pipeline.py","lineno":3,"logger":"py.warnings"}
{"timestamp":"2026-02-13T08:23:24.127610Z","level":"info","event":"Filling up the DagBag from /opt/airflow/dags/branch_pipeline.py","logger":"airflow.models.dagbag.BundleDagBag","filename":"dagbag.py","lineno":593}
{"timestamp":"2026-02-13T08:23:24.218504Z","level":"warning","event":"The `airflow.decorators.dag` attribute is deprecated. Please use `'airflow.sdk.dag'`.","category":"DeprecatedImportWarning","filename":"/opt/airflow/dags/branch_pipeline.py","lineno":1,"logger":"py.warnings"}
{"timestamp":"2026-02-13T08:23:24.218882Z","level":"warning","event":"The `airflow.decorators.task` attribute is deprecated. Please use `'airflow.sdk.task'`.","category":"DeprecatedImportWarning","filename":"/opt/airflow/dags/branch_pipeline.py","lineno":1,"logger":"py.warnings"}
{"timestamp":"2026-02-13T08:23:24.218969Z","level":"warning","event":"The `airflow.operators.python.BranchPythonOperator` attribute is deprecated. Please use `'airflow.providers.standard.operators.python.BranchPythonOperator'`.","category":"DeprecatedImportWarning","filename":"/opt/airflow/dags/branch_pipeline.py","lineno":2,"logger":"py.warnings"}
{"timestamp":"2026-02-13T08:23:24.219057Z","level":"warning","event":"The `airflow.operators.bash.BashOperator` attribute is deprecated. Please use `'airflow.providers.standard.operators.bash.BashOperator'`.","category":"DeprecatedImportWarning","filename":"/opt/airflow/dags/branch_pipeline.py","lineno":3,"logger":"py.warnings"}
{"timestamp":"2026-02-13T08:23:54.774522Z","level":"info","event":"Filling up the DagBag from /opt/airflow/dags/branch_pipeline.py","logger":"airflow.models.dagbag.BundleDagBag","filename":"dagbag.py","lineno":593}
{"timestamp":"2026-02-13T08:23:54.828191Z","level":"warning","event":"The `airflow.decorators.dag` attribute is deprecated. Please use `'airflow.sdk.dag'`.","category":"DeprecatedImportWarning","filename":"/opt/airflow/dags/branch_pipeline.py","lineno":1,"logger":"py.warnings"}
{"timestamp":"2026-02-13T08:23:54.828319Z","level":"warning","event":"The `airflow.decorators.task` attribute is deprecated. Please use `'airflow.sdk.task'`.","category":"DeprecatedImportWarning","filename":"/opt/airflow/dags/branch_pipeline.py","lineno":1,"logger":"py.warnings"}
{"timestamp":"2026-02-13T08:23:54.828376Z","level":"warning","event":"The `airflow.operators.python.BranchPythonOperator` attribute is deprecated. Please use `'airflow.providers.standard.operators.python.BranchPythonOperator'`.","category":"DeprecatedImportWarning","filename":"/opt/airflow/dags/branch_pipeline.py","lineno":2,"logger":"py.warnings"}
{"timestamp":"2026-02-13T08:23:54.828431Z","level":"warning","event":"The `airflow.operators.bash.BashOperator` attribute is deprecated. Please use `'airflow.providers.standard.operators.bash.BashOperator'`.","category":"DeprecatedImportWarning","filename":"/opt/airflow/dags/branch_pipeline.py","lineno":3,"logger":"py.warnings"}
{"timestamp":"2026-02-13T08:24:26.424981Z","level":"info","event":"Filling up the DagBag from /opt/airflow/dags/branch_pipeline.py","logger":"airflow.models.dagbag.BundleDagBag","filename":"dagbag.py","lineno":593}
{"timestamp":"2026-02-13T08:24:26.529112Z","level":"warning","event":"The `airflow.decorators.dag` attribute is deprecated. Please use `'airflow.sdk.dag'`.","category":"DeprecatedImportWarning","filename":"/opt/airflow/dags/branch_pipeline.py","lineno":1,"logger":"py.warnings"}
{"timestamp":"2026-02-13T08:24:26.529317Z","level":"warning","event":"The `airflow.decorators.task` attribute is deprecated. Please use `'airflow.sdk.task'`.","category":"DeprecatedImportWarning","filename":"/opt/airflow/dags/branch_pipeline.py","lineno":1,"logger":"py.warnings"}
{"timestamp":"2026-02-13T08:24:26.529397Z","level":"warning","event":"The `airflow.operators.python.BranchPythonOperator` attribute is deprecated. Please use `'airflow.providers.standard.operators.python.BranchPythonOperator'`.","category":"DeprecatedImportWarning","filename":"/opt/airflow/dags/branch_pipeline.py","lineno":2,"logger":"py.warnings"}
{"timestamp":"2026-02-13T08:24:26.529475Z","level":"warning","event":"The `airflow.operators.bash.BashOperator` attribute is deprecated. Please use `'airflow.providers.standard.operators.bash.BashOperator'`.","category":"DeprecatedImportWarning","filename":"/opt/airflow/dags/branch_pipeline.py","lineno":3,"logger":"py.warnings"}
{"timestamp":"2026-02-13T08:24:56.925408Z","level":"info","event":"Filling up the DagBag from /opt/airflow/dags/branch_pipeline.py","logger":"airflow.models.dagbag.BundleDagBag","filename":"dagbag.py","lineno":593}
{"timestamp":"2026-02-13T08:24:56.996488Z","level":"warning","event":"The `airflow.decorators.dag` attribute is deprecated. Please use `'airflow.sdk.dag'`.","category":"DeprecatedImportWarning","filename":"/opt/airflow/dags/branch_pipeline.py","lineno":1,"logger":"py.warnings"}
{"timestamp":"2026-02-13T08:24:56.996627Z","level":"warning","event":"The `airflow.decorators.task` attribute is deprecated. Please use `'airflow.sdk.task'`.","category":"DeprecatedImportWarning","filename":"/opt/airflow/dags/branch_pipeline.py","lineno":1,"logger":"py.warnings"}
{"timestamp":"2026-02-13T08:24:56.996713Z","level":"warning","event":"The `airflow.operators.python.BranchPythonOperator` attribute is deprecated. Please use `'airflow.providers.standard.operators.python.BranchPythonOperator'`.","category":"DeprecatedImportWarning","filename":"/opt/airflow/dags/branch_pipeline.py","lineno":2,"logger":"py.warnings"}
{"timestamp":"2026-02-13T08:24:56.996793Z","level":"warning","event":"The `airflow.operators.bash.BashOperator` attribute is deprecated. Please use `'airflow.providers.standard.operators.bash.BashOperator'`.","category":"DeprecatedImportWarning","filename":"/opt/airflow/dags/branch_pipeline.py","lineno":3,"logger":"py.warnings"}
{"timestamp":"2026-02-13T08:25:27.357639Z","level":"info","event":"Filling up the DagBag from /opt/airflow/dags/branch_pipeline.py","logger":"airflow.models.dagbag.BundleDagBag","filename":"dagbag.py","lineno":593}
{"timestamp":"2026-02-13T08:25:27.422990Z","level":"warning","event":"The `airflow.decorators.dag` attribute is deprecated. Please use `'airflow.sdk.dag'`.","category":"DeprecatedImportWarning","filename":"/opt/airflow/dags/branch_pipeline.py","lineno":1,"logger":"py.warnings"}
{"timestamp":"2026-02-13T08:25:27.423189Z","level":"warning","event":"The `airflow.decorators.task` attribute is deprecated. Please use `'airflow.sdk.task'`.","category":"DeprecatedImportWarning","filename":"/opt/airflow/dags/branch_pipeline.py","lineno":1,"logger":"py.warnings"}
{"timestamp":"2026-02-13T08:25:27.423262Z","level":"warning","event":"The `airflow.operators.python.BranchPythonOperator` attribute is deprecated. Please use `'airflow.providers.standard.operators.python.BranchPythonOperator'`.","category":"DeprecatedImportWarning","filename":"/opt/airflow/dags/branch_pipeline.py","lineno":2,"logger":"py.warnings"}
{"timestamp":"2026-02-13T08:25:27.423312Z","level":"warning","event":"The `airflow.operators.bash.BashOperator` attribute is deprecated. Please use `'airflow.providers.standard.operators.bash.BashOperator'`.","category":"DeprecatedImportWarning","filename":"/opt/airflow/dags/branch_pipeline.py","lineno":3,"logger":"py.warnings"}
{"timestamp":"2026-02-13T08:25:57.663830Z","level":"info","event":"Filling up the DagBag from /opt/airflow/dags/branch_pipeline.py","logger":"airflow.models.dagbag.BundleDagBag","filename":"dagbag.py","lineno":593}
{"timestamp":"2026-02-13T08:25:57.732884Z","level":"warning","event":"The `airflow.decorators.dag` attribute is deprecated. Please use `'airflow.sdk.dag'`.","category":"DeprecatedImportWarning","filename":"/opt/airflow/dags/branch_pipeline.py","lineno":1,"logger":"py.warnings"}
{"timestamp":"2026-02-13T08:25:57.733019Z","level":"warning","event":"The `airflow.decorators.task` attribute is deprecated. Please use `'airflow.sdk.task'`.","category":"DeprecatedImportWarning","filename":"/opt/airflow/dags/branch_pipeline.py","lineno":1,"logger":"py.warnings"}
{"timestamp":"2026-02-13T08:25:57.733076Z","level":"warning","event":"The `airflow.operators.python.BranchPythonOperator` attribute is deprecated. Please use `'airflow.providers.standard.operators.python.BranchPythonOperator'`.","category":"DeprecatedImportWarning","filename":"/opt/airflow/dags/branch_pipeline.py","lineno":2,"logger":"py.warnings"}
{"timestamp":"2026-02-13T08:25:57.733124Z","level":"warning","event":"The `airflow.operators.bash.BashOperator` attribute is deprecated. Please use `'airflow.providers.standard.operators.bash.BashOperator'`.","category":"DeprecatedImportWarning","filename":"/opt/airflow/dags/branch_pipeline.py","lineno":3,"logger":"py.warnings"}
{"timestamp":"2026-02-13T08:26:28.165844Z","level":"info","event":"Filling up the DagBag from /opt/airflow/dags/branch_pipeline.py","logger":"airflow.models.dagbag.BundleDagBag","filename":"dagbag.py","lineno":593}
{"timestamp":"2026-02-13T08:26:28.245682Z","level":"warning","event":"The `airflow.decorators.dag` attribute is deprecated. Please use `'airflow.sdk.dag'`.","category":"DeprecatedImportWarning","filename":"/opt/airflow/dags/branch_pipeline.py","lineno":1,"logger":"py.warnings"}
{"timestamp":"2026-02-13T08:26:28.245935Z","level":"warning","event":"The `airflow.decorators.task` attribute is deprecated. Please use `'airflow.sdk.task'`.","category":"DeprecatedImportWarning","filename":"/opt/airflow/dags/branch_pipeline.py","lineno":1,"logger":"py.warnings"}
{"timestamp":"2026-02-13T08:26:28.246034Z","level":"warning","event":"The `airflow.operators.python.BranchPythonOperator` attribute is deprecated. Please use `'airflow.providers.standard.operators.python.BranchPythonOperator'`.","category":"DeprecatedImportWarning","filename":"/opt/airflow/dags/branch_pipeline.py","lineno":2,"logger":"py.warnings"}
{"timestamp":"2026-02-13T08:26:28.246134Z","level":"warning","event":"The `airflow.operators.bash.BashOperator` attribute is deprecated. Please use `'airflow.providers.standard.operators.bash.BashOperator'`.","category":"DeprecatedImportWarning","filename":"/opt/airflow/dags/branch_pipeline.py","lineno":3,"logger":"py.warnings"}
{"timestamp":"2026-02-13T08:26:58.912983Z","level":"info","event":"Filling up the DagBag from /opt/airflow/dags/branch_pipeline.py","logger":"airflow.models.dagbag.BundleDagBag","filename":"dagbag.py","lineno":593}
{"timestamp":"2026-02-13T08:26:58.971966Z","level":"warning","event":"The `airflow.decorators.dag` attribute is deprecated. Please use `'airflow.sdk.dag'`.","category":"DeprecatedImportWarning","filename":"/opt/airflow/dags/branch_pipeline.py","lineno":1,"logger":"py.warnings"}
{"timestamp":"2026-02-13T08:26:58.972104Z","level":"warning","event":"The `airflow.decorators.task` attribute is deprecated. Please use `'airflow.sdk.task'`.","category":"DeprecatedImportWarning","filename":"/opt/airflow/dags/branch_pipeline.py","lineno":1,"logger":"py.warnings"}
{"timestamp":"2026-02-13T08:26:58.972178Z","level":"warning","event":"The `airflow.operators.python.BranchPythonOperator` attribute is deprecated. Please use `'airflow.providers.standard.operators.python.BranchPythonOperator'`.","category":"DeprecatedImportWarning","filename":"/opt/airflow/dags/branch_pipeline.py","lineno":2,"logger":"py.warnings"}
{"timestamp":"2026-02-13T08:26:58.972239Z","level":"warning","event":"The `airflow.operators.bash.BashOperator` attribute is deprecated. Please use `'airflow.providers.standard.operators.bash.BashOperator'`.","category":"DeprecatedImportWarning","filename":"/opt/airflow/dags/branch_pipeline.py","lineno":3,"logger":"py.warnings"}
{"timestamp":"2026-02-13T08:27:29.238994Z","level":"info","event":"Filling up the DagBag from /opt/airflow/dags/branch_pipeline.py","logger":"airflow.models.dagbag.BundleDagBag","filename":"dagbag.py","lineno":593}
{"timestamp":"2026-02-13T08:27:29.290059Z","level":"warning","event":"The `airflow.decorators.dag` attribute is deprecated. Please use `'airflow.sdk.dag'`.","category":"DeprecatedImportWarning","filename":"/opt/airflow/dags/branch_pipeline.py","lineno":1,"logger":"py.warnings"}
{"timestamp":"2026-02-13T08:27:29.290494Z","level":"warning","event":"The `airflow.decorators.task` attribute is deprecated. Please use `'airflow.sdk.task'`.","category":"DeprecatedImportWarning","filename":"/opt/airflow/dags/branch_pipeline.py","lineno":1,"logger":"py.warnings"}
{"timestamp":"2026-02-13T08:27:29.290617Z","level":"warning","event":"The `airflow.operators.python.BranchPythonOperator` attribute is deprecated. Please use `'airflow.providers.standard.operators.python.BranchPythonOperator'`.","category":"DeprecatedImportWarning","filename":"/opt/airflow/dags/branch_pipeline.py","lineno":2,"logger":"py.warnings"}
{"timestamp":"2026-02-13T08:27:29.290732Z","level":"warning","event":"The `airflow.operators.bash.BashOperator` attribute is deprecated. Please use `'airflow.providers.standard.operators.bash.BashOperator'`.","category":"DeprecatedImportWarning","filename":"/opt/airflow/dags/branch_pipeline.py","lineno":3,"logger":"py.warnings"}
{"timestamp":"2026-02-13T08:27:59.739030Z","level":"info","event":"Filling up the DagBag from /opt/airflow/dags/branch_pipeline.py","logger":"airflow.models.dagbag.BundleDagBag","filename":"dagbag.py","lineno":593}
{"timestamp":"2026-02-13T08:27:59.822940Z","level":"warning","event":"The `airflow.decorators.dag` attribute is deprecated. Please use `'airflow.sdk.dag'`.","category":"DeprecatedImportWarning","filename":"/opt/airflow/dags/branch_pipeline.py","lineno":1,"logger":"py.warnings"}
{"timestamp":"2026-02-13T08:27:59.823458Z","level":"warning","event":"The `airflow.decorators.task` attribute is deprecated. Please use `'airflow.sdk.task'`.","category":"DeprecatedImportWarning","filename":"/opt/airflow/dags/branch_pipeline.py","lineno":1,"logger":"py.warnings"}
{"timestamp":"2026-02-13T08:27:59.823809Z","level":"warning","event":"The `airflow.operators.python.BranchPythonOperator` attribute is deprecated. Please use `'airflow.providers.standard.operators.python.BranchPythonOperator'`.","category":"DeprecatedImportWarning","filename":"/opt/airflow/dags/branch_pipeline.py","lineno":2,"logger":"py.warnings"}
{"timestamp":"2026-02-13T08:27:59.823966Z","level":"warning","event":"The `airflow.operators.bash.BashOperator` attribute is deprecated. Please use `'airflow.providers.standard.operators.bash.BashOperator'`.","category":"DeprecatedImportWarning","filename":"/opt/airflow/dags/branch_pipeline.py","lineno":3,"logger":"py.warnings"}
{"timestamp":"2026-02-13T08:28:30.334958Z","level":"info","event":"Filling up the DagBag from /opt/airflow/dags/branch_pipeline.py","logger":"airflow.models.dagbag.BundleDagBag","filename":"dagbag.py","lineno":593}
{"timestamp":"2026-02-13T08:28:30.395687Z","level":"warning","event":"The `airflow.decorators.dag` attribute is deprecated. Please use `'airflow.sdk.dag'`.","category":"DeprecatedImportWarning","filename":"/opt/airflow/dags/branch_pipeline.py","lineno":1,"logger":"py.warnings"}
{"timestamp":"2026-02-13T08:28:30.395820Z","level":"warning","event":"The `airflow.decorators.task` attribute is deprecated. Please use `'airflow.sdk.task'`.","category":"DeprecatedImportWarning","filename":"/opt/airflow/dags/branch_pipeline.py","lineno":1,"logger":"py.warnings"}
{"timestamp":"2026-02-13T08:28:30.395877Z","level":"warning","event":"The `airflow.operators.python.BranchPythonOperator` attribute is deprecated. Please use `'airflow.providers.standard.operators.python.BranchPythonOperator'`.","category":"DeprecatedImportWarning","filename":"/opt/airflow/dags/branch_pipeline.py","lineno":2,"logger":"py.warnings"}
{"timestamp":"2026-02-13T08:28:30.395933Z","level":"warning","event":"The `airflow.operators.bash.BashOperator` attribute is deprecated. Please use `'airflow.providers.standard.operators.bash.BashOperator'`.","category":"DeprecatedImportWarning","filename":"/opt/airflow/dags/branch_pipeline.py","lineno":3,"logger":"py.warnings"}
{"timestamp":"2026-02-13T08:29:00.969170Z","level":"info","event":"Filling up the DagBag from /opt/airflow/dags/branch_pipeline.py","logger":"airflow.models.dagbag.BundleDagBag","filename":"dagbag.py","lineno":593}
{"timestamp":"2026-02-13T08:29:01.016676Z","level":"warning","event":"The `airflow.decorators.dag` attribute is deprecated. Please use `'airflow.sdk.dag'`.","category":"DeprecatedImportWarning","filename":"/opt/airflow/dags/branch_pipeline.py","lineno":1,"logger":"py.warnings"}
{"timestamp":"2026-02-13T08:29:01.016819Z","level":"warning","event":"The `airflow.decorators.task` attribute is deprecated. Please use `'airflow.sdk.task'`.","category":"DeprecatedImportWarning","filename":"/opt/airflow/dags/branch_pipeline.py","lineno":1,"logger":"py.warnings"}
{"timestamp":"2026-02-13T08:29:01.016892Z","level":"warning","event":"The `airflow.operators.python.BranchPythonOperator` attribute is deprecated. Please use `'airflow.providers.standard.operators.python.BranchPythonOperator'`.","category":"DeprecatedImportWarning","filename":"/opt/airflow/dags/branch_pipeline.py","lineno":2,"logger":"py.warnings"}
{"timestamp":"2026-02-13T08:29:01.016963Z","level":"warning","event":"The `airflow.operators.bash.BashOperator` attribute is deprecated. Please use `'airflow.providers.standard.operators.bash.BashOperator'`.","category":"DeprecatedImportWarning","filename":"/opt/airflow/dags/branch_pipeline.py","lineno":3,"logger":"py.warnings"}
{"timestamp":"2026-02-13T08:29:31.414948Z","level":"info","event":"Filling up the DagBag from /opt/airflow/dags/branch_pipeline.py","logger":"airflow.models.dagbag.BundleDagBag","filename":"dagbag.py","lineno":593}
{"timestamp":"2026-02-13T08:29:31.469555Z","level":"warning","event":"The `airflow.decorators.dag` attribute is deprecated. Please use `'airflow.sdk.dag'`.","category":"DeprecatedImportWarning","filename":"/opt/airflow/dags/branch_pipeline.py","lineno":1,"logger":"py.warnings"}
{"timestamp":"2026-02-13T08:29:31.469856Z","level":"warning","event":"The `airflow.decorators.task` attribute is deprecated. Please use `'airflow.sdk.task'`.","category":"DeprecatedImportWarning","filename":"/opt/airflow/dags/branch_pipeline.py","lineno":1,"logger":"py.warnings"}
{"timestamp":"2026-02-13T08:29:31.469947Z","level":"warning","event":"The `airflow.operators.python.BranchPythonOperator` attribute is deprecated. Please use `'airflow.providers.standard.operators.python.BranchPythonOperator'`.","category":"DeprecatedImportWarning","filename":"/opt/airflow/dags/branch_pipeline.py","lineno":2,"logger":"py.warnings"}
{"timestamp":"2026-02-13T08:29:31.470008Z","level":"warning","event":"The `airflow.operators.bash.BashOperator` attribute is deprecated. Please use `'airflow.providers.standard.operators.bash.BashOperator'`.","category":"DeprecatedImportWarning","filename":"/opt/airflow/dags/branch_pipeline.py","lineno":3,"logger":"py.warnings"}
{"timestamp":"2026-02-13T08:30:01.828009Z","level":"info","event":"Filling up the DagBag from /opt/airflow/dags/branch_pipeline.py","logger":"airflow.models.dagbag.BundleDagBag","filename":"dagbag.py","lineno":593}
{"timestamp":"2026-02-13T08:30:01.884409Z","level":"warning","event":"The `airflow.decorators.dag` attribute is deprecated. Please use `'airflow.sdk.dag'`.","category":"DeprecatedImportWarning","filename":"/opt/airflow/dags/branch_pipeline.py","lineno":1,"logger":"py.warnings"}
{"timestamp":"2026-02-13T08:30:01.884574Z","level":"warning","event":"The `airflow.decorators.task` attribute is deprecated. Please use `'airflow.sdk.task'`.","category":"DeprecatedImportWarning","filename":"/opt/airflow/dags/branch_pipeline.py","lineno":1,"logger":"py.warnings"}
{"timestamp":"2026-02-13T08:30:01.884646Z","level":"warning","event":"The `airflow.operators.python.BranchPythonOperator` attribute is deprecated. Please use `'airflow.providers.standard.operators.python.BranchPythonOperator'`.","category":"DeprecatedImportWarning","filename":"/opt/airflow/dags/branch_pipeline.py","lineno":2,"logger":"py.warnings"}
{"timestamp":"2026-02-13T08:30:01.884717Z","level":"warning","event":"The `airflow.operators.bash.BashOperator` attribute is deprecated. Please use `'airflow.providers.standard.operators.bash.BashOperator'`.","category":"DeprecatedImportWarning","filename":"/opt/airflow/dags/branch_pipeline.py","lineno":3,"logger":"py.warnings"}
{"timestamp":"2026-02-13T08:30:32.237142Z","level":"info","event":"Filling up the DagBag from /opt/airflow/dags/branch_pipeline.py","logger":"airflow.models.dagbag.BundleDagBag","filename":"dagbag.py","lineno":593}
{"timestamp":"2026-02-13T08:30:32.302163Z","level":"warning","event":"The `airflow.decorators.dag` attribute is deprecated. Please use `'airflow.sdk.dag'`.","category":"DeprecatedImportWarning","filename":"/opt/airflow/dags/branch_pipeline.py","lineno":1,"logger":"py.warnings"}
{"timestamp":"2026-02-13T08:30:32.302309Z","level":"warning","event":"The `airflow.decorators.task` attribute is deprecated. Please use `'airflow.sdk.task'`.","category":"DeprecatedImportWarning","filename":"/opt/airflow/dags/branch_pipeline.py","lineno":1,"logger":"py.warnings"}
{"timestamp":"2026-02-13T08:30:32.302371Z","level":"warning","event":"The `airflow.operators.python.BranchPythonOperator` attribute is deprecated. Please use `'airflow.providers.standard.operators.python.BranchPythonOperator'`.","category":"DeprecatedImportWarning","filename":"/opt/airflow/dags/branch_pipeline.py","lineno":2,"logger":"py.warnings"}
{"timestamp":"2026-02-13T08:30:32.302434Z","level":"warning","event":"The `airflow.operators.bash.BashOperator` attribute is deprecated. Please use `'airflow.providers.standard.operators.bash.BashOperator'`.","category":"DeprecatedImportWarning","filename":"/opt/airflow/dags/branch_pipeline.py","lineno":3,"logger":"py.warnings"}
{"timestamp":"2026-02-13T08:31:02.705276Z","level":"info","event":"Filling up the DagBag from /opt/airflow/dags/branch_pipeline.py","logger":"airflow.models.dagbag.BundleDagBag","filename":"dagbag.py","lineno":593}
{"timestamp":"2026-02-13T08:31:02.764519Z","level":"warning","event":"The `airflow.decorators.dag` attribute is deprecated. Please use `'airflow.sdk.dag'`.","category":"DeprecatedImportWarning","filename":"/opt/airflow/dags/branch_pipeline.py","lineno":1,"logger":"py.warnings"}
{"timestamp":"2026-02-13T08:31:02.765821Z","level":"warning","event":"The `airflow.decorators.task` attribute is deprecated. Please use `'airflow.sdk.task'`.","category":"DeprecatedImportWarning","filename":"/opt/airflow/dags/branch_pipeline.py","lineno":1,"logger":"py.warnings"}
{"timestamp":"2026-02-13T08:31:02.765994Z","level":"warning","event":"The `airflow.operators.python.BranchPythonOperator` attribute is deprecated. Please use `'airflow.providers.standard.operators.python.BranchPythonOperator'`.","category":"DeprecatedImportWarning","filename":"/opt/airflow/dags/branch_pipeline.py","lineno":2,"logger":"py.warnings"}
{"timestamp":"2026-02-13T08:31:02.766244Z","level":"warning","event":"The `airflow.operators.bash.BashOperator` attribute is deprecated. Please use `'airflow.providers.standard.operators.bash.BashOperator'`.","category":"DeprecatedImportWarning","filename":"/opt/airflow/dags/branch_pipeline.py","lineno":3,"logger":"py.warnings"}
{"timestamp":"2026-02-13T08:31:33.230531Z","level":"info","event":"Filling up the DagBag from /opt/airflow/dags/branch_pipeline.py","logger":"airflow.models.dagbag.BundleDagBag","filename":"dagbag.py","lineno":593}
{"timestamp":"2026-02-13T08:31:33.288853Z","level":"warning","event":"The `airflow.decorators.dag` attribute is deprecated. Please use `'airflow.sdk.dag'`.","category":"DeprecatedImportWarning","filename":"/opt/airflow/dags/branch_pipeline.py","lineno":1,"logger":"py.warnings"}
{"timestamp":"2026-02-13T08:31:33.288997Z","level":"warning","event":"The `airflow.decorators.task` attribute is deprecated. Please use `'airflow.sdk.task'`.","category":"DeprecatedImportWarning","filename":"/opt/airflow/dags/branch_pipeline.py","lineno":1,"logger":"py.warnings"}
{"timestamp":"2026-02-13T08:31:33.289056Z","level":"warning","event":"The `airflow.operators.python.BranchPythonOperator` attribute is deprecated. Please use `'airflow.providers.standard.operators.python.BranchPythonOperator'`.","category":"DeprecatedImportWarning","filename":"/opt/airflow/dags/branch_pipeline.py","lineno":2,"logger":"py.warnings"}
{"timestamp":"2026-02-13T08:31:33.289113Z","level":"warning","event":"The `airflow.operators.bash.BashOperator` attribute is deprecated. Please use `'airflow.providers.standard.operators.bash.BashOperator'`.","category":"DeprecatedImportWarning","filename":"/opt/airflow/dags/branch_pipeline.py","lineno":3,"logger":"py.warnings"}
{"timestamp":"2026-02-13T08:32:03.754835Z","level":"info","event":"Filling up the DagBag from /opt/airflow/dags/branch_pipeline.py","logger":"airflow.models.dagbag.BundleDagBag","filename":"dagbag.py","lineno":593}
{"timestamp":"2026-02-13T08:32:03.813211Z","level":"warning","event":"The `airflow.decorators.dag` attribute is deprecated. Please use `'airflow.sdk.dag'`.","category":"DeprecatedImportWarning","filename":"/opt/airflow/dags/branch_pipeline.py","lineno":1,"logger":"py.warnings"}
{"timestamp":"2026-02-13T08:32:03.813589Z","level":"warning","event":"The `airflow.decorators.task` attribute is deprecated. Please use `'airflow.sdk.task'`.","category":"DeprecatedImportWarning","filename":"/opt/airflow/dags/branch_pipeline.py","lineno":1,"logger":"py.warnings"}
{"timestamp":"2026-02-13T08:32:03.813673Z","level":"warning","event":"The `airflow.operators.python.BranchPythonOperator` attribute is deprecated. Please use `'airflow.providers.standard.operators.python.BranchPythonOperator'`.","category":"DeprecatedImportWarning","filename":"/opt/airflow/dags/branch_pipeline.py","lineno":2,"logger":"py.warnings"}
{"timestamp":"2026-02-13T08:32:03.813765Z","level":"warning","event":"The `airflow.operators.bash.BashOperator` attribute is deprecated. Please use `'airflow.providers.standard.operators.bash.BashOperator'`.","category":"DeprecatedImportWarning","filename":"/opt/airflow/dags/branch_pipeline.py","lineno":3,"logger":"py.warnings"}
{"timestamp":"2026-02-13T08:32:34.131213Z","level":"info","event":"Filling up the DagBag from /opt/airflow/dags/branch_pipeline.py","logger":"airflow.models.dagbag.BundleDagBag","filename":"dagbag.py","lineno":593}
{"timestamp":"2026-02-13T08:32:34.189309Z","level":"warning","event":"The `airflow.decorators.dag` attribute is deprecated. Please use `'airflow.sdk.dag'`.","category":"DeprecatedImportWarning","filename":"/opt/airflow/dags/branch_pipeline.py","lineno":1,"logger":"py.warnings"}
{"timestamp":"2026-02-13T08:32:34.189456Z","level":"warning","event":"The `airflow.decorators.task` attribute is deprecated. Please use `'airflow.sdk.task'`.","category":"DeprecatedImportWarning","filename":"/opt/airflow/dags/branch_pipeline.py","lineno":1,"logger":"py.warnings"}
{"timestamp":"2026-02-13T08:32:34.189515Z","level":"warning","event":"The `airflow.operators.python.BranchPythonOperator` attribute is deprecated. Please use `'airflow.providers.standard.operators.python.BranchPythonOperator'`.","category":"DeprecatedImportWarning","filename":"/opt/airflow/dags/branch_pipeline.py","lineno":2,"logger":"py.warnings"}
{"timestamp":"2026-02-13T08:32:34.189573Z","level":"warning","event":"The `airflow.operators.bash.BashOperator` attribute is deprecated. Please use `'airflow.providers.standard.operators.bash.BashOperator'`.","category":"DeprecatedImportWarning","filename":"/opt/airflow/dags/branch_pipeline.py","lineno":3,"logger":"py.warnings"}
{"timestamp":"2026-02-13T08:33:04.704352Z","level":"info","event":"Filling up the DagBag from /opt/airflow/dags/branch_pipeline.py","logger":"airflow.models.dagbag.BundleDagBag","filename":"dagbag.py","lineno":593}
{"timestamp":"2026-02-13T08:33:04.770058Z","level":"warning","event":"The `airflow.decorators.dag` attribute is deprecated. Please use `'airflow.sdk.dag'`.","category":"DeprecatedImportWarning","filename":"/opt/airflow/dags/branch_pipeline.py","lineno":1,"logger":"py.warnings"}
{"timestamp":"2026-02-13T08:33:04.770406Z","level":"warning","event":"The `airflow.decorators.task` attribute is deprecated. Please use `'airflow.sdk.task'`.","category":"DeprecatedImportWarning","filename":"/opt/airflow/dags/branch_pipeline.py","lineno":1,"logger":"py.warnings"}
{"timestamp":"2026-02-13T08:33:04.770553Z","level":"warning","event":"The `airflow.operators.python.BranchPythonOperator` attribute is deprecated. Please use `'airflow.providers.standard.operators.python.BranchPythonOperator'`.","category":"DeprecatedImportWarning","filename":"/opt/airflow/dags/branch_pipeline.py","lineno":2,"logger":"py.warnings"}
{"timestamp":"2026-02-13T08:33:04.770669Z","level":"warning","event":"The `airflow.operators.bash.BashOperator` attribute is deprecated. Please use `'airflow.providers.standard.operators.bash.BashOperator'`.","category":"DeprecatedImportWarning","filename":"/opt/airflow/dags/branch_pipeline.py","lineno":3,"logger":"py.warnings"}
{"timestamp":"2026-02-13T08:33:35.072279Z","level":"info","event":"Filling up the DagBag from /opt/airflow/dags/branch_pipeline.py","logger":"airflow.models.dagbag.BundleDagBag","filename":"dagbag.py","lineno":593}
{"timestamp":"2026-02-13T08:33:35.145592Z","level":"warning","event":"The `airflow.decorators.dag` attribute is deprecated. Please use `'airflow.sdk.dag'`.","category":"DeprecatedImportWarning","filename":"/opt/airflow/dags/branch_pipeline.py","lineno":1,"logger":"py.warnings"}
{"timestamp":"2026-02-13T08:33:35.145796Z","level":"warning","event":"The `airflow.decorators.task` attribute is deprecated. Please use `'airflow.sdk.task'`.","category":"DeprecatedImportWarning","filename":"/opt/airflow/dags/branch_pipeline.py","lineno":1,"logger":"py.warnings"}
{"timestamp":"2026-02-13T08:33:35.145912Z","level":"warning","event":"The `airflow.operators.python.BranchPythonOperator` attribute is deprecated. Please use `'airflow.providers.standard.operators.python.BranchPythonOperator'`.","category":"DeprecatedImportWarning","filename":"/opt/airflow/dags/branch_pipeline.py","lineno":2,"logger":"py.warnings"}
{"timestamp":"2026-02-13T08:33:35.146035Z","level":"warning","event":"The `airflow.operators.bash.BashOperator` attribute is deprecated. Please use `'airflow.providers.standard.operators.bash.BashOperator'`.","category":"DeprecatedImportWarning","filename":"/opt/airflow/dags/branch_pipeline.py","lineno":3,"logger":"py.warnings"}
{"timestamp":"2026-02-13T08:34:05.446986Z","level":"info","event":"Filling up the DagBag from /opt/airflow/dags/branch_pipeline.py","logger":"airflow.models.dagbag.BundleDagBag","filename":"dagbag.py","lineno":593}
{"timestamp":"2026-02-13T08:34:05.507075Z","level":"warning","event":"The `airflow.decorators.dag` attribute is deprecated. Please use `'airflow.sdk.dag'`.","category":"DeprecatedImportWarning","filename":"/opt/airflow/dags/branch_pipeline.py","lineno":1,"logger":"py.warnings"}
{"timestamp":"2026-02-13T08:34:05.507216Z","level":"warning","event":"The `airflow.decorators.task` attribute is deprecated. Please use `'airflow.sdk.task'`.","category":"DeprecatedImportWarning","filename":"/opt/airflow/dags/branch_pipeline.py","lineno":1,"logger":"py.warnings"}
{"timestamp":"2026-02-13T08:34:05.507274Z","level":"warning","event":"The `airflow.operators.python.BranchPythonOperator` attribute is deprecated. Please use `'airflow.providers.standard.operators.python.BranchPythonOperator'`.","category":"DeprecatedImportWarning","filename":"/opt/airflow/dags/branch_pipeline.py","lineno":2,"logger":"py.warnings"}
{"timestamp":"2026-02-13T08:34:05.507332Z","level":"warning","event":"The `airflow.operators.bash.BashOperator` attribute is deprecated. Please use `'airflow.providers.standard.operators.bash.BashOperator'`.","category":"DeprecatedImportWarning","filename":"/opt/airflow/dags/branch_pipeline.py","lineno":3,"logger":"py.warnings"}
{"timestamp":"2026-02-13T08:34:35.937802Z","level":"info","event":"Filling up the DagBag from /opt/airflow/dags/branch_pipeline.py","logger":"airflow.models.dagbag.BundleDagBag","filename":"dagbag.py","lineno":593}
{"timestamp":"2026-02-13T08:34:35.987035Z","level":"warning","event":"The `airflow.decorators.dag` attribute is deprecated. Please use `'airflow.sdk.dag'`.","category":"DeprecatedImportWarning","filename":"/opt/airflow/dags/branch_pipeline.py","lineno":1,"logger":"py.warnings"}
{"timestamp":"2026-02-13T08:34:35.987170Z","level":"warning","event":"The `airflow.decorators.task` attribute is deprecated. Please use `'airflow.sdk.task'`.","category":"DeprecatedImportWarning","filename":"/opt/airflow/dags/branch_pipeline.py","lineno":1,"logger":"py.warnings"}
{"timestamp":"2026-02-13T08:34:35.987225Z","level":"warning","event":"The `airflow.operators.python.BranchPythonOperator` attribute is deprecated. Please use `'airflow.providers.standard.operators.python.BranchPythonOperator'`.","category":"DeprecatedImportWarning","filename":"/opt/airflow/dags/branch_pipeline.py","lineno":2,"logger":"py.warnings"}
{"timestamp":"2026-02-13T08:34:35.987279Z","level":"warning","event":"The `airflow.operators.bash.BashOperator` attribute is deprecated. Please use `'airflow.providers.standard.operators.bash.BashOperator'`.","category":"DeprecatedImportWarning","filename":"/opt/airflow/dags/branch_pipeline.py","lineno":3,"logger":"py.warnings"}
{"timestamp":"2026-02-13T08:35:06.443575Z","level":"info","event":"Filling up the DagBag from /opt/airflow/dags/branch_pipeline.py","logger":"airflow.models.dagbag.BundleDagBag","filename":"dagbag.py","lineno":593}
{"timestamp":"2026-02-13T08:35:06.521825Z","level":"warning","event":"The `airflow.decorators.dag` attribute is deprecated. Please use `'airflow.sdk.dag'`.","category":"DeprecatedImportWarning","filename":"/opt/airflow/dags/branch_pipeline.py","lineno":1,"logger":"py.warnings"}
{"timestamp":"2026-02-13T08:35:06.521969Z","level":"warning","event":"The `airflow.decorators.task` attribute is deprecated. Please use `'airflow.sdk.task'`.","category":"DeprecatedImportWarning","filename":"/opt/airflow/dags/branch_pipeline.py","lineno":1,"logger":"py.warnings"}
{"timestamp":"2026-02-13T08:35:06.522028Z","level":"warning","event":"The `airflow.operators.python.BranchPythonOperator` attribute is deprecated. Please use `'airflow.providers.standard.operators.python.BranchPythonOperator'`.","category":"DeprecatedImportWarning","filename":"/opt/airflow/dags/branch_pipeline.py","lineno":2,"logger":"py.warnings"}
{"timestamp":"2026-02-13T08:35:06.522085Z","level":"warning","event":"The `airflow.operators.bash.BashOperator` attribute is deprecated. Please use `'airflow.providers.standard.operators.bash.BashOperator'`.","category":"DeprecatedImportWarning","filename":"/opt/airflow/dags/branch_pipeline.py","lineno":3,"logger":"py.warnings"}
{"timestamp":"2026-02-13T08:35:37.275206Z","level":"info","event":"Filling up the DagBag from /opt/airflow/dags/branch_pipeline.py","logger":"airflow.models.dagbag.BundleDagBag","filename":"dagbag.py","lineno":593}
{"timestamp":"2026-02-13T08:35:37.343241Z","level":"warning","event":"The `airflow.decorators.dag` attribute is deprecated. Please use `'airflow.sdk.dag'`.","category":"DeprecatedImportWarning","filename":"/opt/airflow/dags/branch_pipeline.py","lineno":1,"logger":"py.warnings"}
{"timestamp":"2026-02-13T08:35:37.343454Z","level":"warning","event":"The `airflow.decorators.task` attribute is deprecated. Please use `'airflow.sdk.task'`.","category":"DeprecatedImportWarning","filename":"/opt/airflow/dags/branch_pipeline.py","lineno":1,"logger":"py.warnings"}
{"timestamp":"2026-02-13T08:35:37.343602Z","level":"warning","event":"The `airflow.operators.python.BranchPythonOperator` attribute is deprecated. Please use `'airflow.providers.standard.operators.python.BranchPythonOperator'`.","category":"DeprecatedImportWarning","filename":"/opt/airflow/dags/branch_pipeline.py","lineno":2,"logger":"py.warnings"}
{"timestamp":"2026-02-13T08:35:37.343732Z","level":"warning","event":"The `airflow.operators.bash.BashOperator` attribute is deprecated. Please use `'airflow.providers.standard.operators.bash.BashOperator'`.","category":"DeprecatedImportWarning","filename":"/opt/airflow/dags/branch_pipeline.py","lineno":3,"logger":"py.warnings"}
{"timestamp":"2026-02-13T08:36:07.795635Z","level":"info","event":"Filling up the DagBag from /opt/airflow/dags/branch_pipeline.py","logger":"airflow.models.dagbag.BundleDagBag","filename":"dagbag.py","lineno":593}
{"timestamp":"2026-02-13T08:36:07.853440Z","level":"warning","event":"The `airflow.decorators.dag` attribute is deprecated. Please use `'airflow.sdk.dag'`.","category":"DeprecatedImportWarning","filename":"/opt/airflow/dags/branch_pipeline.py","lineno":1,"logger":"py.warnings"}
{"timestamp":"2026-02-13T08:36:07.853586Z","level":"warning","event":"The `airflow.decorators.task` attribute is deprecated. Please use `'airflow.sdk.task'`.","category":"DeprecatedImportWarning","filename":"/opt/airflow/dags/branch_pipeline.py","lineno":1,"logger":"py.warnings"}
{"timestamp":"2026-02-13T08:36:07.853644Z","level":"warning","event":"The `airflow.operators.python.BranchPythonOperator` attribute is deprecated. Please use `'airflow.providers.standard.operators.python.BranchPythonOperator'`.","category":"DeprecatedImportWarning","filename":"/opt/airflow/dags/branch_pipeline.py","lineno":2,"logger":"py.warnings"}
{"timestamp":"2026-02-13T08:36:07.853701Z","level":"warning","event":"The `airflow.operators.bash.BashOperator` attribute is deprecated. Please use `'airflow.providers.standard.operators.bash.BashOperator'`.","category":"DeprecatedImportWarning","filename":"/opt/airflow/dags/branch_pipeline.py","lineno":3,"logger":"py.warnings"}
{"timestamp":"2026-02-13T08:36:38.271592Z","level":"info","event":"Filling up the DagBag from /opt/airflow/dags/branch_pipeline.py","logger":"airflow.models.dagbag.BundleDagBag","filename":"dagbag.py","lineno":593}
{"timestamp":"2026-02-13T08:36:38.328523Z","level":"warning","event":"The `airflow.decorators.dag` attribute is deprecated. Please use `'airflow.sdk.dag'`.","category":"DeprecatedImportWarning","filename":"/opt/airflow/dags/branch_pipeline.py","lineno":1,"logger":"py.warnings"}
{"timestamp":"2026-02-13T08:36:38.328658Z","level":"warning","event":"The `airflow.decorators.task` attribute is deprecated. Please use `'airflow.sdk.task'`.","category":"DeprecatedImportWarning","filename":"/opt/airflow/dags/branch_pipeline.py","lineno":1,"logger":"py.warnings"}
{"timestamp":"2026-02-13T08:36:38.328712Z","level":"warning","event":"The `airflow.operators.python.BranchPythonOperator` attribute is deprecated. Please use `'airflow.providers.standard.operators.python.BranchPythonOperator'`.","category":"DeprecatedImportWarning","filename":"/opt/airflow/dags/branch_pipeline.py","lineno":2,"logger":"py.warnings"}
{"timestamp":"2026-02-13T08:36:38.328768Z","level":"warning","event":"The `airflow.operators.bash.BashOperator` attribute is deprecated. Please use `'airflow.providers.standard.operators.bash.BashOperator'`.","category":"DeprecatedImportWarning","filename":"/opt/airflow/dags/branch_pipeline.py","lineno":3,"logger":"py.warnings"}
{"timestamp":"2026-02-13T08:37:08.783711Z","level":"info","event":"Filling up the DagBag from /opt/airflow/dags/branch_pipeline.py","logger":"airflow.models.dagbag.BundleDagBag","filename":"dagbag.py","lineno":593}
{"timestamp":"2026-02-13T08:37:08.839739Z","level":"warning","event":"The `airflow.decorators.dag` attribute is deprecated. Please use `'airflow.sdk.dag'`.","category":"DeprecatedImportWarning","filename":"/opt/airflow/dags/branch_pipeline.py","lineno":1,"logger":"py.warnings"}
{"timestamp":"2026-02-13T08:37:08.839874Z","level":"warning","event":"The `airflow.decorators.task` attribute is deprecated. Please use `'airflow.sdk.task'`.","category":"DeprecatedImportWarning","filename":"/opt/airflow/dags/branch_pipeline.py","lineno":1,"logger":"py.warnings"}
{"timestamp":"2026-02-13T08:37:08.839929Z","level":"warning","event":"The `airflow.operators.python.BranchPythonOperator` attribute is deprecated. Please use `'airflow.providers.standard.operators.python.BranchPythonOperator'`.","category":"DeprecatedImportWarning","filename":"/opt/airflow/dags/branch_pipeline.py","lineno":2,"logger":"py.warnings"}
{"timestamp":"2026-02-13T08:37:08.839995Z","level":"warning","event":"The `airflow.operators.bash.BashOperator` attribute is deprecated. Please use `'airflow.providers.standard.operators.bash.BashOperator'`.","category":"DeprecatedImportWarning","filename":"/opt/airflow/dags/branch_pipeline.py","lineno":3,"logger":"py.warnings"}
{"timestamp":"2026-02-13T08:37:39.226586Z","level":"info","event":"Filling up the DagBag from /opt/airflow/dags/branch_pipeline.py","logger":"airflow.models.dagbag.BundleDagBag","filename":"dagbag.py","lineno":593}
{"timestamp":"2026-02-13T08:37:39.284473Z","level":"warning","event":"The `airflow.decorators.dag` attribute is deprecated. Please use `'airflow.sdk.dag'`.","category":"DeprecatedImportWarning","filename":"/opt/airflow/dags/branch_pipeline.py","lineno":1,"logger":"py.warnings"}
{"timestamp":"2026-02-13T08:37:39.284791Z","level":"warning","event":"The `airflow.decorators.task` attribute is deprecated. Please use `'airflow.sdk.task'`.","category":"DeprecatedImportWarning","filename":"/opt/airflow/dags/branch_pipeline.py","lineno":1,"logger":"py.warnings"}
{"timestamp":"2026-02-13T08:37:39.284875Z","level":"warning","event":"The `airflow.operators.python.BranchPythonOperator` attribute is deprecated. Please use `'airflow.providers.standard.operators.python.BranchPythonOperator'`.","category":"DeprecatedImportWarning","filename":"/opt/airflow/dags/branch_pipeline.py","lineno":2,"logger":"py.warnings"}
{"timestamp":"2026-02-13T08:37:39.284980Z","level":"warning","event":"The `airflow.operators.bash.BashOperator` attribute is deprecated. Please use `'airflow.providers.standard.operators.bash.BashOperator'`.","category":"DeprecatedImportWarning","filename":"/opt/airflow/dags/branch_pipeline.py","lineno":3,"logger":"py.warnings"}
{"timestamp":"2026-02-13T08:38:09.637428Z","level":"info","event":"Filling up the DagBag from /opt/airflow/dags/branch_pipeline.py","logger":"airflow.models.dagbag.BundleDagBag","filename":"dagbag.py","lineno":593}
{"timestamp":"2026-02-13T08:38:09.690099Z","level":"warning","event":"The `airflow.decorators.dag` attribute is deprecated. Please use `'airflow.sdk.dag'`.","category":"DeprecatedImportWarning","filename":"/opt/airflow/dags/branch_pipeline.py","lineno":1,"logger":"py.warnings"}
{"timestamp":"2026-02-13T08:38:09.690225Z","level":"warning","event":"The `airflow.decorators.task` attribute is deprecated. Please use `'airflow.sdk.task'`.","category":"DeprecatedImportWarning","filename":"/opt/airflow/dags/branch_pipeline.py","lineno":1,"logger":"py.warnings"}
{"timestamp":"2026-02-13T08:38:09.690283Z","level":"warning","event":"The `airflow.operators.python.BranchPythonOperator` attribute is deprecated. Please use `'airflow.providers.standard.operators.python.BranchPythonOperator'`.","category":"DeprecatedImportWarning","filename":"/opt/airflow/dags/branch_pipeline.py","lineno":2,"logger":"py.warnings"}
{"timestamp":"2026-02-13T08:38:09.690338Z","level":"warning","event":"The `airflow.operators.bash.BashOperator` attribute is deprecated. Please use `'airflow.providers.standard.operators.bash.BashOperator'`.","category":"DeprecatedImportWarning","filename":"/opt/airflow/dags/branch_pipeline.py","lineno":3,"logger":"py.warnings"}
{"timestamp":"2026-02-13T08:38:40.096372Z","level":"info","event":"Filling up the DagBag from /opt/airflow/dags/branch_pipeline.py","logger":"airflow.models.dagbag.BundleDagBag","filename":"dagbag.py","lineno":593}
{"timestamp":"2026-02-13T08:38:40.166239Z","level":"warning","event":"The `airflow.decorators.dag` attribute is deprecated. Please use `'airflow.sdk.dag'`.","category":"DeprecatedImportWarning","filename":"/opt/airflow/dags/branch_pipeline.py","lineno":1,"logger":"py.warnings"}
{"timestamp":"2026-02-13T08:38:40.166767Z","level":"warning","event":"The `airflow.decorators.task` attribute is deprecated. Please use `'airflow.sdk.task'`.","category":"DeprecatedImportWarning","filename":"/opt/airflow/dags/branch_pipeline.py","lineno":1,"logger":"py.warnings"}
{"timestamp":"2026-02-13T08:38:40.167233Z","level":"warning","event":"The `airflow.operators.python.BranchPythonOperator` attribute is deprecated. Please use `'airflow.providers.standard.operators.python.BranchPythonOperator'`.","category":"DeprecatedImportWarning","filename":"/opt/airflow/dags/branch_pipeline.py","lineno":2,"logger":"py.warnings"}
{"timestamp":"2026-02-13T08:38:40.167450Z","level":"warning","event":"The `airflow.operators.bash.BashOperator` attribute is deprecated. Please use `'airflow.providers.standard.operators.bash.BashOperator'`.","category":"DeprecatedImportWarning","filename":"/opt/airflow/dags/branch_pipeline.py","lineno":3,"logger":"py.warnings"}
{"timestamp":"2026-02-13T08:39:10.685356Z","level":"info","event":"Filling up the DagBag from /opt/airflow/dags/branch_pipeline.py","logger":"airflow.models.dagbag.BundleDagBag","filename":"dagbag.py","lineno":593}
{"timestamp":"2026-02-13T08:39:10.741325Z","level":"warning","event":"The `airflow.decorators.dag` attribute is deprecated. Please use `'airflow.sdk.dag'`.","category":"DeprecatedImportWarning","filename":"/opt/airflow/dags/branch_pipeline.py","lineno":1,"logger":"py.warnings"}
{"timestamp":"2026-02-13T08:39:10.741463Z","level":"warning","event":"The `airflow.decorators.task` attribute is deprecated. Please use `'airflow.sdk.task'`.","category":"DeprecatedImportWarning","filename":"/opt/airflow/dags/branch_pipeline.py","lineno":1,"logger":"py.warnings"}
{"timestamp":"2026-02-13T08:39:10.741523Z","level":"warning","event":"The `airflow.operators.python.BranchPythonOperator` attribute is deprecated. Please use `'airflow.providers.standard.operators.python.BranchPythonOperator'`.","category":"DeprecatedImportWarning","filename":"/opt/airflow/dags/branch_pipeline.py","lineno":2,"logger":"py.warnings"}
{"timestamp":"2026-02-13T08:39:10.741582Z","level":"warning","event":"The `airflow.operators.bash.BashOperator` attribute is deprecated. Please use `'airflow.providers.standard.operators.bash.BashOperator'`.","category":"DeprecatedImportWarning","filename":"/opt/airflow/dags/branch_pipeline.py","lineno":3,"logger":"py.warnings"}
{"timestamp":"2026-02-13T08:39:41.161447Z","level":"info","event":"Filling up the DagBag from /opt/airflow/dags/branch_pipeline.py","logger":"airflow.models.dagbag.BundleDagBag","filename":"dagbag.py","lineno":593}
{"timestamp":"2026-02-13T08:39:41.213337Z","level":"warning","event":"The `airflow.decorators.dag` attribute is deprecated. Please use `'airflow.sdk.dag'`.","category":"DeprecatedImportWarning","filename":"/opt/airflow/dags/branch_pipeline.py","lineno":1,"logger":"py.warnings"}
{"timestamp":"2026-02-13T08:39:41.213545Z","level":"warning","event":"The `airflow.decorators.task` attribute is deprecated. Please use `'airflow.sdk.task'`.","category":"DeprecatedImportWarning","filename":"/opt/airflow/dags/branch_pipeline.py","lineno":1,"logger":"py.warnings"}
{"timestamp":"2026-02-13T08:39:41.213604Z","level":"warning","event":"The `airflow.operators.python.BranchPythonOperator` attribute is deprecated. Please use `'airflow.providers.standard.operators.python.BranchPythonOperator'`.","category":"DeprecatedImportWarning","filename":"/opt/airflow/dags/branch_pipeline.py","lineno":2,"logger":"py.warnings"}
{"timestamp":"2026-02-13T08:39:41.213711Z","level":"warning","event":"The `airflow.operators.bash.BashOperator` attribute is deprecated. Please use `'airflow.providers.standard.operators.bash.BashOperator'`.","category":"DeprecatedImportWarning","filename":"/opt/airflow/dags/branch_pipeline.py","lineno":3,"logger":"py.warnings"}
{"timestamp":"2026-02-13T08:40:11.803200Z","level":"info","event":"Filling up the DagBag from /opt/airflow/dags/branch_pipeline.py","logger":"airflow.models.dagbag.BundleDagBag","filename":"dagbag.py","lineno":593}
{"timestamp":"2026-02-13T08:40:11.862494Z","level":"warning","event":"The `airflow.decorators.dag` attribute is deprecated. Please use `'airflow.sdk.dag'`.","category":"DeprecatedImportWarning","filename":"/opt/airflow/dags/branch_pipeline.py","lineno":1,"logger":"py.warnings"}
{"timestamp":"2026-02-13T08:40:11.862636Z","level":"warning","event":"The `airflow.decorators.task` attribute is deprecated. Please use `'airflow.sdk.task'`.","category":"DeprecatedImportWarning","filename":"/opt/airflow/dags/branch_pipeline.py","lineno":1,"logger":"py.warnings"}
{"timestamp":"2026-02-13T08:40:11.862702Z","level":"warning","event":"The `airflow.operators.python.BranchPythonOperator` attribute is deprecated. Please use `'airflow.providers.standard.operators.python.BranchPythonOperator'`.","category":"DeprecatedImportWarning","filename":"/opt/airflow/dags/branch_pipeline.py","lineno":2,"logger":"py.warnings"}
{"timestamp":"2026-02-13T08:40:11.862762Z","level":"warning","event":"The `airflow.operators.bash.BashOperator` attribute is deprecated. Please use `'airflow.providers.standard.operators.bash.BashOperator'`.","category":"DeprecatedImportWarning","filename":"/opt/airflow/dags/branch_pipeline.py","lineno":3,"logger":"py.warnings"}
{"timestamp":"2026-02-13T08:40:42.303598Z","level":"info","event":"Filling up the DagBag from /opt/airflow/dags/branch_pipeline.py","logger":"airflow.models.dagbag.BundleDagBag","filename":"dagbag.py","lineno":593}
{"timestamp":"2026-02-13T08:40:42.363718Z","level":"warning","event":"The `airflow.decorators.dag` attribute is deprecated. Please use `'airflow.sdk.dag'`.","category":"DeprecatedImportWarning","filename":"/opt/airflow/dags/branch_pipeline.py","lineno":1,"logger":"py.warnings"}
{"timestamp":"2026-02-13T08:40:42.363847Z","level":"warning","event":"The `airflow.decorators.task` attribute is deprecated. Please use `'airflow.sdk.task'`.","category":"DeprecatedImportWarning","filename":"/opt/airflow/dags/branch_pipeline.py","lineno":1,"logger":"py.warnings"}
{"timestamp":"2026-02-13T08:40:42.363915Z","level":"warning","event":"The `airflow.operators.python.BranchPythonOperator` attribute is deprecated. Please use `'airflow.providers.standard.operators.python.BranchPythonOperator'`.","category":"DeprecatedImportWarning","filename":"/opt/airflow/dags/branch_pipeline.py","lineno":2,"logger":"py.warnings"}
{"timestamp":"2026-02-13T08:40:42.364003Z","level":"warning","event":"The `airflow.operators.bash.BashOperator` attribute is deprecated. Please use `'airflow.providers.standard.operators.bash.BashOperator'`.","category":"DeprecatedImportWarning","filename":"/opt/airflow/dags/branch_pipeline.py","lineno":3,"logger":"py.warnings"}
{"timestamp":"2026-02-13T08:41:12.726939Z","level":"info","event":"Filling up the DagBag from /opt/airflow/dags/branch_pipeline.py","logger":"airflow.models.dagbag.BundleDagBag","filename":"dagbag.py","lineno":593}
{"timestamp":"2026-02-13T08:41:12.783664Z","level":"warning","event":"The `airflow.decorators.dag` attribute is deprecated. Please use `'airflow.sdk.dag'`.","category":"DeprecatedImportWarning","filename":"/opt/airflow/dags/branch_pipeline.py","lineno":1,"logger":"py.warnings"}
{"timestamp":"2026-02-13T08:41:12.783805Z","level":"warning","event":"The `airflow.decorators.task` attribute is deprecated. Please use `'airflow.sdk.task'`.","category":"DeprecatedImportWarning","filename":"/opt/airflow/dags/branch_pipeline.py","lineno":1,"logger":"py.warnings"}
{"timestamp":"2026-02-13T08:41:12.783861Z","level":"warning","event":"The `airflow.operators.python.BranchPythonOperator` attribute is deprecated. Please use `'airflow.providers.standard.operators.python.BranchPythonOperator'`.","category":"DeprecatedImportWarning","filename":"/opt/airflow/dags/branch_pipeline.py","lineno":2,"logger":"py.warnings"}
{"timestamp":"2026-02-13T08:41:12.783954Z","level":"warning","event":"The `airflow.operators.bash.BashOperator` attribute is deprecated. Please use `'airflow.providers.standard.operators.bash.BashOperator'`.","category":"DeprecatedImportWarning","filename":"/opt/airflow/dags/branch_pipeline.py","lineno":3,"logger":"py.warnings"}
{"timestamp":"2026-02-13T08:41:43.287651Z","level":"info","event":"Filling up the DagBag from /opt/airflow/dags/branch_pipeline.py","logger":"airflow.models.dagbag.BundleDagBag","filename":"dagbag.py","lineno":593}
{"timestamp":"2026-02-13T08:41:43.355840Z","level":"warning","event":"The `airflow.decorators.dag` attribute is deprecated. Please use `'airflow.sdk.dag'`.","category":"DeprecatedImportWarning","filename":"/opt/airflow/dags/branch_pipeline.py","lineno":1,"logger":"py.warnings"}
{"timestamp":"2026-02-13T08:41:43.356011Z","level":"warning","event":"The `airflow.decorators.task` attribute is deprecated. Please use `'airflow.sdk.task'`.","category":"DeprecatedImportWarning","filename":"/opt/airflow/dags/branch_pipeline.py","lineno":1,"logger":"py.warnings"}
{"timestamp":"2026-02-13T08:41:43.356078Z","level":"warning","event":"The `airflow.operators.python.BranchPythonOperator` attribute is deprecated. Please use `'airflow.providers.standard.operators.python.BranchPythonOperator'`.","category":"DeprecatedImportWarning","filename":"/opt/airflow/dags/branch_pipeline.py","lineno":2,"logger":"py.warnings"}
{"timestamp":"2026-02-13T08:41:43.356176Z","level":"warning","event":"The `airflow.operators.bash.BashOperator` attribute is deprecated. Please use `'airflow.providers.standard.operators.bash.BashOperator'`.","category":"DeprecatedImportWarning","filename":"/opt/airflow/dags/branch_pipeline.py","lineno":3,"logger":"py.warnings"}
{"timestamp":"2026-02-13T08:42:13.965467Z","level":"info","event":"Filling up the DagBag from /opt/airflow/dags/branch_pipeline.py","logger":"airflow.models.dagbag.BundleDagBag","filename":"dagbag.py","lineno":593}
{"timestamp":"2026-02-13T08:42:14.019053Z","level":"warning","event":"The `airflow.decorators.dag` attribute is deprecated. Please use `'airflow.sdk.dag'`.","category":"DeprecatedImportWarning","filename":"/opt/airflow/dags/branch_pipeline.py","lineno":1,"logger":"py.warnings"}
{"timestamp":"2026-02-13T08:42:14.019434Z","level":"warning","event":"The `airflow.decorators.task` attribute is deprecated. Please use `'airflow.sdk.task'`.","category":"DeprecatedImportWarning","filename":"/opt/airflow/dags/branch_pipeline.py","lineno":1,"logger":"py.warnings"}
{"timestamp":"2026-02-13T08:42:14.019541Z","level":"warning","event":"The `airflow.operators.python.BranchPythonOperator` attribute is deprecated. Please use `'airflow.providers.standard.operators.python.BranchPythonOperator'`.","category":"DeprecatedImportWarning","filename":"/opt/airflow/dags/branch_pipeline.py","lineno":2,"logger":"py.warnings"}
{"timestamp":"2026-02-13T08:42:14.019616Z","level":"warning","event":"The `airflow.operators.bash.BashOperator` attribute is deprecated. Please use `'airflow.providers.standard.operators.bash.BashOperator'`.","category":"DeprecatedImportWarning","filename":"/opt/airflow/dags/branch_pipeline.py","lineno":3,"logger":"py.warnings"}
{"timestamp":"2026-02-13T08:42:44.398809Z","level":"info","event":"Filling up the DagBag from /opt/airflow/dags/branch_pipeline.py","logger":"airflow.models.dagbag.BundleDagBag","filename":"dagbag.py","lineno":593}
{"timestamp":"2026-02-13T08:42:44.454716Z","level":"warning","event":"The `airflow.decorators.dag` attribute is deprecated. Please use `'airflow.sdk.dag'`.","category":"DeprecatedImportWarning","filename":"/opt/airflow/dags/branch_pipeline.py","lineno":1,"logger":"py.warnings"}
{"timestamp":"2026-02-13T08:42:44.454904Z","level":"warning","event":"The `airflow.decorators.task` attribute is deprecated. Please use `'airflow.sdk.task'`.","category":"DeprecatedImportWarning","filename":"/opt/airflow/dags/branch_pipeline.py","lineno":1,"logger":"py.warnings"}
{"timestamp":"2026-02-13T08:42:44.454970Z","level":"warning","event":"The `airflow.operators.python.BranchPythonOperator` attribute is deprecated. Please use `'airflow.providers.standard.operators.python.BranchPythonOperator'`.","category":"DeprecatedImportWarning","filename":"/opt/airflow/dags/branch_pipeline.py","lineno":2,"logger":"py.warnings"}
{"timestamp":"2026-02-13T08:42:44.455106Z","level":"warning","event":"The `airflow.operators.bash.BashOperator` attribute is deprecated. Please use `'airflow.providers.standard.operators.bash.BashOperator'`.","category":"DeprecatedImportWarning","filename":"/opt/airflow/dags/branch_pipeline.py","lineno":3,"logger":"py.warnings"}
{"timestamp":"2026-02-13T08:43:14.872884Z","level":"info","event":"Filling up the DagBag from /opt/airflow/dags/branch_pipeline.py","logger":"airflow.models.dagbag.BundleDagBag","filename":"dagbag.py","lineno":593}
{"timestamp":"2026-02-13T08:43:14.931267Z","level":"warning","event":"The `airflow.decorators.dag` attribute is deprecated. Please use `'airflow.sdk.dag'`.","category":"DeprecatedImportWarning","filename":"/opt/airflow/dags/branch_pipeline.py","lineno":1,"logger":"py.warnings"}
{"timestamp":"2026-02-13T08:43:14.931410Z","level":"warning","event":"The `airflow.decorators.task` attribute is deprecated. Please use `'airflow.sdk.task'`.","category":"DeprecatedImportWarning","filename":"/opt/airflow/dags/branch_pipeline.py","lineno":1,"logger":"py.warnings"}
{"timestamp":"2026-02-13T08:43:14.931467Z","level":"warning","event":"The `airflow.operators.python.BranchPythonOperator` attribute is deprecated. Please use `'airflow.providers.standard.operators.python.BranchPythonOperator'`.","category":"DeprecatedImportWarning","filename":"/opt/airflow/dags/branch_pipeline.py","lineno":2,"logger":"py.warnings"}
{"timestamp":"2026-02-13T08:43:14.931529Z","level":"warning","event":"The `airflow.operators.bash.BashOperator` attribute is deprecated. Please use `'airflow.providers.standard.operators.bash.BashOperator'`.","category":"DeprecatedImportWarning","filename":"/opt/airflow/dags/branch_pipeline.py","lineno":3,"logger":"py.warnings"}
{"timestamp":"2026-02-13T08:43:45.244354Z","level":"info","event":"Filling up the DagBag from /opt/airflow/dags/branch_pipeline.py","logger":"airflow.models.dagbag.BundleDagBag","filename":"dagbag.py","lineno":593}
{"timestamp":"2026-02-13T08:43:45.299992Z","level":"warning","event":"The `airflow.decorators.dag` attribute is deprecated. Please use `'airflow.sdk.dag'`.","category":"DeprecatedImportWarning","filename":"/opt/airflow/dags/branch_pipeline.py","lineno":1,"logger":"py.warnings"}
{"timestamp":"2026-02-13T08:43:45.300125Z","level":"warning","event":"The `airflow.decorators.task` attribute is deprecated. Please use `'airflow.sdk.task'`.","category":"DeprecatedImportWarning","filename":"/opt/airflow/dags/branch_pipeline.py","lineno":1,"logger":"py.warnings"}
{"timestamp":"2026-02-13T08:43:45.300181Z","level":"warning","event":"The `airflow.operators.python.BranchPythonOperator` attribute is deprecated. Please use `'airflow.providers.standard.operators.python.BranchPythonOperator'`.","category":"DeprecatedImportWarning","filename":"/opt/airflow/dags/branch_pipeline.py","lineno":2,"logger":"py.warnings"}
{"timestamp":"2026-02-13T08:43:45.300238Z","level":"warning","event":"The `airflow.operators.bash.BashOperator` attribute is deprecated. Please use `'airflow.providers.standard.operators.bash.BashOperator'`.","category":"DeprecatedImportWarning","filename":"/opt/airflow/dags/branch_pipeline.py","lineno":3,"logger":"py.warnings"}
{"timestamp":"2026-02-13T08:44:15.833816Z","level":"info","event":"Filling up the DagBag from /opt/airflow/dags/branch_pipeline.py","logger":"airflow.models.dagbag.BundleDagBag","filename":"dagbag.py","lineno":593}
{"timestamp":"2026-02-13T08:44:15.918352Z","level":"warning","event":"The `airflow.decorators.dag` attribute is deprecated. Please use `'airflow.sdk.dag'`.","category":"DeprecatedImportWarning","filename":"/opt/airflow/dags/branch_pipeline.py","lineno":1,"logger":"py.warnings"}
{"timestamp":"2026-02-13T08:44:15.918540Z","level":"warning","event":"The `airflow.decorators.task` attribute is deprecated. Please use `'airflow.sdk.task'`.","category":"DeprecatedImportWarning","filename":"/opt/airflow/dags/branch_pipeline.py","lineno":1,"logger":"py.warnings"}
{"timestamp":"2026-02-13T08:44:15.918609Z","level":"warning","event":"The `airflow.operators.python.BranchPythonOperator` attribute is deprecated. Please use `'airflow.providers.standard.operators.python.BranchPythonOperator'`.","category":"DeprecatedImportWarning","filename":"/opt/airflow/dags/branch_pipeline.py","lineno":2,"logger":"py.warnings"}
{"timestamp":"2026-02-13T08:44:15.918683Z","level":"warning","event":"The `airflow.operators.bash.BashOperator` attribute is deprecated. Please use `'airflow.providers.standard.operators.bash.BashOperator'`.","category":"DeprecatedImportWarning","filename":"/opt/airflow/dags/branch_pipeline.py","lineno":3,"logger":"py.warnings"}
{"timestamp":"2026-02-13T08:44:46.301860Z","level":"info","event":"Filling up the DagBag from /opt/airflow/dags/branch_pipeline.py","logger":"airflow.models.dagbag.BundleDagBag","filename":"dagbag.py","lineno":593}
{"timestamp":"2026-02-13T08:44:46.363511Z","level":"warning","event":"The `airflow.decorators.dag` attribute is deprecated. Please use `'airflow.sdk.dag'`.","category":"DeprecatedImportWarning","filename":"/opt/airflow/dags/branch_pipeline.py","lineno":1,"logger":"py.warnings"}
{"timestamp":"2026-02-13T08:44:46.363691Z","level":"warning","event":"The `airflow.decorators.task` attribute is deprecated. Please use `'airflow.sdk.task'`.","category":"DeprecatedImportWarning","filename":"/opt/airflow/dags/branch_pipeline.py","lineno":1,"logger":"py.warnings"}
{"timestamp":"2026-02-13T08:44:46.363760Z","level":"warning","event":"The `airflow.operators.python.BranchPythonOperator` attribute is deprecated. Please use `'airflow.providers.standard.operators.python.BranchPythonOperator'`.","category":"DeprecatedImportWarning","filename":"/opt/airflow/dags/branch_pipeline.py","lineno":2,"logger":"py.warnings"}
{"timestamp":"2026-02-13T08:44:46.363823Z","level":"warning","event":"The `airflow.operators.bash.BashOperator` attribute is deprecated. Please use `'airflow.providers.standard.operators.bash.BashOperator'`.","category":"DeprecatedImportWarning","filename":"/opt/airflow/dags/branch_pipeline.py","lineno":3,"logger":"py.warnings"}
{"timestamp":"2026-02-13T08:45:16.876491Z","level":"info","event":"Filling up the DagBag from /opt/airflow/dags/branch_pipeline.py","logger":"airflow.models.dagbag.BundleDagBag","filename":"dagbag.py","lineno":593}
{"timestamp":"2026-02-13T08:45:16.934253Z","level":"warning","event":"The `airflow.decorators.dag` attribute is deprecated. Please use `'airflow.sdk.dag'`.","category":"DeprecatedImportWarning","filename":"/opt/airflow/dags/branch_pipeline.py","lineno":1,"logger":"py.warnings"}
{"timestamp":"2026-02-13T08:45:16.934465Z","level":"warning","event":"The `airflow.decorators.task` attribute is deprecated. Please use `'airflow.sdk.task'`.","category":"DeprecatedImportWarning","filename":"/opt/airflow/dags/branch_pipeline.py","lineno":1,"logger":"py.warnings"}
{"timestamp":"2026-02-13T08:45:16.934570Z","level":"warning","event":"The `airflow.operators.python.BranchPythonOperator` attribute is deprecated. Please use `'airflow.providers.standard.operators.python.BranchPythonOperator'`.","category":"DeprecatedImportWarning","filename":"/opt/airflow/dags/branch_pipeline.py","lineno":2,"logger":"py.warnings"}
{"timestamp":"2026-02-13T08:45:16.934687Z","level":"warning","event":"The `airflow.operators.bash.BashOperator` attribute is deprecated. Please use `'airflow.providers.standard.operators.bash.BashOperator'`.","category":"DeprecatedImportWarning","filename":"/opt/airflow/dags/branch_pipeline.py","lineno":3,"logger":"py.warnings"}
{"timestamp":"2026-02-13T08:45:47.472813Z","level":"info","event":"Filling up the DagBag from /opt/airflow/dags/branch_pipeline.py","logger":"airflow.models.dagbag.BundleDagBag","filename":"dagbag.py","lineno":593}
{"timestamp":"2026-02-13T08:45:47.533212Z","level":"warning","event":"The `airflow.decorators.dag` attribute is deprecated. Please use `'airflow.sdk.dag'`.","category":"DeprecatedImportWarning","filename":"/opt/airflow/dags/branch_pipeline.py","lineno":1,"logger":"py.warnings"}
{"timestamp":"2026-02-13T08:45:47.533372Z","level":"warning","event":"The `airflow.decorators.task` attribute is deprecated. Please use `'airflow.sdk.task'`.","category":"DeprecatedImportWarning","filename":"/opt/airflow/dags/branch_pipeline.py","lineno":1,"logger":"py.warnings"}
{"timestamp":"2026-02-13T08:45:47.533435Z","level":"warning","event":"The `airflow.operators.python.BranchPythonOperator` attribute is deprecated. Please use `'airflow.providers.standard.operators.python.BranchPythonOperator'`.","category":"DeprecatedImportWarning","filename":"/opt/airflow/dags/branch_pipeline.py","lineno":2,"logger":"py.warnings"}
{"timestamp":"2026-02-13T08:45:47.533506Z","level":"warning","event":"The `airflow.operators.bash.BashOperator` attribute is deprecated. Please use `'airflow.providers.standard.operators.bash.BashOperator'`.","category":"DeprecatedImportWarning","filename":"/opt/airflow/dags/branch_pipeline.py","lineno":3,"logger":"py.warnings"}
{"timestamp":"2026-02-13T08:46:18.170981Z","level":"info","event":"Filling up the DagBag from /opt/airflow/dags/branch_pipeline.py","logger":"airflow.models.dagbag.BundleDagBag","filename":"dagbag.py","lineno":593}
{"timestamp":"2026-02-13T08:46:18.235878Z","level":"warning","event":"The `airflow.decorators.dag` attribute is deprecated. Please use `'airflow.sdk.dag'`.","category":"DeprecatedImportWarning","filename":"/opt/airflow/dags/branch_pipeline.py","lineno":1,"logger":"py.warnings"}
{"timestamp":"2026-02-13T08:46:18.236017Z","level":"warning","event":"The `airflow.decorators.task` attribute is deprecated. Please use `'airflow.sdk.task'`.","category":"DeprecatedImportWarning","filename":"/opt/airflow/dags/branch_pipeline.py","lineno":1,"logger":"py.warnings"}
{"timestamp":"2026-02-13T08:46:18.236071Z","level":"warning","event":"The `airflow.operators.python.BranchPythonOperator` attribute is deprecated. Please use `'airflow.providers.standard.operators.python.BranchPythonOperator'`.","category":"DeprecatedImportWarning","filename":"/opt/airflow/dags/branch_pipeline.py","lineno":2,"logger":"py.warnings"}
{"timestamp":"2026-02-13T08:46:18.236124Z","level":"warning","event":"The `airflow.operators.bash.BashOperator` attribute is deprecated. Please use `'airflow.providers.standard.operators.bash.BashOperator'`.","category":"DeprecatedImportWarning","filename":"/opt/airflow/dags/branch_pipeline.py","lineno":3,"logger":"py.warnings"}
{"timestamp":"2026-02-13T08:46:48.586229Z","level":"info","event":"Filling up the DagBag from /opt/airflow/dags/branch_pipeline.py","logger":"airflow.models.dagbag.BundleDagBag","filename":"dagbag.py","lineno":593}
{"timestamp":"2026-02-13T08:46:48.638093Z","level":"warning","event":"The `airflow.decorators.dag` attribute is deprecated. Please use `'airflow.sdk.dag'`.","category":"DeprecatedImportWarning","filename":"/opt/airflow/dags/branch_pipeline.py","lineno":1,"logger":"py.warnings"}
{"timestamp":"2026-02-13T08:46:48.638237Z","level":"warning","event":"The `airflow.decorators.task` attribute is deprecated. Please use `'airflow.sdk.task'`.","category":"DeprecatedImportWarning","filename":"/opt/airflow/dags/branch_pipeline.py","lineno":1,"logger":"py.warnings"}
{"timestamp":"2026-02-13T08:46:48.638293Z","level":"warning","event":"The `airflow.operators.python.BranchPythonOperator` attribute is deprecated. Please use `'airflow.providers.standard.operators.python.BranchPythonOperator'`.","category":"DeprecatedImportWarning","filename":"/opt/airflow/dags/branch_pipeline.py","lineno":2,"logger":"py.warnings"}
{"timestamp":"2026-02-13T08:46:48.638354Z","level":"warning","event":"The `airflow.operators.bash.BashOperator` attribute is deprecated. Please use `'airflow.providers.standard.operators.bash.BashOperator'`.","category":"DeprecatedImportWarning","filename":"/opt/airflow/dags/branch_pipeline.py","lineno":3,"logger":"py.warnings"}
{"timestamp":"2026-02-13T08:47:19.167226Z","level":"info","event":"Filling up the DagBag from /opt/airflow/dags/branch_pipeline.py","logger":"airflow.models.dagbag.BundleDagBag","filename":"dagbag.py","lineno":593}
{"timestamp":"2026-02-13T08:47:19.226629Z","level":"warning","event":"The `airflow.decorators.dag` attribute is deprecated. Please use `'airflow.sdk.dag'`.","category":"DeprecatedImportWarning","filename":"/opt/airflow/dags/branch_pipeline.py","lineno":1,"logger":"py.warnings"}
{"timestamp":"2026-02-13T08:47:19.226940Z","level":"warning","event":"The `airflow.decorators.task` attribute is deprecated. Please use `'airflow.sdk.task'`.","category":"DeprecatedImportWarning","filename":"/opt/airflow/dags/branch_pipeline.py","lineno":1,"logger":"py.warnings"}
{"timestamp":"2026-02-13T08:47:19.227008Z","level":"warning","event":"The `airflow.operators.python.BranchPythonOperator` attribute is deprecated. Please use `'airflow.providers.standard.operators.python.BranchPythonOperator'`.","category":"DeprecatedImportWarning","filename":"/opt/airflow/dags/branch_pipeline.py","lineno":2,"logger":"py.warnings"}
{"timestamp":"2026-02-13T08:47:19.227068Z","level":"warning","event":"The `airflow.operators.bash.BashOperator` attribute is deprecated. Please use `'airflow.providers.standard.operators.bash.BashOperator'`.","category":"DeprecatedImportWarning","filename":"/opt/airflow/dags/branch_pipeline.py","lineno":3,"logger":"py.warnings"}
{"timestamp":"2026-02-13T08:47:49.674434Z","level":"info","event":"Filling up the DagBag from /opt/airflow/dags/branch_pipeline.py","logger":"airflow.models.dagbag.BundleDagBag","filename":"dagbag.py","lineno":593}
{"timestamp":"2026-02-13T08:47:49.732900Z","level":"warning","event":"The `airflow.decorators.dag` attribute is deprecated. Please use `'airflow.sdk.dag'`.","category":"DeprecatedImportWarning","filename":"/opt/airflow/dags/branch_pipeline.py","lineno":1,"logger":"py.warnings"}
{"timestamp":"2026-02-13T08:47:49.733052Z","level":"warning","event":"The `airflow.decorators.task` attribute is deprecated. Please use `'airflow.sdk.task'`.","category":"DeprecatedImportWarning","filename":"/opt/airflow/dags/branch_pipeline.py","lineno":1,"logger":"py.warnings"}
{"timestamp":"2026-02-13T08:47:49.733110Z","level":"warning","event":"The `airflow.operators.python.BranchPythonOperator` attribute is deprecated. Please use `'airflow.providers.standard.operators.python.BranchPythonOperator'`.","category":"DeprecatedImportWarning","filename":"/opt/airflow/dags/branch_pipeline.py","lineno":2,"logger":"py.warnings"}
{"timestamp":"2026-02-13T08:47:49.733171Z","level":"warning","event":"The `airflow.operators.bash.BashOperator` attribute is deprecated. Please use `'airflow.providers.standard.operators.bash.BashOperator'`.","category":"DeprecatedImportWarning","filename":"/opt/airflow/dags/branch_pipeline.py","lineno":3,"logger":"py.warnings"}
{"timestamp":"2026-02-13T08:48:20.162490Z","level":"info","event":"Filling up the DagBag from /opt/airflow/dags/branch_pipeline.py","logger":"airflow.models.dagbag.BundleDagBag","filename":"dagbag.py","lineno":593}
{"timestamp":"2026-02-13T08:48:20.234966Z","level":"warning","event":"The `airflow.decorators.dag` attribute is deprecated. Please use `'airflow.sdk.dag'`.","category":"DeprecatedImportWarning","filename":"/opt/airflow/dags/branch_pipeline.py","lineno":1,"logger":"py.warnings"}
{"timestamp":"2026-02-13T08:48:20.235253Z","level":"warning","event":"The `airflow.decorators.task` attribute is deprecated. Please use `'airflow.sdk.task'`.","category":"DeprecatedImportWarning","filename":"/opt/airflow/dags/branch_pipeline.py","lineno":1,"logger":"py.warnings"}
{"timestamp":"2026-02-13T08:48:20.235383Z","level":"warning","event":"The `airflow.operators.python.BranchPythonOperator` attribute is deprecated. Please use `'airflow.providers.standard.operators.python.BranchPythonOperator'`.","category":"DeprecatedImportWarning","filename":"/opt/airflow/dags/branch_pipeline.py","lineno":2,"logger":"py.warnings"}
{"timestamp":"2026-02-13T08:48:20.235494Z","level":"warning","event":"The `airflow.operators.bash.BashOperator` attribute is deprecated. Please use `'airflow.providers.standard.operators.bash.BashOperator'`.","category":"DeprecatedImportWarning","filename":"/opt/airflow/dags/branch_pipeline.py","lineno":3,"logger":"py.warnings"}
{"timestamp":"2026-02-13T08:48:50.990931Z","level":"info","event":"Filling up the DagBag from /opt/airflow/dags/branch_pipeline.py","logger":"airflow.models.dagbag.BundleDagBag","filename":"dagbag.py","lineno":593}
{"timestamp":"2026-02-13T08:48:51.046412Z","level":"warning","event":"The `airflow.decorators.dag` attribute is deprecated. Please use `'airflow.sdk.dag'`.","category":"DeprecatedImportWarning","filename":"/opt/airflow/dags/branch_pipeline.py","lineno":1,"logger":"py.warnings"}
{"timestamp":"2026-02-13T08:48:51.046566Z","level":"warning","event":"The `airflow.decorators.task` attribute is deprecated. Please use `'airflow.sdk.task'`.","category":"DeprecatedImportWarning","filename":"/opt/airflow/dags/branch_pipeline.py","lineno":1,"logger":"py.warnings"}
{"timestamp":"2026-02-13T08:48:51.046632Z","level":"warning","event":"The `airflow.operators.python.BranchPythonOperator` attribute is deprecated. Please use `'airflow.providers.standard.operators.python.BranchPythonOperator'`.","category":"DeprecatedImportWarning","filename":"/opt/airflow/dags/branch_pipeline.py","lineno":2,"logger":"py.warnings"}
{"timestamp":"2026-02-13T08:48:51.046695Z","level":"warning","event":"The `airflow.operators.bash.BashOperator` attribute is deprecated. Please use `'airflow.providers.standard.operators.bash.BashOperator'`.","category":"DeprecatedImportWarning","filename":"/opt/airflow/dags/branch_pipeline.py","lineno":3,"logger":"py.warnings"}
{"timestamp":"2026-02-13T08:49:21.471870Z","level":"info","event":"Filling up the DagBag from /opt/airflow/dags/branch_pipeline.py","logger":"airflow.models.dagbag.BundleDagBag","filename":"dagbag.py","lineno":593}
{"timestamp":"2026-02-13T08:49:21.534571Z","level":"warning","event":"The `airflow.decorators.dag` attribute is deprecated. Please use `'airflow.sdk.dag'`.","category":"DeprecatedImportWarning","filename":"/opt/airflow/dags/branch_pipeline.py","lineno":1,"logger":"py.warnings"}
{"timestamp":"2026-02-13T08:49:21.534749Z","level":"warning","event":"The `airflow.decorators.task` attribute is deprecated. Please use `'airflow.sdk.task'`.","category":"DeprecatedImportWarning","filename":"/opt/airflow/dags/branch_pipeline.py","lineno":1,"logger":"py.warnings"}
{"timestamp":"2026-02-13T08:49:21.534808Z","level":"warning","event":"The `airflow.operators.python.BranchPythonOperator` attribute is deprecated. Please use `'airflow.providers.standard.operators.python.BranchPythonOperator'`.","category":"DeprecatedImportWarning","filename":"/opt/airflow/dags/branch_pipeline.py","lineno":2,"logger":"py.warnings"}
{"timestamp":"2026-02-13T08:49:21.534866Z","level":"warning","event":"The `airflow.operators.bash.BashOperator` attribute is deprecated. Please use `'airflow.providers.standard.operators.bash.BashOperator'`.","category":"DeprecatedImportWarning","filename":"/opt/airflow/dags/branch_pipeline.py","lineno":3,"logger":"py.warnings"}
{"timestamp":"2026-02-13T08:49:52.070647Z","level":"info","event":"Filling up the DagBag from /opt/airflow/dags/branch_pipeline.py","logger":"airflow.models.dagbag.BundleDagBag","filename":"dagbag.py","lineno":593}
{"timestamp":"2026-02-13T08:49:52.139440Z","level":"warning","event":"The `airflow.decorators.dag` attribute is deprecated. Please use `'airflow.sdk.dag'`.","category":"DeprecatedImportWarning","filename":"/opt/airflow/dags/branch_pipeline.py","lineno":1,"logger":"py.warnings"}
{"timestamp":"2026-02-13T08:49:52.139634Z","level":"warning","event":"The `airflow.decorators.task` attribute is deprecated. Please use `'airflow.sdk.task'`.","category":"DeprecatedImportWarning","filename":"/opt/airflow/dags/branch_pipeline.py","lineno":1,"logger":"py.warnings"}
{"timestamp":"2026-02-13T08:49:52.139722Z","level":"warning","event":"The `airflow.operators.python.BranchPythonOperator` attribute is deprecated. Please use `'airflow.providers.standard.operators.python.BranchPythonOperator'`.","category":"DeprecatedImportWarning","filename":"/opt/airflow/dags/branch_pipeline.py","lineno":2,"logger":"py.warnings"}
{"timestamp":"2026-02-13T08:49:52.139787Z","level":"warning","event":"The `airflow.operators.bash.BashOperator` attribute is deprecated. Please use `'airflow.providers.standard.operators.bash.BashOperator'`.","category":"DeprecatedImportWarning","filename":"/opt/airflow/dags/branch_pipeline.py","lineno":3,"logger":"py.warnings"}
{"timestamp":"2026-02-13T08:50:22.643514Z","level":"info","event":"Filling up the DagBag from /opt/airflow/dags/branch_pipeline.py","logger":"airflow.models.dagbag.BundleDagBag","filename":"dagbag.py","lineno":593}
{"timestamp":"2026-02-13T08:50:22.710994Z","level":"warning","event":"The `airflow.decorators.dag` attribute is deprecated. Please use `'airflow.sdk.dag'`.","category":"DeprecatedImportWarning","filename":"/opt/airflow/dags/branch_pipeline.py","lineno":1,"logger":"py.warnings"}
{"timestamp":"2026-02-13T08:50:22.711447Z","level":"warning","event":"The `airflow.decorators.task` attribute is deprecated. Please use `'airflow.sdk.task'`.","category":"DeprecatedImportWarning","filename":"/opt/airflow/dags/branch_pipeline.py","lineno":1,"logger":"py.warnings"}
{"timestamp":"2026-02-13T08:50:22.711660Z","level":"warning","event":"The `airflow.operators.python.BranchPythonOperator` attribute is deprecated. Please use `'airflow.providers.standard.operators.python.BranchPythonOperator'`.","category":"DeprecatedImportWarning","filename":"/opt/airflow/dags/branch_pipeline.py","lineno":2,"logger":"py.warnings"}
{"timestamp":"2026-02-13T08:50:22.711755Z","level":"warning","event":"The `airflow.operators.bash.BashOperator` attribute is deprecated. Please use `'airflow.providers.standard.operators.bash.BashOperator'`.","category":"DeprecatedImportWarning","filename":"/opt/airflow/dags/branch_pipeline.py","lineno":3,"logger":"py.warnings"}
{"timestamp":"2026-02-13T08:50:53.171743Z","level":"info","event":"Filling up the DagBag from /opt/airflow/dags/branch_pipeline.py","logger":"airflow.models.dagbag.BundleDagBag","filename":"dagbag.py","lineno":593}
{"timestamp":"2026-02-13T08:50:53.221437Z","level":"warning","event":"The `airflow.decorators.dag` attribute is deprecated. Please use `'airflow.sdk.dag'`.","category":"DeprecatedImportWarning","filename":"/opt/airflow/dags/branch_pipeline.py","lineno":1,"logger":"py.warnings"}
{"timestamp":"2026-02-13T08:50:53.221595Z","level":"warning","event":"The `airflow.decorators.task` attribute is deprecated. Please use `'airflow.sdk.task'`.","category":"DeprecatedImportWarning","filename":"/opt/airflow/dags/branch_pipeline.py","lineno":1,"logger":"py.warnings"}
{"timestamp":"2026-02-13T08:50:53.221658Z","level":"warning","event":"The `airflow.operators.python.BranchPythonOperator` attribute is deprecated. Please use `'airflow.providers.standard.operators.python.BranchPythonOperator'`.","category":"DeprecatedImportWarning","filename":"/opt/airflow/dags/branch_pipeline.py","lineno":2,"logger":"py.warnings"}
{"timestamp":"2026-02-13T08:50:53.221720Z","level":"warning","event":"The `airflow.operators.bash.BashOperator` attribute is deprecated. Please use `'airflow.providers.standard.operators.bash.BashOperator'`.","category":"DeprecatedImportWarning","filename":"/opt/airflow/dags/branch_pipeline.py","lineno":3,"logger":"py.warnings"}
{"timestamp":"2026-02-13T08:51:23.658436Z","level":"info","event":"Filling up the DagBag from /opt/airflow/dags/branch_pipeline.py","logger":"airflow.models.dagbag.BundleDagBag","filename":"dagbag.py","lineno":593}
{"timestamp":"2026-02-13T08:51:23.724370Z","level":"warning","event":"The `airflow.decorators.dag` attribute is deprecated. Please use `'airflow.sdk.dag'`.","category":"DeprecatedImportWarning","filename":"/opt/airflow/dags/branch_pipeline.py","lineno":1,"logger":"py.warnings"}
{"timestamp":"2026-02-13T08:51:23.724528Z","level":"warning","event":"The `airflow.decorators.task` attribute is deprecated. Please use `'airflow.sdk.task'`.","category":"DeprecatedImportWarning","filename":"/opt/airflow/dags/branch_pipeline.py","lineno":1,"logger":"py.warnings"}
{"timestamp":"2026-02-13T08:51:23.724586Z","level":"warning","event":"The `airflow.operators.python.BranchPythonOperator` attribute is deprecated. Please use `'airflow.providers.standard.operators.python.BranchPythonOperator'`.","category":"DeprecatedImportWarning","filename":"/opt/airflow/dags/branch_pipeline.py","lineno":2,"logger":"py.warnings"}
{"timestamp":"2026-02-13T08:51:23.724749Z","level":"warning","event":"The `airflow.operators.bash.BashOperator` attribute is deprecated. Please use `'airflow.providers.standard.operators.bash.BashOperator'`.","category":"DeprecatedImportWarning","filename":"/opt/airflow/dags/branch_pipeline.py","lineno":3,"logger":"py.warnings"}
{"timestamp":"2026-02-13T08:51:54.217198Z","level":"info","event":"Filling up the DagBag from /opt/airflow/dags/branch_pipeline.py","logger":"airflow.models.dagbag.BundleDagBag","filename":"dagbag.py","lineno":593}
{"timestamp":"2026-02-13T08:51:54.275055Z","level":"warning","event":"The `airflow.decorators.dag` attribute is deprecated. Please use `'airflow.sdk.dag'`.","category":"DeprecatedImportWarning","filename":"/opt/airflow/dags/branch_pipeline.py","lineno":1,"logger":"py.warnings"}
{"timestamp":"2026-02-13T08:51:54.275191Z","level":"warning","event":"The `airflow.decorators.task` attribute is deprecated. Please use `'airflow.sdk.task'`.","category":"DeprecatedImportWarning","filename":"/opt/airflow/dags/branch_pipeline.py","lineno":1,"logger":"py.warnings"}
{"timestamp":"2026-02-13T08:51:54.275248Z","level":"warning","event":"The `airflow.operators.python.BranchPythonOperator` attribute is deprecated. Please use `'airflow.providers.standard.operators.python.BranchPythonOperator'`.","category":"DeprecatedImportWarning","filename":"/opt/airflow/dags/branch_pipeline.py","lineno":2,"logger":"py.warnings"}
{"timestamp":"2026-02-13T08:51:54.275309Z","level":"warning","event":"The `airflow.operators.bash.BashOperator` attribute is deprecated. Please use `'airflow.providers.standard.operators.bash.BashOperator'`.","category":"DeprecatedImportWarning","filename":"/opt/airflow/dags/branch_pipeline.py","lineno":3,"logger":"py.warnings"}
{"timestamp":"2026-02-13T08:52:24.578976Z","level":"info","event":"Filling up the DagBag from /opt/airflow/dags/branch_pipeline.py","logger":"airflow.models.dagbag.BundleDagBag","filename":"dagbag.py","lineno":593}
{"timestamp":"2026-02-13T08:52:24.624263Z","level":"warning","event":"The `airflow.decorators.dag` attribute is deprecated. Please use `'airflow.sdk.dag'`.","category":"DeprecatedImportWarning","filename":"/opt/airflow/dags/branch_pipeline.py","lineno":1,"logger":"py.warnings"}
{"timestamp":"2026-02-13T08:52:24.624422Z","level":"warning","event":"The `airflow.decorators.task` attribute is deprecated. Please use `'airflow.sdk.task'`.","category":"DeprecatedImportWarning","filename":"/opt/airflow/dags/branch_pipeline.py","lineno":1,"logger":"py.warnings"}
{"timestamp":"2026-02-13T08:52:24.624503Z","level":"warning","event":"The `airflow.operators.python.BranchPythonOperator` attribute is deprecated. Please use `'airflow.providers.standard.operators.python.BranchPythonOperator'`.","category":"DeprecatedImportWarning","filename":"/opt/airflow/dags/branch_pipeline.py","lineno":2,"logger":"py.warnings"}
{"timestamp":"2026-02-13T08:52:24.624566Z","level":"warning","event":"The `airflow.operators.bash.BashOperator` attribute is deprecated. Please use `'airflow.providers.standard.operators.bash.BashOperator'`.","category":"DeprecatedImportWarning","filename":"/opt/airflow/dags/branch_pipeline.py","lineno":3,"logger":"py.warnings"}
{"timestamp":"2026-02-13T08:52:55.080263Z","level":"info","event":"Filling up the DagBag from /opt/airflow/dags/branch_pipeline.py","logger":"airflow.models.dagbag.BundleDagBag","filename":"dagbag.py","lineno":593}
{"timestamp":"2026-02-13T08:52:55.138767Z","level":"warning","event":"The `airflow.decorators.dag` attribute is deprecated. Please use `'airflow.sdk.dag'`.","category":"DeprecatedImportWarning","filename":"/opt/airflow/dags/branch_pipeline.py","lineno":1,"logger":"py.warnings"}
{"timestamp":"2026-02-13T08:52:55.138971Z","level":"warning","event":"The `airflow.decorators.task` attribute is deprecated. Please use `'airflow.sdk.task'`.","category":"DeprecatedImportWarning","filename":"/opt/airflow/dags/branch_pipeline.py","lineno":1,"logger":"py.warnings"}
{"timestamp":"2026-02-13T08:52:55.139038Z","level":"warning","event":"The `airflow.operators.python.BranchPythonOperator` attribute is deprecated. Please use `'airflow.providers.standard.operators.python.BranchPythonOperator'`.","category":"DeprecatedImportWarning","filename":"/opt/airflow/dags/branch_pipeline.py","lineno":2,"logger":"py.warnings"}
{"timestamp":"2026-02-13T08:52:55.139110Z","level":"warning","event":"The `airflow.operators.bash.BashOperator` attribute is deprecated. Please use `'airflow.providers.standard.operators.bash.BashOperator'`.","category":"DeprecatedImportWarning","filename":"/opt/airflow/dags/branch_pipeline.py","lineno":3,"logger":"py.warnings"}
{"timestamp":"2026-02-13T08:53:25.555156Z","level":"info","event":"Filling up the DagBag from /opt/airflow/dags/branch_pipeline.py","logger":"airflow.models.dagbag.BundleDagBag","filename":"dagbag.py","lineno":593}
{"timestamp":"2026-02-13T08:53:25.617248Z","level":"warning","event":"The `airflow.decorators.dag` attribute is deprecated. Please use `'airflow.sdk.dag'`.","category":"DeprecatedImportWarning","filename":"/opt/airflow/dags/branch_pipeline.py","lineno":1,"logger":"py.warnings"}
{"timestamp":"2026-02-13T08:53:25.617474Z","level":"warning","event":"The `airflow.decorators.task` attribute is deprecated. Please use `'airflow.sdk.task'`.","category":"DeprecatedImportWarning","filename":"/opt/airflow/dags/branch_pipeline.py","lineno":1,"logger":"py.warnings"}
{"timestamp":"2026-02-13T08:53:25.617543Z","level":"warning","event":"The `airflow.operators.python.BranchPythonOperator` attribute is deprecated. Please use `'airflow.providers.standard.operators.python.BranchPythonOperator'`.","category":"DeprecatedImportWarning","filename":"/opt/airflow/dags/branch_pipeline.py","lineno":2,"logger":"py.warnings"}
{"timestamp":"2026-02-13T08:53:25.617620Z","level":"warning","event":"The `airflow.operators.bash.BashOperator` attribute is deprecated. Please use `'airflow.providers.standard.operators.bash.BashOperator'`.","category":"DeprecatedImportWarning","filename":"/opt/airflow/dags/branch_pipeline.py","lineno":3,"logger":"py.warnings"}
{"timestamp":"2026-02-13T08:53:55.986782Z","level":"info","event":"Filling up the DagBag from /opt/airflow/dags/branch_pipeline.py","logger":"airflow.models.dagbag.BundleDagBag","filename":"dagbag.py","lineno":593}
{"timestamp":"2026-02-13T08:53:56.040810Z","level":"warning","event":"The `airflow.decorators.dag` attribute is deprecated. Please use `'airflow.sdk.dag'`.","category":"DeprecatedImportWarning","filename":"/opt/airflow/dags/branch_pipeline.py","lineno":1,"logger":"py.warnings"}
{"timestamp":"2026-02-13T08:53:56.040957Z","level":"warning","event":"The `airflow.decorators.task` attribute is deprecated. Please use `'airflow.sdk.task'`.","category":"DeprecatedImportWarning","filename":"/opt/airflow/dags/branch_pipeline.py","lineno":1,"logger":"py.warnings"}
{"timestamp":"2026-02-13T08:53:56.041020Z","level":"warning","event":"The `airflow.operators.python.BranchPythonOperator` attribute is deprecated. Please use `'airflow.providers.standard.operators.python.BranchPythonOperator'`.","category":"DeprecatedImportWarning","filename":"/opt/airflow/dags/branch_pipeline.py","lineno":2,"logger":"py.warnings"}
{"timestamp":"2026-02-13T08:53:56.041082Z","level":"warning","event":"The `airflow.operators.bash.BashOperator` attribute is deprecated. Please use `'airflow.providers.standard.operators.bash.BashOperator'`.","category":"DeprecatedImportWarning","filename":"/opt/airflow/dags/branch_pipeline.py","lineno":3,"logger":"py.warnings"}
{"timestamp":"2026-02-13T08:54:26.401596Z","level":"info","event":"Filling up the DagBag from /opt/airflow/dags/branch_pipeline.py","logger":"airflow.models.dagbag.BundleDagBag","filename":"dagbag.py","lineno":593}
{"timestamp":"2026-02-13T08:54:26.446485Z","level":"warning","event":"The `airflow.decorators.dag` attribute is deprecated. Please use `'airflow.sdk.dag'`.","category":"DeprecatedImportWarning","filename":"/opt/airflow/dags/branch_pipeline.py","lineno":1,"logger":"py.warnings"}
{"timestamp":"2026-02-13T08:54:26.446622Z","level":"warning","event":"The `airflow.decorators.task` attribute is deprecated. Please use `'airflow.sdk.task'`.","category":"DeprecatedImportWarning","filename":"/opt/airflow/dags/branch_pipeline.py","lineno":1,"logger":"py.warnings"}
{"timestamp":"2026-02-13T08:54:26.446676Z","level":"warning","event":"The `airflow.operators.python.BranchPythonOperator` attribute is deprecated. Please use `'airflow.providers.standard.operators.python.BranchPythonOperator'`.","category":"DeprecatedImportWarning","filename":"/opt/airflow/dags/branch_pipeline.py","lineno":2,"logger":"py.warnings"}
{"timestamp":"2026-02-13T08:54:26.446734Z","level":"warning","event":"The `airflow.operators.bash.BashOperator` attribute is deprecated. Please use `'airflow.providers.standard.operators.bash.BashOperator'`.","category":"DeprecatedImportWarning","filename":"/opt/airflow/dags/branch_pipeline.py","lineno":3,"logger":"py.warnings"}
{"timestamp":"2026-02-13T08:54:56.791331Z","level":"info","event":"Filling up the DagBag from /opt/airflow/dags/branch_pipeline.py","logger":"airflow.models.dagbag.BundleDagBag","filename":"dagbag.py","lineno":593}
{"timestamp":"2026-02-13T08:54:56.849715Z","level":"warning","event":"The `airflow.decorators.dag` attribute is deprecated. Please use `'airflow.sdk.dag'`.","category":"DeprecatedImportWarning","filename":"/opt/airflow/dags/branch_pipeline.py","lineno":1,"logger":"py.warnings"}
{"timestamp":"2026-02-13T08:54:56.849846Z","level":"warning","event":"The `airflow.decorators.task` attribute is deprecated. Please use `'airflow.sdk.task'`.","category":"DeprecatedImportWarning","filename":"/opt/airflow/dags/branch_pipeline.py","lineno":1,"logger":"py.warnings"}
{"timestamp":"2026-02-13T08:54:56.849901Z","level":"warning","event":"The `airflow.operators.python.BranchPythonOperator` attribute is deprecated. Please use `'airflow.providers.standard.operators.python.BranchPythonOperator'`.","category":"DeprecatedImportWarning","filename":"/opt/airflow/dags/branch_pipeline.py","lineno":2,"logger":"py.warnings"}
{"timestamp":"2026-02-13T08:54:56.849962Z","level":"warning","event":"The `airflow.operators.bash.BashOperator` attribute is deprecated. Please use `'airflow.providers.standard.operators.bash.BashOperator'`.","category":"DeprecatedImportWarning","filename":"/opt/airflow/dags/branch_pipeline.py","lineno":3,"logger":"py.warnings"}
{"timestamp":"2026-02-13T08:55:27.171144Z","level":"info","event":"Filling up the DagBag from /opt/airflow/dags/branch_pipeline.py","logger":"airflow.models.dagbag.BundleDagBag","filename":"dagbag.py","lineno":593}
{"timestamp":"2026-02-13T08:55:27.230263Z","level":"warning","event":"The `airflow.decorators.dag` attribute is deprecated. Please use `'airflow.sdk.dag'`.","category":"DeprecatedImportWarning","filename":"/opt/airflow/dags/branch_pipeline.py","lineno":1,"logger":"py.warnings"}
{"timestamp":"2026-02-13T08:55:27.230402Z","level":"warning","event":"The `airflow.decorators.task` attribute is deprecated. Please use `'airflow.sdk.task'`.","category":"DeprecatedImportWarning","filename":"/opt/airflow/dags/branch_pipeline.py","lineno":1,"logger":"py.warnings"}
{"timestamp":"2026-02-13T08:55:27.230464Z","level":"warning","event":"The `airflow.operators.python.BranchPythonOperator` attribute is deprecated. Please use `'airflow.providers.standard.operators.python.BranchPythonOperator'`.","category":"DeprecatedImportWarning","filename":"/opt/airflow/dags/branch_pipeline.py","lineno":2,"logger":"py.warnings"}
{"timestamp":"2026-02-13T08:55:27.230527Z","level":"warning","event":"The `airflow.operators.bash.BashOperator` attribute is deprecated. Please use `'airflow.providers.standard.operators.bash.BashOperator'`.","category":"DeprecatedImportWarning","filename":"/opt/airflow/dags/branch_pipeline.py","lineno":3,"logger":"py.warnings"}
{"timestamp":"2026-02-13T08:55:57.781664Z","level":"info","event":"Filling up the DagBag from /opt/airflow/dags/branch_pipeline.py","logger":"airflow.models.dagbag.BundleDagBag","filename":"dagbag.py","lineno":593}
{"timestamp":"2026-02-13T08:55:57.835858Z","level":"warning","event":"The `airflow.decorators.dag` attribute is deprecated. Please use `'airflow.sdk.dag'`.","category":"DeprecatedImportWarning","filename":"/opt/airflow/dags/branch_pipeline.py","lineno":1,"logger":"py.warnings"}
{"timestamp":"2026-02-13T08:55:57.836022Z","level":"warning","event":"The `airflow.decorators.task` attribute is deprecated. Please use `'airflow.sdk.task'`.","category":"DeprecatedImportWarning","filename":"/opt/airflow/dags/branch_pipeline.py","lineno":1,"logger":"py.warnings"}
{"timestamp":"2026-02-13T08:55:57.836084Z","level":"warning","event":"The `airflow.operators.python.BranchPythonOperator` attribute is deprecated. Please use `'airflow.providers.standard.operators.python.BranchPythonOperator'`.","category":"DeprecatedImportWarning","filename":"/opt/airflow/dags/branch_pipeline.py","lineno":2,"logger":"py.warnings"}
{"timestamp":"2026-02-13T08:55:57.836151Z","level":"warning","event":"The `airflow.operators.bash.BashOperator` attribute is deprecated. Please use `'airflow.providers.standard.operators.bash.BashOperator'`.","category":"DeprecatedImportWarning","filename":"/opt/airflow/dags/branch_pipeline.py","lineno":3,"logger":"py.warnings"}
{"timestamp":"2026-02-13T08:56:28.165754Z","level":"info","event":"Filling up the DagBag from /opt/airflow/dags/branch_pipeline.py","logger":"airflow.models.dagbag.BundleDagBag","filename":"dagbag.py","lineno":593}
{"timestamp":"2026-02-13T08:56:28.222254Z","level":"warning","event":"The `airflow.decorators.dag` attribute is deprecated. Please use `'airflow.sdk.dag'`.","category":"DeprecatedImportWarning","filename":"/opt/airflow/dags/branch_pipeline.py","lineno":1,"logger":"py.warnings"}
{"timestamp":"2026-02-13T08:56:28.222723Z","level":"warning","event":"The `airflow.decorators.task` attribute is deprecated. Please use `'airflow.sdk.task'`.","category":"DeprecatedImportWarning","filename":"/opt/airflow/dags/branch_pipeline.py","lineno":1,"logger":"py.warnings"}
{"timestamp":"2026-02-13T08:56:28.223525Z","level":"warning","event":"The `airflow.operators.python.BranchPythonOperator` attribute is deprecated. Please use `'airflow.providers.standard.operators.python.BranchPythonOperator'`.","category":"DeprecatedImportWarning","filename":"/opt/airflow/dags/branch_pipeline.py","lineno":2,"logger":"py.warnings"}
{"timestamp":"2026-02-13T08:56:28.223955Z","level":"warning","event":"The `airflow.operators.bash.BashOperator` attribute is deprecated. Please use `'airflow.providers.standard.operators.bash.BashOperator'`.","category":"DeprecatedImportWarning","filename":"/opt/airflow/dags/branch_pipeline.py","lineno":3,"logger":"py.warnings"}
{"timestamp":"2026-02-13T08:56:58.737620Z","level":"info","event":"Filling up the DagBag from /opt/airflow/dags/branch_pipeline.py","logger":"airflow.models.dagbag.BundleDagBag","filename":"dagbag.py","lineno":593}
{"timestamp":"2026-02-13T08:56:58.791590Z","level":"warning","event":"The `airflow.decorators.dag` attribute is deprecated. Please use `'airflow.sdk.dag'`.","category":"DeprecatedImportWarning","filename":"/opt/airflow/dags/branch_pipeline.py","lineno":1,"logger":"py.warnings"}
{"timestamp":"2026-02-13T08:56:58.791735Z","level":"warning","event":"The `airflow.decorators.task` attribute is deprecated. Please use `'airflow.sdk.task'`.","category":"DeprecatedImportWarning","filename":"/opt/airflow/dags/branch_pipeline.py","lineno":1,"logger":"py.warnings"}
{"timestamp":"2026-02-13T08:56:58.791794Z","level":"warning","event":"The `airflow.operators.python.BranchPythonOperator` attribute is deprecated. Please use `'airflow.providers.standard.operators.python.BranchPythonOperator'`.","category":"DeprecatedImportWarning","filename":"/opt/airflow/dags/branch_pipeline.py","lineno":2,"logger":"py.warnings"}
{"timestamp":"2026-02-13T08:56:58.791850Z","level":"warning","event":"The `airflow.operators.bash.BashOperator` attribute is deprecated. Please use `'airflow.providers.standard.operators.bash.BashOperator'`.","category":"DeprecatedImportWarning","filename":"/opt/airflow/dags/branch_pipeline.py","lineno":3,"logger":"py.warnings"}
{"timestamp":"2026-02-13T08:57:29.373749Z","level":"info","event":"Filling up the DagBag from /opt/airflow/dags/branch_pipeline.py","logger":"airflow.models.dagbag.BundleDagBag","filename":"dagbag.py","lineno":593}
{"timestamp":"2026-02-13T08:57:29.432946Z","level":"warning","event":"The `airflow.decorators.dag` attribute is deprecated. Please use `'airflow.sdk.dag'`.","category":"DeprecatedImportWarning","filename":"/opt/airflow/dags/branch_pipeline.py","lineno":1,"logger":"py.warnings"}
{"timestamp":"2026-02-13T08:57:29.433322Z","level":"warning","event":"The `airflow.decorators.task` attribute is deprecated. Please use `'airflow.sdk.task'`.","category":"DeprecatedImportWarning","filename":"/opt/airflow/dags/branch_pipeline.py","lineno":1,"logger":"py.warnings"}
{"timestamp":"2026-02-13T08:57:29.433454Z","level":"warning","event":"The `airflow.operators.python.BranchPythonOperator` attribute is deprecated. Please use `'airflow.providers.standard.operators.python.BranchPythonOperator'`.","category":"DeprecatedImportWarning","filename":"/opt/airflow/dags/branch_pipeline.py","lineno":2,"logger":"py.warnings"}
{"timestamp":"2026-02-13T08:57:29.433550Z","level":"warning","event":"The `airflow.operators.bash.BashOperator` attribute is deprecated. Please use `'airflow.providers.standard.operators.bash.BashOperator'`.","category":"DeprecatedImportWarning","filename":"/opt/airflow/dags/branch_pipeline.py","lineno":3,"logger":"py.warnings"}
{"timestamp":"2026-02-13T08:57:59.921189Z","level":"info","event":"Filling up the DagBag from /opt/airflow/dags/branch_pipeline.py","logger":"airflow.models.dagbag.BundleDagBag","filename":"dagbag.py","lineno":593}
{"timestamp":"2026-02-13T08:57:59.977678Z","level":"warning","event":"The `airflow.decorators.dag` attribute is deprecated. Please use `'airflow.sdk.dag'`.","category":"DeprecatedImportWarning","filename":"/opt/airflow/dags/branch_pipeline.py","lineno":1,"logger":"py.warnings"}
{"timestamp":"2026-02-13T08:57:59.977824Z","level":"warning","event":"The `airflow.decorators.task` attribute is deprecated. Please use `'airflow.sdk.task'`.","category":"DeprecatedImportWarning","filename":"/opt/airflow/dags/branch_pipeline.py","lineno":1,"logger":"py.warnings"}
{"timestamp":"2026-02-13T08:57:59.977882Z","level":"warning","event":"The `airflow.operators.python.BranchPythonOperator` attribute is deprecated. Please use `'airflow.providers.standard.operators.python.BranchPythonOperator'`.","category":"DeprecatedImportWarning","filename":"/opt/airflow/dags/branch_pipeline.py","lineno":2,"logger":"py.warnings"}
{"timestamp":"2026-02-13T08:57:59.977941Z","level":"warning","event":"The `airflow.operators.bash.BashOperator` attribute is deprecated. Please use `'airflow.providers.standard.operators.bash.BashOperator'`.","category":"DeprecatedImportWarning","filename":"/opt/airflow/dags/branch_pipeline.py","lineno":3,"logger":"py.warnings"}
{"timestamp":"2026-02-13T08:58:30.437677Z","level":"info","event":"Filling up the DagBag from /opt/airflow/dags/branch_pipeline.py","logger":"airflow.models.dagbag.BundleDagBag","filename":"dagbag.py","lineno":593}
{"timestamp":"2026-02-13T08:58:30.510054Z","level":"warning","event":"The `airflow.decorators.dag` attribute is deprecated. Please use `'airflow.sdk.dag'`.","category":"DeprecatedImportWarning","filename":"/opt/airflow/dags/branch_pipeline.py","lineno":1,"logger":"py.warnings"}
{"timestamp":"2026-02-13T08:58:30.510346Z","level":"warning","event":"The `airflow.decorators.task` attribute is deprecated. Please use `'airflow.sdk.task'`.","category":"DeprecatedImportWarning","filename":"/opt/airflow/dags/branch_pipeline.py","lineno":1,"logger":"py.warnings"}
{"timestamp":"2026-02-13T08:58:30.510466Z","level":"warning","event":"The `airflow.operators.python.BranchPythonOperator` attribute is deprecated. Please use `'airflow.providers.standard.operators.python.BranchPythonOperator'`.","category":"DeprecatedImportWarning","filename":"/opt/airflow/dags/branch_pipeline.py","lineno":2,"logger":"py.warnings"}
{"timestamp":"2026-02-13T08:58:30.510539Z","level":"warning","event":"The `airflow.operators.bash.BashOperator` attribute is deprecated. Please use `'airflow.providers.standard.operators.bash.BashOperator'`.","category":"DeprecatedImportWarning","filename":"/opt/airflow/dags/branch_pipeline.py","lineno":3,"logger":"py.warnings"}
{"timestamp":"2026-02-13T08:59:00.801739Z","level":"info","event":"Filling up the DagBag from /opt/airflow/dags/branch_pipeline.py","logger":"airflow.models.dagbag.BundleDagBag","filename":"dagbag.py","lineno":593}
{"timestamp":"2026-02-13T08:59:00.858123Z","level":"warning","event":"The `airflow.decorators.dag` attribute is deprecated. Please use `'airflow.sdk.dag'`.","category":"DeprecatedImportWarning","filename":"/opt/airflow/dags/branch_pipeline.py","lineno":1,"logger":"py.warnings"}
{"timestamp":"2026-02-13T08:59:00.858329Z","level":"warning","event":"The `airflow.decorators.task` attribute is deprecated. Please use `'airflow.sdk.task'`.","category":"DeprecatedImportWarning","filename":"/opt/airflow/dags/branch_pipeline.py","lineno":1,"logger":"py.warnings"}
{"timestamp":"2026-02-13T08:59:00.858391Z","level":"warning","event":"The `airflow.operators.python.BranchPythonOperator` attribute is deprecated. Please use `'airflow.providers.standard.operators.python.BranchPythonOperator'`.","category":"DeprecatedImportWarning","filename":"/opt/airflow/dags/branch_pipeline.py","lineno":2,"logger":"py.warnings"}
{"timestamp":"2026-02-13T08:59:00.858457Z","level":"warning","event":"The `airflow.operators.bash.BashOperator` attribute is deprecated. Please use `'airflow.providers.standard.operators.bash.BashOperator'`.","category":"DeprecatedImportWarning","filename":"/opt/airflow/dags/branch_pipeline.py","lineno":3,"logger":"py.warnings"}
{"timestamp":"2026-02-13T08:59:31.335102Z","level":"info","event":"Filling up the DagBag from /opt/airflow/dags/branch_pipeline.py","logger":"airflow.models.dagbag.BundleDagBag","filename":"dagbag.py","lineno":593}
{"timestamp":"2026-02-13T08:59:31.407149Z","level":"warning","event":"The `airflow.decorators.dag` attribute is deprecated. Please use `'airflow.sdk.dag'`.","category":"DeprecatedImportWarning","filename":"/opt/airflow/dags/branch_pipeline.py","lineno":1,"logger":"py.warnings"}
{"timestamp":"2026-02-13T08:59:31.407438Z","level":"warning","event":"The `airflow.decorators.task` attribute is deprecated. Please use `'airflow.sdk.task'`.","category":"DeprecatedImportWarning","filename":"/opt/airflow/dags/branch_pipeline.py","lineno":1,"logger":"py.warnings"}
{"timestamp":"2026-02-13T08:59:31.407539Z","level":"warning","event":"The `airflow.operators.python.BranchPythonOperator` attribute is deprecated. Please use `'airflow.providers.standard.operators.python.BranchPythonOperator'`.","category":"DeprecatedImportWarning","filename":"/opt/airflow/dags/branch_pipeline.py","lineno":2,"logger":"py.warnings"}
{"timestamp":"2026-02-13T08:59:31.407624Z","level":"warning","event":"The `airflow.operators.bash.BashOperator` attribute is deprecated. Please use `'airflow.providers.standard.operators.bash.BashOperator'`.","category":"DeprecatedImportWarning","filename":"/opt/airflow/dags/branch_pipeline.py","lineno":3,"logger":"py.warnings"}
{"timestamp":"2026-02-13T09:00:01.966648Z","level":"info","event":"Filling up the DagBag from /opt/airflow/dags/branch_pipeline.py","logger":"airflow.models.dagbag.BundleDagBag","filename":"dagbag.py","lineno":593}
{"timestamp":"2026-02-13T09:00:02.022715Z","level":"warning","event":"The `airflow.decorators.dag` attribute is deprecated. Please use `'airflow.sdk.dag'`.","category":"DeprecatedImportWarning","filename":"/opt/airflow/dags/branch_pipeline.py","lineno":1,"logger":"py.warnings"}
{"timestamp":"2026-02-13T09:00:02.022859Z","level":"warning","event":"The `airflow.decorators.task` attribute is deprecated. Please use `'airflow.sdk.task'`.","category":"DeprecatedImportWarning","filename":"/opt/airflow/dags/branch_pipeline.py","lineno":1,"logger":"py.warnings"}
{"timestamp":"2026-02-13T09:00:02.022913Z","level":"warning","event":"The `airflow.operators.python.BranchPythonOperator` attribute is deprecated. Please use `'airflow.providers.standard.operators.python.BranchPythonOperator'`.","category":"DeprecatedImportWarning","filename":"/opt/airflow/dags/branch_pipeline.py","lineno":2,"logger":"py.warnings"}
{"timestamp":"2026-02-13T09:00:02.022957Z","level":"warning","event":"The `airflow.operators.bash.BashOperator` attribute is deprecated. Please use `'airflow.providers.standard.operators.bash.BashOperator'`.","category":"DeprecatedImportWarning","filename":"/opt/airflow/dags/branch_pipeline.py","lineno":3,"logger":"py.warnings"}
{"timestamp":"2026-02-13T09:00:32.351045Z","level":"info","event":"Filling up the DagBag from /opt/airflow/dags/branch_pipeline.py","logger":"airflow.models.dagbag.BundleDagBag","filename":"dagbag.py","lineno":593}
{"timestamp":"2026-02-13T09:00:32.405918Z","level":"warning","event":"The `airflow.decorators.dag` attribute is deprecated. Please use `'airflow.sdk.dag'`.","category":"DeprecatedImportWarning","filename":"/opt/airflow/dags/branch_pipeline.py","lineno":1,"logger":"py.warnings"}
{"timestamp":"2026-02-13T09:00:32.406059Z","level":"warning","event":"The `airflow.decorators.task` attribute is deprecated. Please use `'airflow.sdk.task'`.","category":"DeprecatedImportWarning","filename":"/opt/airflow/dags/branch_pipeline.py","lineno":1,"logger":"py.warnings"}
{"timestamp":"2026-02-13T09:00:32.406123Z","level":"warning","event":"The `airflow.operators.python.BranchPythonOperator` attribute is deprecated. Please use `'airflow.providers.standard.operators.python.BranchPythonOperator'`.","category":"DeprecatedImportWarning","filename":"/opt/airflow/dags/branch_pipeline.py","lineno":2,"logger":"py.warnings"}
{"timestamp":"2026-02-13T09:00:32.406170Z","level":"warning","event":"The `airflow.operators.bash.BashOperator` attribute is deprecated. Please use `'airflow.providers.standard.operators.bash.BashOperator'`.","category":"DeprecatedImportWarning","filename":"/opt/airflow/dags/branch_pipeline.py","lineno":3,"logger":"py.warnings"}
{"timestamp":"2026-02-13T09:01:02.898704Z","level":"info","event":"Filling up the DagBag from /opt/airflow/dags/branch_pipeline.py","logger":"airflow.models.dagbag.BundleDagBag","filename":"dagbag.py","lineno":593}
{"timestamp":"2026-02-13T09:01:02.953123Z","level":"warning","event":"The `airflow.decorators.dag` attribute is deprecated. Please use `'airflow.sdk.dag'`.","category":"DeprecatedImportWarning","filename":"/opt/airflow/dags/branch_pipeline.py","lineno":1,"logger":"py.warnings"}
{"timestamp":"2026-02-13T09:01:02.953264Z","level":"warning","event":"The `airflow.decorators.task` attribute is deprecated. Please use `'airflow.sdk.task'`.","category":"DeprecatedImportWarning","filename":"/opt/airflow/dags/branch_pipeline.py","lineno":1,"logger":"py.warnings"}
{"timestamp":"2026-02-13T09:01:02.953324Z","level":"warning","event":"The `airflow.operators.python.BranchPythonOperator` attribute is deprecated. Please use `'airflow.providers.standard.operators.python.BranchPythonOperator'`.","category":"DeprecatedImportWarning","filename":"/opt/airflow/dags/branch_pipeline.py","lineno":2,"logger":"py.warnings"}
{"timestamp":"2026-02-13T09:01:02.953372Z","level":"warning","event":"The `airflow.operators.bash.BashOperator` attribute is deprecated. Please use `'airflow.providers.standard.operators.bash.BashOperator'`.","category":"DeprecatedImportWarning","filename":"/opt/airflow/dags/branch_pipeline.py","lineno":3,"logger":"py.warnings"}
{"timestamp":"2026-02-13T09:01:33.485023Z","level":"info","event":"Filling up the DagBag from /opt/airflow/dags/branch_pipeline.py","logger":"airflow.models.dagbag.BundleDagBag","filename":"dagbag.py","lineno":593}
{"timestamp":"2026-02-13T09:01:33.558577Z","level":"warning","event":"The `airflow.decorators.dag` attribute is deprecated. Please use `'airflow.sdk.dag'`.","category":"DeprecatedImportWarning","filename":"/opt/airflow/dags/branch_pipeline.py","lineno":1,"logger":"py.warnings"}
{"timestamp":"2026-02-13T09:01:33.558734Z","level":"warning","event":"The `airflow.decorators.task` attribute is deprecated. Please use `'airflow.sdk.task'`.","category":"DeprecatedImportWarning","filename":"/opt/airflow/dags/branch_pipeline.py","lineno":1,"logger":"py.warnings"}
{"timestamp":"2026-02-13T09:01:33.558794Z","level":"warning","event":"The `airflow.operators.python.BranchPythonOperator` attribute is deprecated. Please use `'airflow.providers.standard.operators.python.BranchPythonOperator'`.","category":"DeprecatedImportWarning","filename":"/opt/airflow/dags/branch_pipeline.py","lineno":2,"logger":"py.warnings"}
{"timestamp":"2026-02-13T09:01:33.558840Z","level":"warning","event":"The `airflow.operators.bash.BashOperator` attribute is deprecated. Please use `'airflow.providers.standard.operators.bash.BashOperator'`.","category":"DeprecatedImportWarning","filename":"/opt/airflow/dags/branch_pipeline.py","lineno":3,"logger":"py.warnings"}
{"timestamp":"2026-02-13T09:02:04.053883Z","level":"info","event":"Filling up the DagBag from /opt/airflow/dags/branch_pipeline.py","logger":"airflow.models.dagbag.BundleDagBag","filename":"dagbag.py","lineno":593}
{"timestamp":"2026-02-13T09:02:04.124075Z","level":"warning","event":"The `airflow.decorators.dag` attribute is deprecated. Please use `'airflow.sdk.dag'`.","category":"DeprecatedImportWarning","filename":"/opt/airflow/dags/branch_pipeline.py","lineno":1,"logger":"py.warnings"}
{"timestamp":"2026-02-13T09:02:04.124243Z","level":"warning","event":"The `airflow.decorators.task` attribute is deprecated. Please use `'airflow.sdk.task'`.","category":"DeprecatedImportWarning","filename":"/opt/airflow/dags/branch_pipeline.py","lineno":1,"logger":"py.warnings"}
{"timestamp":"2026-02-13T09:02:04.124305Z","level":"warning","event":"The `airflow.operators.python.BranchPythonOperator` attribute is deprecated. Please use `'airflow.providers.standard.operators.python.BranchPythonOperator'`.","category":"DeprecatedImportWarning","filename":"/opt/airflow/dags/branch_pipeline.py","lineno":2,"logger":"py.warnings"}
{"timestamp":"2026-02-13T09:02:04.124363Z","level":"warning","event":"The `airflow.operators.bash.BashOperator` attribute is deprecated. Please use `'airflow.providers.standard.operators.bash.BashOperator'`.","category":"DeprecatedImportWarning","filename":"/opt/airflow/dags/branch_pipeline.py","lineno":3,"logger":"py.warnings"}
{"timestamp":"2026-02-13T09:02:34.722188Z","level":"info","event":"Filling up the DagBag from /opt/airflow/dags/branch_pipeline.py","logger":"airflow.models.dagbag.BundleDagBag","filename":"dagbag.py","lineno":593}
{"timestamp":"2026-02-13T09:02:34.774520Z","level":"warning","event":"The `airflow.decorators.dag` attribute is deprecated. Please use `'airflow.sdk.dag'`.","category":"DeprecatedImportWarning","filename":"/opt/airflow/dags/branch_pipeline.py","lineno":1,"logger":"py.warnings"}
{"timestamp":"2026-02-13T09:02:34.774666Z","level":"warning","event":"The `airflow.decorators.task` attribute is deprecated. Please use `'airflow.sdk.task'`.","category":"DeprecatedImportWarning","filename":"/opt/airflow/dags/branch_pipeline.py","lineno":1,"logger":"py.warnings"}
{"timestamp":"2026-02-13T09:02:34.774728Z","level":"warning","event":"The `airflow.operators.python.BranchPythonOperator` attribute is deprecated. Please use `'airflow.providers.standard.operators.python.BranchPythonOperator'`.","category":"DeprecatedImportWarning","filename":"/opt/airflow/dags/branch_pipeline.py","lineno":2,"logger":"py.warnings"}
{"timestamp":"2026-02-13T09:02:34.774776Z","level":"warning","event":"The `airflow.operators.bash.BashOperator` attribute is deprecated. Please use `'airflow.providers.standard.operators.bash.BashOperator'`.","category":"DeprecatedImportWarning","filename":"/opt/airflow/dags/branch_pipeline.py","lineno":3,"logger":"py.warnings"}
{"timestamp":"2026-02-13T09:03:05.125144Z","level":"info","event":"Filling up the DagBag from /opt/airflow/dags/branch_pipeline.py","logger":"airflow.models.dagbag.BundleDagBag","filename":"dagbag.py","lineno":593}
{"timestamp":"2026-02-13T09:03:05.197658Z","level":"warning","event":"The `airflow.decorators.dag` attribute is deprecated. Please use `'airflow.sdk.dag'`.","category":"DeprecatedImportWarning","filename":"/opt/airflow/dags/branch_pipeline.py","lineno":1,"logger":"py.warnings"}
{"timestamp":"2026-02-13T09:03:05.197797Z","level":"warning","event":"The `airflow.decorators.task` attribute is deprecated. Please use `'airflow.sdk.task'`.","category":"DeprecatedImportWarning","filename":"/opt/airflow/dags/branch_pipeline.py","lineno":1,"logger":"py.warnings"}
{"timestamp":"2026-02-13T09:03:05.197854Z","level":"warning","event":"The `airflow.operators.python.BranchPythonOperator` attribute is deprecated. Please use `'airflow.providers.standard.operators.python.BranchPythonOperator'`.","category":"DeprecatedImportWarning","filename":"/opt/airflow/dags/branch_pipeline.py","lineno":2,"logger":"py.warnings"}
{"timestamp":"2026-02-13T09:03:05.197910Z","level":"warning","event":"The `airflow.operators.bash.BashOperator` attribute is deprecated. Please use `'airflow.providers.standard.operators.bash.BashOperator'`.","category":"DeprecatedImportWarning","filename":"/opt/airflow/dags/branch_pipeline.py","lineno":3,"logger":"py.warnings"}
{"timestamp":"2026-02-13T09:03:35.744386Z","level":"info","event":"Filling up the DagBag from /opt/airflow/dags/branch_pipeline.py","logger":"airflow.models.dagbag.BundleDagBag","filename":"dagbag.py","lineno":593}
{"timestamp":"2026-02-13T09:03:35.806751Z","level":"warning","event":"The `airflow.decorators.dag` attribute is deprecated. Please use `'airflow.sdk.dag'`.","category":"DeprecatedImportWarning","filename":"/opt/airflow/dags/branch_pipeline.py","lineno":1,"logger":"py.warnings"}
{"timestamp":"2026-02-13T09:03:35.806964Z","level":"warning","event":"The `airflow.decorators.task` attribute is deprecated. Please use `'airflow.sdk.task'`.","category":"DeprecatedImportWarning","filename":"/opt/airflow/dags/branch_pipeline.py","lineno":1,"logger":"py.warnings"}
{"timestamp":"2026-02-13T09:03:35.807067Z","level":"warning","event":"The `airflow.operators.python.BranchPythonOperator` attribute is deprecated. Please use `'airflow.providers.standard.operators.python.BranchPythonOperator'`.","category":"DeprecatedImportWarning","filename":"/opt/airflow/dags/branch_pipeline.py","lineno":2,"logger":"py.warnings"}
{"timestamp":"2026-02-13T09:03:35.807149Z","level":"warning","event":"The `airflow.operators.bash.BashOperator` attribute is deprecated. Please use `'airflow.providers.standard.operators.bash.BashOperator'`.","category":"DeprecatedImportWarning","filename":"/opt/airflow/dags/branch_pipeline.py","lineno":3,"logger":"py.warnings"}
{"timestamp":"2026-02-13T09:04:06.133826Z","level":"info","event":"Filling up the DagBag from /opt/airflow/dags/branch_pipeline.py","logger":"airflow.models.dagbag.BundleDagBag","filename":"dagbag.py","lineno":593}
{"timestamp":"2026-02-13T09:04:06.212207Z","level":"warning","event":"The `airflow.decorators.dag` attribute is deprecated. Please use `'airflow.sdk.dag'`.","category":"DeprecatedImportWarning","filename":"/opt/airflow/dags/branch_pipeline.py","lineno":1,"logger":"py.warnings"}
{"timestamp":"2026-02-13T09:04:06.212445Z","level":"warning","event":"The `airflow.decorators.task` attribute is deprecated. Please use `'airflow.sdk.task'`.","category":"DeprecatedImportWarning","filename":"/opt/airflow/dags/branch_pipeline.py","lineno":1,"logger":"py.warnings"}
{"timestamp":"2026-02-13T09:04:06.212530Z","level":"warning","event":"The `airflow.operators.python.BranchPythonOperator` attribute is deprecated. Please use `'airflow.providers.standard.operators.python.BranchPythonOperator'`.","category":"DeprecatedImportWarning","filename":"/opt/airflow/dags/branch_pipeline.py","lineno":2,"logger":"py.warnings"}
{"timestamp":"2026-02-13T09:04:06.212584Z","level":"warning","event":"The `airflow.operators.bash.BashOperator` attribute is deprecated. Please use `'airflow.providers.standard.operators.bash.BashOperator'`.","category":"DeprecatedImportWarning","filename":"/opt/airflow/dags/branch_pipeline.py","lineno":3,"logger":"py.warnings"}
{"timestamp":"2026-02-13T09:04:36.720204Z","level":"info","event":"Filling up the DagBag from /opt/airflow/dags/branch_pipeline.py","logger":"airflow.models.dagbag.BundleDagBag","filename":"dagbag.py","lineno":593}
{"timestamp":"2026-02-13T09:04:36.776194Z","level":"warning","event":"The `airflow.decorators.dag` attribute is deprecated. Please use `'airflow.sdk.dag'`.","category":"DeprecatedImportWarning","filename":"/opt/airflow/dags/branch_pipeline.py","lineno":1,"logger":"py.warnings"}
{"timestamp":"2026-02-13T09:04:36.776510Z","level":"warning","event":"The `airflow.decorators.task` attribute is deprecated. Please use `'airflow.sdk.task'`.","category":"DeprecatedImportWarning","filename":"/opt/airflow/dags/branch_pipeline.py","lineno":1,"logger":"py.warnings"}
{"timestamp":"2026-02-13T09:04:36.776611Z","level":"warning","event":"The `airflow.operators.python.BranchPythonOperator` attribute is deprecated. Please use `'airflow.providers.standard.operators.python.BranchPythonOperator'`.","category":"DeprecatedImportWarning","filename":"/opt/airflow/dags/branch_pipeline.py","lineno":2,"logger":"py.warnings"}
{"timestamp":"2026-02-13T09:04:36.776666Z","level":"warning","event":"The `airflow.operators.bash.BashOperator` attribute is deprecated. Please use `'airflow.providers.standard.operators.bash.BashOperator'`.","category":"DeprecatedImportWarning","filename":"/opt/airflow/dags/branch_pipeline.py","lineno":3,"logger":"py.warnings"}
{"timestamp":"2026-02-13T09:05:07.205974Z","level":"info","event":"Filling up the DagBag from /opt/airflow/dags/branch_pipeline.py","logger":"airflow.models.dagbag.BundleDagBag","filename":"dagbag.py","lineno":593}
{"timestamp":"2026-02-13T09:05:07.253985Z","level":"warning","event":"The `airflow.decorators.dag` attribute is deprecated. Please use `'airflow.sdk.dag'`.","category":"DeprecatedImportWarning","filename":"/opt/airflow/dags/branch_pipeline.py","lineno":1,"logger":"py.warnings"}
{"timestamp":"2026-02-13T09:05:07.254131Z","level":"warning","event":"The `airflow.decorators.task` attribute is deprecated. Please use `'airflow.sdk.task'`.","category":"DeprecatedImportWarning","filename":"/opt/airflow/dags/branch_pipeline.py","lineno":1,"logger":"py.warnings"}
{"timestamp":"2026-02-13T09:05:07.254230Z","level":"warning","event":"The `airflow.operators.python.BranchPythonOperator` attribute is deprecated. Please use `'airflow.providers.standard.operators.python.BranchPythonOperator'`.","category":"DeprecatedImportWarning","filename":"/opt/airflow/dags/branch_pipeline.py","lineno":2,"logger":"py.warnings"}
{"timestamp":"2026-02-13T09:05:07.254292Z","level":"warning","event":"The `airflow.operators.bash.BashOperator` attribute is deprecated. Please use `'airflow.providers.standard.operators.bash.BashOperator'`.","category":"DeprecatedImportWarning","filename":"/opt/airflow/dags/branch_pipeline.py","lineno":3,"logger":"py.warnings"}
{"timestamp":"2026-02-13T09:05:37.605556Z","level":"info","event":"Filling up the DagBag from /opt/airflow/dags/branch_pipeline.py","logger":"airflow.models.dagbag.BundleDagBag","filename":"dagbag.py","lineno":593}
{"timestamp":"2026-02-13T09:05:37.665462Z","level":"warning","event":"The `airflow.decorators.dag` attribute is deprecated. Please use `'airflow.sdk.dag'`.","category":"DeprecatedImportWarning","filename":"/opt/airflow/dags/branch_pipeline.py","lineno":1,"logger":"py.warnings"}
{"timestamp":"2026-02-13T09:05:37.665752Z","level":"warning","event":"The `airflow.decorators.task` attribute is deprecated. Please use `'airflow.sdk.task'`.","category":"DeprecatedImportWarning","filename":"/opt/airflow/dags/branch_pipeline.py","lineno":1,"logger":"py.warnings"}
{"timestamp":"2026-02-13T09:05:37.665815Z","level":"warning","event":"The `airflow.operators.python.BranchPythonOperator` attribute is deprecated. Please use `'airflow.providers.standard.operators.python.BranchPythonOperator'`.","category":"DeprecatedImportWarning","filename":"/opt/airflow/dags/branch_pipeline.py","lineno":2,"logger":"py.warnings"}
{"timestamp":"2026-02-13T09:05:37.665864Z","level":"warning","event":"The `airflow.operators.bash.BashOperator` attribute is deprecated. Please use `'airflow.providers.standard.operators.bash.BashOperator'`.","category":"DeprecatedImportWarning","filename":"/opt/airflow/dags/branch_pipeline.py","lineno":3,"logger":"py.warnings"}
{"timestamp":"2026-02-13T09:06:08.049975Z","level":"info","event":"Filling up the DagBag from /opt/airflow/dags/branch_pipeline.py","logger":"airflow.models.dagbag.BundleDagBag","filename":"dagbag.py","lineno":593}
{"timestamp":"2026-02-13T09:06:08.107168Z","level":"warning","event":"The `airflow.decorators.dag` attribute is deprecated. Please use `'airflow.sdk.dag'`.","category":"DeprecatedImportWarning","filename":"/opt/airflow/dags/branch_pipeline.py","lineno":1,"logger":"py.warnings"}
{"timestamp":"2026-02-13T09:06:08.107357Z","level":"warning","event":"The `airflow.decorators.task` attribute is deprecated. Please use `'airflow.sdk.task'`.","category":"DeprecatedImportWarning","filename":"/opt/airflow/dags/branch_pipeline.py","lineno":1,"logger":"py.warnings"}
{"timestamp":"2026-02-13T09:06:08.107424Z","level":"warning","event":"The `airflow.operators.python.BranchPythonOperator` attribute is deprecated. Please use `'airflow.providers.standard.operators.python.BranchPythonOperator'`.","category":"DeprecatedImportWarning","filename":"/opt/airflow/dags/branch_pipeline.py","lineno":2,"logger":"py.warnings"}
{"timestamp":"2026-02-13T09:06:08.107471Z","level":"warning","event":"The `airflow.operators.bash.BashOperator` attribute is deprecated. Please use `'airflow.providers.standard.operators.bash.BashOperator'`.","category":"DeprecatedImportWarning","filename":"/opt/airflow/dags/branch_pipeline.py","lineno":3,"logger":"py.warnings"}
{"timestamp":"2026-02-13T09:06:38.720026Z","level":"info","event":"Filling up the DagBag from /opt/airflow/dags/branch_pipeline.py","logger":"airflow.models.dagbag.BundleDagBag","filename":"dagbag.py","lineno":593}
{"timestamp":"2026-02-13T09:06:38.774591Z","level":"warning","event":"The `airflow.decorators.dag` attribute is deprecated. Please use `'airflow.sdk.dag'`.","category":"DeprecatedImportWarning","filename":"/opt/airflow/dags/branch_pipeline.py","lineno":1,"logger":"py.warnings"}
{"timestamp":"2026-02-13T09:06:38.774790Z","level":"warning","event":"The `airflow.decorators.task` attribute is deprecated. Please use `'airflow.sdk.task'`.","category":"DeprecatedImportWarning","filename":"/opt/airflow/dags/branch_pipeline.py","lineno":1,"logger":"py.warnings"}
{"timestamp":"2026-02-13T09:06:38.774877Z","level":"warning","event":"The `airflow.operators.python.BranchPythonOperator` attribute is deprecated. Please use `'airflow.providers.standard.operators.python.BranchPythonOperator'`.","category":"DeprecatedImportWarning","filename":"/opt/airflow/dags/branch_pipeline.py","lineno":2,"logger":"py.warnings"}
{"timestamp":"2026-02-13T09:06:38.774942Z","level":"warning","event":"The `airflow.operators.bash.BashOperator` attribute is deprecated. Please use `'airflow.providers.standard.operators.bash.BashOperator'`.","category":"DeprecatedImportWarning","filename":"/opt/airflow/dags/branch_pipeline.py","lineno":3,"logger":"py.warnings"}
{"timestamp":"2026-02-13T09:07:09.305655Z","level":"info","event":"Filling up the DagBag from /opt/airflow/dags/branch_pipeline.py","logger":"airflow.models.dagbag.BundleDagBag","filename":"dagbag.py","lineno":593}
{"timestamp":"2026-02-13T09:07:09.354636Z","level":"warning","event":"The `airflow.decorators.dag` attribute is deprecated. Please use `'airflow.sdk.dag'`.","category":"DeprecatedImportWarning","filename":"/opt/airflow/dags/branch_pipeline.py","lineno":1,"logger":"py.warnings"}
{"timestamp":"2026-02-13T09:07:09.354775Z","level":"warning","event":"The `airflow.decorators.task` attribute is deprecated. Please use `'airflow.sdk.task'`.","category":"DeprecatedImportWarning","filename":"/opt/airflow/dags/branch_pipeline.py","lineno":1,"logger":"py.warnings"}
{"timestamp":"2026-02-13T09:07:09.354849Z","level":"warning","event":"The `airflow.operators.python.BranchPythonOperator` attribute is deprecated. Please use `'airflow.providers.standard.operators.python.BranchPythonOperator'`.","category":"DeprecatedImportWarning","filename":"/opt/airflow/dags/branch_pipeline.py","lineno":2,"logger":"py.warnings"}
{"timestamp":"2026-02-13T09:07:09.354909Z","level":"warning","event":"The `airflow.operators.bash.BashOperator` attribute is deprecated. Please use `'airflow.providers.standard.operators.bash.BashOperator'`.","category":"DeprecatedImportWarning","filename":"/opt/airflow/dags/branch_pipeline.py","lineno":3,"logger":"py.warnings"}
{"timestamp":"2026-02-13T09:07:39.611542Z","level":"info","event":"Filling up the DagBag from /opt/airflow/dags/branch_pipeline.py","logger":"airflow.models.dagbag.BundleDagBag","filename":"dagbag.py","lineno":593}
{"timestamp":"2026-02-13T09:07:39.683507Z","level":"warning","event":"The `airflow.decorators.dag` attribute is deprecated. Please use `'airflow.sdk.dag'`.","category":"DeprecatedImportWarning","filename":"/opt/airflow/dags/branch_pipeline.py","lineno":1,"logger":"py.warnings"}
{"timestamp":"2026-02-13T09:07:39.683698Z","level":"warning","event":"The `airflow.decorators.task` attribute is deprecated. Please use `'airflow.sdk.task'`.","category":"DeprecatedImportWarning","filename":"/opt/airflow/dags/branch_pipeline.py","lineno":1,"logger":"py.warnings"}
{"timestamp":"2026-02-13T09:07:39.683781Z","level":"warning","event":"The `airflow.operators.python.BranchPythonOperator` attribute is deprecated. Please use `'airflow.providers.standard.operators.python.BranchPythonOperator'`.","category":"DeprecatedImportWarning","filename":"/opt/airflow/dags/branch_pipeline.py","lineno":2,"logger":"py.warnings"}
{"timestamp":"2026-02-13T09:07:39.683874Z","level":"warning","event":"The `airflow.operators.bash.BashOperator` attribute is deprecated. Please use `'airflow.providers.standard.operators.bash.BashOperator'`.","category":"DeprecatedImportWarning","filename":"/opt/airflow/dags/branch_pipeline.py","lineno":3,"logger":"py.warnings"}
{"timestamp":"2026-02-13T09:08:10.044421Z","level":"info","event":"Filling up the DagBag from /opt/airflow/dags/branch_pipeline.py","logger":"airflow.models.dagbag.BundleDagBag","filename":"dagbag.py","lineno":593}
{"timestamp":"2026-02-13T09:08:10.099325Z","level":"warning","event":"The `airflow.decorators.dag` attribute is deprecated. Please use `'airflow.sdk.dag'`.","category":"DeprecatedImportWarning","filename":"/opt/airflow/dags/branch_pipeline.py","lineno":1,"logger":"py.warnings"}
{"timestamp":"2026-02-13T09:08:10.099464Z","level":"warning","event":"The `airflow.decorators.task` attribute is deprecated. Please use `'airflow.sdk.task'`.","category":"DeprecatedImportWarning","filename":"/opt/airflow/dags/branch_pipeline.py","lineno":1,"logger":"py.warnings"}
{"timestamp":"2026-02-13T09:08:10.099524Z","level":"warning","event":"The `airflow.operators.python.BranchPythonOperator` attribute is deprecated. Please use `'airflow.providers.standard.operators.python.BranchPythonOperator'`.","category":"DeprecatedImportWarning","filename":"/opt/airflow/dags/branch_pipeline.py","lineno":2,"logger":"py.warnings"}
{"timestamp":"2026-02-13T09:08:10.099586Z","level":"warning","event":"The `airflow.operators.bash.BashOperator` attribute is deprecated. Please use `'airflow.providers.standard.operators.bash.BashOperator'`.","category":"DeprecatedImportWarning","filename":"/opt/airflow/dags/branch_pipeline.py","lineno":3,"logger":"py.warnings"}
{"timestamp":"2026-02-13T09:08:40.396180Z","level":"info","event":"Filling up the DagBag from /opt/airflow/dags/branch_pipeline.py","logger":"airflow.models.dagbag.BundleDagBag","filename":"dagbag.py","lineno":593}
{"timestamp":"2026-02-13T09:08:40.461613Z","level":"warning","event":"The `airflow.decorators.dag` attribute is deprecated. Please use `'airflow.sdk.dag'`.","category":"DeprecatedImportWarning","filename":"/opt/airflow/dags/branch_pipeline.py","lineno":1,"logger":"py.warnings"}
{"timestamp":"2026-02-13T09:08:40.461798Z","level":"warning","event":"The `airflow.decorators.task` attribute is deprecated. Please use `'airflow.sdk.task'`.","category":"DeprecatedImportWarning","filename":"/opt/airflow/dags/branch_pipeline.py","lineno":1,"logger":"py.warnings"}
{"timestamp":"2026-02-13T09:08:40.461856Z","level":"warning","event":"The `airflow.operators.python.BranchPythonOperator` attribute is deprecated. Please use `'airflow.providers.standard.operators.python.BranchPythonOperator'`.","category":"DeprecatedImportWarning","filename":"/opt/airflow/dags/branch_pipeline.py","lineno":2,"logger":"py.warnings"}
{"timestamp":"2026-02-13T09:08:40.461942Z","level":"warning","event":"The `airflow.operators.bash.BashOperator` attribute is deprecated. Please use `'airflow.providers.standard.operators.bash.BashOperator'`.","category":"DeprecatedImportWarning","filename":"/opt/airflow/dags/branch_pipeline.py","lineno":3,"logger":"py.warnings"}
{"timestamp":"2026-02-13T09:09:11.024804Z","level":"info","event":"Filling up the DagBag from /opt/airflow/dags/branch_pipeline.py","logger":"airflow.models.dagbag.BundleDagBag","filename":"dagbag.py","lineno":593}
{"timestamp":"2026-02-13T09:09:11.084338Z","level":"warning","event":"The `airflow.decorators.dag` attribute is deprecated. Please use `'airflow.sdk.dag'`.","category":"DeprecatedImportWarning","filename":"/opt/airflow/dags/branch_pipeline.py","lineno":1,"logger":"py.warnings"}
{"timestamp":"2026-02-13T09:09:11.086446Z","level":"warning","event":"The `airflow.decorators.task` attribute is deprecated. Please use `'airflow.sdk.task'`.","category":"DeprecatedImportWarning","filename":"/opt/airflow/dags/branch_pipeline.py","lineno":1,"logger":"py.warnings"}
{"timestamp":"2026-02-13T09:09:11.086923Z","level":"warning","event":"The `airflow.operators.python.BranchPythonOperator` attribute is deprecated. Please use `'airflow.providers.standard.operators.python.BranchPythonOperator'`.","category":"DeprecatedImportWarning","filename":"/opt/airflow/dags/branch_pipeline.py","lineno":2,"logger":"py.warnings"}
{"timestamp":"2026-02-13T09:09:11.087208Z","level":"warning","event":"The `airflow.operators.bash.BashOperator` attribute is deprecated. Please use `'airflow.providers.standard.operators.bash.BashOperator'`.","category":"DeprecatedImportWarning","filename":"/opt/airflow/dags/branch_pipeline.py","lineno":3,"logger":"py.warnings"}
{"timestamp":"2026-02-13T09:09:41.706510Z","level":"info","event":"Filling up the DagBag from /opt/airflow/dags/branch_pipeline.py","logger":"airflow.models.dagbag.BundleDagBag","filename":"dagbag.py","lineno":593}
{"timestamp":"2026-02-13T09:09:41.774753Z","level":"warning","event":"The `airflow.decorators.dag` attribute is deprecated. Please use `'airflow.sdk.dag'`.","category":"DeprecatedImportWarning","filename":"/opt/airflow/dags/branch_pipeline.py","lineno":1,"logger":"py.warnings"}
{"timestamp":"2026-02-13T09:09:41.775203Z","level":"warning","event":"The `airflow.decorators.task` attribute is deprecated. Please use `'airflow.sdk.task'`.","category":"DeprecatedImportWarning","filename":"/opt/airflow/dags/branch_pipeline.py","lineno":1,"logger":"py.warnings"}
{"timestamp":"2026-02-13T09:09:41.775436Z","level":"warning","event":"The `airflow.operators.python.BranchPythonOperator` attribute is deprecated. Please use `'airflow.providers.standard.operators.python.BranchPythonOperator'`.","category":"DeprecatedImportWarning","filename":"/opt/airflow/dags/branch_pipeline.py","lineno":2,"logger":"py.warnings"}
{"timestamp":"2026-02-13T09:09:41.775574Z","level":"warning","event":"The `airflow.operators.bash.BashOperator` attribute is deprecated. Please use `'airflow.providers.standard.operators.bash.BashOperator'`.","category":"DeprecatedImportWarning","filename":"/opt/airflow/dags/branch_pipeline.py","lineno":3,"logger":"py.warnings"}
{"timestamp":"2026-02-13T09:10:12.433585Z","level":"info","event":"Filling up the DagBag from /opt/airflow/dags/branch_pipeline.py","logger":"airflow.models.dagbag.BundleDagBag","filename":"dagbag.py","lineno":593}
{"timestamp":"2026-02-13T09:10:12.497750Z","level":"warning","event":"The `airflow.decorators.dag` attribute is deprecated. Please use `'airflow.sdk.dag'`.","category":"DeprecatedImportWarning","filename":"/opt/airflow/dags/branch_pipeline.py","lineno":1,"logger":"py.warnings"}
{"timestamp":"2026-02-13T09:10:12.497892Z","level":"warning","event":"The `airflow.decorators.task` attribute is deprecated. Please use `'airflow.sdk.task'`.","category":"DeprecatedImportWarning","filename":"/opt/airflow/dags/branch_pipeline.py","lineno":1,"logger":"py.warnings"}
{"timestamp":"2026-02-13T09:10:12.497948Z","level":"warning","event":"The `airflow.operators.python.BranchPythonOperator` attribute is deprecated. Please use `'airflow.providers.standard.operators.python.BranchPythonOperator'`.","category":"DeprecatedImportWarning","filename":"/opt/airflow/dags/branch_pipeline.py","lineno":2,"logger":"py.warnings"}
{"timestamp":"2026-02-13T09:10:12.498004Z","level":"warning","event":"The `airflow.operators.bash.BashOperator` attribute is deprecated. Please use `'airflow.providers.standard.operators.bash.BashOperator'`.","category":"DeprecatedImportWarning","filename":"/opt/airflow/dags/branch_pipeline.py","lineno":3,"logger":"py.warnings"}
{"timestamp":"2026-02-13T09:10:43.011995Z","level":"info","event":"Filling up the DagBag from /opt/airflow/dags/branch_pipeline.py","logger":"airflow.models.dagbag.BundleDagBag","filename":"dagbag.py","lineno":593}
{"timestamp":"2026-02-13T09:10:43.085633Z","level":"warning","event":"The `airflow.decorators.dag` attribute is deprecated. Please use `'airflow.sdk.dag'`.","category":"DeprecatedImportWarning","filename":"/opt/airflow/dags/branch_pipeline.py","lineno":1,"logger":"py.warnings"}
{"timestamp":"2026-02-13T09:10:43.086180Z","level":"warning","event":"The `airflow.decorators.task` attribute is deprecated. Please use `'airflow.sdk.task'`.","category":"DeprecatedImportWarning","filename":"/opt/airflow/dags/branch_pipeline.py","lineno":1,"logger":"py.warnings"}
{"timestamp":"2026-02-13T09:10:43.086383Z","level":"warning","event":"The `airflow.operators.python.BranchPythonOperator` attribute is deprecated. Please use `'airflow.providers.standard.operators.python.BranchPythonOperator'`.","category":"DeprecatedImportWarning","filename":"/opt/airflow/dags/branch_pipeline.py","lineno":2,"logger":"py.warnings"}
{"timestamp":"2026-02-13T09:10:43.086549Z","level":"warning","event":"The `airflow.operators.bash.BashOperator` attribute is deprecated. Please use `'airflow.providers.standard.operators.bash.BashOperator'`.","category":"DeprecatedImportWarning","filename":"/opt/airflow/dags/branch_pipeline.py","lineno":3,"logger":"py.warnings"}
{"timestamp":"2026-02-13T09:11:13.494560Z","level":"info","event":"Filling up the DagBag from /opt/airflow/dags/branch_pipeline.py","logger":"airflow.models.dagbag.BundleDagBag","filename":"dagbag.py","lineno":593}
{"timestamp":"2026-02-13T09:11:13.561622Z","level":"warning","event":"The `airflow.decorators.dag` attribute is deprecated. Please use `'airflow.sdk.dag'`.","category":"DeprecatedImportWarning","filename":"/opt/airflow/dags/branch_pipeline.py","lineno":1,"logger":"py.warnings"}
{"timestamp":"2026-02-13T09:11:13.561764Z","level":"warning","event":"The `airflow.decorators.task` attribute is deprecated. Please use `'airflow.sdk.task'`.","category":"DeprecatedImportWarning","filename":"/opt/airflow/dags/branch_pipeline.py","lineno":1,"logger":"py.warnings"}
{"timestamp":"2026-02-13T09:11:13.561861Z","level":"warning","event":"The `airflow.operators.python.BranchPythonOperator` attribute is deprecated. Please use `'airflow.providers.standard.operators.python.BranchPythonOperator'`.","category":"DeprecatedImportWarning","filename":"/opt/airflow/dags/branch_pipeline.py","lineno":2,"logger":"py.warnings"}
{"timestamp":"2026-02-13T09:11:13.561932Z","level":"warning","event":"The `airflow.operators.bash.BashOperator` attribute is deprecated. Please use `'airflow.providers.standard.operators.bash.BashOperator'`.","category":"DeprecatedImportWarning","filename":"/opt/airflow/dags/branch_pipeline.py","lineno":3,"logger":"py.warnings"}
{"timestamp":"2026-02-13T09:11:44.278330Z","level":"info","event":"Filling up the DagBag from /opt/airflow/dags/branch_pipeline.py","logger":"airflow.models.dagbag.BundleDagBag","filename":"dagbag.py","lineno":593}
{"timestamp":"2026-02-13T09:11:44.350363Z","level":"warning","event":"The `airflow.decorators.dag` attribute is deprecated. Please use `'airflow.sdk.dag'`.","category":"DeprecatedImportWarning","filename":"/opt/airflow/dags/branch_pipeline.py","lineno":1,"logger":"py.warnings"}
{"timestamp":"2026-02-13T09:11:44.350638Z","level":"warning","event":"The `airflow.decorators.task` attribute is deprecated. Please use `'airflow.sdk.task'`.","category":"DeprecatedImportWarning","filename":"/opt/airflow/dags/branch_pipeline.py","lineno":1,"logger":"py.warnings"}
{"timestamp":"2026-02-13T09:11:44.350711Z","level":"warning","event":"The `airflow.operators.python.BranchPythonOperator` attribute is deprecated. Please use `'airflow.providers.standard.operators.python.BranchPythonOperator'`.","category":"DeprecatedImportWarning","filename":"/opt/airflow/dags/branch_pipeline.py","lineno":2,"logger":"py.warnings"}
{"timestamp":"2026-02-13T09:11:44.350786Z","level":"warning","event":"The `airflow.operators.bash.BashOperator` attribute is deprecated. Please use `'airflow.providers.standard.operators.bash.BashOperator'`.","category":"DeprecatedImportWarning","filename":"/opt/airflow/dags/branch_pipeline.py","lineno":3,"logger":"py.warnings"}
{"timestamp":"2026-02-13T09:12:14.848328Z","level":"info","event":"Filling up the DagBag from /opt/airflow/dags/branch_pipeline.py","logger":"airflow.models.dagbag.BundleDagBag","filename":"dagbag.py","lineno":593}
{"timestamp":"2026-02-13T09:12:14.902341Z","level":"warning","event":"The `airflow.decorators.dag` attribute is deprecated. Please use `'airflow.sdk.dag'`.","category":"DeprecatedImportWarning","filename":"/opt/airflow/dags/branch_pipeline.py","lineno":1,"logger":"py.warnings"}
{"timestamp":"2026-02-13T09:12:14.902491Z","level":"warning","event":"The `airflow.decorators.task` attribute is deprecated. Please use `'airflow.sdk.task'`.","category":"DeprecatedImportWarning","filename":"/opt/airflow/dags/branch_pipeline.py","lineno":1,"logger":"py.warnings"}
{"timestamp":"2026-02-13T09:12:14.902565Z","level":"warning","event":"The `airflow.operators.python.BranchPythonOperator` attribute is deprecated. Please use `'airflow.providers.standard.operators.python.BranchPythonOperator'`.","category":"DeprecatedImportWarning","filename":"/opt/airflow/dags/branch_pipeline.py","lineno":2,"logger":"py.warnings"}
{"timestamp":"2026-02-13T09:12:14.902651Z","level":"warning","event":"The `airflow.operators.bash.BashOperator` attribute is deprecated. Please use `'airflow.providers.standard.operators.bash.BashOperator'`.","category":"DeprecatedImportWarning","filename":"/opt/airflow/dags/branch_pipeline.py","lineno":3,"logger":"py.warnings"}
{"timestamp":"2026-02-13T09:12:45.203187Z","level":"info","event":"Filling up the DagBag from /opt/airflow/dags/branch_pipeline.py","logger":"airflow.models.dagbag.BundleDagBag","filename":"dagbag.py","lineno":593}
{"timestamp":"2026-02-13T09:12:45.252752Z","level":"warning","event":"The `airflow.decorators.dag` attribute is deprecated. Please use `'airflow.sdk.dag'`.","category":"DeprecatedImportWarning","filename":"/opt/airflow/dags/branch_pipeline.py","lineno":1,"logger":"py.warnings"}
{"timestamp":"2026-02-13T09:12:45.252913Z","level":"warning","event":"The `airflow.decorators.task` attribute is deprecated. Please use `'airflow.sdk.task'`.","category":"DeprecatedImportWarning","filename":"/opt/airflow/dags/branch_pipeline.py","lineno":1,"logger":"py.warnings"}
{"timestamp":"2026-02-13T09:12:45.252972Z","level":"warning","event":"The `airflow.operators.python.BranchPythonOperator` attribute is deprecated. Please use `'airflow.providers.standard.operators.python.BranchPythonOperator'`.","category":"DeprecatedImportWarning","filename":"/opt/airflow/dags/branch_pipeline.py","lineno":2,"logger":"py.warnings"}
{"timestamp":"2026-02-13T09:12:45.253031Z","level":"warning","event":"The `airflow.operators.bash.BashOperator` attribute is deprecated. Please use `'airflow.providers.standard.operators.bash.BashOperator'`.","category":"DeprecatedImportWarning","filename":"/opt/airflow/dags/branch_pipeline.py","lineno":3,"logger":"py.warnings"}
{"timestamp":"2026-02-13T09:13:15.676347Z","level":"info","event":"Filling up the DagBag from /opt/airflow/dags/branch_pipeline.py","logger":"airflow.models.dagbag.BundleDagBag","filename":"dagbag.py","lineno":593}
{"timestamp":"2026-02-13T09:13:15.748138Z","level":"warning","event":"The `airflow.decorators.dag` attribute is deprecated. Please use `'airflow.sdk.dag'`.","category":"DeprecatedImportWarning","filename":"/opt/airflow/dags/branch_pipeline.py","lineno":1,"logger":"py.warnings"}
{"timestamp":"2026-02-13T09:13:15.748279Z","level":"warning","event":"The `airflow.decorators.task` attribute is deprecated. Please use `'airflow.sdk.task'`.","category":"DeprecatedImportWarning","filename":"/opt/airflow/dags/branch_pipeline.py","lineno":1,"logger":"py.warnings"}
{"timestamp":"2026-02-13T09:13:15.748335Z","level":"warning","event":"The `airflow.operators.python.BranchPythonOperator` attribute is deprecated. Please use `'airflow.providers.standard.operators.python.BranchPythonOperator'`.","category":"DeprecatedImportWarning","filename":"/opt/airflow/dags/branch_pipeline.py","lineno":2,"logger":"py.warnings"}
{"timestamp":"2026-02-13T09:13:15.748423Z","level":"warning","event":"The `airflow.operators.bash.BashOperator` attribute is deprecated. Please use `'airflow.providers.standard.operators.bash.BashOperator'`.","category":"DeprecatedImportWarning","filename":"/opt/airflow/dags/branch_pipeline.py","lineno":3,"logger":"py.warnings"}
{"timestamp":"2026-02-13T09:13:46.306976Z","level":"info","event":"Filling up the DagBag from /opt/airflow/dags/branch_pipeline.py","logger":"airflow.models.dagbag.BundleDagBag","filename":"dagbag.py","lineno":593}
{"timestamp":"2026-02-13T09:13:46.363067Z","level":"warning","event":"The `airflow.decorators.dag` attribute is deprecated. Please use `'airflow.sdk.dag'`.","category":"DeprecatedImportWarning","filename":"/opt/airflow/dags/branch_pipeline.py","lineno":1,"logger":"py.warnings"}
{"timestamp":"2026-02-13T09:13:46.363279Z","level":"warning","event":"The `airflow.decorators.task` attribute is deprecated. Please use `'airflow.sdk.task'`.","category":"DeprecatedImportWarning","filename":"/opt/airflow/dags/branch_pipeline.py","lineno":1,"logger":"py.warnings"}
{"timestamp":"2026-02-13T09:13:46.363381Z","level":"warning","event":"The `airflow.operators.python.BranchPythonOperator` attribute is deprecated. Please use `'airflow.providers.standard.operators.python.BranchPythonOperator'`.","category":"DeprecatedImportWarning","filename":"/opt/airflow/dags/branch_pipeline.py","lineno":2,"logger":"py.warnings"}
{"timestamp":"2026-02-13T09:13:46.363473Z","level":"warning","event":"The `airflow.operators.bash.BashOperator` attribute is deprecated. Please use `'airflow.providers.standard.operators.bash.BashOperator'`.","category":"DeprecatedImportWarning","filename":"/opt/airflow/dags/branch_pipeline.py","lineno":3,"logger":"py.warnings"}
{"timestamp":"2026-02-13T09:14:16.848743Z","level":"info","event":"Filling up the DagBag from /opt/airflow/dags/branch_pipeline.py","logger":"airflow.models.dagbag.BundleDagBag","filename":"dagbag.py","lineno":593}
{"timestamp":"2026-02-13T09:14:16.928667Z","level":"warning","event":"The `airflow.decorators.dag` attribute is deprecated. Please use `'airflow.sdk.dag'`.","category":"DeprecatedImportWarning","filename":"/opt/airflow/dags/branch_pipeline.py","lineno":1,"logger":"py.warnings"}
{"timestamp":"2026-02-13T09:14:16.929027Z","level":"warning","event":"The `airflow.decorators.task` attribute is deprecated. Please use `'airflow.sdk.task'`.","category":"DeprecatedImportWarning","filename":"/opt/airflow/dags/branch_pipeline.py","lineno":1,"logger":"py.warnings"}
{"timestamp":"2026-02-13T09:14:16.929119Z","level":"warning","event":"The `airflow.operators.python.BranchPythonOperator` attribute is deprecated. Please use `'airflow.providers.standard.operators.python.BranchPythonOperator'`.","category":"DeprecatedImportWarning","filename":"/opt/airflow/dags/branch_pipeline.py","lineno":2,"logger":"py.warnings"}
{"timestamp":"2026-02-13T09:14:16.929224Z","level":"warning","event":"The `airflow.operators.bash.BashOperator` attribute is deprecated. Please use `'airflow.providers.standard.operators.bash.BashOperator'`.","category":"DeprecatedImportWarning","filename":"/opt/airflow/dags/branch_pipeline.py","lineno":3,"logger":"py.warnings"}
{"timestamp":"2026-02-13T09:14:47.320672Z","level":"info","event":"Filling up the DagBag from /opt/airflow/dags/branch_pipeline.py","logger":"airflow.models.dagbag.BundleDagBag","filename":"dagbag.py","lineno":593}
{"timestamp":"2026-02-13T09:14:47.386264Z","level":"warning","event":"The `airflow.decorators.dag` attribute is deprecated. Please use `'airflow.sdk.dag'`.","category":"DeprecatedImportWarning","filename":"/opt/airflow/dags/branch_pipeline.py","lineno":1,"logger":"py.warnings"}
{"timestamp":"2026-02-13T09:14:47.386415Z","level":"warning","event":"The `airflow.decorators.task` attribute is deprecated. Please use `'airflow.sdk.task'`.","category":"DeprecatedImportWarning","filename":"/opt/airflow/dags/branch_pipeline.py","lineno":1,"logger":"py.warnings"}
{"timestamp":"2026-02-13T09:14:47.386471Z","level":"warning","event":"The `airflow.operators.python.BranchPythonOperator` attribute is deprecated. Please use `'airflow.providers.standard.operators.python.BranchPythonOperator'`.","category":"DeprecatedImportWarning","filename":"/opt/airflow/dags/branch_pipeline.py","lineno":2,"logger":"py.warnings"}
{"timestamp":"2026-02-13T09:14:47.386528Z","level":"warning","event":"The `airflow.operators.bash.BashOperator` attribute is deprecated. Please use `'airflow.providers.standard.operators.bash.BashOperator'`.","category":"DeprecatedImportWarning","filename":"/opt/airflow/dags/branch_pipeline.py","lineno":3,"logger":"py.warnings"}
{"timestamp":"2026-02-13T09:15:18.058278Z","level":"info","event":"Filling up the DagBag from /opt/airflow/dags/branch_pipeline.py","logger":"airflow.models.dagbag.BundleDagBag","filename":"dagbag.py","lineno":593}
{"timestamp":"2026-02-13T09:15:18.110335Z","level":"warning","event":"The `airflow.decorators.dag` attribute is deprecated. Please use `'airflow.sdk.dag'`.","category":"DeprecatedImportWarning","filename":"/opt/airflow/dags/branch_pipeline.py","lineno":1,"logger":"py.warnings"}
{"timestamp":"2026-02-13T09:15:18.110689Z","level":"warning","event":"The `airflow.decorators.task` attribute is deprecated. Please use `'airflow.sdk.task'`.","category":"DeprecatedImportWarning","filename":"/opt/airflow/dags/branch_pipeline.py","lineno":1,"logger":"py.warnings"}
{"timestamp":"2026-02-13T09:15:18.110847Z","level":"warning","event":"The `airflow.operators.python.BranchPythonOperator` attribute is deprecated. Please use `'airflow.providers.standard.operators.python.BranchPythonOperator'`.","category":"DeprecatedImportWarning","filename":"/opt/airflow/dags/branch_pipeline.py","lineno":2,"logger":"py.warnings"}
{"timestamp":"2026-02-13T09:15:18.110975Z","level":"warning","event":"The `airflow.operators.bash.BashOperator` attribute is deprecated. Please use `'airflow.providers.standard.operators.bash.BashOperator'`.","category":"DeprecatedImportWarning","filename":"/opt/airflow/dags/branch_pipeline.py","lineno":3,"logger":"py.warnings"}
{"timestamp":"2026-02-13T09:15:48.630308Z","level":"info","event":"Filling up the DagBag from /opt/airflow/dags/branch_pipeline.py","logger":"airflow.models.dagbag.BundleDagBag","filename":"dagbag.py","lineno":593}
{"timestamp":"2026-02-13T09:15:48.688835Z","level":"warning","event":"The `airflow.decorators.dag` attribute is deprecated. Please use `'airflow.sdk.dag'`.","category":"DeprecatedImportWarning","filename":"/opt/airflow/dags/branch_pipeline.py","lineno":1,"logger":"py.warnings"}
{"timestamp":"2026-02-13T09:15:48.689155Z","level":"warning","event":"The `airflow.decorators.task` attribute is deprecated. Please use `'airflow.sdk.task'`.","category":"DeprecatedImportWarning","filename":"/opt/airflow/dags/branch_pipeline.py","lineno":1,"logger":"py.warnings"}
{"timestamp":"2026-02-13T09:15:48.689254Z","level":"warning","event":"The `airflow.operators.python.BranchPythonOperator` attribute is deprecated. Please use `'airflow.providers.standard.operators.python.BranchPythonOperator'`.","category":"DeprecatedImportWarning","filename":"/opt/airflow/dags/branch_pipeline.py","lineno":2,"logger":"py.warnings"}
{"timestamp":"2026-02-13T09:15:48.689321Z","level":"warning","event":"The `airflow.operators.bash.BashOperator` attribute is deprecated. Please use `'airflow.providers.standard.operators.bash.BashOperator'`.","category":"DeprecatedImportWarning","filename":"/opt/airflow/dags/branch_pipeline.py","lineno":3,"logger":"py.warnings"}
{"timestamp":"2026-02-13T09:16:19.150285Z","level":"info","event":"Filling up the DagBag from /opt/airflow/dags/branch_pipeline.py","logger":"airflow.models.dagbag.BundleDagBag","filename":"dagbag.py","lineno":593}
{"timestamp":"2026-02-13T09:16:19.209160Z","level":"warning","event":"The `airflow.decorators.dag` attribute is deprecated. Please use `'airflow.sdk.dag'`.","category":"DeprecatedImportWarning","filename":"/opt/airflow/dags/branch_pipeline.py","lineno":1,"logger":"py.warnings"}
{"timestamp":"2026-02-13T09:16:19.211738Z","level":"warning","event":"The `airflow.decorators.task` attribute is deprecated. Please use `'airflow.sdk.task'`.","category":"DeprecatedImportWarning","filename":"/opt/airflow/dags/branch_pipeline.py","lineno":1,"logger":"py.warnings"}
{"timestamp":"2026-02-13T09:16:19.212026Z","level":"warning","event":"The `airflow.operators.python.BranchPythonOperator` attribute is deprecated. Please use `'airflow.providers.standard.operators.python.BranchPythonOperator'`.","category":"DeprecatedImportWarning","filename":"/opt/airflow/dags/branch_pipeline.py","lineno":2,"logger":"py.warnings"}
{"timestamp":"2026-02-13T09:16:19.212206Z","level":"warning","event":"The `airflow.operators.bash.BashOperator` attribute is deprecated. Please use `'airflow.providers.standard.operators.bash.BashOperator'`.","category":"DeprecatedImportWarning","filename":"/opt/airflow/dags/branch_pipeline.py","lineno":3,"logger":"py.warnings"}
{"timestamp":"2026-02-13T09:16:49.761788Z","level":"info","event":"Filling up the DagBag from /opt/airflow/dags/branch_pipeline.py","logger":"airflow.models.dagbag.BundleDagBag","filename":"dagbag.py","lineno":593}
{"timestamp":"2026-02-13T09:16:49.824000Z","level":"warning","event":"The `airflow.decorators.dag` attribute is deprecated. Please use `'airflow.sdk.dag'`.","category":"DeprecatedImportWarning","filename":"/opt/airflow/dags/branch_pipeline.py","lineno":1,"logger":"py.warnings"}
{"timestamp":"2026-02-13T09:16:49.824156Z","level":"warning","event":"The `airflow.decorators.task` attribute is deprecated. Please use `'airflow.sdk.task'`.","category":"DeprecatedImportWarning","filename":"/opt/airflow/dags/branch_pipeline.py","lineno":1,"logger":"py.warnings"}
{"timestamp":"2026-02-13T09:16:49.824228Z","level":"warning","event":"The `airflow.operators.python.BranchPythonOperator` attribute is deprecated. Please use `'airflow.providers.standard.operators.python.BranchPythonOperator'`.","category":"DeprecatedImportWarning","filename":"/opt/airflow/dags/branch_pipeline.py","lineno":2,"logger":"py.warnings"}
{"timestamp":"2026-02-13T09:16:49.824300Z","level":"warning","event":"The `airflow.operators.bash.BashOperator` attribute is deprecated. Please use `'airflow.providers.standard.operators.bash.BashOperator'`.","category":"DeprecatedImportWarning","filename":"/opt/airflow/dags/branch_pipeline.py","lineno":3,"logger":"py.warnings"}
{"timestamp":"2026-02-13T09:17:20.205042Z","level":"info","event":"Filling up the DagBag from /opt/airflow/dags/branch_pipeline.py","logger":"airflow.models.dagbag.BundleDagBag","filename":"dagbag.py","lineno":593}
{"timestamp":"2026-02-13T09:17:20.259103Z","level":"warning","event":"The `airflow.decorators.dag` attribute is deprecated. Please use `'airflow.sdk.dag'`.","category":"DeprecatedImportWarning","filename":"/opt/airflow/dags/branch_pipeline.py","lineno":1,"logger":"py.warnings"}
{"timestamp":"2026-02-13T09:17:20.259302Z","level":"warning","event":"The `airflow.decorators.task` attribute is deprecated. Please use `'airflow.sdk.task'`.","category":"DeprecatedImportWarning","filename":"/opt/airflow/dags/branch_pipeline.py","lineno":1,"logger":"py.warnings"}
{"timestamp":"2026-02-13T09:17:20.259371Z","level":"warning","event":"The `airflow.operators.python.BranchPythonOperator` attribute is deprecated. Please use `'airflow.providers.standard.operators.python.BranchPythonOperator'`.","category":"DeprecatedImportWarning","filename":"/opt/airflow/dags/branch_pipeline.py","lineno":2,"logger":"py.warnings"}
{"timestamp":"2026-02-13T09:17:20.259440Z","level":"warning","event":"The `airflow.operators.bash.BashOperator` attribute is deprecated. Please use `'airflow.providers.standard.operators.bash.BashOperator'`.","category":"DeprecatedImportWarning","filename":"/opt/airflow/dags/branch_pipeline.py","lineno":3,"logger":"py.warnings"}
{"timestamp":"2026-02-13T09:17:50.803224Z","level":"info","event":"Filling up the DagBag from /opt/airflow/dags/branch_pipeline.py","logger":"airflow.models.dagbag.BundleDagBag","filename":"dagbag.py","lineno":593}
{"timestamp":"2026-02-13T09:17:50.862411Z","level":"warning","event":"The `airflow.decorators.dag` attribute is deprecated. Please use `'airflow.sdk.dag'`.","category":"DeprecatedImportWarning","filename":"/opt/airflow/dags/branch_pipeline.py","lineno":1,"logger":"py.warnings"}
{"timestamp":"2026-02-13T09:17:50.862541Z","level":"warning","event":"The `airflow.decorators.task` attribute is deprecated. Please use `'airflow.sdk.task'`.","category":"DeprecatedImportWarning","filename":"/opt/airflow/dags/branch_pipeline.py","lineno":1,"logger":"py.warnings"}
{"timestamp":"2026-02-13T09:17:50.862602Z","level":"warning","event":"The `airflow.operators.python.BranchPythonOperator` attribute is deprecated. Please use `'airflow.providers.standard.operators.python.BranchPythonOperator'`.","category":"DeprecatedImportWarning","filename":"/opt/airflow/dags/branch_pipeline.py","lineno":2,"logger":"py.warnings"}
{"timestamp":"2026-02-13T09:17:50.862655Z","level":"warning","event":"The `airflow.operators.bash.BashOperator` attribute is deprecated. Please use `'airflow.providers.standard.operators.bash.BashOperator'`.","category":"DeprecatedImportWarning","filename":"/opt/airflow/dags/branch_pipeline.py","lineno":3,"logger":"py.warnings"}
{"timestamp":"2026-02-13T09:18:21.391739Z","level":"info","event":"Filling up the DagBag from /opt/airflow/dags/branch_pipeline.py","logger":"airflow.models.dagbag.BundleDagBag","filename":"dagbag.py","lineno":593}
{"timestamp":"2026-02-13T09:18:21.456654Z","level":"warning","event":"The `airflow.decorators.dag` attribute is deprecated. Please use `'airflow.sdk.dag'`.","category":"DeprecatedImportWarning","filename":"/opt/airflow/dags/branch_pipeline.py","lineno":1,"logger":"py.warnings"}
{"timestamp":"2026-02-13T09:18:21.456795Z","level":"warning","event":"The `airflow.decorators.task` attribute is deprecated. Please use `'airflow.sdk.task'`.","category":"DeprecatedImportWarning","filename":"/opt/airflow/dags/branch_pipeline.py","lineno":1,"logger":"py.warnings"}
{"timestamp":"2026-02-13T09:18:21.456852Z","level":"warning","event":"The `airflow.operators.python.BranchPythonOperator` attribute is deprecated. Please use `'airflow.providers.standard.operators.python.BranchPythonOperator'`.","category":"DeprecatedImportWarning","filename":"/opt/airflow/dags/branch_pipeline.py","lineno":2,"logger":"py.warnings"}
{"timestamp":"2026-02-13T09:18:21.456899Z","level":"warning","event":"The `airflow.operators.bash.BashOperator` attribute is deprecated. Please use `'airflow.providers.standard.operators.bash.BashOperator'`.","category":"DeprecatedImportWarning","filename":"/opt/airflow/dags/branch_pipeline.py","lineno":3,"logger":"py.warnings"}
{"timestamp":"2026-02-13T09:18:51.959706Z","level":"info","event":"Filling up the DagBag from /opt/airflow/dags/branch_pipeline.py","logger":"airflow.models.dagbag.BundleDagBag","filename":"dagbag.py","lineno":593}
{"timestamp":"2026-02-13T09:18:52.013333Z","level":"warning","event":"The `airflow.decorators.dag` attribute is deprecated. Please use `'airflow.sdk.dag'`.","category":"DeprecatedImportWarning","filename":"/opt/airflow/dags/branch_pipeline.py","lineno":1,"logger":"py.warnings"}
{"timestamp":"2026-02-13T09:18:52.013465Z","level":"warning","event":"The `airflow.decorators.task` attribute is deprecated. Please use `'airflow.sdk.task'`.","category":"DeprecatedImportWarning","filename":"/opt/airflow/dags/branch_pipeline.py","lineno":1,"logger":"py.warnings"}
{"timestamp":"2026-02-13T09:18:52.013527Z","level":"warning","event":"The `airflow.operators.python.BranchPythonOperator` attribute is deprecated. Please use `'airflow.providers.standard.operators.python.BranchPythonOperator'`.","category":"DeprecatedImportWarning","filename":"/opt/airflow/dags/branch_pipeline.py","lineno":2,"logger":"py.warnings"}
{"timestamp":"2026-02-13T09:18:52.013580Z","level":"warning","event":"The `airflow.operators.bash.BashOperator` attribute is deprecated. Please use `'airflow.providers.standard.operators.bash.BashOperator'`.","category":"DeprecatedImportWarning","filename":"/opt/airflow/dags/branch_pipeline.py","lineno":3,"logger":"py.warnings"}
{"timestamp":"2026-02-13T09:19:22.478740Z","level":"info","event":"Filling up the DagBag from /opt/airflow/dags/branch_pipeline.py","logger":"airflow.models.dagbag.BundleDagBag","filename":"dagbag.py","lineno":593}
{"timestamp":"2026-02-13T09:19:22.539786Z","level":"warning","event":"The `airflow.decorators.dag` attribute is deprecated. Please use `'airflow.sdk.dag'`.","category":"DeprecatedImportWarning","filename":"/opt/airflow/dags/branch_pipeline.py","lineno":1,"logger":"py.warnings"}
{"timestamp":"2026-02-13T09:19:22.539926Z","level":"warning","event":"The `airflow.decorators.task` attribute is deprecated. Please use `'airflow.sdk.task'`.","category":"DeprecatedImportWarning","filename":"/opt/airflow/dags/branch_pipeline.py","lineno":1,"logger":"py.warnings"}
{"timestamp":"2026-02-13T09:19:22.540008Z","level":"warning","event":"The `airflow.operators.python.BranchPythonOperator` attribute is deprecated. Please use `'airflow.providers.standard.operators.python.BranchPythonOperator'`.","category":"DeprecatedImportWarning","filename":"/opt/airflow/dags/branch_pipeline.py","lineno":2,"logger":"py.warnings"}
{"timestamp":"2026-02-13T09:19:22.540101Z","level":"warning","event":"The `airflow.operators.bash.BashOperator` attribute is deprecated. Please use `'airflow.providers.standard.operators.bash.BashOperator'`.","category":"DeprecatedImportWarning","filename":"/opt/airflow/dags/branch_pipeline.py","lineno":3,"logger":"py.warnings"}
{"timestamp":"2026-02-13T09:19:52.884168Z","level":"info","event":"Filling up the DagBag from /opt/airflow/dags/branch_pipeline.py","logger":"airflow.models.dagbag.BundleDagBag","filename":"dagbag.py","lineno":593}
{"timestamp":"2026-02-13T09:19:52.936889Z","level":"warning","event":"The `airflow.decorators.dag` attribute is deprecated. Please use `'airflow.sdk.dag'`.","category":"DeprecatedImportWarning","filename":"/opt/airflow/dags/branch_pipeline.py","lineno":1,"logger":"py.warnings"}
{"timestamp":"2026-02-13T09:19:52.937036Z","level":"warning","event":"The `airflow.decorators.task` attribute is deprecated. Please use `'airflow.sdk.task'`.","category":"DeprecatedImportWarning","filename":"/opt/airflow/dags/branch_pipeline.py","lineno":1,"logger":"py.warnings"}
{"timestamp":"2026-02-13T09:19:52.937095Z","level":"warning","event":"The `airflow.operators.python.BranchPythonOperator` attribute is deprecated. Please use `'airflow.providers.standard.operators.python.BranchPythonOperator'`.","category":"DeprecatedImportWarning","filename":"/opt/airflow/dags/branch_pipeline.py","lineno":2,"logger":"py.warnings"}
{"timestamp":"2026-02-13T09:19:52.937146Z","level":"warning","event":"The `airflow.operators.bash.BashOperator` attribute is deprecated. Please use `'airflow.providers.standard.operators.bash.BashOperator'`.","category":"DeprecatedImportWarning","filename":"/opt/airflow/dags/branch_pipeline.py","lineno":3,"logger":"py.warnings"}
{"timestamp":"2026-02-13T09:20:23.471604Z","level":"info","event":"Filling up the DagBag from /opt/airflow/dags/branch_pipeline.py","logger":"airflow.models.dagbag.BundleDagBag","filename":"dagbag.py","lineno":593}
{"timestamp":"2026-02-13T09:20:23.526742Z","level":"warning","event":"The `airflow.decorators.dag` attribute is deprecated. Please use `'airflow.sdk.dag'`.","category":"DeprecatedImportWarning","filename":"/opt/airflow/dags/branch_pipeline.py","lineno":1,"logger":"py.warnings"}
{"timestamp":"2026-02-13T09:20:23.527010Z","level":"warning","event":"The `airflow.decorators.task` attribute is deprecated. Please use `'airflow.sdk.task'`.","category":"DeprecatedImportWarning","filename":"/opt/airflow/dags/branch_pipeline.py","lineno":1,"logger":"py.warnings"}
{"timestamp":"2026-02-13T09:20:23.527080Z","level":"warning","event":"The `airflow.operators.python.BranchPythonOperator` attribute is deprecated. Please use `'airflow.providers.standard.operators.python.BranchPythonOperator'`.","category":"DeprecatedImportWarning","filename":"/opt/airflow/dags/branch_pipeline.py","lineno":2,"logger":"py.warnings"}
{"timestamp":"2026-02-13T09:20:23.527142Z","level":"warning","event":"The `airflow.operators.bash.BashOperator` attribute is deprecated. Please use `'airflow.providers.standard.operators.bash.BashOperator'`.","category":"DeprecatedImportWarning","filename":"/opt/airflow/dags/branch_pipeline.py","lineno":3,"logger":"py.warnings"}
{"timestamp":"2026-02-13T09:20:53.832765Z","level":"info","event":"Filling up the DagBag from /opt/airflow/dags/branch_pipeline.py","logger":"airflow.models.dagbag.BundleDagBag","filename":"dagbag.py","lineno":593}
{"timestamp":"2026-02-13T09:20:53.889471Z","level":"warning","event":"The `airflow.decorators.dag` attribute is deprecated. Please use `'airflow.sdk.dag'`.","category":"DeprecatedImportWarning","filename":"/opt/airflow/dags/branch_pipeline.py","lineno":1,"logger":"py.warnings"}
{"timestamp":"2026-02-13T09:20:53.889671Z","level":"warning","event":"The `airflow.decorators.task` attribute is deprecated. Please use `'airflow.sdk.task'`.","category":"DeprecatedImportWarning","filename":"/opt/airflow/dags/branch_pipeline.py","lineno":1,"logger":"py.warnings"}
{"timestamp":"2026-02-13T09:20:53.889783Z","level":"warning","event":"The `airflow.operators.python.BranchPythonOperator` attribute is deprecated. Please use `'airflow.providers.standard.operators.python.BranchPythonOperator'`.","category":"DeprecatedImportWarning","filename":"/opt/airflow/dags/branch_pipeline.py","lineno":2,"logger":"py.warnings"}
{"timestamp":"2026-02-13T09:20:53.889878Z","level":"warning","event":"The `airflow.operators.bash.BashOperator` attribute is deprecated. Please use `'airflow.providers.standard.operators.bash.BashOperator'`.","category":"DeprecatedImportWarning","filename":"/opt/airflow/dags/branch_pipeline.py","lineno":3,"logger":"py.warnings"}
{"timestamp":"2026-02-13T09:21:24.484436Z","level":"info","event":"Filling up the DagBag from /opt/airflow/dags/branch_pipeline.py","logger":"airflow.models.dagbag.BundleDagBag","filename":"dagbag.py","lineno":593}
{"timestamp":"2026-02-13T09:21:24.537868Z","level":"warning","event":"The `airflow.decorators.dag` attribute is deprecated. Please use `'airflow.sdk.dag'`.","category":"DeprecatedImportWarning","filename":"/opt/airflow/dags/branch_pipeline.py","lineno":1,"logger":"py.warnings"}
{"timestamp":"2026-02-13T09:21:24.538010Z","level":"warning","event":"The `airflow.decorators.task` attribute is deprecated. Please use `'airflow.sdk.task'`.","category":"DeprecatedImportWarning","filename":"/opt/airflow/dags/branch_pipeline.py","lineno":1,"logger":"py.warnings"}
{"timestamp":"2026-02-13T09:21:24.538066Z","level":"warning","event":"The `airflow.operators.python.BranchPythonOperator` attribute is deprecated. Please use `'airflow.providers.standard.operators.python.BranchPythonOperator'`.","category":"DeprecatedImportWarning","filename":"/opt/airflow/dags/branch_pipeline.py","lineno":2,"logger":"py.warnings"}
{"timestamp":"2026-02-13T09:21:24.538110Z","level":"warning","event":"The `airflow.operators.bash.BashOperator` attribute is deprecated. Please use `'airflow.providers.standard.operators.bash.BashOperator'`.","category":"DeprecatedImportWarning","filename":"/opt/airflow/dags/branch_pipeline.py","lineno":3,"logger":"py.warnings"}
{"timestamp":"2026-02-13T09:21:54.854716Z","level":"info","event":"Filling up the DagBag from /opt/airflow/dags/branch_pipeline.py","logger":"airflow.models.dagbag.BundleDagBag","filename":"dagbag.py","lineno":593}
{"timestamp":"2026-02-13T09:21:54.924440Z","level":"warning","event":"The `airflow.decorators.dag` attribute is deprecated. Please use `'airflow.sdk.dag'`.","category":"DeprecatedImportWarning","filename":"/opt/airflow/dags/branch_pipeline.py","lineno":1,"logger":"py.warnings"}
{"timestamp":"2026-02-13T09:21:54.924622Z","level":"warning","event":"The `airflow.decorators.task` attribute is deprecated. Please use `'airflow.sdk.task'`.","category":"DeprecatedImportWarning","filename":"/opt/airflow/dags/branch_pipeline.py","lineno":1,"logger":"py.warnings"}
{"timestamp":"2026-02-13T09:21:54.924688Z","level":"warning","event":"The `airflow.operators.python.BranchPythonOperator` attribute is deprecated. Please use `'airflow.providers.standard.operators.python.BranchPythonOperator'`.","category":"DeprecatedImportWarning","filename":"/opt/airflow/dags/branch_pipeline.py","lineno":2,"logger":"py.warnings"}
{"timestamp":"2026-02-13T09:21:54.924737Z","level":"warning","event":"The `airflow.operators.bash.BashOperator` attribute is deprecated. Please use `'airflow.providers.standard.operators.bash.BashOperator'`.","category":"DeprecatedImportWarning","filename":"/opt/airflow/dags/branch_pipeline.py","lineno":3,"logger":"py.warnings"}
{"timestamp":"2026-02-13T09:22:25.584809Z","level":"info","event":"Filling up the DagBag from /opt/airflow/dags/branch_pipeline.py","logger":"airflow.models.dagbag.BundleDagBag","filename":"dagbag.py","lineno":593}
{"timestamp":"2026-02-13T09:22:25.659333Z","level":"warning","event":"The `airflow.decorators.dag` attribute is deprecated. Please use `'airflow.sdk.dag'`.","category":"DeprecatedImportWarning","filename":"/opt/airflow/dags/branch_pipeline.py","lineno":1,"logger":"py.warnings"}
{"timestamp":"2026-02-13T09:22:25.659581Z","level":"warning","event":"The `airflow.decorators.task` attribute is deprecated. Please use `'airflow.sdk.task'`.","category":"DeprecatedImportWarning","filename":"/opt/airflow/dags/branch_pipeline.py","lineno":1,"logger":"py.warnings"}
{"timestamp":"2026-02-13T09:22:25.659711Z","level":"warning","event":"The `airflow.operators.python.BranchPythonOperator` attribute is deprecated. Please use `'airflow.providers.standard.operators.python.BranchPythonOperator'`.","category":"DeprecatedImportWarning","filename":"/opt/airflow/dags/branch_pipeline.py","lineno":2,"logger":"py.warnings"}
{"timestamp":"2026-02-13T09:22:25.659940Z","level":"warning","event":"The `airflow.operators.bash.BashOperator` attribute is deprecated. Please use `'airflow.providers.standard.operators.bash.BashOperator'`.","category":"DeprecatedImportWarning","filename":"/opt/airflow/dags/branch_pipeline.py","lineno":3,"logger":"py.warnings"}
{"timestamp":"2026-02-13T09:22:56.189395Z","level":"info","event":"Filling up the DagBag from /opt/airflow/dags/branch_pipeline.py","logger":"airflow.models.dagbag.BundleDagBag","filename":"dagbag.py","lineno":593}
{"timestamp":"2026-02-13T09:22:56.246979Z","level":"warning","event":"The `airflow.decorators.dag` attribute is deprecated. Please use `'airflow.sdk.dag'`.","category":"DeprecatedImportWarning","filename":"/opt/airflow/dags/branch_pipeline.py","lineno":1,"logger":"py.warnings"}
{"timestamp":"2026-02-13T09:22:56.247158Z","level":"warning","event":"The `airflow.decorators.task` attribute is deprecated. Please use `'airflow.sdk.task'`.","category":"DeprecatedImportWarning","filename":"/opt/airflow/dags/branch_pipeline.py","lineno":1,"logger":"py.warnings"}
{"timestamp":"2026-02-13T09:22:56.247241Z","level":"warning","event":"The `airflow.operators.python.BranchPythonOperator` attribute is deprecated. Please use `'airflow.providers.standard.operators.python.BranchPythonOperator'`.","category":"DeprecatedImportWarning","filename":"/opt/airflow/dags/branch_pipeline.py","lineno":2,"logger":"py.warnings"}
{"timestamp":"2026-02-13T09:22:56.247311Z","level":"warning","event":"The `airflow.operators.bash.BashOperator` attribute is deprecated. Please use `'airflow.providers.standard.operators.bash.BashOperator'`.","category":"DeprecatedImportWarning","filename":"/opt/airflow/dags/branch_pipeline.py","lineno":3,"logger":"py.warnings"}
{"timestamp":"2026-02-13T09:23:26.606972Z","level":"info","event":"Filling up the DagBag from /opt/airflow/dags/branch_pipeline.py","logger":"airflow.models.dagbag.BundleDagBag","filename":"dagbag.py","lineno":593}
{"timestamp":"2026-02-13T09:23:26.685447Z","level":"warning","event":"The `airflow.decorators.dag` attribute is deprecated. Please use `'airflow.sdk.dag'`.","category":"DeprecatedImportWarning","filename":"/opt/airflow/dags/branch_pipeline.py","lineno":1,"logger":"py.warnings"}
{"timestamp":"2026-02-13T09:23:26.686571Z","level":"warning","event":"The `airflow.decorators.task` attribute is deprecated. Please use `'airflow.sdk.task'`.","category":"DeprecatedImportWarning","filename":"/opt/airflow/dags/branch_pipeline.py","lineno":1,"logger":"py.warnings"}
{"timestamp":"2026-02-13T09:23:26.686672Z","level":"warning","event":"The `airflow.operators.python.BranchPythonOperator` attribute is deprecated. Please use `'airflow.providers.standard.operators.python.BranchPythonOperator'`.","category":"DeprecatedImportWarning","filename":"/opt/airflow/dags/branch_pipeline.py","lineno":2,"logger":"py.warnings"}
{"timestamp":"2026-02-13T09:23:26.686726Z","level":"warning","event":"The `airflow.operators.bash.BashOperator` attribute is deprecated. Please use `'airflow.providers.standard.operators.bash.BashOperator'`.","category":"DeprecatedImportWarning","filename":"/opt/airflow/dags/branch_pipeline.py","lineno":3,"logger":"py.warnings"}
{"timestamp":"2026-02-13T09:23:57.299070Z","level":"info","event":"Filling up the DagBag from /opt/airflow/dags/branch_pipeline.py","logger":"airflow.models.dagbag.BundleDagBag","filename":"dagbag.py","lineno":593}
{"timestamp":"2026-02-13T09:23:57.355839Z","level":"warning","event":"The `airflow.decorators.dag` attribute is deprecated. Please use `'airflow.sdk.dag'`.","category":"DeprecatedImportWarning","filename":"/opt/airflow/dags/branch_pipeline.py","lineno":1,"logger":"py.warnings"}
{"timestamp":"2026-02-13T09:23:57.355980Z","level":"warning","event":"The `airflow.decorators.task` attribute is deprecated. Please use `'airflow.sdk.task'`.","category":"DeprecatedImportWarning","filename":"/opt/airflow/dags/branch_pipeline.py","lineno":1,"logger":"py.warnings"}
{"timestamp":"2026-02-13T09:23:57.356079Z","level":"warning","event":"The `airflow.operators.python.BranchPythonOperator` attribute is deprecated. Please use `'airflow.providers.standard.operators.python.BranchPythonOperator'`.","category":"DeprecatedImportWarning","filename":"/opt/airflow/dags/branch_pipeline.py","lineno":2,"logger":"py.warnings"}
{"timestamp":"2026-02-13T09:23:57.356139Z","level":"warning","event":"The `airflow.operators.bash.BashOperator` attribute is deprecated. Please use `'airflow.providers.standard.operators.bash.BashOperator'`.","category":"DeprecatedImportWarning","filename":"/opt/airflow/dags/branch_pipeline.py","lineno":3,"logger":"py.warnings"}
{"timestamp":"2026-02-13T09:24:27.675459Z","level":"info","event":"Filling up the DagBag from /opt/airflow/dags/branch_pipeline.py","logger":"airflow.models.dagbag.BundleDagBag","filename":"dagbag.py","lineno":593}
{"timestamp":"2026-02-13T09:24:27.740304Z","level":"warning","event":"The `airflow.decorators.dag` attribute is deprecated. Please use `'airflow.sdk.dag'`.","category":"DeprecatedImportWarning","filename":"/opt/airflow/dags/branch_pipeline.py","lineno":1,"logger":"py.warnings"}
{"timestamp":"2026-02-13T09:24:27.740448Z","level":"warning","event":"The `airflow.decorators.task` attribute is deprecated. Please use `'airflow.sdk.task'`.","category":"DeprecatedImportWarning","filename":"/opt/airflow/dags/branch_pipeline.py","lineno":1,"logger":"py.warnings"}
{"timestamp":"2026-02-13T09:24:27.740508Z","level":"warning","event":"The `airflow.operators.python.BranchPythonOperator` attribute is deprecated. Please use `'airflow.providers.standard.operators.python.BranchPythonOperator'`.","category":"DeprecatedImportWarning","filename":"/opt/airflow/dags/branch_pipeline.py","lineno":2,"logger":"py.warnings"}
{"timestamp":"2026-02-13T09:24:27.740554Z","level":"warning","event":"The `airflow.operators.bash.BashOperator` attribute is deprecated. Please use `'airflow.providers.standard.operators.bash.BashOperator'`.","category":"DeprecatedImportWarning","filename":"/opt/airflow/dags/branch_pipeline.py","lineno":3,"logger":"py.warnings"}
{"timestamp":"2026-02-13T09:24:58.162159Z","level":"info","event":"Filling up the DagBag from /opt/airflow/dags/branch_pipeline.py","logger":"airflow.models.dagbag.BundleDagBag","filename":"dagbag.py","lineno":593}
{"timestamp":"2026-02-13T09:24:58.220423Z","level":"warning","event":"The `airflow.decorators.dag` attribute is deprecated. Please use `'airflow.sdk.dag'`.","category":"DeprecatedImportWarning","filename":"/opt/airflow/dags/branch_pipeline.py","lineno":1,"logger":"py.warnings"}
{"timestamp":"2026-02-13T09:24:58.220558Z","level":"warning","event":"The `airflow.decorators.task` attribute is deprecated. Please use `'airflow.sdk.task'`.","category":"DeprecatedImportWarning","filename":"/opt/airflow/dags/branch_pipeline.py","lineno":1,"logger":"py.warnings"}
{"timestamp":"2026-02-13T09:24:58.220613Z","level":"warning","event":"The `airflow.operators.python.BranchPythonOperator` attribute is deprecated. Please use `'airflow.providers.standard.operators.python.BranchPythonOperator'`.","category":"DeprecatedImportWarning","filename":"/opt/airflow/dags/branch_pipeline.py","lineno":2,"logger":"py.warnings"}
{"timestamp":"2026-02-13T09:24:58.220660Z","level":"warning","event":"The `airflow.operators.bash.BashOperator` attribute is deprecated. Please use `'airflow.providers.standard.operators.bash.BashOperator'`.","category":"DeprecatedImportWarning","filename":"/opt/airflow/dags/branch_pipeline.py","lineno":3,"logger":"py.warnings"}
{"timestamp":"2026-02-13T09:25:28.796579Z","level":"info","event":"Filling up the DagBag from /opt/airflow/dags/branch_pipeline.py","logger":"airflow.models.dagbag.BundleDagBag","filename":"dagbag.py","lineno":593}
{"timestamp":"2026-02-13T09:25:28.858555Z","level":"warning","event":"The `airflow.decorators.dag` attribute is deprecated. Please use `'airflow.sdk.dag'`.","category":"DeprecatedImportWarning","filename":"/opt/airflow/dags/branch_pipeline.py","lineno":1,"logger":"py.warnings"}
{"timestamp":"2026-02-13T09:25:28.858697Z","level":"warning","event":"The `airflow.decorators.task` attribute is deprecated. Please use `'airflow.sdk.task'`.","category":"DeprecatedImportWarning","filename":"/opt/airflow/dags/branch_pipeline.py","lineno":1,"logger":"py.warnings"}
{"timestamp":"2026-02-13T09:25:28.858752Z","level":"warning","event":"The `airflow.operators.python.BranchPythonOperator` attribute is deprecated. Please use `'airflow.providers.standard.operators.python.BranchPythonOperator'`.","category":"DeprecatedImportWarning","filename":"/opt/airflow/dags/branch_pipeline.py","lineno":2,"logger":"py.warnings"}
{"timestamp":"2026-02-13T09:25:28.858796Z","level":"warning","event":"The `airflow.operators.bash.BashOperator` attribute is deprecated. Please use `'airflow.providers.standard.operators.bash.BashOperator'`.","category":"DeprecatedImportWarning","filename":"/opt/airflow/dags/branch_pipeline.py","lineno":3,"logger":"py.warnings"}
{"timestamp":"2026-02-13T09:25:59.472742Z","level":"info","event":"Filling up the DagBag from /opt/airflow/dags/branch_pipeline.py","logger":"airflow.models.dagbag.BundleDagBag","filename":"dagbag.py","lineno":593}
{"timestamp":"2026-02-13T09:25:59.530744Z","level":"warning","event":"The `airflow.decorators.dag` attribute is deprecated. Please use `'airflow.sdk.dag'`.","category":"DeprecatedImportWarning","filename":"/opt/airflow/dags/branch_pipeline.py","lineno":1,"logger":"py.warnings"}
{"timestamp":"2026-02-13T09:25:59.530878Z","level":"warning","event":"The `airflow.decorators.task` attribute is deprecated. Please use `'airflow.sdk.task'`.","category":"DeprecatedImportWarning","filename":"/opt/airflow/dags/branch_pipeline.py","lineno":1,"logger":"py.warnings"}
{"timestamp":"2026-02-13T09:25:59.530933Z","level":"warning","event":"The `airflow.operators.python.BranchPythonOperator` attribute is deprecated. Please use `'airflow.providers.standard.operators.python.BranchPythonOperator'`.","category":"DeprecatedImportWarning","filename":"/opt/airflow/dags/branch_pipeline.py","lineno":2,"logger":"py.warnings"}
{"timestamp":"2026-02-13T09:25:59.530978Z","level":"warning","event":"The `airflow.operators.bash.BashOperator` attribute is deprecated. Please use `'airflow.providers.standard.operators.bash.BashOperator'`.","category":"DeprecatedImportWarning","filename":"/opt/airflow/dags/branch_pipeline.py","lineno":3,"logger":"py.warnings"}
{"timestamp":"2026-02-13T09:26:29.840317Z","level":"info","event":"Filling up the DagBag from /opt/airflow/dags/branch_pipeline.py","logger":"airflow.models.dagbag.BundleDagBag","filename":"dagbag.py","lineno":593}
{"timestamp":"2026-02-13T09:26:29.894006Z","level":"warning","event":"The `airflow.decorators.dag` attribute is deprecated. Please use `'airflow.sdk.dag'`.","category":"DeprecatedImportWarning","filename":"/opt/airflow/dags/branch_pipeline.py","lineno":1,"logger":"py.warnings"}
{"timestamp":"2026-02-13T09:26:29.894147Z","level":"warning","event":"The `airflow.decorators.task` attribute is deprecated. Please use `'airflow.sdk.task'`.","category":"DeprecatedImportWarning","filename":"/opt/airflow/dags/branch_pipeline.py","lineno":1,"logger":"py.warnings"}
{"timestamp":"2026-02-13T09:26:29.894202Z","level":"warning","event":"The `airflow.operators.python.BranchPythonOperator` attribute is deprecated. Please use `'airflow.providers.standard.operators.python.BranchPythonOperator'`.","category":"DeprecatedImportWarning","filename":"/opt/airflow/dags/branch_pipeline.py","lineno":2,"logger":"py.warnings"}
{"timestamp":"2026-02-13T09:26:29.894244Z","level":"warning","event":"The `airflow.operators.bash.BashOperator` attribute is deprecated. Please use `'airflow.providers.standard.operators.bash.BashOperator'`.","category":"DeprecatedImportWarning","filename":"/opt/airflow/dags/branch_pipeline.py","lineno":3,"logger":"py.warnings"}
{"timestamp":"2026-02-13T09:27:00.398451Z","level":"info","event":"Filling up the DagBag from /opt/airflow/dags/branch_pipeline.py","logger":"airflow.models.dagbag.BundleDagBag","filename":"dagbag.py","lineno":593}
{"timestamp":"2026-02-13T09:27:00.465994Z","level":"warning","event":"The `airflow.decorators.dag` attribute is deprecated. Please use `'airflow.sdk.dag'`.","category":"DeprecatedImportWarning","filename":"/opt/airflow/dags/branch_pipeline.py","lineno":1,"logger":"py.warnings"}
{"timestamp":"2026-02-13T09:27:00.466163Z","level":"warning","event":"The `airflow.decorators.task` attribute is deprecated. Please use `'airflow.sdk.task'`.","category":"DeprecatedImportWarning","filename":"/opt/airflow/dags/branch_pipeline.py","lineno":1,"logger":"py.warnings"}
{"timestamp":"2026-02-13T09:27:00.466237Z","level":"warning","event":"The `airflow.operators.python.BranchPythonOperator` attribute is deprecated. Please use `'airflow.providers.standard.operators.python.BranchPythonOperator'`.","category":"DeprecatedImportWarning","filename":"/opt/airflow/dags/branch_pipeline.py","lineno":2,"logger":"py.warnings"}
{"timestamp":"2026-02-13T09:27:00.466298Z","level":"warning","event":"The `airflow.operators.bash.BashOperator` attribute is deprecated. Please use `'airflow.providers.standard.operators.bash.BashOperator'`.","category":"DeprecatedImportWarning","filename":"/opt/airflow/dags/branch_pipeline.py","lineno":3,"logger":"py.warnings"}
{"timestamp":"2026-02-13T09:27:30.802524Z","level":"info","event":"Filling up the DagBag from /opt/airflow/dags/branch_pipeline.py","logger":"airflow.models.dagbag.BundleDagBag","filename":"dagbag.py","lineno":593}
{"timestamp":"2026-02-13T09:27:30.859925Z","level":"warning","event":"The `airflow.decorators.dag` attribute is deprecated. Please use `'airflow.sdk.dag'`.","category":"DeprecatedImportWarning","filename":"/opt/airflow/dags/branch_pipeline.py","lineno":1,"logger":"py.warnings"}
{"timestamp":"2026-02-13T09:27:30.860065Z","level":"warning","event":"The `airflow.decorators.task` attribute is deprecated. Please use `'airflow.sdk.task'`.","category":"DeprecatedImportWarning","filename":"/opt/airflow/dags/branch_pipeline.py","lineno":1,"logger":"py.warnings"}
{"timestamp":"2026-02-13T09:27:30.860130Z","level":"warning","event":"The `airflow.operators.python.BranchPythonOperator` attribute is deprecated. Please use `'airflow.providers.standard.operators.python.BranchPythonOperator'`.","category":"DeprecatedImportWarning","filename":"/opt/airflow/dags/branch_pipeline.py","lineno":2,"logger":"py.warnings"}
{"timestamp":"2026-02-13T09:27:30.860210Z","level":"warning","event":"The `airflow.operators.bash.BashOperator` attribute is deprecated. Please use `'airflow.providers.standard.operators.bash.BashOperator'`.","category":"DeprecatedImportWarning","filename":"/opt/airflow/dags/branch_pipeline.py","lineno":3,"logger":"py.warnings"}
{"timestamp":"2026-02-13T09:28:01.431381Z","level":"info","event":"Filling up the DagBag from /opt/airflow/dags/branch_pipeline.py","logger":"airflow.models.dagbag.BundleDagBag","filename":"dagbag.py","lineno":593}
{"timestamp":"2026-02-13T09:28:01.484704Z","level":"warning","event":"The `airflow.decorators.dag` attribute is deprecated. Please use `'airflow.sdk.dag'`.","category":"DeprecatedImportWarning","filename":"/opt/airflow/dags/branch_pipeline.py","lineno":1,"logger":"py.warnings"}
{"timestamp":"2026-02-13T09:28:01.484849Z","level":"warning","event":"The `airflow.decorators.task` attribute is deprecated. Please use `'airflow.sdk.task'`.","category":"DeprecatedImportWarning","filename":"/opt/airflow/dags/branch_pipeline.py","lineno":1,"logger":"py.warnings"}
{"timestamp":"2026-02-13T09:28:01.484905Z","level":"warning","event":"The `airflow.operators.python.BranchPythonOperator` attribute is deprecated. Please use `'airflow.providers.standard.operators.python.BranchPythonOperator'`.","category":"DeprecatedImportWarning","filename":"/opt/airflow/dags/branch_pipeline.py","lineno":2,"logger":"py.warnings"}
{"timestamp":"2026-02-13T09:28:01.484985Z","level":"warning","event":"The `airflow.operators.bash.BashOperator` attribute is deprecated. Please use `'airflow.providers.standard.operators.bash.BashOperator'`.","category":"DeprecatedImportWarning","filename":"/opt/airflow/dags/branch_pipeline.py","lineno":3,"logger":"py.warnings"}
{"timestamp":"2026-02-13T09:28:31.892700Z","level":"info","event":"Filling up the DagBag from /opt/airflow/dags/branch_pipeline.py","logger":"airflow.models.dagbag.BundleDagBag","filename":"dagbag.py","lineno":593}
{"timestamp":"2026-02-13T09:28:31.950273Z","level":"warning","event":"The `airflow.decorators.dag` attribute is deprecated. Please use `'airflow.sdk.dag'`.","category":"DeprecatedImportWarning","filename":"/opt/airflow/dags/branch_pipeline.py","lineno":1,"logger":"py.warnings"}
{"timestamp":"2026-02-13T09:28:31.950427Z","level":"warning","event":"The `airflow.decorators.task` attribute is deprecated. Please use `'airflow.sdk.task'`.","category":"DeprecatedImportWarning","filename":"/opt/airflow/dags/branch_pipeline.py","lineno":1,"logger":"py.warnings"}
{"timestamp":"2026-02-13T09:28:31.950484Z","level":"warning","event":"The `airflow.operators.python.BranchPythonOperator` attribute is deprecated. Please use `'airflow.providers.standard.operators.python.BranchPythonOperator'`.","category":"DeprecatedImportWarning","filename":"/opt/airflow/dags/branch_pipeline.py","lineno":2,"logger":"py.warnings"}
{"timestamp":"2026-02-13T09:28:31.950550Z","level":"warning","event":"The `airflow.operators.bash.BashOperator` attribute is deprecated. Please use `'airflow.providers.standard.operators.bash.BashOperator'`.","category":"DeprecatedImportWarning","filename":"/opt/airflow/dags/branch_pipeline.py","lineno":3,"logger":"py.warnings"}
{"timestamp":"2026-02-13T09:29:02.423096Z","level":"info","event":"Filling up the DagBag from /opt/airflow/dags/branch_pipeline.py","logger":"airflow.models.dagbag.BundleDagBag","filename":"dagbag.py","lineno":593}
{"timestamp":"2026-02-13T09:29:02.472966Z","level":"warning","event":"The `airflow.decorators.dag` attribute is deprecated. Please use `'airflow.sdk.dag'`.","category":"DeprecatedImportWarning","filename":"/opt/airflow/dags/branch_pipeline.py","lineno":1,"logger":"py.warnings"}
{"timestamp":"2026-02-13T09:29:02.473269Z","level":"warning","event":"The `airflow.decorators.task` attribute is deprecated. Please use `'airflow.sdk.task'`.","category":"DeprecatedImportWarning","filename":"/opt/airflow/dags/branch_pipeline.py","lineno":1,"logger":"py.warnings"}
{"timestamp":"2026-02-13T09:29:02.473339Z","level":"warning","event":"The `airflow.operators.python.BranchPythonOperator` attribute is deprecated. Please use `'airflow.providers.standard.operators.python.BranchPythonOperator'`.","category":"DeprecatedImportWarning","filename":"/opt/airflow/dags/branch_pipeline.py","lineno":2,"logger":"py.warnings"}
{"timestamp":"2026-02-13T09:29:02.473763Z","level":"warning","event":"The `airflow.operators.bash.BashOperator` attribute is deprecated. Please use `'airflow.providers.standard.operators.bash.BashOperator'`.","category":"DeprecatedImportWarning","filename":"/opt/airflow/dags/branch_pipeline.py","lineno":3,"logger":"py.warnings"}
{"timestamp":"2026-02-13T09:29:32.896093Z","level":"info","event":"Filling up the DagBag from /opt/airflow/dags/branch_pipeline.py","logger":"airflow.models.dagbag.BundleDagBag","filename":"dagbag.py","lineno":593}
{"timestamp":"2026-02-13T09:29:32.969732Z","level":"warning","event":"The `airflow.decorators.dag` attribute is deprecated. Please use `'airflow.sdk.dag'`.","category":"DeprecatedImportWarning","filename":"/opt/airflow/dags/branch_pipeline.py","lineno":1,"logger":"py.warnings"}
{"timestamp":"2026-02-13T09:29:32.969945Z","level":"warning","event":"The `airflow.decorators.task` attribute is deprecated. Please use `'airflow.sdk.task'`.","category":"DeprecatedImportWarning","filename":"/opt/airflow/dags/branch_pipeline.py","lineno":1,"logger":"py.warnings"}
{"timestamp":"2026-02-13T09:29:32.970011Z","level":"warning","event":"The `airflow.operators.python.BranchPythonOperator` attribute is deprecated. Please use `'airflow.providers.standard.operators.python.BranchPythonOperator'`.","category":"DeprecatedImportWarning","filename":"/opt/airflow/dags/branch_pipeline.py","lineno":2,"logger":"py.warnings"}
{"timestamp":"2026-02-13T09:29:32.970077Z","level":"warning","event":"The `airflow.operators.bash.BashOperator` attribute is deprecated. Please use `'airflow.providers.standard.operators.bash.BashOperator'`.","category":"DeprecatedImportWarning","filename":"/opt/airflow/dags/branch_pipeline.py","lineno":3,"logger":"py.warnings"}
{"timestamp":"2026-02-13T09:30:03.270996Z","level":"info","event":"Filling up the DagBag from /opt/airflow/dags/branch_pipeline.py","logger":"airflow.models.dagbag.BundleDagBag","filename":"dagbag.py","lineno":593}
{"timestamp":"2026-02-13T09:30:03.316544Z","level":"warning","event":"The `airflow.decorators.dag` attribute is deprecated. Please use `'airflow.sdk.dag'`.","category":"DeprecatedImportWarning","filename":"/opt/airflow/dags/branch_pipeline.py","lineno":1,"logger":"py.warnings"}
{"timestamp":"2026-02-13T09:30:03.316674Z","level":"warning","event":"The `airflow.decorators.task` attribute is deprecated. Please use `'airflow.sdk.task'`.","category":"DeprecatedImportWarning","filename":"/opt/airflow/dags/branch_pipeline.py","lineno":1,"logger":"py.warnings"}
{"timestamp":"2026-02-13T09:30:03.316733Z","level":"warning","event":"The `airflow.operators.python.BranchPythonOperator` attribute is deprecated. Please use `'airflow.providers.standard.operators.python.BranchPythonOperator'`.","category":"DeprecatedImportWarning","filename":"/opt/airflow/dags/branch_pipeline.py","lineno":2,"logger":"py.warnings"}
{"timestamp":"2026-02-13T09:30:03.316789Z","level":"warning","event":"The `airflow.operators.bash.BashOperator` attribute is deprecated. Please use `'airflow.providers.standard.operators.bash.BashOperator'`.","category":"DeprecatedImportWarning","filename":"/opt/airflow/dags/branch_pipeline.py","lineno":3,"logger":"py.warnings"}
{"timestamp":"2026-02-13T09:30:33.696856Z","level":"info","event":"Filling up the DagBag from /opt/airflow/dags/branch_pipeline.py","logger":"airflow.models.dagbag.BundleDagBag","filename":"dagbag.py","lineno":593}
{"timestamp":"2026-02-13T09:30:33.762716Z","level":"warning","event":"The `airflow.decorators.dag` attribute is deprecated. Please use `'airflow.sdk.dag'`.","category":"DeprecatedImportWarning","filename":"/opt/airflow/dags/branch_pipeline.py","lineno":1,"logger":"py.warnings"}
{"timestamp":"2026-02-13T09:30:33.762963Z","level":"warning","event":"The `airflow.decorators.task` attribute is deprecated. Please use `'airflow.sdk.task'`.","category":"DeprecatedImportWarning","filename":"/opt/airflow/dags/branch_pipeline.py","lineno":1,"logger":"py.warnings"}
{"timestamp":"2026-02-13T09:30:33.763035Z","level":"warning","event":"The `airflow.operators.python.BranchPythonOperator` attribute is deprecated. Please use `'airflow.providers.standard.operators.python.BranchPythonOperator'`.","category":"DeprecatedImportWarning","filename":"/opt/airflow/dags/branch_pipeline.py","lineno":2,"logger":"py.warnings"}
{"timestamp":"2026-02-13T09:30:33.763098Z","level":"warning","event":"The `airflow.operators.bash.BashOperator` attribute is deprecated. Please use `'airflow.providers.standard.operators.bash.BashOperator'`.","category":"DeprecatedImportWarning","filename":"/opt/airflow/dags/branch_pipeline.py","lineno":3,"logger":"py.warnings"}
{"timestamp":"2026-02-13T09:31:04.322895Z","level":"info","event":"Filling up the DagBag from /opt/airflow/dags/branch_pipeline.py","logger":"airflow.models.dagbag.BundleDagBag","filename":"dagbag.py","lineno":593}
{"timestamp":"2026-02-13T09:31:04.386089Z","level":"warning","event":"The `airflow.decorators.dag` attribute is deprecated. Please use `'airflow.sdk.dag'`.","category":"DeprecatedImportWarning","filename":"/opt/airflow/dags/branch_pipeline.py","lineno":1,"logger":"py.warnings"}
{"timestamp":"2026-02-13T09:31:04.386225Z","level":"warning","event":"The `airflow.decorators.task` attribute is deprecated. Please use `'airflow.sdk.task'`.","category":"DeprecatedImportWarning","filename":"/opt/airflow/dags/branch_pipeline.py","lineno":1,"logger":"py.warnings"}
{"timestamp":"2026-02-13T09:31:04.386283Z","level":"warning","event":"The `airflow.operators.python.BranchPythonOperator` attribute is deprecated. Please use `'airflow.providers.standard.operators.python.BranchPythonOperator'`.","category":"DeprecatedImportWarning","filename":"/opt/airflow/dags/branch_pipeline.py","lineno":2,"logger":"py.warnings"}
{"timestamp":"2026-02-13T09:31:04.386340Z","level":"warning","event":"The `airflow.operators.bash.BashOperator` attribute is deprecated. Please use `'airflow.providers.standard.operators.bash.BashOperator'`.","category":"DeprecatedImportWarning","filename":"/opt/airflow/dags/branch_pipeline.py","lineno":3,"logger":"py.warnings"}
{"timestamp":"2026-02-13T09:31:34.910931Z","level":"info","event":"Filling up the DagBag from /opt/airflow/dags/branch_pipeline.py","logger":"airflow.models.dagbag.BundleDagBag","filename":"dagbag.py","lineno":593}
{"timestamp":"2026-02-13T09:31:34.965771Z","level":"warning","event":"The `airflow.decorators.dag` attribute is deprecated. Please use `'airflow.sdk.dag'`.","category":"DeprecatedImportWarning","filename":"/opt/airflow/dags/branch_pipeline.py","lineno":1,"logger":"py.warnings"}
{"timestamp":"2026-02-13T09:31:34.965942Z","level":"warning","event":"The `airflow.decorators.task` attribute is deprecated. Please use `'airflow.sdk.task'`.","category":"DeprecatedImportWarning","filename":"/opt/airflow/dags/branch_pipeline.py","lineno":1,"logger":"py.warnings"}
{"timestamp":"2026-02-13T09:31:34.966010Z","level":"warning","event":"The `airflow.operators.python.BranchPythonOperator` attribute is deprecated. Please use `'airflow.providers.standard.operators.python.BranchPythonOperator'`.","category":"DeprecatedImportWarning","filename":"/opt/airflow/dags/branch_pipeline.py","lineno":2,"logger":"py.warnings"}
{"timestamp":"2026-02-13T09:31:34.966071Z","level":"warning","event":"The `airflow.operators.bash.BashOperator` attribute is deprecated. Please use `'airflow.providers.standard.operators.bash.BashOperator'`.","category":"DeprecatedImportWarning","filename":"/opt/airflow/dags/branch_pipeline.py","lineno":3,"logger":"py.warnings"}
{"timestamp":"2026-02-13T09:32:05.487858Z","level":"info","event":"Filling up the DagBag from /opt/airflow/dags/branch_pipeline.py","logger":"airflow.models.dagbag.BundleDagBag","filename":"dagbag.py","lineno":593}
{"timestamp":"2026-02-13T09:32:05.548113Z","level":"warning","event":"The `airflow.decorators.dag` attribute is deprecated. Please use `'airflow.sdk.dag'`.","category":"DeprecatedImportWarning","filename":"/opt/airflow/dags/branch_pipeline.py","lineno":1,"logger":"py.warnings"}
{"timestamp":"2026-02-13T09:32:05.548258Z","level":"warning","event":"The `airflow.decorators.task` attribute is deprecated. Please use `'airflow.sdk.task'`.","category":"DeprecatedImportWarning","filename":"/opt/airflow/dags/branch_pipeline.py","lineno":1,"logger":"py.warnings"}
{"timestamp":"2026-02-13T09:32:05.548320Z","level":"warning","event":"The `airflow.operators.python.BranchPythonOperator` attribute is deprecated. Please use `'airflow.providers.standard.operators.python.BranchPythonOperator'`.","category":"DeprecatedImportWarning","filename":"/opt/airflow/dags/branch_pipeline.py","lineno":2,"logger":"py.warnings"}
{"timestamp":"2026-02-13T09:32:05.548398Z","level":"warning","event":"The `airflow.operators.bash.BashOperator` attribute is deprecated. Please use `'airflow.providers.standard.operators.bash.BashOperator'`.","category":"DeprecatedImportWarning","filename":"/opt/airflow/dags/branch_pipeline.py","lineno":3,"logger":"py.warnings"}
{"timestamp":"2026-02-13T09:32:36.037662Z","level":"info","event":"Filling up the DagBag from /opt/airflow/dags/branch_pipeline.py","logger":"airflow.models.dagbag.BundleDagBag","filename":"dagbag.py","lineno":593}
{"timestamp":"2026-02-13T09:32:36.107199Z","level":"warning","event":"The `airflow.decorators.dag` attribute is deprecated. Please use `'airflow.sdk.dag'`.","category":"DeprecatedImportWarning","filename":"/opt/airflow/dags/branch_pipeline.py","lineno":1,"logger":"py.warnings"}
{"timestamp":"2026-02-13T09:32:36.107328Z","level":"warning","event":"The `airflow.decorators.task` attribute is deprecated. Please use `'airflow.sdk.task'`.","category":"DeprecatedImportWarning","filename":"/opt/airflow/dags/branch_pipeline.py","lineno":1,"logger":"py.warnings"}
{"timestamp":"2026-02-13T09:32:36.107383Z","level":"warning","event":"The `airflow.operators.python.BranchPythonOperator` attribute is deprecated. Please use `'airflow.providers.standard.operators.python.BranchPythonOperator'`.","category":"DeprecatedImportWarning","filename":"/opt/airflow/dags/branch_pipeline.py","lineno":2,"logger":"py.warnings"}
{"timestamp":"2026-02-13T09:32:36.107563Z","level":"warning","event":"The `airflow.operators.bash.BashOperator` attribute is deprecated. Please use `'airflow.providers.standard.operators.bash.BashOperator'`.","category":"DeprecatedImportWarning","filename":"/opt/airflow/dags/branch_pipeline.py","lineno":3,"logger":"py.warnings"}
{"timestamp":"2026-02-13T09:33:06.562102Z","level":"info","event":"Filling up the DagBag from /opt/airflow/dags/branch_pipeline.py","logger":"airflow.models.dagbag.BundleDagBag","filename":"dagbag.py","lineno":593}
{"timestamp":"2026-02-13T09:33:06.622343Z","level":"warning","event":"The `airflow.decorators.dag` attribute is deprecated. Please use `'airflow.sdk.dag'`.","category":"DeprecatedImportWarning","filename":"/opt/airflow/dags/branch_pipeline.py","lineno":1,"logger":"py.warnings"}
{"timestamp":"2026-02-13T09:33:06.622515Z","level":"warning","event":"The `airflow.decorators.task` attribute is deprecated. Please use `'airflow.sdk.task'`.","category":"DeprecatedImportWarning","filename":"/opt/airflow/dags/branch_pipeline.py","lineno":1,"logger":"py.warnings"}
{"timestamp":"2026-02-13T09:33:06.622588Z","level":"warning","event":"The `airflow.operators.python.BranchPythonOperator` attribute is deprecated. Please use `'airflow.providers.standard.operators.python.BranchPythonOperator'`.","category":"DeprecatedImportWarning","filename":"/opt/airflow/dags/branch_pipeline.py","lineno":2,"logger":"py.warnings"}
{"timestamp":"2026-02-13T09:33:06.622652Z","level":"warning","event":"The `airflow.operators.bash.BashOperator` attribute is deprecated. Please use `'airflow.providers.standard.operators.bash.BashOperator'`.","category":"DeprecatedImportWarning","filename":"/opt/airflow/dags/branch_pipeline.py","lineno":3,"logger":"py.warnings"}
{"timestamp":"2026-02-13T09:33:37.296575Z","level":"info","event":"Filling up the DagBag from /opt/airflow/dags/branch_pipeline.py","logger":"airflow.models.dagbag.BundleDagBag","filename":"dagbag.py","lineno":593}
{"timestamp":"2026-02-13T09:33:37.367681Z","level":"warning","event":"The `airflow.decorators.dag` attribute is deprecated. Please use `'airflow.sdk.dag'`.","category":"DeprecatedImportWarning","filename":"/opt/airflow/dags/branch_pipeline.py","lineno":1,"logger":"py.warnings"}
{"timestamp":"2026-02-13T09:33:37.367844Z","level":"warning","event":"The `airflow.decorators.task` attribute is deprecated. Please use `'airflow.sdk.task'`.","category":"DeprecatedImportWarning","filename":"/opt/airflow/dags/branch_pipeline.py","lineno":1,"logger":"py.warnings"}
{"timestamp":"2026-02-13T09:33:37.367905Z","level":"warning","event":"The `airflow.operators.python.BranchPythonOperator` attribute is deprecated. Please use `'airflow.providers.standard.operators.python.BranchPythonOperator'`.","category":"DeprecatedImportWarning","filename":"/opt/airflow/dags/branch_pipeline.py","lineno":2,"logger":"py.warnings"}
{"timestamp":"2026-02-13T09:33:37.367969Z","level":"warning","event":"The `airflow.operators.bash.BashOperator` attribute is deprecated. Please use `'airflow.providers.standard.operators.bash.BashOperator'`.","category":"DeprecatedImportWarning","filename":"/opt/airflow/dags/branch_pipeline.py","lineno":3,"logger":"py.warnings"}
{"timestamp":"2026-02-13T09:34:07.701713Z","level":"info","event":"Filling up the DagBag from /opt/airflow/dags/branch_pipeline.py","logger":"airflow.models.dagbag.BundleDagBag","filename":"dagbag.py","lineno":593}
{"timestamp":"2026-02-13T09:34:07.757639Z","level":"warning","event":"The `airflow.decorators.dag` attribute is deprecated. Please use `'airflow.sdk.dag'`.","category":"DeprecatedImportWarning","filename":"/opt/airflow/dags/branch_pipeline.py","lineno":1,"logger":"py.warnings"}
{"timestamp":"2026-02-13T09:34:07.757776Z","level":"warning","event":"The `airflow.decorators.task` attribute is deprecated. Please use `'airflow.sdk.task'`.","category":"DeprecatedImportWarning","filename":"/opt/airflow/dags/branch_pipeline.py","lineno":1,"logger":"py.warnings"}
{"timestamp":"2026-02-13T09:34:07.757831Z","level":"warning","event":"The `airflow.operators.python.BranchPythonOperator` attribute is deprecated. Please use `'airflow.providers.standard.operators.python.BranchPythonOperator'`.","category":"DeprecatedImportWarning","filename":"/opt/airflow/dags/branch_pipeline.py","lineno":2,"logger":"py.warnings"}
{"timestamp":"2026-02-13T09:34:07.757894Z","level":"warning","event":"The `airflow.operators.bash.BashOperator` attribute is deprecated. Please use `'airflow.providers.standard.operators.bash.BashOperator'`.","category":"DeprecatedImportWarning","filename":"/opt/airflow/dags/branch_pipeline.py","lineno":3,"logger":"py.warnings"}
{"timestamp":"2026-02-13T09:34:38.434567Z","level":"info","event":"Filling up the DagBag from /opt/airflow/dags/branch_pipeline.py","logger":"airflow.models.dagbag.BundleDagBag","filename":"dagbag.py","lineno":593}
{"timestamp":"2026-02-13T09:34:38.490058Z","level":"warning","event":"The `airflow.decorators.dag` attribute is deprecated. Please use `'airflow.sdk.dag'`.","category":"DeprecatedImportWarning","filename":"/opt/airflow/dags/branch_pipeline.py","lineno":1,"logger":"py.warnings"}
{"timestamp":"2026-02-13T09:34:38.490340Z","level":"warning","event":"The `airflow.decorators.task` attribute is deprecated. Please use `'airflow.sdk.task'`.","category":"DeprecatedImportWarning","filename":"/opt/airflow/dags/branch_pipeline.py","lineno":1,"logger":"py.warnings"}
{"timestamp":"2026-02-13T09:34:38.490408Z","level":"warning","event":"The `airflow.operators.python.BranchPythonOperator` attribute is deprecated. Please use `'airflow.providers.standard.operators.python.BranchPythonOperator'`.","category":"DeprecatedImportWarning","filename":"/opt/airflow/dags/branch_pipeline.py","lineno":2,"logger":"py.warnings"}
{"timestamp":"2026-02-13T09:34:38.490489Z","level":"warning","event":"The `airflow.operators.bash.BashOperator` attribute is deprecated. Please use `'airflow.providers.standard.operators.bash.BashOperator'`.","category":"DeprecatedImportWarning","filename":"/opt/airflow/dags/branch_pipeline.py","lineno":3,"logger":"py.warnings"}
{"timestamp":"2026-02-13T09:35:08.790847Z","level":"info","event":"Filling up the DagBag from /opt/airflow/dags/branch_pipeline.py","logger":"airflow.models.dagbag.BundleDagBag","filename":"dagbag.py","lineno":593}
{"timestamp":"2026-02-13T09:35:08.845863Z","level":"warning","event":"The `airflow.decorators.dag` attribute is deprecated. Please use `'airflow.sdk.dag'`.","category":"DeprecatedImportWarning","filename":"/opt/airflow/dags/branch_pipeline.py","lineno":1,"logger":"py.warnings"}
{"timestamp":"2026-02-13T09:35:08.846005Z","level":"warning","event":"The `airflow.decorators.task` attribute is deprecated. Please use `'airflow.sdk.task'`.","category":"DeprecatedImportWarning","filename":"/opt/airflow/dags/branch_pipeline.py","lineno":1,"logger":"py.warnings"}
{"timestamp":"2026-02-13T09:35:08.846064Z","level":"warning","event":"The `airflow.operators.python.BranchPythonOperator` attribute is deprecated. Please use `'airflow.providers.standard.operators.python.BranchPythonOperator'`.","category":"DeprecatedImportWarning","filename":"/opt/airflow/dags/branch_pipeline.py","lineno":2,"logger":"py.warnings"}
{"timestamp":"2026-02-13T09:35:08.846123Z","level":"warning","event":"The `airflow.operators.bash.BashOperator` attribute is deprecated. Please use `'airflow.providers.standard.operators.bash.BashOperator'`.","category":"DeprecatedImportWarning","filename":"/opt/airflow/dags/branch_pipeline.py","lineno":3,"logger":"py.warnings"}
{"timestamp":"2026-02-13T09:35:39.269368Z","level":"info","event":"Filling up the DagBag from /opt/airflow/dags/branch_pipeline.py","logger":"airflow.models.dagbag.BundleDagBag","filename":"dagbag.py","lineno":593}
{"timestamp":"2026-02-13T09:35:39.333315Z","level":"warning","event":"The `airflow.decorators.dag` attribute is deprecated. Please use `'airflow.sdk.dag'`.","category":"DeprecatedImportWarning","filename":"/opt/airflow/dags/branch_pipeline.py","lineno":1,"logger":"py.warnings"}
{"timestamp":"2026-02-13T09:35:39.333490Z","level":"warning","event":"The `airflow.decorators.task` attribute is deprecated. Please use `'airflow.sdk.task'`.","category":"DeprecatedImportWarning","filename":"/opt/airflow/dags/branch_pipeline.py","lineno":1,"logger":"py.warnings"}
{"timestamp":"2026-02-13T09:35:39.333560Z","level":"warning","event":"The `airflow.operators.python.BranchPythonOperator` attribute is deprecated. Please use `'airflow.providers.standard.operators.python.BranchPythonOperator'`.","category":"DeprecatedImportWarning","filename":"/opt/airflow/dags/branch_pipeline.py","lineno":2,"logger":"py.warnings"}
{"timestamp":"2026-02-13T09:35:39.333625Z","level":"warning","event":"The `airflow.operators.bash.BashOperator` attribute is deprecated. Please use `'airflow.providers.standard.operators.bash.BashOperator'`.","category":"DeprecatedImportWarning","filename":"/opt/airflow/dags/branch_pipeline.py","lineno":3,"logger":"py.warnings"}
{"timestamp":"2026-02-13T09:36:09.550516Z","level":"info","event":"Filling up the DagBag from /opt/airflow/dags/branch_pipeline.py","logger":"airflow.models.dagbag.BundleDagBag","filename":"dagbag.py","lineno":593}
{"timestamp":"2026-02-13T09:36:09.598575Z","level":"warning","event":"The `airflow.decorators.dag` attribute is deprecated. Please use `'airflow.sdk.dag'`.","category":"DeprecatedImportWarning","filename":"/opt/airflow/dags/branch_pipeline.py","lineno":1,"logger":"py.warnings"}
{"timestamp":"2026-02-13T09:36:09.598767Z","level":"warning","event":"The `airflow.decorators.task` attribute is deprecated. Please use `'airflow.sdk.task'`.","category":"DeprecatedImportWarning","filename":"/opt/airflow/dags/branch_pipeline.py","lineno":1,"logger":"py.warnings"}
{"timestamp":"2026-02-13T09:36:09.598852Z","level":"warning","event":"The `airflow.operators.python.BranchPythonOperator` attribute is deprecated. Please use `'airflow.providers.standard.operators.python.BranchPythonOperator'`.","category":"DeprecatedImportWarning","filename":"/opt/airflow/dags/branch_pipeline.py","lineno":2,"logger":"py.warnings"}
{"timestamp":"2026-02-13T09:36:09.598920Z","level":"warning","event":"The `airflow.operators.bash.BashOperator` attribute is deprecated. Please use `'airflow.providers.standard.operators.bash.BashOperator'`.","category":"DeprecatedImportWarning","filename":"/opt/airflow/dags/branch_pipeline.py","lineno":3,"logger":"py.warnings"}
{"timestamp":"2026-02-13T09:36:40.179889Z","level":"info","event":"Filling up the DagBag from /opt/airflow/dags/branch_pipeline.py","logger":"airflow.models.dagbag.BundleDagBag","filename":"dagbag.py","lineno":593}
{"timestamp":"2026-02-13T09:36:40.233095Z","level":"warning","event":"The `airflow.decorators.dag` attribute is deprecated. Please use `'airflow.sdk.dag'`.","category":"DeprecatedImportWarning","filename":"/opt/airflow/dags/branch_pipeline.py","lineno":1,"logger":"py.warnings"}
{"timestamp":"2026-02-13T09:36:40.233231Z","level":"warning","event":"The `airflow.decorators.task` attribute is deprecated. Please use `'airflow.sdk.task'`.","category":"DeprecatedImportWarning","filename":"/opt/airflow/dags/branch_pipeline.py","lineno":1,"logger":"py.warnings"}
{"timestamp":"2026-02-13T09:36:40.233334Z","level":"warning","event":"The `airflow.operators.python.BranchPythonOperator` attribute is deprecated. Please use `'airflow.providers.standard.operators.python.BranchPythonOperator'`.","category":"DeprecatedImportWarning","filename":"/opt/airflow/dags/branch_pipeline.py","lineno":2,"logger":"py.warnings"}
{"timestamp":"2026-02-13T09:36:40.233411Z","level":"warning","event":"The `airflow.operators.bash.BashOperator` attribute is deprecated. Please use `'airflow.providers.standard.operators.bash.BashOperator'`.","category":"DeprecatedImportWarning","filename":"/opt/airflow/dags/branch_pipeline.py","lineno":3,"logger":"py.warnings"}
{"timestamp":"2026-02-13T09:37:10.576833Z","level":"info","event":"Filling up the DagBag from /opt/airflow/dags/branch_pipeline.py","logger":"airflow.models.dagbag.BundleDagBag","filename":"dagbag.py","lineno":593}
{"timestamp":"2026-02-13T09:37:10.636238Z","level":"warning","event":"The `airflow.decorators.dag` attribute is deprecated. Please use `'airflow.sdk.dag'`.","category":"DeprecatedImportWarning","filename":"/opt/airflow/dags/branch_pipeline.py","lineno":1,"logger":"py.warnings"}
{"timestamp":"2026-02-13T09:37:10.636400Z","level":"warning","event":"The `airflow.decorators.task` attribute is deprecated. Please use `'airflow.sdk.task'`.","category":"DeprecatedImportWarning","filename":"/opt/airflow/dags/branch_pipeline.py","lineno":1,"logger":"py.warnings"}
{"timestamp":"2026-02-13T09:37:10.636471Z","level":"warning","event":"The `airflow.operators.python.BranchPythonOperator` attribute is deprecated. Please use `'airflow.providers.standard.operators.python.BranchPythonOperator'`.","category":"DeprecatedImportWarning","filename":"/opt/airflow/dags/branch_pipeline.py","lineno":2,"logger":"py.warnings"}
{"timestamp":"2026-02-13T09:37:10.636532Z","level":"warning","event":"The `airflow.operators.bash.BashOperator` attribute is deprecated. Please use `'airflow.providers.standard.operators.bash.BashOperator'`.","category":"DeprecatedImportWarning","filename":"/opt/airflow/dags/branch_pipeline.py","lineno":3,"logger":"py.warnings"}
{"timestamp":"2026-02-13T09:37:41.101680Z","level":"info","event":"Filling up the DagBag from /opt/airflow/dags/branch_pipeline.py","logger":"airflow.models.dagbag.BundleDagBag","filename":"dagbag.py","lineno":593}
{"timestamp":"2026-02-13T09:37:41.157605Z","level":"warning","event":"The `airflow.decorators.dag` attribute is deprecated. Please use `'airflow.sdk.dag'`.","category":"DeprecatedImportWarning","filename":"/opt/airflow/dags/branch_pipeline.py","lineno":1,"logger":"py.warnings"}
{"timestamp":"2026-02-13T09:37:41.157761Z","level":"warning","event":"The `airflow.decorators.task` attribute is deprecated. Please use `'airflow.sdk.task'`.","category":"DeprecatedImportWarning","filename":"/opt/airflow/dags/branch_pipeline.py","lineno":1,"logger":"py.warnings"}
{"timestamp":"2026-02-13T09:37:41.157818Z","level":"warning","event":"The `airflow.operators.python.BranchPythonOperator` attribute is deprecated. Please use `'airflow.providers.standard.operators.python.BranchPythonOperator'`.","category":"DeprecatedImportWarning","filename":"/opt/airflow/dags/branch_pipeline.py","lineno":2,"logger":"py.warnings"}
{"timestamp":"2026-02-13T09:37:41.157874Z","level":"warning","event":"The `airflow.operators.bash.BashOperator` attribute is deprecated. Please use `'airflow.providers.standard.operators.bash.BashOperator'`.","category":"DeprecatedImportWarning","filename":"/opt/airflow/dags/branch_pipeline.py","lineno":3,"logger":"py.warnings"}
{"timestamp":"2026-02-13T09:38:11.569099Z","level":"info","event":"Filling up the DagBag from /opt/airflow/dags/branch_pipeline.py","logger":"airflow.models.dagbag.BundleDagBag","filename":"dagbag.py","lineno":593}
{"timestamp":"2026-02-13T09:38:11.627550Z","level":"warning","event":"The `airflow.decorators.dag` attribute is deprecated. Please use `'airflow.sdk.dag'`.","category":"DeprecatedImportWarning","filename":"/opt/airflow/dags/branch_pipeline.py","lineno":1,"logger":"py.warnings"}
{"timestamp":"2026-02-13T09:38:11.627756Z","level":"warning","event":"The `airflow.decorators.task` attribute is deprecated. Please use `'airflow.sdk.task'`.","category":"DeprecatedImportWarning","filename":"/opt/airflow/dags/branch_pipeline.py","lineno":1,"logger":"py.warnings"}
{"timestamp":"2026-02-13T09:38:11.627818Z","level":"warning","event":"The `airflow.operators.python.BranchPythonOperator` attribute is deprecated. Please use `'airflow.providers.standard.operators.python.BranchPythonOperator'`.","category":"DeprecatedImportWarning","filename":"/opt/airflow/dags/branch_pipeline.py","lineno":2,"logger":"py.warnings"}
{"timestamp":"2026-02-13T09:38:11.627894Z","level":"warning","event":"The `airflow.operators.bash.BashOperator` attribute is deprecated. Please use `'airflow.providers.standard.operators.bash.BashOperator'`.","category":"DeprecatedImportWarning","filename":"/opt/airflow/dags/branch_pipeline.py","lineno":3,"logger":"py.warnings"}
{"timestamp":"2026-02-13T09:38:42.049620Z","level":"info","event":"Filling up the DagBag from /opt/airflow/dags/branch_pipeline.py","logger":"airflow.models.dagbag.BundleDagBag","filename":"dagbag.py","lineno":593}
{"timestamp":"2026-02-13T09:38:42.101137Z","level":"warning","event":"The `airflow.decorators.dag` attribute is deprecated. Please use `'airflow.sdk.dag'`.","category":"DeprecatedImportWarning","filename":"/opt/airflow/dags/branch_pipeline.py","lineno":1,"logger":"py.warnings"}
{"timestamp":"2026-02-13T09:38:42.101272Z","level":"warning","event":"The `airflow.decorators.task` attribute is deprecated. Please use `'airflow.sdk.task'`.","category":"DeprecatedImportWarning","filename":"/opt/airflow/dags/branch_pipeline.py","lineno":1,"logger":"py.warnings"}
{"timestamp":"2026-02-13T09:38:42.101329Z","level":"warning","event":"The `airflow.operators.python.BranchPythonOperator` attribute is deprecated. Please use `'airflow.providers.standard.operators.python.BranchPythonOperator'`.","category":"DeprecatedImportWarning","filename":"/opt/airflow/dags/branch_pipeline.py","lineno":2,"logger":"py.warnings"}
{"timestamp":"2026-02-13T09:38:42.101387Z","level":"warning","event":"The `airflow.operators.bash.BashOperator` attribute is deprecated. Please use `'airflow.providers.standard.operators.bash.BashOperator'`.","category":"DeprecatedImportWarning","filename":"/opt/airflow/dags/branch_pipeline.py","lineno":3,"logger":"py.warnings"}
{"timestamp":"2026-02-13T09:39:12.531243Z","level":"info","event":"Filling up the DagBag from /opt/airflow/dags/branch_pipeline.py","logger":"airflow.models.dagbag.BundleDagBag","filename":"dagbag.py","lineno":593}
{"timestamp":"2026-02-13T09:39:12.589778Z","level":"warning","event":"The `airflow.decorators.dag` attribute is deprecated. Please use `'airflow.sdk.dag'`.","category":"DeprecatedImportWarning","filename":"/opt/airflow/dags/branch_pipeline.py","lineno":1,"logger":"py.warnings"}
{"timestamp":"2026-02-13T09:39:12.589959Z","level":"warning","event":"The `airflow.decorators.task` attribute is deprecated. Please use `'airflow.sdk.task'`.","category":"DeprecatedImportWarning","filename":"/opt/airflow/dags/branch_pipeline.py","lineno":1,"logger":"py.warnings"}
{"timestamp":"2026-02-13T09:39:12.590028Z","level":"warning","event":"The `airflow.operators.python.BranchPythonOperator` attribute is deprecated. Please use `'airflow.providers.standard.operators.python.BranchPythonOperator'`.","category":"DeprecatedImportWarning","filename":"/opt/airflow/dags/branch_pipeline.py","lineno":2,"logger":"py.warnings"}
{"timestamp":"2026-02-13T09:39:12.590096Z","level":"warning","event":"The `airflow.operators.bash.BashOperator` attribute is deprecated. Please use `'airflow.providers.standard.operators.bash.BashOperator'`.","category":"DeprecatedImportWarning","filename":"/opt/airflow/dags/branch_pipeline.py","lineno":3,"logger":"py.warnings"}
{"timestamp":"2026-02-13T09:39:42.957818Z","level":"info","event":"Filling up the DagBag from /opt/airflow/dags/branch_pipeline.py","logger":"airflow.models.dagbag.BundleDagBag","filename":"dagbag.py","lineno":593}
{"timestamp":"2026-02-13T09:39:43.008759Z","level":"warning","event":"The `airflow.decorators.dag` attribute is deprecated. Please use `'airflow.sdk.dag'`.","category":"DeprecatedImportWarning","filename":"/opt/airflow/dags/branch_pipeline.py","lineno":1,"logger":"py.warnings"}
{"timestamp":"2026-02-13T09:39:43.008892Z","level":"warning","event":"The `airflow.decorators.task` attribute is deprecated. Please use `'airflow.sdk.task'`.","category":"DeprecatedImportWarning","filename":"/opt/airflow/dags/branch_pipeline.py","lineno":1,"logger":"py.warnings"}
{"timestamp":"2026-02-13T09:39:43.008950Z","level":"warning","event":"The `airflow.operators.python.BranchPythonOperator` attribute is deprecated. Please use `'airflow.providers.standard.operators.python.BranchPythonOperator'`.","category":"DeprecatedImportWarning","filename":"/opt/airflow/dags/branch_pipeline.py","lineno":2,"logger":"py.warnings"}
{"timestamp":"2026-02-13T09:39:43.009007Z","level":"warning","event":"The `airflow.operators.bash.BashOperator` attribute is deprecated. Please use `'airflow.providers.standard.operators.bash.BashOperator'`.","category":"DeprecatedImportWarning","filename":"/opt/airflow/dags/branch_pipeline.py","lineno":3,"logger":"py.warnings"}
{"timestamp":"2026-02-13T09:40:13.904808Z","level":"info","event":"Filling up the DagBag from /opt/airflow/dags/branch_pipeline.py","logger":"airflow.models.dagbag.BundleDagBag","filename":"dagbag.py","lineno":593}
{"timestamp":"2026-02-13T09:40:13.954406Z","level":"warning","event":"The `airflow.decorators.dag` attribute is deprecated. Please use `'airflow.sdk.dag'`.","category":"DeprecatedImportWarning","filename":"/opt/airflow/dags/branch_pipeline.py","lineno":1,"logger":"py.warnings"}
{"timestamp":"2026-02-13T09:40:13.954662Z","level":"warning","event":"The `airflow.decorators.task` attribute is deprecated. Please use `'airflow.sdk.task'`.","category":"DeprecatedImportWarning","filename":"/opt/airflow/dags/branch_pipeline.py","lineno":1,"logger":"py.warnings"}
{"timestamp":"2026-02-13T09:40:13.954743Z","level":"warning","event":"The `airflow.operators.python.BranchPythonOperator` attribute is deprecated. Please use `'airflow.providers.standard.operators.python.BranchPythonOperator'`.","category":"DeprecatedImportWarning","filename":"/opt/airflow/dags/branch_pipeline.py","lineno":2,"logger":"py.warnings"}
{"timestamp":"2026-02-13T09:40:13.954805Z","level":"warning","event":"The `airflow.operators.bash.BashOperator` attribute is deprecated. Please use `'airflow.providers.standard.operators.bash.BashOperator'`.","category":"DeprecatedImportWarning","filename":"/opt/airflow/dags/branch_pipeline.py","lineno":3,"logger":"py.warnings"}
{"timestamp":"2026-02-13T09:40:44.418792Z","level":"info","event":"Filling up the DagBag from /opt/airflow/dags/branch_pipeline.py","logger":"airflow.models.dagbag.BundleDagBag","filename":"dagbag.py","lineno":593}
{"timestamp":"2026-02-13T09:40:44.473940Z","level":"warning","event":"The `airflow.decorators.dag` attribute is deprecated. Please use `'airflow.sdk.dag'`.","category":"DeprecatedImportWarning","filename":"/opt/airflow/dags/branch_pipeline.py","lineno":1,"logger":"py.warnings"}
{"timestamp":"2026-02-13T09:40:44.474138Z","level":"warning","event":"The `airflow.decorators.task` attribute is deprecated. Please use `'airflow.sdk.task'`.","category":"DeprecatedImportWarning","filename":"/opt/airflow/dags/branch_pipeline.py","lineno":1,"logger":"py.warnings"}
{"timestamp":"2026-02-13T09:40:44.474208Z","level":"warning","event":"The `airflow.operators.python.BranchPythonOperator` attribute is deprecated. Please use `'airflow.providers.standard.operators.python.BranchPythonOperator'`.","category":"DeprecatedImportWarning","filename":"/opt/airflow/dags/branch_pipeline.py","lineno":2,"logger":"py.warnings"}
{"timestamp":"2026-02-13T09:40:44.474275Z","level":"warning","event":"The `airflow.operators.bash.BashOperator` attribute is deprecated. Please use `'airflow.providers.standard.operators.bash.BashOperator'`.","category":"DeprecatedImportWarning","filename":"/opt/airflow/dags/branch_pipeline.py","lineno":3,"logger":"py.warnings"}
{"timestamp":"2026-02-13T09:41:14.893109Z","level":"info","event":"Filling up the DagBag from /opt/airflow/dags/branch_pipeline.py","logger":"airflow.models.dagbag.BundleDagBag","filename":"dagbag.py","lineno":593}
{"timestamp":"2026-02-13T09:41:14.952363Z","level":"warning","event":"The `airflow.decorators.dag` attribute is deprecated. Please use `'airflow.sdk.dag'`.","category":"DeprecatedImportWarning","filename":"/opt/airflow/dags/branch_pipeline.py","lineno":1,"logger":"py.warnings"}
{"timestamp":"2026-02-13T09:41:14.952739Z","level":"warning","event":"The `airflow.decorators.task` attribute is deprecated. Please use `'airflow.sdk.task'`.","category":"DeprecatedImportWarning","filename":"/opt/airflow/dags/branch_pipeline.py","lineno":1,"logger":"py.warnings"}
{"timestamp":"2026-02-13T09:41:14.952835Z","level":"warning","event":"The `airflow.operators.python.BranchPythonOperator` attribute is deprecated. Please use `'airflow.providers.standard.operators.python.BranchPythonOperator'`.","category":"DeprecatedImportWarning","filename":"/opt/airflow/dags/branch_pipeline.py","lineno":2,"logger":"py.warnings"}
{"timestamp":"2026-02-13T09:41:14.952912Z","level":"warning","event":"The `airflow.operators.bash.BashOperator` attribute is deprecated. Please use `'airflow.providers.standard.operators.bash.BashOperator'`.","category":"DeprecatedImportWarning","filename":"/opt/airflow/dags/branch_pipeline.py","lineno":3,"logger":"py.warnings"}
{"timestamp":"2026-02-13T09:41:45.313654Z","level":"info","event":"Filling up the DagBag from /opt/airflow/dags/branch_pipeline.py","logger":"airflow.models.dagbag.BundleDagBag","filename":"dagbag.py","lineno":593}
{"timestamp":"2026-02-13T09:41:45.378598Z","level":"warning","event":"The `airflow.decorators.dag` attribute is deprecated. Please use `'airflow.sdk.dag'`.","category":"DeprecatedImportWarning","filename":"/opt/airflow/dags/branch_pipeline.py","lineno":1,"logger":"py.warnings"}
{"timestamp":"2026-02-13T09:41:45.378763Z","level":"warning","event":"The `airflow.decorators.task` attribute is deprecated. Please use `'airflow.sdk.task'`.","category":"DeprecatedImportWarning","filename":"/opt/airflow/dags/branch_pipeline.py","lineno":1,"logger":"py.warnings"}
{"timestamp":"2026-02-13T09:41:45.378820Z","level":"warning","event":"The `airflow.operators.python.BranchPythonOperator` attribute is deprecated. Please use `'airflow.providers.standard.operators.python.BranchPythonOperator'`.","category":"DeprecatedImportWarning","filename":"/opt/airflow/dags/branch_pipeline.py","lineno":2,"logger":"py.warnings"}
{"timestamp":"2026-02-13T09:41:45.378886Z","level":"warning","event":"The `airflow.operators.bash.BashOperator` attribute is deprecated. Please use `'airflow.providers.standard.operators.bash.BashOperator'`.","category":"DeprecatedImportWarning","filename":"/opt/airflow/dags/branch_pipeline.py","lineno":3,"logger":"py.warnings"}
{"timestamp":"2026-02-13T09:42:15.866799Z","level":"info","event":"Filling up the DagBag from /opt/airflow/dags/branch_pipeline.py","logger":"airflow.models.dagbag.BundleDagBag","filename":"dagbag.py","lineno":593}
{"timestamp":"2026-02-13T09:42:15.930530Z","level":"warning","event":"The `airflow.decorators.dag` attribute is deprecated. Please use `'airflow.sdk.dag'`.","category":"DeprecatedImportWarning","filename":"/opt/airflow/dags/branch_pipeline.py","lineno":1,"logger":"py.warnings"}
{"timestamp":"2026-02-13T09:42:15.930695Z","level":"warning","event":"The `airflow.decorators.task` attribute is deprecated. Please use `'airflow.sdk.task'`.","category":"DeprecatedImportWarning","filename":"/opt/airflow/dags/branch_pipeline.py","lineno":1,"logger":"py.warnings"}
{"timestamp":"2026-02-13T09:42:15.930759Z","level":"warning","event":"The `airflow.operators.python.BranchPythonOperator` attribute is deprecated. Please use `'airflow.providers.standard.operators.python.BranchPythonOperator'`.","category":"DeprecatedImportWarning","filename":"/opt/airflow/dags/branch_pipeline.py","lineno":2,"logger":"py.warnings"}
{"timestamp":"2026-02-13T09:42:15.930850Z","level":"warning","event":"The `airflow.operators.bash.BashOperator` attribute is deprecated. Please use `'airflow.providers.standard.operators.bash.BashOperator'`.","category":"DeprecatedImportWarning","filename":"/opt/airflow/dags/branch_pipeline.py","lineno":3,"logger":"py.warnings"}
{"timestamp":"2026-02-13T09:42:46.374281Z","level":"info","event":"Filling up the DagBag from /opt/airflow/dags/branch_pipeline.py","logger":"airflow.models.dagbag.BundleDagBag","filename":"dagbag.py","lineno":593}
{"timestamp":"2026-02-13T09:42:46.434690Z","level":"warning","event":"The `airflow.decorators.dag` attribute is deprecated. Please use `'airflow.sdk.dag'`.","category":"DeprecatedImportWarning","filename":"/opt/airflow/dags/branch_pipeline.py","lineno":1,"logger":"py.warnings"}
{"timestamp":"2026-02-13T09:42:46.434878Z","level":"warning","event":"The `airflow.decorators.task` attribute is deprecated. Please use `'airflow.sdk.task'`.","category":"DeprecatedImportWarning","filename":"/opt/airflow/dags/branch_pipeline.py","lineno":1,"logger":"py.warnings"}
{"timestamp":"2026-02-13T09:42:46.434946Z","level":"warning","event":"The `airflow.operators.python.BranchPythonOperator` attribute is deprecated. Please use `'airflow.providers.standard.operators.python.BranchPythonOperator'`.","category":"DeprecatedImportWarning","filename":"/opt/airflow/dags/branch_pipeline.py","lineno":2,"logger":"py.warnings"}
{"timestamp":"2026-02-13T09:42:46.435007Z","level":"warning","event":"The `airflow.operators.bash.BashOperator` attribute is deprecated. Please use `'airflow.providers.standard.operators.bash.BashOperator'`.","category":"DeprecatedImportWarning","filename":"/opt/airflow/dags/branch_pipeline.py","lineno":3,"logger":"py.warnings"}
{"timestamp":"2026-02-13T09:43:16.721277Z","level":"info","event":"Filling up the DagBag from /opt/airflow/dags/branch_pipeline.py","logger":"airflow.models.dagbag.BundleDagBag","filename":"dagbag.py","lineno":593}
{"timestamp":"2026-02-13T09:43:16.768714Z","level":"warning","event":"The `airflow.decorators.dag` attribute is deprecated. Please use `'airflow.sdk.dag'`.","category":"DeprecatedImportWarning","filename":"/opt/airflow/dags/branch_pipeline.py","lineno":1,"logger":"py.warnings"}
{"timestamp":"2026-02-13T09:43:16.769214Z","level":"warning","event":"The `airflow.decorators.task` attribute is deprecated. Please use `'airflow.sdk.task'`.","category":"DeprecatedImportWarning","filename":"/opt/airflow/dags/branch_pipeline.py","lineno":1,"logger":"py.warnings"}
{"timestamp":"2026-02-13T09:43:16.769281Z","level":"warning","event":"The `airflow.operators.python.BranchPythonOperator` attribute is deprecated. Please use `'airflow.providers.standard.operators.python.BranchPythonOperator'`.","category":"DeprecatedImportWarning","filename":"/opt/airflow/dags/branch_pipeline.py","lineno":2,"logger":"py.warnings"}
{"timestamp":"2026-02-13T09:43:16.769350Z","level":"warning","event":"The `airflow.operators.bash.BashOperator` attribute is deprecated. Please use `'airflow.providers.standard.operators.bash.BashOperator'`.","category":"DeprecatedImportWarning","filename":"/opt/airflow/dags/branch_pipeline.py","lineno":3,"logger":"py.warnings"}
{"timestamp":"2026-02-13T09:43:47.081215Z","level":"info","event":"Filling up the DagBag from /opt/airflow/dags/branch_pipeline.py","logger":"airflow.models.dagbag.BundleDagBag","filename":"dagbag.py","lineno":593}
{"timestamp":"2026-02-13T09:43:47.143259Z","level":"warning","event":"The `airflow.decorators.dag` attribute is deprecated. Please use `'airflow.sdk.dag'`.","category":"DeprecatedImportWarning","filename":"/opt/airflow/dags/branch_pipeline.py","lineno":1,"logger":"py.warnings"}
{"timestamp":"2026-02-13T09:43:47.143390Z","level":"warning","event":"The `airflow.decorators.task` attribute is deprecated. Please use `'airflow.sdk.task'`.","category":"DeprecatedImportWarning","filename":"/opt/airflow/dags/branch_pipeline.py","lineno":1,"logger":"py.warnings"}
{"timestamp":"2026-02-13T09:43:47.143450Z","level":"warning","event":"The `airflow.operators.python.BranchPythonOperator` attribute is deprecated. Please use `'airflow.providers.standard.operators.python.BranchPythonOperator'`.","category":"DeprecatedImportWarning","filename":"/opt/airflow/dags/branch_pipeline.py","lineno":2,"logger":"py.warnings"}
{"timestamp":"2026-02-13T09:43:47.143510Z","level":"warning","event":"The `airflow.operators.bash.BashOperator` attribute is deprecated. Please use `'airflow.providers.standard.operators.bash.BashOperator'`.","category":"DeprecatedImportWarning","filename":"/opt/airflow/dags/branch_pipeline.py","lineno":3,"logger":"py.warnings"}
{"timestamp":"2026-02-13T09:44:17.890155Z","level":"info","event":"Filling up the DagBag from /opt/airflow/dags/branch_pipeline.py","logger":"airflow.models.dagbag.BundleDagBag","filename":"dagbag.py","lineno":593}
{"timestamp":"2026-02-13T09:44:17.945411Z","level":"warning","event":"The `airflow.decorators.dag` attribute is deprecated. Please use `'airflow.sdk.dag'`.","category":"DeprecatedImportWarning","filename":"/opt/airflow/dags/branch_pipeline.py","lineno":1,"logger":"py.warnings"}
{"timestamp":"2026-02-13T09:44:17.945568Z","level":"warning","event":"The `airflow.decorators.task` attribute is deprecated. Please use `'airflow.sdk.task'`.","category":"DeprecatedImportWarning","filename":"/opt/airflow/dags/branch_pipeline.py","lineno":1,"logger":"py.warnings"}
{"timestamp":"2026-02-13T09:44:17.945630Z","level":"warning","event":"The `airflow.operators.python.BranchPythonOperator` attribute is deprecated. Please use `'airflow.providers.standard.operators.python.BranchPythonOperator'`.","category":"DeprecatedImportWarning","filename":"/opt/airflow/dags/branch_pipeline.py","lineno":2,"logger":"py.warnings"}
{"timestamp":"2026-02-13T09:44:17.945697Z","level":"warning","event":"The `airflow.operators.bash.BashOperator` attribute is deprecated. Please use `'airflow.providers.standard.operators.bash.BashOperator'`.","category":"DeprecatedImportWarning","filename":"/opt/airflow/dags/branch_pipeline.py","lineno":3,"logger":"py.warnings"}
{"timestamp":"2026-02-13T09:44:48.444265Z","level":"info","event":"Filling up the DagBag from /opt/airflow/dags/branch_pipeline.py","logger":"airflow.models.dagbag.BundleDagBag","filename":"dagbag.py","lineno":593}
{"timestamp":"2026-02-13T09:44:48.497353Z","level":"warning","event":"The `airflow.decorators.dag` attribute is deprecated. Please use `'airflow.sdk.dag'`.","category":"DeprecatedImportWarning","filename":"/opt/airflow/dags/branch_pipeline.py","lineno":1,"logger":"py.warnings"}
{"timestamp":"2026-02-13T09:44:48.497485Z","level":"warning","event":"The `airflow.decorators.task` attribute is deprecated. Please use `'airflow.sdk.task'`.","category":"DeprecatedImportWarning","filename":"/opt/airflow/dags/branch_pipeline.py","lineno":1,"logger":"py.warnings"}
{"timestamp":"2026-02-13T09:44:48.497542Z","level":"warning","event":"The `airflow.operators.python.BranchPythonOperator` attribute is deprecated. Please use `'airflow.providers.standard.operators.python.BranchPythonOperator'`.","category":"DeprecatedImportWarning","filename":"/opt/airflow/dags/branch_pipeline.py","lineno":2,"logger":"py.warnings"}
{"timestamp":"2026-02-13T09:44:48.497601Z","level":"warning","event":"The `airflow.operators.bash.BashOperator` attribute is deprecated. Please use `'airflow.providers.standard.operators.bash.BashOperator'`.","category":"DeprecatedImportWarning","filename":"/opt/airflow/dags/branch_pipeline.py","lineno":3,"logger":"py.warnings"}
{"timestamp":"2026-02-13T09:45:18.862854Z","level":"info","event":"Filling up the DagBag from /opt/airflow/dags/branch_pipeline.py","logger":"airflow.models.dagbag.BundleDagBag","filename":"dagbag.py","lineno":593}
{"timestamp":"2026-02-13T09:45:18.914440Z","level":"warning","event":"The `airflow.decorators.dag` attribute is deprecated. Please use `'airflow.sdk.dag'`.","category":"DeprecatedImportWarning","filename":"/opt/airflow/dags/branch_pipeline.py","lineno":1,"logger":"py.warnings"}
{"timestamp":"2026-02-13T09:45:18.914570Z","level":"warning","event":"The `airflow.decorators.task` attribute is deprecated. Please use `'airflow.sdk.task'`.","category":"DeprecatedImportWarning","filename":"/opt/airflow/dags/branch_pipeline.py","lineno":1,"logger":"py.warnings"}
{"timestamp":"2026-02-13T09:45:18.914625Z","level":"warning","event":"The `airflow.operators.python.BranchPythonOperator` attribute is deprecated. Please use `'airflow.providers.standard.operators.python.BranchPythonOperator'`.","category":"DeprecatedImportWarning","filename":"/opt/airflow/dags/branch_pipeline.py","lineno":2,"logger":"py.warnings"}
{"timestamp":"2026-02-13T09:45:18.914680Z","level":"warning","event":"The `airflow.operators.bash.BashOperator` attribute is deprecated. Please use `'airflow.providers.standard.operators.bash.BashOperator'`.","category":"DeprecatedImportWarning","filename":"/opt/airflow/dags/branch_pipeline.py","lineno":3,"logger":"py.warnings"}
{"timestamp":"2026-02-13T09:45:49.258189Z","level":"info","event":"Filling up the DagBag from /opt/airflow/dags/branch_pipeline.py","logger":"airflow.models.dagbag.BundleDagBag","filename":"dagbag.py","lineno":593}
{"timestamp":"2026-02-13T09:45:49.309655Z","level":"warning","event":"The `airflow.decorators.dag` attribute is deprecated. Please use `'airflow.sdk.dag'`.","category":"DeprecatedImportWarning","filename":"/opt/airflow/dags/branch_pipeline.py","lineno":1,"logger":"py.warnings"}
{"timestamp":"2026-02-13T09:45:49.309791Z","level":"warning","event":"The `airflow.decorators.task` attribute is deprecated. Please use `'airflow.sdk.task'`.","category":"DeprecatedImportWarning","filename":"/opt/airflow/dags/branch_pipeline.py","lineno":1,"logger":"py.warnings"}
{"timestamp":"2026-02-13T09:45:49.310005Z","level":"warning","event":"The `airflow.operators.python.BranchPythonOperator` attribute is deprecated. Please use `'airflow.providers.standard.operators.python.BranchPythonOperator'`.","category":"DeprecatedImportWarning","filename":"/opt/airflow/dags/branch_pipeline.py","lineno":2,"logger":"py.warnings"}
{"timestamp":"2026-02-13T09:45:49.310084Z","level":"warning","event":"The `airflow.operators.bash.BashOperator` attribute is deprecated. Please use `'airflow.providers.standard.operators.bash.BashOperator'`.","category":"DeprecatedImportWarning","filename":"/opt/airflow/dags/branch_pipeline.py","lineno":3,"logger":"py.warnings"}
{"timestamp":"2026-02-13T09:46:19.774610Z","level":"info","event":"Filling up the DagBag from /opt/airflow/dags/branch_pipeline.py","logger":"airflow.models.dagbag.BundleDagBag","filename":"dagbag.py","lineno":593}
{"timestamp":"2026-02-13T09:46:19.828779Z","level":"warning","event":"The `airflow.decorators.dag` attribute is deprecated. Please use `'airflow.sdk.dag'`.","category":"DeprecatedImportWarning","filename":"/opt/airflow/dags/branch_pipeline.py","lineno":1,"logger":"py.warnings"}
{"timestamp":"2026-02-13T09:46:19.828920Z","level":"warning","event":"The `airflow.decorators.task` attribute is deprecated. Please use `'airflow.sdk.task'`.","category":"DeprecatedImportWarning","filename":"/opt/airflow/dags/branch_pipeline.py","lineno":1,"logger":"py.warnings"}
{"timestamp":"2026-02-13T09:46:19.828976Z","level":"warning","event":"The `airflow.operators.python.BranchPythonOperator` attribute is deprecated. Please use `'airflow.providers.standard.operators.python.BranchPythonOperator'`.","category":"DeprecatedImportWarning","filename":"/opt/airflow/dags/branch_pipeline.py","lineno":2,"logger":"py.warnings"}
{"timestamp":"2026-02-13T09:46:19.829072Z","level":"warning","event":"The `airflow.operators.bash.BashOperator` attribute is deprecated. Please use `'airflow.providers.standard.operators.bash.BashOperator'`.","category":"DeprecatedImportWarning","filename":"/opt/airflow/dags/branch_pipeline.py","lineno":3,"logger":"py.warnings"}
{"timestamp":"2026-02-13T09:46:50.432298Z","level":"info","event":"Filling up the DagBag from /opt/airflow/dags/branch_pipeline.py","logger":"airflow.models.dagbag.BundleDagBag","filename":"dagbag.py","lineno":593}
{"timestamp":"2026-02-13T09:46:50.492031Z","level":"warning","event":"The `airflow.decorators.dag` attribute is deprecated. Please use `'airflow.sdk.dag'`.","category":"DeprecatedImportWarning","filename":"/opt/airflow/dags/branch_pipeline.py","lineno":1,"logger":"py.warnings"}
{"timestamp":"2026-02-13T09:46:50.492202Z","level":"warning","event":"The `airflow.decorators.task` attribute is deprecated. Please use `'airflow.sdk.task'`.","category":"DeprecatedImportWarning","filename":"/opt/airflow/dags/branch_pipeline.py","lineno":1,"logger":"py.warnings"}
{"timestamp":"2026-02-13T09:46:50.492267Z","level":"warning","event":"The `airflow.operators.python.BranchPythonOperator` attribute is deprecated. Please use `'airflow.providers.standard.operators.python.BranchPythonOperator'`.","category":"DeprecatedImportWarning","filename":"/opt/airflow/dags/branch_pipeline.py","lineno":2,"logger":"py.warnings"}
{"timestamp":"2026-02-13T09:46:50.492326Z","level":"warning","event":"The `airflow.operators.bash.BashOperator` attribute is deprecated. Please use `'airflow.providers.standard.operators.bash.BashOperator'`.","category":"DeprecatedImportWarning","filename":"/opt/airflow/dags/branch_pipeline.py","lineno":3,"logger":"py.warnings"}
{"timestamp":"2026-02-13T09:47:20.863262Z","level":"info","event":"Filling up the DagBag from /opt/airflow/dags/branch_pipeline.py","logger":"airflow.models.dagbag.BundleDagBag","filename":"dagbag.py","lineno":593}
{"timestamp":"2026-02-13T09:47:20.917363Z","level":"warning","event":"The `airflow.decorators.dag` attribute is deprecated. Please use `'airflow.sdk.dag'`.","category":"DeprecatedImportWarning","filename":"/opt/airflow/dags/branch_pipeline.py","lineno":1,"logger":"py.warnings"}
{"timestamp":"2026-02-13T09:47:20.917485Z","level":"warning","event":"The `airflow.decorators.task` attribute is deprecated. Please use `'airflow.sdk.task'`.","category":"DeprecatedImportWarning","filename":"/opt/airflow/dags/branch_pipeline.py","lineno":1,"logger":"py.warnings"}
{"timestamp":"2026-02-13T09:47:20.917538Z","level":"warning","event":"The `airflow.operators.python.BranchPythonOperator` attribute is deprecated. Please use `'airflow.providers.standard.operators.python.BranchPythonOperator'`.","category":"DeprecatedImportWarning","filename":"/opt/airflow/dags/branch_pipeline.py","lineno":2,"logger":"py.warnings"}
{"timestamp":"2026-02-13T09:47:20.917592Z","level":"warning","event":"The `airflow.operators.bash.BashOperator` attribute is deprecated. Please use `'airflow.providers.standard.operators.bash.BashOperator'`.","category":"DeprecatedImportWarning","filename":"/opt/airflow/dags/branch_pipeline.py","lineno":3,"logger":"py.warnings"}
{"timestamp":"2026-02-13T09:47:51.356936Z","level":"info","event":"Filling up the DagBag from /opt/airflow/dags/branch_pipeline.py","logger":"airflow.models.dagbag.BundleDagBag","filename":"dagbag.py","lineno":593}
{"timestamp":"2026-02-13T09:47:51.426656Z","level":"warning","event":"The `airflow.decorators.dag` attribute is deprecated. Please use `'airflow.sdk.dag'`.","category":"DeprecatedImportWarning","filename":"/opt/airflow/dags/branch_pipeline.py","lineno":1,"logger":"py.warnings"}
{"timestamp":"2026-02-13T09:47:51.426802Z","level":"warning","event":"The `airflow.decorators.task` attribute is deprecated. Please use `'airflow.sdk.task'`.","category":"DeprecatedImportWarning","filename":"/opt/airflow/dags/branch_pipeline.py","lineno":1,"logger":"py.warnings"}
{"timestamp":"2026-02-13T09:47:51.426866Z","level":"warning","event":"The `airflow.operators.python.BranchPythonOperator` attribute is deprecated. Please use `'airflow.providers.standard.operators.python.BranchPythonOperator'`.","category":"DeprecatedImportWarning","filename":"/opt/airflow/dags/branch_pipeline.py","lineno":2,"logger":"py.warnings"}
{"timestamp":"2026-02-13T09:47:51.426927Z","level":"warning","event":"The `airflow.operators.bash.BashOperator` attribute is deprecated. Please use `'airflow.providers.standard.operators.bash.BashOperator'`.","category":"DeprecatedImportWarning","filename":"/opt/airflow/dags/branch_pipeline.py","lineno":3,"logger":"py.warnings"}
{"timestamp":"2026-02-13T09:48:21.892539Z","level":"info","event":"Filling up the DagBag from /opt/airflow/dags/branch_pipeline.py","logger":"airflow.models.dagbag.BundleDagBag","filename":"dagbag.py","lineno":593}
{"timestamp":"2026-02-13T09:48:21.948744Z","level":"warning","event":"The `airflow.decorators.dag` attribute is deprecated. Please use `'airflow.sdk.dag'`.","category":"DeprecatedImportWarning","filename":"/opt/airflow/dags/branch_pipeline.py","lineno":1,"logger":"py.warnings"}
{"timestamp":"2026-02-13T09:48:21.948878Z","level":"warning","event":"The `airflow.decorators.task` attribute is deprecated. Please use `'airflow.sdk.task'`.","category":"DeprecatedImportWarning","filename":"/opt/airflow/dags/branch_pipeline.py","lineno":1,"logger":"py.warnings"}
{"timestamp":"2026-02-13T09:48:21.948936Z","level":"warning","event":"The `airflow.operators.python.BranchPythonOperator` attribute is deprecated. Please use `'airflow.providers.standard.operators.python.BranchPythonOperator'`.","category":"DeprecatedImportWarning","filename":"/opt/airflow/dags/branch_pipeline.py","lineno":2,"logger":"py.warnings"}
{"timestamp":"2026-02-13T09:48:21.949000Z","level":"warning","event":"The `airflow.operators.bash.BashOperator` attribute is deprecated. Please use `'airflow.providers.standard.operators.bash.BashOperator'`.","category":"DeprecatedImportWarning","filename":"/opt/airflow/dags/branch_pipeline.py","lineno":3,"logger":"py.warnings"}
{"timestamp":"2026-02-13T09:48:52.172343Z","level":"info","event":"Filling up the DagBag from /opt/airflow/dags/branch_pipeline.py","logger":"airflow.models.dagbag.BundleDagBag","filename":"dagbag.py","lineno":593}
{"timestamp":"2026-02-13T09:48:52.223529Z","level":"warning","event":"The `airflow.decorators.dag` attribute is deprecated. Please use `'airflow.sdk.dag'`.","category":"DeprecatedImportWarning","filename":"/opt/airflow/dags/branch_pipeline.py","lineno":1,"logger":"py.warnings"}
{"timestamp":"2026-02-13T09:48:52.223750Z","level":"warning","event":"The `airflow.decorators.task` attribute is deprecated. Please use `'airflow.sdk.task'`.","category":"DeprecatedImportWarning","filename":"/opt/airflow/dags/branch_pipeline.py","lineno":1,"logger":"py.warnings"}
{"timestamp":"2026-02-13T09:48:52.223810Z","level":"warning","event":"The `airflow.operators.python.BranchPythonOperator` attribute is deprecated. Please use `'airflow.providers.standard.operators.python.BranchPythonOperator'`.","category":"DeprecatedImportWarning","filename":"/opt/airflow/dags/branch_pipeline.py","lineno":2,"logger":"py.warnings"}
{"timestamp":"2026-02-13T09:48:52.223903Z","level":"warning","event":"The `airflow.operators.bash.BashOperator` attribute is deprecated. Please use `'airflow.providers.standard.operators.bash.BashOperator'`.","category":"DeprecatedImportWarning","filename":"/opt/airflow/dags/branch_pipeline.py","lineno":3,"logger":"py.warnings"}
{"timestamp":"2026-02-13T09:49:22.585639Z","level":"info","event":"Filling up the DagBag from /opt/airflow/dags/branch_pipeline.py","logger":"airflow.models.dagbag.BundleDagBag","filename":"dagbag.py","lineno":593}
{"timestamp":"2026-02-13T09:49:22.641540Z","level":"warning","event":"The `airflow.decorators.dag` attribute is deprecated. Please use `'airflow.sdk.dag'`.","category":"DeprecatedImportWarning","filename":"/opt/airflow/dags/branch_pipeline.py","lineno":1,"logger":"py.warnings"}
{"timestamp":"2026-02-13T09:49:22.641699Z","level":"warning","event":"The `airflow.decorators.task` attribute is deprecated. Please use `'airflow.sdk.task'`.","category":"DeprecatedImportWarning","filename":"/opt/airflow/dags/branch_pipeline.py","lineno":1,"logger":"py.warnings"}
{"timestamp":"2026-02-13T09:49:22.641758Z","level":"warning","event":"The `airflow.operators.python.BranchPythonOperator` attribute is deprecated. Please use `'airflow.providers.standard.operators.python.BranchPythonOperator'`.","category":"DeprecatedImportWarning","filename":"/opt/airflow/dags/branch_pipeline.py","lineno":2,"logger":"py.warnings"}
{"timestamp":"2026-02-13T09:49:22.641825Z","level":"warning","event":"The `airflow.operators.bash.BashOperator` attribute is deprecated. Please use `'airflow.providers.standard.operators.bash.BashOperator'`.","category":"DeprecatedImportWarning","filename":"/opt/airflow/dags/branch_pipeline.py","lineno":3,"logger":"py.warnings"}
{"timestamp":"2026-02-13T09:49:53.198022Z","level":"info","event":"Filling up the DagBag from /opt/airflow/dags/branch_pipeline.py","logger":"airflow.models.dagbag.BundleDagBag","filename":"dagbag.py","lineno":593}
{"timestamp":"2026-02-13T09:49:53.268896Z","level":"warning","event":"The `airflow.decorators.dag` attribute is deprecated. Please use `'airflow.sdk.dag'`.","category":"DeprecatedImportWarning","filename":"/opt/airflow/dags/branch_pipeline.py","lineno":1,"logger":"py.warnings"}
{"timestamp":"2026-02-13T09:49:53.269323Z","level":"warning","event":"The `airflow.decorators.task` attribute is deprecated. Please use `'airflow.sdk.task'`.","category":"DeprecatedImportWarning","filename":"/opt/airflow/dags/branch_pipeline.py","lineno":1,"logger":"py.warnings"}
{"timestamp":"2026-02-13T09:49:53.269434Z","level":"warning","event":"The `airflow.operators.python.BranchPythonOperator` attribute is deprecated. Please use `'airflow.providers.standard.operators.python.BranchPythonOperator'`.","category":"DeprecatedImportWarning","filename":"/opt/airflow/dags/branch_pipeline.py","lineno":2,"logger":"py.warnings"}
{"timestamp":"2026-02-13T09:49:53.269531Z","level":"warning","event":"The `airflow.operators.bash.BashOperator` attribute is deprecated. Please use `'airflow.providers.standard.operators.bash.BashOperator'`.","category":"DeprecatedImportWarning","filename":"/opt/airflow/dags/branch_pipeline.py","lineno":3,"logger":"py.warnings"}
{"timestamp":"2026-02-13T09:50:23.547984Z","level":"info","event":"Filling up the DagBag from /opt/airflow/dags/branch_pipeline.py","logger":"airflow.models.dagbag.BundleDagBag","filename":"dagbag.py","lineno":593}
{"timestamp":"2026-02-13T09:50:23.666497Z","level":"warning","event":"The `airflow.decorators.dag` attribute is deprecated. Please use `'airflow.sdk.dag'`.","category":"DeprecatedImportWarning","filename":"/opt/airflow/dags/branch_pipeline.py","lineno":1,"logger":"py.warnings"}
{"timestamp":"2026-02-13T09:50:23.666675Z","level":"warning","event":"The `airflow.decorators.task` attribute is deprecated. Please use `'airflow.sdk.task'`.","category":"DeprecatedImportWarning","filename":"/opt/airflow/dags/branch_pipeline.py","lineno":1,"logger":"py.warnings"}
{"timestamp":"2026-02-13T09:50:23.666734Z","level":"warning","event":"The `airflow.operators.python.BranchPythonOperator` attribute is deprecated. Please use `'airflow.providers.standard.operators.python.BranchPythonOperator'`.","category":"DeprecatedImportWarning","filename":"/opt/airflow/dags/branch_pipeline.py","lineno":2,"logger":"py.warnings"}
{"timestamp":"2026-02-13T09:50:23.666797Z","level":"warning","event":"The `airflow.operators.bash.BashOperator` attribute is deprecated. Please use `'airflow.providers.standard.operators.bash.BashOperator'`.","category":"DeprecatedImportWarning","filename":"/opt/airflow/dags/branch_pipeline.py","lineno":3,"logger":"py.warnings"}
{"timestamp":"2026-02-13T09:50:54.235947Z","level":"info","event":"Filling up the DagBag from /opt/airflow/dags/branch_pipeline.py","logger":"airflow.models.dagbag.BundleDagBag","filename":"dagbag.py","lineno":593}
{"timestamp":"2026-02-13T09:50:54.293421Z","level":"warning","event":"The `airflow.decorators.dag` attribute is deprecated. Please use `'airflow.sdk.dag'`.","category":"DeprecatedImportWarning","filename":"/opt/airflow/dags/branch_pipeline.py","lineno":1,"logger":"py.warnings"}
{"timestamp":"2026-02-13T09:50:54.293676Z","level":"warning","event":"The `airflow.decorators.task` attribute is deprecated. Please use `'airflow.sdk.task'`.","category":"DeprecatedImportWarning","filename":"/opt/airflow/dags/branch_pipeline.py","lineno":1,"logger":"py.warnings"}
{"timestamp":"2026-02-13T09:50:54.293739Z","level":"warning","event":"The `airflow.operators.python.BranchPythonOperator` attribute is deprecated. Please use `'airflow.providers.standard.operators.python.BranchPythonOperator'`.","category":"DeprecatedImportWarning","filename":"/opt/airflow/dags/branch_pipeline.py","lineno":2,"logger":"py.warnings"}
{"timestamp":"2026-02-13T09:50:54.293868Z","level":"warning","event":"The `airflow.operators.bash.BashOperator` attribute is deprecated. Please use `'airflow.providers.standard.operators.bash.BashOperator'`.","category":"DeprecatedImportWarning","filename":"/opt/airflow/dags/branch_pipeline.py","lineno":3,"logger":"py.warnings"}
{"timestamp":"2026-02-13T09:51:24.724162Z","level":"info","event":"Filling up the DagBag from /opt/airflow/dags/branch_pipeline.py","logger":"airflow.models.dagbag.BundleDagBag","filename":"dagbag.py","lineno":593}
{"timestamp":"2026-02-13T09:51:24.772754Z","level":"warning","event":"The `airflow.decorators.dag` attribute is deprecated. Please use `'airflow.sdk.dag'`.","category":"DeprecatedImportWarning","filename":"/opt/airflow/dags/branch_pipeline.py","lineno":1,"logger":"py.warnings"}
{"timestamp":"2026-02-13T09:51:24.772908Z","level":"warning","event":"The `airflow.decorators.task` attribute is deprecated. Please use `'airflow.sdk.task'`.","category":"DeprecatedImportWarning","filename":"/opt/airflow/dags/branch_pipeline.py","lineno":1,"logger":"py.warnings"}
{"timestamp":"2026-02-13T09:51:24.772968Z","level":"warning","event":"The `airflow.operators.python.BranchPythonOperator` attribute is deprecated. Please use `'airflow.providers.standard.operators.python.BranchPythonOperator'`.","category":"DeprecatedImportWarning","filename":"/opt/airflow/dags/branch_pipeline.py","lineno":2,"logger":"py.warnings"}
{"timestamp":"2026-02-13T09:51:24.773056Z","level":"warning","event":"The `airflow.operators.bash.BashOperator` attribute is deprecated. Please use `'airflow.providers.standard.operators.bash.BashOperator'`.","category":"DeprecatedImportWarning","filename":"/opt/airflow/dags/branch_pipeline.py","lineno":3,"logger":"py.warnings"}
{"timestamp":"2026-02-13T09:51:55.133357Z","level":"info","event":"Filling up the DagBag from /opt/airflow/dags/branch_pipeline.py","logger":"airflow.models.dagbag.BundleDagBag","filename":"dagbag.py","lineno":593}
{"timestamp":"2026-02-13T09:51:55.192449Z","level":"warning","event":"The `airflow.decorators.dag` attribute is deprecated. Please use `'airflow.sdk.dag'`.","category":"DeprecatedImportWarning","filename":"/opt/airflow/dags/branch_pipeline.py","lineno":1,"logger":"py.warnings"}
{"timestamp":"2026-02-13T09:51:55.192585Z","level":"warning","event":"The `airflow.decorators.task` attribute is deprecated. Please use `'airflow.sdk.task'`.","category":"DeprecatedImportWarning","filename":"/opt/airflow/dags/branch_pipeline.py","lineno":1,"logger":"py.warnings"}
{"timestamp":"2026-02-13T09:51:55.192644Z","level":"warning","event":"The `airflow.operators.python.BranchPythonOperator` attribute is deprecated. Please use `'airflow.providers.standard.operators.python.BranchPythonOperator'`.","category":"DeprecatedImportWarning","filename":"/opt/airflow/dags/branch_pipeline.py","lineno":2,"logger":"py.warnings"}
{"timestamp":"2026-02-13T09:51:55.192706Z","level":"warning","event":"The `airflow.operators.bash.BashOperator` attribute is deprecated. Please use `'airflow.providers.standard.operators.bash.BashOperator'`.","category":"DeprecatedImportWarning","filename":"/opt/airflow/dags/branch_pipeline.py","lineno":3,"logger":"py.warnings"}
{"timestamp":"2026-02-13T09:52:25.594224Z","level":"info","event":"Filling up the DagBag from /opt/airflow/dags/branch_pipeline.py","logger":"airflow.models.dagbag.BundleDagBag","filename":"dagbag.py","lineno":593}
{"timestamp":"2026-02-13T09:52:25.681882Z","level":"warning","event":"The `airflow.decorators.dag` attribute is deprecated. Please use `'airflow.sdk.dag'`.","category":"DeprecatedImportWarning","filename":"/opt/airflow/dags/branch_pipeline.py","lineno":1,"logger":"py.warnings"}
{"timestamp":"2026-02-13T09:52:25.682019Z","level":"warning","event":"The `airflow.decorators.task` attribute is deprecated. Please use `'airflow.sdk.task'`.","category":"DeprecatedImportWarning","filename":"/opt/airflow/dags/branch_pipeline.py","lineno":1,"logger":"py.warnings"}
{"timestamp":"2026-02-13T09:52:25.682081Z","level":"warning","event":"The `airflow.operators.python.BranchPythonOperator` attribute is deprecated. Please use `'airflow.providers.standard.operators.python.BranchPythonOperator'`.","category":"DeprecatedImportWarning","filename":"/opt/airflow/dags/branch_pipeline.py","lineno":2,"logger":"py.warnings"}
{"timestamp":"2026-02-13T09:52:25.682138Z","level":"warning","event":"The `airflow.operators.bash.BashOperator` attribute is deprecated. Please use `'airflow.providers.standard.operators.bash.BashOperator'`.","category":"DeprecatedImportWarning","filename":"/opt/airflow/dags/branch_pipeline.py","lineno":3,"logger":"py.warnings"}
{"timestamp":"2026-02-13T09:52:56.238331Z","level":"info","event":"Filling up the DagBag from /opt/airflow/dags/branch_pipeline.py","logger":"airflow.models.dagbag.BundleDagBag","filename":"dagbag.py","lineno":593}
{"timestamp":"2026-02-13T09:52:56.295211Z","level":"warning","event":"The `airflow.decorators.dag` attribute is deprecated. Please use `'airflow.sdk.dag'`.","category":"DeprecatedImportWarning","filename":"/opt/airflow/dags/branch_pipeline.py","lineno":1,"logger":"py.warnings"}
{"timestamp":"2026-02-13T09:52:56.295563Z","level":"warning","event":"The `airflow.decorators.task` attribute is deprecated. Please use `'airflow.sdk.task'`.","category":"DeprecatedImportWarning","filename":"/opt/airflow/dags/branch_pipeline.py","lineno":1,"logger":"py.warnings"}
{"timestamp":"2026-02-13T09:52:56.295629Z","level":"warning","event":"The `airflow.operators.python.BranchPythonOperator` attribute is deprecated. Please use `'airflow.providers.standard.operators.python.BranchPythonOperator'`.","category":"DeprecatedImportWarning","filename":"/opt/airflow/dags/branch_pipeline.py","lineno":2,"logger":"py.warnings"}
{"timestamp":"2026-02-13T09:52:56.295697Z","level":"warning","event":"The `airflow.operators.bash.BashOperator` attribute is deprecated. Please use `'airflow.providers.standard.operators.bash.BashOperator'`.","category":"DeprecatedImportWarning","filename":"/opt/airflow/dags/branch_pipeline.py","lineno":3,"logger":"py.warnings"}
{"timestamp":"2026-02-13T09:53:26.765178Z","level":"info","event":"Filling up the DagBag from /opt/airflow/dags/branch_pipeline.py","logger":"airflow.models.dagbag.BundleDagBag","filename":"dagbag.py","lineno":593}
{"timestamp":"2026-02-13T09:53:26.827058Z","level":"warning","event":"The `airflow.decorators.dag` attribute is deprecated. Please use `'airflow.sdk.dag'`.","category":"DeprecatedImportWarning","filename":"/opt/airflow/dags/branch_pipeline.py","lineno":1,"logger":"py.warnings"}
{"timestamp":"2026-02-13T09:53:26.827378Z","level":"warning","event":"The `airflow.decorators.task` attribute is deprecated. Please use `'airflow.sdk.task'`.","category":"DeprecatedImportWarning","filename":"/opt/airflow/dags/branch_pipeline.py","lineno":1,"logger":"py.warnings"}
{"timestamp":"2026-02-13T09:53:26.827506Z","level":"warning","event":"The `airflow.operators.python.BranchPythonOperator` attribute is deprecated. Please use `'airflow.providers.standard.operators.python.BranchPythonOperator'`.","category":"DeprecatedImportWarning","filename":"/opt/airflow/dags/branch_pipeline.py","lineno":2,"logger":"py.warnings"}
{"timestamp":"2026-02-13T09:53:26.827611Z","level":"warning","event":"The `airflow.operators.bash.BashOperator` attribute is deprecated. Please use `'airflow.providers.standard.operators.bash.BashOperator'`.","category":"DeprecatedImportWarning","filename":"/opt/airflow/dags/branch_pipeline.py","lineno":3,"logger":"py.warnings"}
{"timestamp":"2026-02-13T09:53:57.335005Z","level":"info","event":"Filling up the DagBag from /opt/airflow/dags/branch_pipeline.py","logger":"airflow.models.dagbag.BundleDagBag","filename":"dagbag.py","lineno":593}
{"timestamp":"2026-02-13T09:53:57.381907Z","level":"warning","event":"The `airflow.decorators.dag` attribute is deprecated. Please use `'airflow.sdk.dag'`.","category":"DeprecatedImportWarning","filename":"/opt/airflow/dags/branch_pipeline.py","lineno":1,"logger":"py.warnings"}
{"timestamp":"2026-02-13T09:53:57.383904Z","level":"warning","event":"The `airflow.decorators.task` attribute is deprecated. Please use `'airflow.sdk.task'`.","category":"DeprecatedImportWarning","filename":"/opt/airflow/dags/branch_pipeline.py","lineno":1,"logger":"py.warnings"}
{"timestamp":"2026-02-13T09:53:57.384026Z","level":"warning","event":"The `airflow.operators.python.BranchPythonOperator` attribute is deprecated. Please use `'airflow.providers.standard.operators.python.BranchPythonOperator'`.","category":"DeprecatedImportWarning","filename":"/opt/airflow/dags/branch_pipeline.py","lineno":2,"logger":"py.warnings"}
{"timestamp":"2026-02-13T09:53:57.384121Z","level":"warning","event":"The `airflow.operators.bash.BashOperator` attribute is deprecated. Please use `'airflow.providers.standard.operators.bash.BashOperator'`.","category":"DeprecatedImportWarning","filename":"/opt/airflow/dags/branch_pipeline.py","lineno":3,"logger":"py.warnings"}
{"timestamp":"2026-02-13T09:54:27.830711Z","level":"info","event":"Filling up the DagBag from /opt/airflow/dags/branch_pipeline.py","logger":"airflow.models.dagbag.BundleDagBag","filename":"dagbag.py","lineno":593}
{"timestamp":"2026-02-13T09:54:27.891443Z","level":"warning","event":"The `airflow.decorators.dag` attribute is deprecated. Please use `'airflow.sdk.dag'`.","category":"DeprecatedImportWarning","filename":"/opt/airflow/dags/branch_pipeline.py","lineno":1,"logger":"py.warnings"}
{"timestamp":"2026-02-13T09:54:27.891590Z","level":"warning","event":"The `airflow.decorators.task` attribute is deprecated. Please use `'airflow.sdk.task'`.","category":"DeprecatedImportWarning","filename":"/opt/airflow/dags/branch_pipeline.py","lineno":1,"logger":"py.warnings"}
{"timestamp":"2026-02-13T09:54:27.891646Z","level":"warning","event":"The `airflow.operators.python.BranchPythonOperator` attribute is deprecated. Please use `'airflow.providers.standard.operators.python.BranchPythonOperator'`.","category":"DeprecatedImportWarning","filename":"/opt/airflow/dags/branch_pipeline.py","lineno":2,"logger":"py.warnings"}
{"timestamp":"2026-02-13T09:54:27.891707Z","level":"warning","event":"The `airflow.operators.bash.BashOperator` attribute is deprecated. Please use `'airflow.providers.standard.operators.bash.BashOperator'`.","category":"DeprecatedImportWarning","filename":"/opt/airflow/dags/branch_pipeline.py","lineno":3,"logger":"py.warnings"}
{"timestamp":"2026-02-13T09:54:58.526980Z","level":"info","event":"Filling up the DagBag from /opt/airflow/dags/branch_pipeline.py","logger":"airflow.models.dagbag.BundleDagBag","filename":"dagbag.py","lineno":593}
{"timestamp":"2026-02-13T09:54:58.589500Z","level":"warning","event":"The `airflow.decorators.dag` attribute is deprecated. Please use `'airflow.sdk.dag'`.","category":"DeprecatedImportWarning","filename":"/opt/airflow/dags/branch_pipeline.py","lineno":1,"logger":"py.warnings"}
{"timestamp":"2026-02-13T09:54:58.589851Z","level":"warning","event":"The `airflow.decorators.task` attribute is deprecated. Please use `'airflow.sdk.task'`.","category":"DeprecatedImportWarning","filename":"/opt/airflow/dags/branch_pipeline.py","lineno":1,"logger":"py.warnings"}
{"timestamp":"2026-02-13T09:54:58.589928Z","level":"warning","event":"The `airflow.operators.python.BranchPythonOperator` attribute is deprecated. Please use `'airflow.providers.standard.operators.python.BranchPythonOperator'`.","category":"DeprecatedImportWarning","filename":"/opt/airflow/dags/branch_pipeline.py","lineno":2,"logger":"py.warnings"}
{"timestamp":"2026-02-13T09:54:58.589993Z","level":"warning","event":"The `airflow.operators.bash.BashOperator` attribute is deprecated. Please use `'airflow.providers.standard.operators.bash.BashOperator'`.","category":"DeprecatedImportWarning","filename":"/opt/airflow/dags/branch_pipeline.py","lineno":3,"logger":"py.warnings"}
{"timestamp":"2026-02-13T09:55:28.988688Z","level":"info","event":"Filling up the DagBag from /opt/airflow/dags/branch_pipeline.py","logger":"airflow.models.dagbag.BundleDagBag","filename":"dagbag.py","lineno":593}
{"timestamp":"2026-02-13T09:55:29.044090Z","level":"warning","event":"The `airflow.decorators.dag` attribute is deprecated. Please use `'airflow.sdk.dag'`.","category":"DeprecatedImportWarning","filename":"/opt/airflow/dags/branch_pipeline.py","lineno":1,"logger":"py.warnings"}
{"timestamp":"2026-02-13T09:55:29.044266Z","level":"warning","event":"The `airflow.decorators.task` attribute is deprecated. Please use `'airflow.sdk.task'`.","category":"DeprecatedImportWarning","filename":"/opt/airflow/dags/branch_pipeline.py","lineno":1,"logger":"py.warnings"}
{"timestamp":"2026-02-13T09:55:29.044375Z","level":"warning","event":"The `airflow.operators.python.BranchPythonOperator` attribute is deprecated. Please use `'airflow.providers.standard.operators.python.BranchPythonOperator'`.","category":"DeprecatedImportWarning","filename":"/opt/airflow/dags/branch_pipeline.py","lineno":2,"logger":"py.warnings"}
{"timestamp":"2026-02-13T09:55:29.044449Z","level":"warning","event":"The `airflow.operators.bash.BashOperator` attribute is deprecated. Please use `'airflow.providers.standard.operators.bash.BashOperator'`.","category":"DeprecatedImportWarning","filename":"/opt/airflow/dags/branch_pipeline.py","lineno":3,"logger":"py.warnings"}
{"timestamp":"2026-02-13T09:55:59.514320Z","level":"info","event":"Filling up the DagBag from /opt/airflow/dags/branch_pipeline.py","logger":"airflow.models.dagbag.BundleDagBag","filename":"dagbag.py","lineno":593}
{"timestamp":"2026-02-13T09:55:59.571899Z","level":"warning","event":"The `airflow.decorators.dag` attribute is deprecated. Please use `'airflow.sdk.dag'`.","category":"DeprecatedImportWarning","filename":"/opt/airflow/dags/branch_pipeline.py","lineno":1,"logger":"py.warnings"}
{"timestamp":"2026-02-13T09:55:59.572147Z","level":"warning","event":"The `airflow.decorators.task` attribute is deprecated. Please use `'airflow.sdk.task'`.","category":"DeprecatedImportWarning","filename":"/opt/airflow/dags/branch_pipeline.py","lineno":1,"logger":"py.warnings"}
{"timestamp":"2026-02-13T09:55:59.572225Z","level":"warning","event":"The `airflow.operators.python.BranchPythonOperator` attribute is deprecated. Please use `'airflow.providers.standard.operators.python.BranchPythonOperator'`.","category":"DeprecatedImportWarning","filename":"/opt/airflow/dags/branch_pipeline.py","lineno":2,"logger":"py.warnings"}
{"timestamp":"2026-02-13T09:55:59.572301Z","level":"warning","event":"The `airflow.operators.bash.BashOperator` attribute is deprecated. Please use `'airflow.providers.standard.operators.bash.BashOperator'`.","category":"DeprecatedImportWarning","filename":"/opt/airflow/dags/branch_pipeline.py","lineno":3,"logger":"py.warnings"}
{"timestamp":"2026-02-13T09:56:29.952345Z","level":"info","event":"Filling up the DagBag from /opt/airflow/dags/branch_pipeline.py","logger":"airflow.models.dagbag.BundleDagBag","filename":"dagbag.py","lineno":593}
{"timestamp":"2026-02-13T09:56:30.008822Z","level":"warning","event":"The `airflow.decorators.dag` attribute is deprecated. Please use `'airflow.sdk.dag'`.","category":"DeprecatedImportWarning","filename":"/opt/airflow/dags/branch_pipeline.py","lineno":1,"logger":"py.warnings"}
{"timestamp":"2026-02-13T09:56:30.009067Z","level":"warning","event":"The `airflow.decorators.task` attribute is deprecated. Please use `'airflow.sdk.task'`.","category":"DeprecatedImportWarning","filename":"/opt/airflow/dags/branch_pipeline.py","lineno":1,"logger":"py.warnings"}
{"timestamp":"2026-02-13T09:56:30.009133Z","level":"warning","event":"The `airflow.operators.python.BranchPythonOperator` attribute is deprecated. Please use `'airflow.providers.standard.operators.python.BranchPythonOperator'`.","category":"DeprecatedImportWarning","filename":"/opt/airflow/dags/branch_pipeline.py","lineno":2,"logger":"py.warnings"}
{"timestamp":"2026-02-13T09:56:30.009206Z","level":"warning","event":"The `airflow.operators.bash.BashOperator` attribute is deprecated. Please use `'airflow.providers.standard.operators.bash.BashOperator'`.","category":"DeprecatedImportWarning","filename":"/opt/airflow/dags/branch_pipeline.py","lineno":3,"logger":"py.warnings"}
{"timestamp":"2026-02-13T09:57:00.344812Z","level":"info","event":"Filling up the DagBag from /opt/airflow/dags/branch_pipeline.py","logger":"airflow.models.dagbag.BundleDagBag","filename":"dagbag.py","lineno":593}
{"timestamp":"2026-02-13T09:57:00.401464Z","level":"warning","event":"The `airflow.decorators.dag` attribute is deprecated. Please use `'airflow.sdk.dag'`.","category":"DeprecatedImportWarning","filename":"/opt/airflow/dags/branch_pipeline.py","lineno":1,"logger":"py.warnings"}
{"timestamp":"2026-02-13T09:57:00.401699Z","level":"warning","event":"The `airflow.decorators.task` attribute is deprecated. Please use `'airflow.sdk.task'`.","category":"DeprecatedImportWarning","filename":"/opt/airflow/dags/branch_pipeline.py","lineno":1,"logger":"py.warnings"}
{"timestamp":"2026-02-13T09:57:00.401758Z","level":"warning","event":"The `airflow.operators.python.BranchPythonOperator` attribute is deprecated. Please use `'airflow.providers.standard.operators.python.BranchPythonOperator'`.","category":"DeprecatedImportWarning","filename":"/opt/airflow/dags/branch_pipeline.py","lineno":2,"logger":"py.warnings"}
{"timestamp":"2026-02-13T09:57:00.401823Z","level":"warning","event":"The `airflow.operators.bash.BashOperator` attribute is deprecated. Please use `'airflow.providers.standard.operators.bash.BashOperator'`.","category":"DeprecatedImportWarning","filename":"/opt/airflow/dags/branch_pipeline.py","lineno":3,"logger":"py.warnings"}
{"timestamp":"2026-02-13T09:57:30.882585Z","level":"info","event":"Filling up the DagBag from /opt/airflow/dags/branch_pipeline.py","logger":"airflow.models.dagbag.BundleDagBag","filename":"dagbag.py","lineno":593}
{"timestamp":"2026-02-13T09:57:30.939462Z","level":"warning","event":"The `airflow.decorators.dag` attribute is deprecated. Please use `'airflow.sdk.dag'`.","category":"DeprecatedImportWarning","filename":"/opt/airflow/dags/branch_pipeline.py","lineno":1,"logger":"py.warnings"}
{"timestamp":"2026-02-13T09:57:30.939684Z","level":"warning","event":"The `airflow.decorators.task` attribute is deprecated. Please use `'airflow.sdk.task'`.","category":"DeprecatedImportWarning","filename":"/opt/airflow/dags/branch_pipeline.py","lineno":1,"logger":"py.warnings"}
{"timestamp":"2026-02-13T09:57:30.939806Z","level":"warning","event":"The `airflow.operators.python.BranchPythonOperator` attribute is deprecated. Please use `'airflow.providers.standard.operators.python.BranchPythonOperator'`.","category":"DeprecatedImportWarning","filename":"/opt/airflow/dags/branch_pipeline.py","lineno":2,"logger":"py.warnings"}
{"timestamp":"2026-02-13T09:57:30.939942Z","level":"warning","event":"The `airflow.operators.bash.BashOperator` attribute is deprecated. Please use `'airflow.providers.standard.operators.bash.BashOperator'`.","category":"DeprecatedImportWarning","filename":"/opt/airflow/dags/branch_pipeline.py","lineno":3,"logger":"py.warnings"}
{"timestamp":"2026-02-13T09:58:01.389091Z","level":"info","event":"Filling up the DagBag from /opt/airflow/dags/branch_pipeline.py","logger":"airflow.models.dagbag.BundleDagBag","filename":"dagbag.py","lineno":593}
{"timestamp":"2026-02-13T09:58:01.441716Z","level":"warning","event":"The `airflow.decorators.dag` attribute is deprecated. Please use `'airflow.sdk.dag'`.","category":"DeprecatedImportWarning","filename":"/opt/airflow/dags/branch_pipeline.py","lineno":1,"logger":"py.warnings"}
{"timestamp":"2026-02-13T09:58:01.442178Z","level":"warning","event":"The `airflow.decorators.task` attribute is deprecated. Please use `'airflow.sdk.task'`.","category":"DeprecatedImportWarning","filename":"/opt/airflow/dags/branch_pipeline.py","lineno":1,"logger":"py.warnings"}
{"timestamp":"2026-02-13T09:58:01.442274Z","level":"warning","event":"The `airflow.operators.python.BranchPythonOperator` attribute is deprecated. Please use `'airflow.providers.standard.operators.python.BranchPythonOperator'`.","category":"DeprecatedImportWarning","filename":"/opt/airflow/dags/branch_pipeline.py","lineno":2,"logger":"py.warnings"}
{"timestamp":"2026-02-13T09:58:01.442385Z","level":"warning","event":"The `airflow.operators.bash.BashOperator` attribute is deprecated. Please use `'airflow.providers.standard.operators.bash.BashOperator'`.","category":"DeprecatedImportWarning","filename":"/opt/airflow/dags/branch_pipeline.py","lineno":3,"logger":"py.warnings"}
{"timestamp":"2026-02-13T09:58:31.940844Z","level":"info","event":"Filling up the DagBag from /opt/airflow/dags/branch_pipeline.py","logger":"airflow.models.dagbag.BundleDagBag","filename":"dagbag.py","lineno":593}
{"timestamp":"2026-02-13T09:58:31.996226Z","level":"warning","event":"The `airflow.decorators.dag` attribute is deprecated. Please use `'airflow.sdk.dag'`.","category":"DeprecatedImportWarning","filename":"/opt/airflow/dags/branch_pipeline.py","lineno":1,"logger":"py.warnings"}
{"timestamp":"2026-02-13T09:58:31.996369Z","level":"warning","event":"The `airflow.decorators.task` attribute is deprecated. Please use `'airflow.sdk.task'`.","category":"DeprecatedImportWarning","filename":"/opt/airflow/dags/branch_pipeline.py","lineno":1,"logger":"py.warnings"}
{"timestamp":"2026-02-13T09:58:31.996427Z","level":"warning","event":"The `airflow.operators.python.BranchPythonOperator` attribute is deprecated. Please use `'airflow.providers.standard.operators.python.BranchPythonOperator'`.","category":"DeprecatedImportWarning","filename":"/opt/airflow/dags/branch_pipeline.py","lineno":2,"logger":"py.warnings"}
{"timestamp":"2026-02-13T09:58:31.996487Z","level":"warning","event":"The `airflow.operators.bash.BashOperator` attribute is deprecated. Please use `'airflow.providers.standard.operators.bash.BashOperator'`.","category":"DeprecatedImportWarning","filename":"/opt/airflow/dags/branch_pipeline.py","lineno":3,"logger":"py.warnings"}
{"timestamp":"2026-02-13T09:59:02.334745Z","level":"info","event":"Filling up the DagBag from /opt/airflow/dags/branch_pipeline.py","logger":"airflow.models.dagbag.BundleDagBag","filename":"dagbag.py","lineno":593}
{"timestamp":"2026-02-13T09:59:02.386203Z","level":"warning","event":"The `airflow.decorators.dag` attribute is deprecated. Please use `'airflow.sdk.dag'`.","category":"DeprecatedImportWarning","filename":"/opt/airflow/dags/branch_pipeline.py","lineno":1,"logger":"py.warnings"}
{"timestamp":"2026-02-13T09:59:02.386520Z","level":"warning","event":"The `airflow.decorators.task` attribute is deprecated. Please use `'airflow.sdk.task'`.","category":"DeprecatedImportWarning","filename":"/opt/airflow/dags/branch_pipeline.py","lineno":1,"logger":"py.warnings"}
{"timestamp":"2026-02-13T09:59:02.386607Z","level":"warning","event":"The `airflow.operators.python.BranchPythonOperator` attribute is deprecated. Please use `'airflow.providers.standard.operators.python.BranchPythonOperator'`.","category":"DeprecatedImportWarning","filename":"/opt/airflow/dags/branch_pipeline.py","lineno":2,"logger":"py.warnings"}
{"timestamp":"2026-02-13T09:59:02.386797Z","level":"warning","event":"The `airflow.operators.bash.BashOperator` attribute is deprecated. Please use `'airflow.providers.standard.operators.bash.BashOperator'`.","category":"DeprecatedImportWarning","filename":"/opt/airflow/dags/branch_pipeline.py","lineno":3,"logger":"py.warnings"}
{"timestamp":"2026-02-13T09:59:32.763916Z","level":"info","event":"Filling up the DagBag from /opt/airflow/dags/branch_pipeline.py","logger":"airflow.models.dagbag.BundleDagBag","filename":"dagbag.py","lineno":593}
{"timestamp":"2026-02-13T09:59:32.823969Z","level":"warning","event":"The `airflow.decorators.dag` attribute is deprecated. Please use `'airflow.sdk.dag'`.","category":"DeprecatedImportWarning","filename":"/opt/airflow/dags/branch_pipeline.py","lineno":1,"logger":"py.warnings"}
{"timestamp":"2026-02-13T09:59:32.824154Z","level":"warning","event":"The `airflow.decorators.task` attribute is deprecated. Please use `'airflow.sdk.task'`.","category":"DeprecatedImportWarning","filename":"/opt/airflow/dags/branch_pipeline.py","lineno":1,"logger":"py.warnings"}
{"timestamp":"2026-02-13T09:59:32.824222Z","level":"warning","event":"The `airflow.operators.python.BranchPythonOperator` attribute is deprecated. Please use `'airflow.providers.standard.operators.python.BranchPythonOperator'`.","category":"DeprecatedImportWarning","filename":"/opt/airflow/dags/branch_pipeline.py","lineno":2,"logger":"py.warnings"}
{"timestamp":"2026-02-13T09:59:32.824288Z","level":"warning","event":"The `airflow.operators.bash.BashOperator` attribute is deprecated. Please use `'airflow.providers.standard.operators.bash.BashOperator'`.","category":"DeprecatedImportWarning","filename":"/opt/airflow/dags/branch_pipeline.py","lineno":3,"logger":"py.warnings"}
{"timestamp":"2026-02-13T10:00:03.236028Z","level":"info","event":"Filling up the DagBag from /opt/airflow/dags/branch_pipeline.py","logger":"airflow.models.dagbag.BundleDagBag","filename":"dagbag.py","lineno":593}
{"timestamp":"2026-02-13T10:00:03.291647Z","level":"warning","event":"The `airflow.decorators.dag` attribute is deprecated. Please use `'airflow.sdk.dag'`.","category":"DeprecatedImportWarning","filename":"/opt/airflow/dags/branch_pipeline.py","lineno":1,"logger":"py.warnings"}
{"timestamp":"2026-02-13T10:00:03.291814Z","level":"warning","event":"The `airflow.decorators.task` attribute is deprecated. Please use `'airflow.sdk.task'`.","category":"DeprecatedImportWarning","filename":"/opt/airflow/dags/branch_pipeline.py","lineno":1,"logger":"py.warnings"}
{"timestamp":"2026-02-13T10:00:03.291876Z","level":"warning","event":"The `airflow.operators.python.BranchPythonOperator` attribute is deprecated. Please use `'airflow.providers.standard.operators.python.BranchPythonOperator'`.","category":"DeprecatedImportWarning","filename":"/opt/airflow/dags/branch_pipeline.py","lineno":2,"logger":"py.warnings"}
{"timestamp":"2026-02-13T10:00:03.291936Z","level":"warning","event":"The `airflow.operators.bash.BashOperator` attribute is deprecated. Please use `'airflow.providers.standard.operators.bash.BashOperator'`.","category":"DeprecatedImportWarning","filename":"/opt/airflow/dags/branch_pipeline.py","lineno":3,"logger":"py.warnings"}
{"timestamp":"2026-02-13T10:00:33.581357Z","level":"info","event":"Filling up the DagBag from /opt/airflow/dags/branch_pipeline.py","logger":"airflow.models.dagbag.BundleDagBag","filename":"dagbag.py","lineno":593}
{"timestamp":"2026-02-13T10:00:33.633434Z","level":"warning","event":"The `airflow.decorators.dag` attribute is deprecated. Please use `'airflow.sdk.dag'`.","category":"DeprecatedImportWarning","filename":"/opt/airflow/dags/branch_pipeline.py","lineno":1,"logger":"py.warnings"}
{"timestamp":"2026-02-13T10:00:33.633553Z","level":"warning","event":"The `airflow.decorators.task` attribute is deprecated. Please use `'airflow.sdk.task'`.","category":"DeprecatedImportWarning","filename":"/opt/airflow/dags/branch_pipeline.py","lineno":1,"logger":"py.warnings"}
{"timestamp":"2026-02-13T10:00:33.633605Z","level":"warning","event":"The `airflow.operators.python.BranchPythonOperator` attribute is deprecated. Please use `'airflow.providers.standard.operators.python.BranchPythonOperator'`.","category":"DeprecatedImportWarning","filename":"/opt/airflow/dags/branch_pipeline.py","lineno":2,"logger":"py.warnings"}
{"timestamp":"2026-02-13T10:00:33.633657Z","level":"warning","event":"The `airflow.operators.bash.BashOperator` attribute is deprecated. Please use `'airflow.providers.standard.operators.bash.BashOperator'`.","category":"DeprecatedImportWarning","filename":"/opt/airflow/dags/branch_pipeline.py","lineno":3,"logger":"py.warnings"}
{"timestamp":"2026-02-13T10:01:04.267420Z","level":"info","event":"Filling up the DagBag from /opt/airflow/dags/branch_pipeline.py","logger":"airflow.models.dagbag.BundleDagBag","filename":"dagbag.py","lineno":593}
{"timestamp":"2026-02-13T10:01:04.342769Z","level":"warning","event":"The `airflow.decorators.dag` attribute is deprecated. Please use `'airflow.sdk.dag'`.","category":"DeprecatedImportWarning","filename":"/opt/airflow/dags/branch_pipeline.py","lineno":1,"logger":"py.warnings"}
{"timestamp":"2026-02-13T10:01:04.343169Z","level":"warning","event":"The `airflow.decorators.task` attribute is deprecated. Please use `'airflow.sdk.task'`.","category":"DeprecatedImportWarning","filename":"/opt/airflow/dags/branch_pipeline.py","lineno":1,"logger":"py.warnings"}
{"timestamp":"2026-02-13T10:01:04.343356Z","level":"warning","event":"The `airflow.operators.python.BranchPythonOperator` attribute is deprecated. Please use `'airflow.providers.standard.operators.python.BranchPythonOperator'`.","category":"DeprecatedImportWarning","filename":"/opt/airflow/dags/branch_pipeline.py","lineno":2,"logger":"py.warnings"}
{"timestamp":"2026-02-13T10:01:04.343672Z","level":"warning","event":"The `airflow.operators.bash.BashOperator` attribute is deprecated. Please use `'airflow.providers.standard.operators.bash.BashOperator'`.","category":"DeprecatedImportWarning","filename":"/opt/airflow/dags/branch_pipeline.py","lineno":3,"logger":"py.warnings"}
{"timestamp":"2026-02-13T10:01:34.650986Z","level":"info","event":"Filling up the DagBag from /opt/airflow/dags/branch_pipeline.py","logger":"airflow.models.dagbag.BundleDagBag","filename":"dagbag.py","lineno":593}
{"timestamp":"2026-02-13T10:01:34.711605Z","level":"warning","event":"The `airflow.decorators.dag` attribute is deprecated. Please use `'airflow.sdk.dag'`.","category":"DeprecatedImportWarning","filename":"/opt/airflow/dags/branch_pipeline.py","lineno":1,"logger":"py.warnings"}
{"timestamp":"2026-02-13T10:01:34.711750Z","level":"warning","event":"The `airflow.decorators.task` attribute is deprecated. Please use `'airflow.sdk.task'`.","category":"DeprecatedImportWarning","filename":"/opt/airflow/dags/branch_pipeline.py","lineno":1,"logger":"py.warnings"}
{"timestamp":"2026-02-13T10:01:34.711808Z","level":"warning","event":"The `airflow.operators.python.BranchPythonOperator` attribute is deprecated. Please use `'airflow.providers.standard.operators.python.BranchPythonOperator'`.","category":"DeprecatedImportWarning","filename":"/opt/airflow/dags/branch_pipeline.py","lineno":2,"logger":"py.warnings"}
{"timestamp":"2026-02-13T10:01:34.711881Z","level":"warning","event":"The `airflow.operators.bash.BashOperator` attribute is deprecated. Please use `'airflow.providers.standard.operators.bash.BashOperator'`.","category":"DeprecatedImportWarning","filename":"/opt/airflow/dags/branch_pipeline.py","lineno":3,"logger":"py.warnings"}
{"timestamp":"2026-02-13T10:02:05.338131Z","level":"info","event":"Filling up the DagBag from /opt/airflow/dags/branch_pipeline.py","logger":"airflow.models.dagbag.BundleDagBag","filename":"dagbag.py","lineno":593}
{"timestamp":"2026-02-13T10:02:05.424449Z","level":"warning","event":"The `airflow.decorators.dag` attribute is deprecated. Please use `'airflow.sdk.dag'`.","category":"DeprecatedImportWarning","filename":"/opt/airflow/dags/branch_pipeline.py","lineno":1,"logger":"py.warnings"}
{"timestamp":"2026-02-13T10:02:05.425195Z","level":"warning","event":"The `airflow.decorators.task` attribute is deprecated. Please use `'airflow.sdk.task'`.","category":"DeprecatedImportWarning","filename":"/opt/airflow/dags/branch_pipeline.py","lineno":1,"logger":"py.warnings"}
{"timestamp":"2026-02-13T10:02:05.425416Z","level":"warning","event":"The `airflow.operators.python.BranchPythonOperator` attribute is deprecated. Please use `'airflow.providers.standard.operators.python.BranchPythonOperator'`.","category":"DeprecatedImportWarning","filename":"/opt/airflow/dags/branch_pipeline.py","lineno":2,"logger":"py.warnings"}
{"timestamp":"2026-02-13T10:02:05.425586Z","level":"warning","event":"The `airflow.operators.bash.BashOperator` attribute is deprecated. Please use `'airflow.providers.standard.operators.bash.BashOperator'`.","category":"DeprecatedImportWarning","filename":"/opt/airflow/dags/branch_pipeline.py","lineno":3,"logger":"py.warnings"}
{"timestamp":"2026-02-13T10:02:35.775456Z","level":"info","event":"Filling up the DagBag from /opt/airflow/dags/branch_pipeline.py","logger":"airflow.models.dagbag.BundleDagBag","filename":"dagbag.py","lineno":593}
{"timestamp":"2026-02-13T10:02:35.844722Z","level":"warning","event":"The `airflow.decorators.dag` attribute is deprecated. Please use `'airflow.sdk.dag'`.","category":"DeprecatedImportWarning","filename":"/opt/airflow/dags/branch_pipeline.py","lineno":1,"logger":"py.warnings"}
{"timestamp":"2026-02-13T10:02:35.844849Z","level":"warning","event":"The `airflow.decorators.task` attribute is deprecated. Please use `'airflow.sdk.task'`.","category":"DeprecatedImportWarning","filename":"/opt/airflow/dags/branch_pipeline.py","lineno":1,"logger":"py.warnings"}
{"timestamp":"2026-02-13T10:02:35.844901Z","level":"warning","event":"The `airflow.operators.python.BranchPythonOperator` attribute is deprecated. Please use `'airflow.providers.standard.operators.python.BranchPythonOperator'`.","category":"DeprecatedImportWarning","filename":"/opt/airflow/dags/branch_pipeline.py","lineno":2,"logger":"py.warnings"}
{"timestamp":"2026-02-13T10:02:35.844962Z","level":"warning","event":"The `airflow.operators.bash.BashOperator` attribute is deprecated. Please use `'airflow.providers.standard.operators.bash.BashOperator'`.","category":"DeprecatedImportWarning","filename":"/opt/airflow/dags/branch_pipeline.py","lineno":3,"logger":"py.warnings"}
{"timestamp":"2026-02-13T10:03:06.454550Z","level":"info","event":"Filling up the DagBag from /opt/airflow/dags/branch_pipeline.py","logger":"airflow.models.dagbag.BundleDagBag","filename":"dagbag.py","lineno":593}
{"timestamp":"2026-02-13T10:03:06.517699Z","level":"warning","event":"The `airflow.decorators.dag` attribute is deprecated. Please use `'airflow.sdk.dag'`.","category":"DeprecatedImportWarning","filename":"/opt/airflow/dags/branch_pipeline.py","lineno":1,"logger":"py.warnings"}
{"timestamp":"2026-02-13T10:03:06.517888Z","level":"warning","event":"The `airflow.decorators.task` attribute is deprecated. Please use `'airflow.sdk.task'`.","category":"DeprecatedImportWarning","filename":"/opt/airflow/dags/branch_pipeline.py","lineno":1,"logger":"py.warnings"}
{"timestamp":"2026-02-13T10:03:06.517951Z","level":"warning","event":"The `airflow.operators.python.BranchPythonOperator` attribute is deprecated. Please use `'airflow.providers.standard.operators.python.BranchPythonOperator'`.","category":"DeprecatedImportWarning","filename":"/opt/airflow/dags/branch_pipeline.py","lineno":2,"logger":"py.warnings"}
{"timestamp":"2026-02-13T10:03:06.518012Z","level":"warning","event":"The `airflow.operators.bash.BashOperator` attribute is deprecated. Please use `'airflow.providers.standard.operators.bash.BashOperator'`.","category":"DeprecatedImportWarning","filename":"/opt/airflow/dags/branch_pipeline.py","lineno":3,"logger":"py.warnings"}
{"timestamp":"2026-02-13T10:03:37.010195Z","level":"info","event":"Filling up the DagBag from /opt/airflow/dags/branch_pipeline.py","logger":"airflow.models.dagbag.BundleDagBag","filename":"dagbag.py","lineno":593}
{"timestamp":"2026-02-13T10:03:37.072966Z","level":"warning","event":"The `airflow.decorators.dag` attribute is deprecated. Please use `'airflow.sdk.dag'`.","category":"DeprecatedImportWarning","filename":"/opt/airflow/dags/branch_pipeline.py","lineno":1,"logger":"py.warnings"}
{"timestamp":"2026-02-13T10:03:37.073110Z","level":"warning","event":"The `airflow.decorators.task` attribute is deprecated. Please use `'airflow.sdk.task'`.","category":"DeprecatedImportWarning","filename":"/opt/airflow/dags/branch_pipeline.py","lineno":1,"logger":"py.warnings"}
{"timestamp":"2026-02-13T10:03:37.073170Z","level":"warning","event":"The `airflow.operators.python.BranchPythonOperator` attribute is deprecated. Please use `'airflow.providers.standard.operators.python.BranchPythonOperator'`.","category":"DeprecatedImportWarning","filename":"/opt/airflow/dags/branch_pipeline.py","lineno":2,"logger":"py.warnings"}
{"timestamp":"2026-02-13T10:03:37.073228Z","level":"warning","event":"The `airflow.operators.bash.BashOperator` attribute is deprecated. Please use `'airflow.providers.standard.operators.bash.BashOperator'`.","category":"DeprecatedImportWarning","filename":"/opt/airflow/dags/branch_pipeline.py","lineno":3,"logger":"py.warnings"}
{"timestamp":"2026-02-13T10:04:07.613066Z","level":"info","event":"Filling up the DagBag from /opt/airflow/dags/branch_pipeline.py","logger":"airflow.models.dagbag.BundleDagBag","filename":"dagbag.py","lineno":593}
{"timestamp":"2026-02-13T10:04:07.674464Z","level":"warning","event":"The `airflow.decorators.dag` attribute is deprecated. Please use `'airflow.sdk.dag'`.","category":"DeprecatedImportWarning","filename":"/opt/airflow/dags/branch_pipeline.py","lineno":1,"logger":"py.warnings"}
{"timestamp":"2026-02-13T10:04:07.674729Z","level":"warning","event":"The `airflow.decorators.task` attribute is deprecated. Please use `'airflow.sdk.task'`.","category":"DeprecatedImportWarning","filename":"/opt/airflow/dags/branch_pipeline.py","lineno":1,"logger":"py.warnings"}
{"timestamp":"2026-02-13T10:04:07.674806Z","level":"warning","event":"The `airflow.operators.python.BranchPythonOperator` attribute is deprecated. Please use `'airflow.providers.standard.operators.python.BranchPythonOperator'`.","category":"DeprecatedImportWarning","filename":"/opt/airflow/dags/branch_pipeline.py","lineno":2,"logger":"py.warnings"}
{"timestamp":"2026-02-13T10:04:07.674886Z","level":"warning","event":"The `airflow.operators.bash.BashOperator` attribute is deprecated. Please use `'airflow.providers.standard.operators.bash.BashOperator'`.","category":"DeprecatedImportWarning","filename":"/opt/airflow/dags/branch_pipeline.py","lineno":3,"logger":"py.warnings"}
{"timestamp":"2026-02-13T10:04:38.187232Z","level":"info","event":"Filling up the DagBag from /opt/airflow/dags/branch_pipeline.py","logger":"airflow.models.dagbag.BundleDagBag","filename":"dagbag.py","lineno":593}
{"timestamp":"2026-02-13T10:04:38.243154Z","level":"warning","event":"The `airflow.decorators.dag` attribute is deprecated. Please use `'airflow.sdk.dag'`.","category":"DeprecatedImportWarning","filename":"/opt/airflow/dags/branch_pipeline.py","lineno":1,"logger":"py.warnings"}
{"timestamp":"2026-02-13T10:04:38.243464Z","level":"warning","event":"The `airflow.decorators.task` attribute is deprecated. Please use `'airflow.sdk.task'`.","category":"DeprecatedImportWarning","filename":"/opt/airflow/dags/branch_pipeline.py","lineno":1,"logger":"py.warnings"}
{"timestamp":"2026-02-13T10:04:38.243572Z","level":"warning","event":"The `airflow.operators.python.BranchPythonOperator` attribute is deprecated. Please use `'airflow.providers.standard.operators.python.BranchPythonOperator'`.","category":"DeprecatedImportWarning","filename":"/opt/airflow/dags/branch_pipeline.py","lineno":2,"logger":"py.warnings"}
{"timestamp":"2026-02-13T10:04:38.243652Z","level":"warning","event":"The `airflow.operators.bash.BashOperator` attribute is deprecated. Please use `'airflow.providers.standard.operators.bash.BashOperator'`.","category":"DeprecatedImportWarning","filename":"/opt/airflow/dags/branch_pipeline.py","lineno":3,"logger":"py.warnings"}
{"timestamp":"2026-02-13T10:05:08.617800Z","level":"info","event":"Filling up the DagBag from /opt/airflow/dags/branch_pipeline.py","logger":"airflow.models.dagbag.BundleDagBag","filename":"dagbag.py","lineno":593}
{"timestamp":"2026-02-13T10:05:08.675640Z","level":"warning","event":"The `airflow.decorators.dag` attribute is deprecated. Please use `'airflow.sdk.dag'`.","category":"DeprecatedImportWarning","filename":"/opt/airflow/dags/branch_pipeline.py","lineno":1,"logger":"py.warnings"}
{"timestamp":"2026-02-13T10:05:08.675860Z","level":"warning","event":"The `airflow.decorators.task` attribute is deprecated. Please use `'airflow.sdk.task'`.","category":"DeprecatedImportWarning","filename":"/opt/airflow/dags/branch_pipeline.py","lineno":1,"logger":"py.warnings"}
{"timestamp":"2026-02-13T10:05:08.675931Z","level":"warning","event":"The `airflow.operators.python.BranchPythonOperator` attribute is deprecated. Please use `'airflow.providers.standard.operators.python.BranchPythonOperator'`.","category":"DeprecatedImportWarning","filename":"/opt/airflow/dags/branch_pipeline.py","lineno":2,"logger":"py.warnings"}
{"timestamp":"2026-02-13T10:05:08.676153Z","level":"warning","event":"The `airflow.operators.bash.BashOperator` attribute is deprecated. Please use `'airflow.providers.standard.operators.bash.BashOperator'`.","category":"DeprecatedImportWarning","filename":"/opt/airflow/dags/branch_pipeline.py","lineno":3,"logger":"py.warnings"}
{"timestamp":"2026-02-13T10:05:39.004425Z","level":"info","event":"Filling up the DagBag from /opt/airflow/dags/branch_pipeline.py","logger":"airflow.models.dagbag.BundleDagBag","filename":"dagbag.py","lineno":593}
{"timestamp":"2026-02-13T10:05:39.076257Z","level":"warning","event":"The `airflow.decorators.dag` attribute is deprecated. Please use `'airflow.sdk.dag'`.","category":"DeprecatedImportWarning","filename":"/opt/airflow/dags/branch_pipeline.py","lineno":1,"logger":"py.warnings"}
{"timestamp":"2026-02-13T10:05:39.076449Z","level":"warning","event":"The `airflow.decorators.task` attribute is deprecated. Please use `'airflow.sdk.task'`.","category":"DeprecatedImportWarning","filename":"/opt/airflow/dags/branch_pipeline.py","lineno":1,"logger":"py.warnings"}
{"timestamp":"2026-02-13T10:05:39.076527Z","level":"warning","event":"The `airflow.operators.python.BranchPythonOperator` attribute is deprecated. Please use `'airflow.providers.standard.operators.python.BranchPythonOperator'`.","category":"DeprecatedImportWarning","filename":"/opt/airflow/dags/branch_pipeline.py","lineno":2,"logger":"py.warnings"}
{"timestamp":"2026-02-13T10:05:39.076604Z","level":"warning","event":"The `airflow.operators.bash.BashOperator` attribute is deprecated. Please use `'airflow.providers.standard.operators.bash.BashOperator'`.","category":"DeprecatedImportWarning","filename":"/opt/airflow/dags/branch_pipeline.py","lineno":3,"logger":"py.warnings"}
{"timestamp":"2026-02-13T10:06:09.526916Z","level":"info","event":"Filling up the DagBag from /opt/airflow/dags/branch_pipeline.py","logger":"airflow.models.dagbag.BundleDagBag","filename":"dagbag.py","lineno":593}
{"timestamp":"2026-02-13T10:06:09.591654Z","level":"warning","event":"The `airflow.decorators.dag` attribute is deprecated. Please use `'airflow.sdk.dag'`.","category":"DeprecatedImportWarning","filename":"/opt/airflow/dags/branch_pipeline.py","lineno":1,"logger":"py.warnings"}
{"timestamp":"2026-02-13T10:06:09.591837Z","level":"warning","event":"The `airflow.decorators.task` attribute is deprecated. Please use `'airflow.sdk.task'`.","category":"DeprecatedImportWarning","filename":"/opt/airflow/dags/branch_pipeline.py","lineno":1,"logger":"py.warnings"}
{"timestamp":"2026-02-13T10:06:09.591911Z","level":"warning","event":"The `airflow.operators.python.BranchPythonOperator` attribute is deprecated. Please use `'airflow.providers.standard.operators.python.BranchPythonOperator'`.","category":"DeprecatedImportWarning","filename":"/opt/airflow/dags/branch_pipeline.py","lineno":2,"logger":"py.warnings"}
{"timestamp":"2026-02-13T10:06:09.591977Z","level":"warning","event":"The `airflow.operators.bash.BashOperator` attribute is deprecated. Please use `'airflow.providers.standard.operators.bash.BashOperator'`.","category":"DeprecatedImportWarning","filename":"/opt/airflow/dags/branch_pipeline.py","lineno":3,"logger":"py.warnings"}
{"timestamp":"2026-02-13T10:06:39.963926Z","level":"info","event":"Filling up the DagBag from /opt/airflow/dags/branch_pipeline.py","logger":"airflow.models.dagbag.BundleDagBag","filename":"dagbag.py","lineno":593}
{"timestamp":"2026-02-13T10:06:40.027974Z","level":"warning","event":"The `airflow.decorators.dag` attribute is deprecated. Please use `'airflow.sdk.dag'`.","category":"DeprecatedImportWarning","filename":"/opt/airflow/dags/branch_pipeline.py","lineno":1,"logger":"py.warnings"}
{"timestamp":"2026-02-13T10:06:40.028182Z","level":"warning","event":"The `airflow.decorators.task` attribute is deprecated. Please use `'airflow.sdk.task'`.","category":"DeprecatedImportWarning","filename":"/opt/airflow/dags/branch_pipeline.py","lineno":1,"logger":"py.warnings"}
{"timestamp":"2026-02-13T10:06:40.028236Z","level":"warning","event":"The `airflow.operators.python.BranchPythonOperator` attribute is deprecated. Please use `'airflow.providers.standard.operators.python.BranchPythonOperator'`.","category":"DeprecatedImportWarning","filename":"/opt/airflow/dags/branch_pipeline.py","lineno":2,"logger":"py.warnings"}
{"timestamp":"2026-02-13T10:06:40.028294Z","level":"warning","event":"The `airflow.operators.bash.BashOperator` attribute is deprecated. Please use `'airflow.providers.standard.operators.bash.BashOperator'`.","category":"DeprecatedImportWarning","filename":"/opt/airflow/dags/branch_pipeline.py","lineno":3,"logger":"py.warnings"}
{"timestamp":"2026-02-13T10:07:10.610047Z","level":"info","event":"Filling up the DagBag from /opt/airflow/dags/branch_pipeline.py","logger":"airflow.models.dagbag.BundleDagBag","filename":"dagbag.py","lineno":593}
{"timestamp":"2026-02-13T10:07:10.663528Z","level":"warning","event":"The `airflow.decorators.dag` attribute is deprecated. Please use `'airflow.sdk.dag'`.","category":"DeprecatedImportWarning","filename":"/opt/airflow/dags/branch_pipeline.py","lineno":1,"logger":"py.warnings"}
{"timestamp":"2026-02-13T10:07:10.663666Z","level":"warning","event":"The `airflow.decorators.task` attribute is deprecated. Please use `'airflow.sdk.task'`.","category":"DeprecatedImportWarning","filename":"/opt/airflow/dags/branch_pipeline.py","lineno":1,"logger":"py.warnings"}
{"timestamp":"2026-02-13T10:07:10.663724Z","level":"warning","event":"The `airflow.operators.python.BranchPythonOperator` attribute is deprecated. Please use `'airflow.providers.standard.operators.python.BranchPythonOperator'`.","category":"DeprecatedImportWarning","filename":"/opt/airflow/dags/branch_pipeline.py","lineno":2,"logger":"py.warnings"}
{"timestamp":"2026-02-13T10:07:10.663785Z","level":"warning","event":"The `airflow.operators.bash.BashOperator` attribute is deprecated. Please use `'airflow.providers.standard.operators.bash.BashOperator'`.","category":"DeprecatedImportWarning","filename":"/opt/airflow/dags/branch_pipeline.py","lineno":3,"logger":"py.warnings"}
{"timestamp":"2026-02-13T10:07:41.201596Z","level":"info","event":"Filling up the DagBag from /opt/airflow/dags/branch_pipeline.py","logger":"airflow.models.dagbag.BundleDagBag","filename":"dagbag.py","lineno":593}
{"timestamp":"2026-02-13T10:07:41.263423Z","level":"warning","event":"The `airflow.decorators.dag` attribute is deprecated. Please use `'airflow.sdk.dag'`.","category":"DeprecatedImportWarning","filename":"/opt/airflow/dags/branch_pipeline.py","lineno":1,"logger":"py.warnings"}
{"timestamp":"2026-02-13T10:07:41.263597Z","level":"warning","event":"The `airflow.decorators.task` attribute is deprecated. Please use `'airflow.sdk.task'`.","category":"DeprecatedImportWarning","filename":"/opt/airflow/dags/branch_pipeline.py","lineno":1,"logger":"py.warnings"}
{"timestamp":"2026-02-13T10:07:41.263691Z","level":"warning","event":"The `airflow.operators.python.BranchPythonOperator` attribute is deprecated. Please use `'airflow.providers.standard.operators.python.BranchPythonOperator'`.","category":"DeprecatedImportWarning","filename":"/opt/airflow/dags/branch_pipeline.py","lineno":2,"logger":"py.warnings"}
{"timestamp":"2026-02-13T10:07:41.263767Z","level":"warning","event":"The `airflow.operators.bash.BashOperator` attribute is deprecated. Please use `'airflow.providers.standard.operators.bash.BashOperator'`.","category":"DeprecatedImportWarning","filename":"/opt/airflow/dags/branch_pipeline.py","lineno":3,"logger":"py.warnings"}
{"timestamp":"2026-02-13T10:08:11.562506Z","level":"info","event":"Filling up the DagBag from /opt/airflow/dags/branch_pipeline.py","logger":"airflow.models.dagbag.BundleDagBag","filename":"dagbag.py","lineno":593}
{"timestamp":"2026-02-13T10:08:11.617945Z","level":"warning","event":"The `airflow.decorators.dag` attribute is deprecated. Please use `'airflow.sdk.dag'`.","category":"DeprecatedImportWarning","filename":"/opt/airflow/dags/branch_pipeline.py","lineno":1,"logger":"py.warnings"}
{"timestamp":"2026-02-13T10:08:11.618179Z","level":"warning","event":"The `airflow.decorators.task` attribute is deprecated. Please use `'airflow.sdk.task'`.","category":"DeprecatedImportWarning","filename":"/opt/airflow/dags/branch_pipeline.py","lineno":1,"logger":"py.warnings"}
{"timestamp":"2026-02-13T10:08:11.618283Z","level":"warning","event":"The `airflow.operators.python.BranchPythonOperator` attribute is deprecated. Please use `'airflow.providers.standard.operators.python.BranchPythonOperator'`.","category":"DeprecatedImportWarning","filename":"/opt/airflow/dags/branch_pipeline.py","lineno":2,"logger":"py.warnings"}
{"timestamp":"2026-02-13T10:08:11.618456Z","level":"warning","event":"The `airflow.operators.bash.BashOperator` attribute is deprecated. Please use `'airflow.providers.standard.operators.bash.BashOperator'`.","category":"DeprecatedImportWarning","filename":"/opt/airflow/dags/branch_pipeline.py","lineno":3,"logger":"py.warnings"}
{"timestamp":"2026-02-13T10:08:41.986246Z","level":"info","event":"Filling up the DagBag from /opt/airflow/dags/branch_pipeline.py","logger":"airflow.models.dagbag.BundleDagBag","filename":"dagbag.py","lineno":593}
{"timestamp":"2026-02-13T10:08:42.044728Z","level":"warning","event":"The `airflow.decorators.dag` attribute is deprecated. Please use `'airflow.sdk.dag'`.","category":"DeprecatedImportWarning","filename":"/opt/airflow/dags/branch_pipeline.py","lineno":1,"logger":"py.warnings"}
{"timestamp":"2026-02-13T10:08:42.044936Z","level":"warning","event":"The `airflow.decorators.task` attribute is deprecated. Please use `'airflow.sdk.task'`.","category":"DeprecatedImportWarning","filename":"/opt/airflow/dags/branch_pipeline.py","lineno":1,"logger":"py.warnings"}
{"timestamp":"2026-02-13T10:08:42.045006Z","level":"warning","event":"The `airflow.operators.python.BranchPythonOperator` attribute is deprecated. Please use `'airflow.providers.standard.operators.python.BranchPythonOperator'`.","category":"DeprecatedImportWarning","filename":"/opt/airflow/dags/branch_pipeline.py","lineno":2,"logger":"py.warnings"}
{"timestamp":"2026-02-13T10:08:42.045081Z","level":"warning","event":"The `airflow.operators.bash.BashOperator` attribute is deprecated. Please use `'airflow.providers.standard.operators.bash.BashOperator'`.","category":"DeprecatedImportWarning","filename":"/opt/airflow/dags/branch_pipeline.py","lineno":3,"logger":"py.warnings"}
{"timestamp":"2026-02-13T10:09:12.480027Z","level":"info","event":"Filling up the DagBag from /opt/airflow/dags/branch_pipeline.py","logger":"airflow.models.dagbag.BundleDagBag","filename":"dagbag.py","lineno":593}
{"timestamp":"2026-02-13T10:09:12.526542Z","level":"warning","event":"The `airflow.decorators.dag` attribute is deprecated. Please use `'airflow.sdk.dag'`.","category":"DeprecatedImportWarning","filename":"/opt/airflow/dags/branch_pipeline.py","lineno":1,"logger":"py.warnings"}
{"timestamp":"2026-02-13T10:09:12.527929Z","level":"warning","event":"The `airflow.decorators.task` attribute is deprecated. Please use `'airflow.sdk.task'`.","category":"DeprecatedImportWarning","filename":"/opt/airflow/dags/branch_pipeline.py","lineno":1,"logger":"py.warnings"}
{"timestamp":"2026-02-13T10:09:12.528285Z","level":"warning","event":"The `airflow.operators.python.BranchPythonOperator` attribute is deprecated. Please use `'airflow.providers.standard.operators.python.BranchPythonOperator'`.","category":"DeprecatedImportWarning","filename":"/opt/airflow/dags/branch_pipeline.py","lineno":2,"logger":"py.warnings"}
{"timestamp":"2026-02-13T10:09:12.528613Z","level":"warning","event":"The `airflow.operators.bash.BashOperator` attribute is deprecated. Please use `'airflow.providers.standard.operators.bash.BashOperator'`.","category":"DeprecatedImportWarning","filename":"/opt/airflow/dags/branch_pipeline.py","lineno":3,"logger":"py.warnings"}
{"timestamp":"2026-02-13T10:09:43.088648Z","level":"info","event":"Filling up the DagBag from /opt/airflow/dags/branch_pipeline.py","logger":"airflow.models.dagbag.BundleDagBag","filename":"dagbag.py","lineno":593}
{"timestamp":"2026-02-13T10:09:43.141265Z","level":"warning","event":"The `airflow.decorators.dag` attribute is deprecated. Please use `'airflow.sdk.dag'`.","category":"DeprecatedImportWarning","filename":"/opt/airflow/dags/branch_pipeline.py","lineno":1,"logger":"py.warnings"}
{"timestamp":"2026-02-13T10:09:43.141397Z","level":"warning","event":"The `airflow.decorators.task` attribute is deprecated. Please use `'airflow.sdk.task'`.","category":"DeprecatedImportWarning","filename":"/opt/airflow/dags/branch_pipeline.py","lineno":1,"logger":"py.warnings"}
{"timestamp":"2026-02-13T10:09:43.141456Z","level":"warning","event":"The `airflow.operators.python.BranchPythonOperator` attribute is deprecated. Please use `'airflow.providers.standard.operators.python.BranchPythonOperator'`.","category":"DeprecatedImportWarning","filename":"/opt/airflow/dags/branch_pipeline.py","lineno":2,"logger":"py.warnings"}
{"timestamp":"2026-02-13T10:09:43.141515Z","level":"warning","event":"The `airflow.operators.bash.BashOperator` attribute is deprecated. Please use `'airflow.providers.standard.operators.bash.BashOperator'`.","category":"DeprecatedImportWarning","filename":"/opt/airflow/dags/branch_pipeline.py","lineno":3,"logger":"py.warnings"}
{"timestamp":"2026-02-13T10:10:13.532320Z","level":"info","event":"Filling up the DagBag from /opt/airflow/dags/branch_pipeline.py","logger":"airflow.models.dagbag.BundleDagBag","filename":"dagbag.py","lineno":593}
{"timestamp":"2026-02-13T10:10:13.595690Z","level":"warning","event":"The `airflow.decorators.dag` attribute is deprecated. Please use `'airflow.sdk.dag'`.","category":"DeprecatedImportWarning","filename":"/opt/airflow/dags/branch_pipeline.py","lineno":1,"logger":"py.warnings"}
{"timestamp":"2026-02-13T10:10:13.595885Z","level":"warning","event":"The `airflow.decorators.task` attribute is deprecated. Please use `'airflow.sdk.task'`.","category":"DeprecatedImportWarning","filename":"/opt/airflow/dags/branch_pipeline.py","lineno":1,"logger":"py.warnings"}
{"timestamp":"2026-02-13T10:10:13.596002Z","level":"warning","event":"The `airflow.operators.python.BranchPythonOperator` attribute is deprecated. Please use `'airflow.providers.standard.operators.python.BranchPythonOperator'`.","category":"DeprecatedImportWarning","filename":"/opt/airflow/dags/branch_pipeline.py","lineno":2,"logger":"py.warnings"}
{"timestamp":"2026-02-13T10:10:13.596132Z","level":"warning","event":"The `airflow.operators.bash.BashOperator` attribute is deprecated. Please use `'airflow.providers.standard.operators.bash.BashOperator'`.","category":"DeprecatedImportWarning","filename":"/opt/airflow/dags/branch_pipeline.py","lineno":3,"logger":"py.warnings"}
{"timestamp":"2026-02-13T10:10:44.385057Z","level":"info","event":"Filling up the DagBag from /opt/airflow/dags/branch_pipeline.py","logger":"airflow.models.dagbag.BundleDagBag","filename":"dagbag.py","lineno":593}
{"timestamp":"2026-02-13T10:10:44.438794Z","level":"warning","event":"The `airflow.decorators.dag` attribute is deprecated. Please use `'airflow.sdk.dag'`.","category":"DeprecatedImportWarning","filename":"/opt/airflow/dags/branch_pipeline.py","lineno":1,"logger":"py.warnings"}
{"timestamp":"2026-02-13T10:10:44.438964Z","level":"warning","event":"The `airflow.decorators.task` attribute is deprecated. Please use `'airflow.sdk.task'`.","category":"DeprecatedImportWarning","filename":"/opt/airflow/dags/branch_pipeline.py","lineno":1,"logger":"py.warnings"}
{"timestamp":"2026-02-13T10:10:44.439026Z","level":"warning","event":"The `airflow.operators.python.BranchPythonOperator` attribute is deprecated. Please use `'airflow.providers.standard.operators.python.BranchPythonOperator'`.","category":"DeprecatedImportWarning","filename":"/opt/airflow/dags/branch_pipeline.py","lineno":2,"logger":"py.warnings"}
{"timestamp":"2026-02-13T10:10:44.439115Z","level":"warning","event":"The `airflow.operators.bash.BashOperator` attribute is deprecated. Please use `'airflow.providers.standard.operators.bash.BashOperator'`.","category":"DeprecatedImportWarning","filename":"/opt/airflow/dags/branch_pipeline.py","lineno":3,"logger":"py.warnings"}
{"timestamp":"2026-02-13T10:11:15.054263Z","level":"info","event":"Filling up the DagBag from /opt/airflow/dags/branch_pipeline.py","logger":"airflow.models.dagbag.BundleDagBag","filename":"dagbag.py","lineno":593}
{"timestamp":"2026-02-13T10:11:15.113011Z","level":"warning","event":"The `airflow.decorators.dag` attribute is deprecated. Please use `'airflow.sdk.dag'`.","category":"DeprecatedImportWarning","filename":"/opt/airflow/dags/branch_pipeline.py","lineno":1,"logger":"py.warnings"}
{"timestamp":"2026-02-13T10:11:15.113173Z","level":"warning","event":"The `airflow.decorators.task` attribute is deprecated. Please use `'airflow.sdk.task'`.","category":"DeprecatedImportWarning","filename":"/opt/airflow/dags/branch_pipeline.py","lineno":1,"logger":"py.warnings"}
{"timestamp":"2026-02-13T10:11:15.113261Z","level":"warning","event":"The `airflow.operators.python.BranchPythonOperator` attribute is deprecated. Please use `'airflow.providers.standard.operators.python.BranchPythonOperator'`.","category":"DeprecatedImportWarning","filename":"/opt/airflow/dags/branch_pipeline.py","lineno":2,"logger":"py.warnings"}
{"timestamp":"2026-02-13T10:11:15.113346Z","level":"warning","event":"The `airflow.operators.bash.BashOperator` attribute is deprecated. Please use `'airflow.providers.standard.operators.bash.BashOperator'`.","category":"DeprecatedImportWarning","filename":"/opt/airflow/dags/branch_pipeline.py","lineno":3,"logger":"py.warnings"}
{"timestamp":"2026-02-13T10:11:45.558989Z","level":"info","event":"Filling up the DagBag from /opt/airflow/dags/branch_pipeline.py","logger":"airflow.models.dagbag.BundleDagBag","filename":"dagbag.py","lineno":593}
{"timestamp":"2026-02-13T10:11:45.623526Z","level":"warning","event":"The `airflow.decorators.dag` attribute is deprecated. Please use `'airflow.sdk.dag'`.","category":"DeprecatedImportWarning","filename":"/opt/airflow/dags/branch_pipeline.py","lineno":1,"logger":"py.warnings"}
{"timestamp":"2026-02-13T10:11:45.623669Z","level":"warning","event":"The `airflow.decorators.task` attribute is deprecated. Please use `'airflow.sdk.task'`.","category":"DeprecatedImportWarning","filename":"/opt/airflow/dags/branch_pipeline.py","lineno":1,"logger":"py.warnings"}
{"timestamp":"2026-02-13T10:11:45.623739Z","level":"warning","event":"The `airflow.operators.python.BranchPythonOperator` attribute is deprecated. Please use `'airflow.providers.standard.operators.python.BranchPythonOperator'`.","category":"DeprecatedImportWarning","filename":"/opt/airflow/dags/branch_pipeline.py","lineno":2,"logger":"py.warnings"}
{"timestamp":"2026-02-13T10:11:45.623799Z","level":"warning","event":"The `airflow.operators.bash.BashOperator` attribute is deprecated. Please use `'airflow.providers.standard.operators.bash.BashOperator'`.","category":"DeprecatedImportWarning","filename":"/opt/airflow/dags/branch_pipeline.py","lineno":3,"logger":"py.warnings"}
{"timestamp":"2026-02-13T10:12:16.079640Z","level":"info","event":"Filling up the DagBag from /opt/airflow/dags/branch_pipeline.py","logger":"airflow.models.dagbag.BundleDagBag","filename":"dagbag.py","lineno":593}
{"timestamp":"2026-02-13T10:12:16.137191Z","level":"warning","event":"The `airflow.decorators.dag` attribute is deprecated. Please use `'airflow.sdk.dag'`.","category":"DeprecatedImportWarning","filename":"/opt/airflow/dags/branch_pipeline.py","lineno":1,"logger":"py.warnings"}
{"timestamp":"2026-02-13T10:12:16.137327Z","level":"warning","event":"The `airflow.decorators.task` attribute is deprecated. Please use `'airflow.sdk.task'`.","category":"DeprecatedImportWarning","filename":"/opt/airflow/dags/branch_pipeline.py","lineno":1,"logger":"py.warnings"}
{"timestamp":"2026-02-13T10:12:16.137385Z","level":"warning","event":"The `airflow.operators.python.BranchPythonOperator` attribute is deprecated. Please use `'airflow.providers.standard.operators.python.BranchPythonOperator'`.","category":"DeprecatedImportWarning","filename":"/opt/airflow/dags/branch_pipeline.py","lineno":2,"logger":"py.warnings"}
{"timestamp":"2026-02-13T10:12:16.137447Z","level":"warning","event":"The `airflow.operators.bash.BashOperator` attribute is deprecated. Please use `'airflow.providers.standard.operators.bash.BashOperator'`.","category":"DeprecatedImportWarning","filename":"/opt/airflow/dags/branch_pipeline.py","lineno":3,"logger":"py.warnings"}
{"timestamp":"2026-02-13T10:12:46.688673Z","level":"info","event":"Filling up the DagBag from /opt/airflow/dags/branch_pipeline.py","logger":"airflow.models.dagbag.BundleDagBag","filename":"dagbag.py","lineno":593}
{"timestamp":"2026-02-13T10:12:46.759182Z","level":"warning","event":"The `airflow.decorators.dag` attribute is deprecated. Please use `'airflow.sdk.dag'`.","category":"DeprecatedImportWarning","filename":"/opt/airflow/dags/branch_pipeline.py","lineno":1,"logger":"py.warnings"}
{"timestamp":"2026-02-13T10:12:46.759392Z","level":"warning","event":"The `airflow.decorators.task` attribute is deprecated. Please use `'airflow.sdk.task'`.","category":"DeprecatedImportWarning","filename":"/opt/airflow/dags/branch_pipeline.py","lineno":1,"logger":"py.warnings"}
{"timestamp":"2026-02-13T10:12:46.759468Z","level":"warning","event":"The `airflow.operators.python.BranchPythonOperator` attribute is deprecated. Please use `'airflow.providers.standard.operators.python.BranchPythonOperator'`.","category":"DeprecatedImportWarning","filename":"/opt/airflow/dags/branch_pipeline.py","lineno":2,"logger":"py.warnings"}
{"timestamp":"2026-02-13T10:12:46.759536Z","level":"warning","event":"The `airflow.operators.bash.BashOperator` attribute is deprecated. Please use `'airflow.providers.standard.operators.bash.BashOperator'`.","category":"DeprecatedImportWarning","filename":"/opt/airflow/dags/branch_pipeline.py","lineno":3,"logger":"py.warnings"}
{"timestamp":"2026-02-13T10:13:17.159959Z","level":"info","event":"Filling up the DagBag from /opt/airflow/dags/branch_pipeline.py","logger":"airflow.models.dagbag.BundleDagBag","filename":"dagbag.py","lineno":593}
{"timestamp":"2026-02-13T10:13:17.213624Z","level":"warning","event":"The `airflow.decorators.dag` attribute is deprecated. Please use `'airflow.sdk.dag'`.","category":"DeprecatedImportWarning","filename":"/opt/airflow/dags/branch_pipeline.py","lineno":1,"logger":"py.warnings"}
{"timestamp":"2026-02-13T10:13:17.213759Z","level":"warning","event":"The `airflow.decorators.task` attribute is deprecated. Please use `'airflow.sdk.task'`.","category":"DeprecatedImportWarning","filename":"/opt/airflow/dags/branch_pipeline.py","lineno":1,"logger":"py.warnings"}
{"timestamp":"2026-02-13T10:13:17.213817Z","level":"warning","event":"The `airflow.operators.python.BranchPythonOperator` attribute is deprecated. Please use `'airflow.providers.standard.operators.python.BranchPythonOperator'`.","category":"DeprecatedImportWarning","filename":"/opt/airflow/dags/branch_pipeline.py","lineno":2,"logger":"py.warnings"}
{"timestamp":"2026-02-13T10:13:17.213966Z","level":"warning","event":"The `airflow.operators.bash.BashOperator` attribute is deprecated. Please use `'airflow.providers.standard.operators.bash.BashOperator'`.","category":"DeprecatedImportWarning","filename":"/opt/airflow/dags/branch_pipeline.py","lineno":3,"logger":"py.warnings"}
{"timestamp":"2026-02-13T10:13:47.685842Z","level":"info","event":"Filling up the DagBag from /opt/airflow/dags/branch_pipeline.py","logger":"airflow.models.dagbag.BundleDagBag","filename":"dagbag.py","lineno":593}
{"timestamp":"2026-02-13T10:13:47.735290Z","level":"warning","event":"The `airflow.decorators.dag` attribute is deprecated. Please use `'airflow.sdk.dag'`.","category":"DeprecatedImportWarning","filename":"/opt/airflow/dags/branch_pipeline.py","lineno":1,"logger":"py.warnings"}
{"timestamp":"2026-02-13T10:13:47.735425Z","level":"warning","event":"The `airflow.decorators.task` attribute is deprecated. Please use `'airflow.sdk.task'`.","category":"DeprecatedImportWarning","filename":"/opt/airflow/dags/branch_pipeline.py","lineno":1,"logger":"py.warnings"}
{"timestamp":"2026-02-13T10:13:47.735480Z","level":"warning","event":"The `airflow.operators.python.BranchPythonOperator` attribute is deprecated. Please use `'airflow.providers.standard.operators.python.BranchPythonOperator'`.","category":"DeprecatedImportWarning","filename":"/opt/airflow/dags/branch_pipeline.py","lineno":2,"logger":"py.warnings"}
{"timestamp":"2026-02-13T10:13:47.735536Z","level":"warning","event":"The `airflow.operators.bash.BashOperator` attribute is deprecated. Please use `'airflow.providers.standard.operators.bash.BashOperator'`.","category":"DeprecatedImportWarning","filename":"/opt/airflow/dags/branch_pipeline.py","lineno":3,"logger":"py.warnings"}
{"timestamp":"2026-02-13T10:14:18.074598Z","level":"info","event":"Filling up the DagBag from /opt/airflow/dags/branch_pipeline.py","logger":"airflow.models.dagbag.BundleDagBag","filename":"dagbag.py","lineno":593}
{"timestamp":"2026-02-13T10:14:18.125855Z","level":"warning","event":"The `airflow.decorators.dag` attribute is deprecated. Please use `'airflow.sdk.dag'`.","category":"DeprecatedImportWarning","filename":"/opt/airflow/dags/branch_pipeline.py","lineno":1,"logger":"py.warnings"}
{"timestamp":"2026-02-13T10:14:18.126007Z","level":"warning","event":"The `airflow.decorators.task` attribute is deprecated. Please use `'airflow.sdk.task'`.","category":"DeprecatedImportWarning","filename":"/opt/airflow/dags/branch_pipeline.py","lineno":1,"logger":"py.warnings"}
{"timestamp":"2026-02-13T10:14:18.126077Z","level":"warning","event":"The `airflow.operators.python.BranchPythonOperator` attribute is deprecated. Please use `'airflow.providers.standard.operators.python.BranchPythonOperator'`.","category":"DeprecatedImportWarning","filename":"/opt/airflow/dags/branch_pipeline.py","lineno":2,"logger":"py.warnings"}
{"timestamp":"2026-02-13T10:14:18.126159Z","level":"warning","event":"The `airflow.operators.bash.BashOperator` attribute is deprecated. Please use `'airflow.providers.standard.operators.bash.BashOperator'`.","category":"DeprecatedImportWarning","filename":"/opt/airflow/dags/branch_pipeline.py","lineno":3,"logger":"py.warnings"}
{"timestamp":"2026-02-13T10:14:48.453183Z","level":"info","event":"Filling up the DagBag from /opt/airflow/dags/branch_pipeline.py","logger":"airflow.models.dagbag.BundleDagBag","filename":"dagbag.py","lineno":593}
{"timestamp":"2026-02-13T10:14:48.505634Z","level":"warning","event":"The `airflow.decorators.dag` attribute is deprecated. Please use `'airflow.sdk.dag'`.","category":"DeprecatedImportWarning","filename":"/opt/airflow/dags/branch_pipeline.py","lineno":1,"logger":"py.warnings"}
{"timestamp":"2026-02-13T10:14:48.505779Z","level":"warning","event":"The `airflow.decorators.task` attribute is deprecated. Please use `'airflow.sdk.task'`.","category":"DeprecatedImportWarning","filename":"/opt/airflow/dags/branch_pipeline.py","lineno":1,"logger":"py.warnings"}
{"timestamp":"2026-02-13T10:14:48.505851Z","level":"warning","event":"The `airflow.operators.python.BranchPythonOperator` attribute is deprecated. Please use `'airflow.providers.standard.operators.python.BranchPythonOperator'`.","category":"DeprecatedImportWarning","filename":"/opt/airflow/dags/branch_pipeline.py","lineno":2,"logger":"py.warnings"}
{"timestamp":"2026-02-13T10:14:48.505919Z","level":"warning","event":"The `airflow.operators.bash.BashOperator` attribute is deprecated. Please use `'airflow.providers.standard.operators.bash.BashOperator'`.","category":"DeprecatedImportWarning","filename":"/opt/airflow/dags/branch_pipeline.py","lineno":3,"logger":"py.warnings"}
{"timestamp":"2026-02-13T10:15:19.045665Z","level":"info","event":"Filling up the DagBag from /opt/airflow/dags/branch_pipeline.py","logger":"airflow.models.dagbag.BundleDagBag","filename":"dagbag.py","lineno":593}
{"timestamp":"2026-02-13T10:15:19.098770Z","level":"warning","event":"The `airflow.decorators.dag` attribute is deprecated. Please use `'airflow.sdk.dag'`.","category":"DeprecatedImportWarning","filename":"/opt/airflow/dags/branch_pipeline.py","lineno":1,"logger":"py.warnings"}
{"timestamp":"2026-02-13T10:15:19.098915Z","level":"warning","event":"The `airflow.decorators.task` attribute is deprecated. Please use `'airflow.sdk.task'`.","category":"DeprecatedImportWarning","filename":"/opt/airflow/dags/branch_pipeline.py","lineno":1,"logger":"py.warnings"}
{"timestamp":"2026-02-13T10:15:19.098993Z","level":"warning","event":"The `airflow.operators.python.BranchPythonOperator` attribute is deprecated. Please use `'airflow.providers.standard.operators.python.BranchPythonOperator'`.","category":"DeprecatedImportWarning","filename":"/opt/airflow/dags/branch_pipeline.py","lineno":2,"logger":"py.warnings"}
{"timestamp":"2026-02-13T10:15:19.099054Z","level":"warning","event":"The `airflow.operators.bash.BashOperator` attribute is deprecated. Please use `'airflow.providers.standard.operators.bash.BashOperator'`.","category":"DeprecatedImportWarning","filename":"/opt/airflow/dags/branch_pipeline.py","lineno":3,"logger":"py.warnings"}
{"timestamp":"2026-02-13T10:15:49.689421Z","level":"info","event":"Filling up the DagBag from /opt/airflow/dags/branch_pipeline.py","logger":"airflow.models.dagbag.BundleDagBag","filename":"dagbag.py","lineno":593}
{"timestamp":"2026-02-13T10:15:49.758313Z","level":"warning","event":"The `airflow.decorators.dag` attribute is deprecated. Please use `'airflow.sdk.dag'`.","category":"DeprecatedImportWarning","filename":"/opt/airflow/dags/branch_pipeline.py","lineno":1,"logger":"py.warnings"}
{"timestamp":"2026-02-13T10:15:49.758661Z","level":"warning","event":"The `airflow.decorators.task` attribute is deprecated. Please use `'airflow.sdk.task'`.","category":"DeprecatedImportWarning","filename":"/opt/airflow/dags/branch_pipeline.py","lineno":1,"logger":"py.warnings"}
{"timestamp":"2026-02-13T10:15:49.758802Z","level":"warning","event":"The `airflow.operators.python.BranchPythonOperator` attribute is deprecated. Please use `'airflow.providers.standard.operators.python.BranchPythonOperator'`.","category":"DeprecatedImportWarning","filename":"/opt/airflow/dags/branch_pipeline.py","lineno":2,"logger":"py.warnings"}
{"timestamp":"2026-02-13T10:15:49.758992Z","level":"warning","event":"The `airflow.operators.bash.BashOperator` attribute is deprecated. Please use `'airflow.providers.standard.operators.bash.BashOperator'`.","category":"DeprecatedImportWarning","filename":"/opt/airflow/dags/branch_pipeline.py","lineno":3,"logger":"py.warnings"}
{"timestamp":"2026-02-13T10:16:20.277963Z","level":"info","event":"Filling up the DagBag from /opt/airflow/dags/branch_pipeline.py","logger":"airflow.models.dagbag.BundleDagBag","filename":"dagbag.py","lineno":593}
{"timestamp":"2026-02-13T10:16:20.335071Z","level":"warning","event":"The `airflow.decorators.dag` attribute is deprecated. Please use `'airflow.sdk.dag'`.","category":"DeprecatedImportWarning","filename":"/opt/airflow/dags/branch_pipeline.py","lineno":1,"logger":"py.warnings"}
{"timestamp":"2026-02-13T10:16:20.335440Z","level":"warning","event":"The `airflow.decorators.task` attribute is deprecated. Please use `'airflow.sdk.task'`.","category":"DeprecatedImportWarning","filename":"/opt/airflow/dags/branch_pipeline.py","lineno":1,"logger":"py.warnings"}
{"timestamp":"2026-02-13T10:16:20.335634Z","level":"warning","event":"The `airflow.operators.python.BranchPythonOperator` attribute is deprecated. Please use `'airflow.providers.standard.operators.python.BranchPythonOperator'`.","category":"DeprecatedImportWarning","filename":"/opt/airflow/dags/branch_pipeline.py","lineno":2,"logger":"py.warnings"}
{"timestamp":"2026-02-13T10:16:20.335831Z","level":"warning","event":"The `airflow.operators.bash.BashOperator` attribute is deprecated. Please use `'airflow.providers.standard.operators.bash.BashOperator'`.","category":"DeprecatedImportWarning","filename":"/opt/airflow/dags/branch_pipeline.py","lineno":3,"logger":"py.warnings"}
{"timestamp":"2026-02-13T10:16:50.696381Z","level":"info","event":"Filling up the DagBag from /opt/airflow/dags/branch_pipeline.py","logger":"airflow.models.dagbag.BundleDagBag","filename":"dagbag.py","lineno":593}
{"timestamp":"2026-02-13T10:16:50.767477Z","level":"warning","event":"The `airflow.decorators.dag` attribute is deprecated. Please use `'airflow.sdk.dag'`.","category":"DeprecatedImportWarning","filename":"/opt/airflow/dags/branch_pipeline.py","lineno":1,"logger":"py.warnings"}
{"timestamp":"2026-02-13T10:16:50.767620Z","level":"warning","event":"The `airflow.decorators.task` attribute is deprecated. Please use `'airflow.sdk.task'`.","category":"DeprecatedImportWarning","filename":"/opt/airflow/dags/branch_pipeline.py","lineno":1,"logger":"py.warnings"}
{"timestamp":"2026-02-13T10:16:50.767688Z","level":"warning","event":"The `airflow.operators.python.BranchPythonOperator` attribute is deprecated. Please use `'airflow.providers.standard.operators.python.BranchPythonOperator'`.","category":"DeprecatedImportWarning","filename":"/opt/airflow/dags/branch_pipeline.py","lineno":2,"logger":"py.warnings"}
{"timestamp":"2026-02-13T10:16:50.767858Z","level":"warning","event":"The `airflow.operators.bash.BashOperator` attribute is deprecated. Please use `'airflow.providers.standard.operators.bash.BashOperator'`.","category":"DeprecatedImportWarning","filename":"/opt/airflow/dags/branch_pipeline.py","lineno":3,"logger":"py.warnings"}
{"timestamp":"2026-02-13T10:17:21.280129Z","level":"info","event":"Filling up the DagBag from /opt/airflow/dags/branch_pipeline.py","logger":"airflow.models.dagbag.BundleDagBag","filename":"dagbag.py","lineno":593}
{"timestamp":"2026-02-13T10:17:21.339760Z","level":"warning","event":"The `airflow.decorators.dag` attribute is deprecated. Please use `'airflow.sdk.dag'`.","category":"DeprecatedImportWarning","filename":"/opt/airflow/dags/branch_pipeline.py","lineno":1,"logger":"py.warnings"}
{"timestamp":"2026-02-13T10:17:21.340274Z","level":"warning","event":"The `airflow.decorators.task` attribute is deprecated. Please use `'airflow.sdk.task'`.","category":"DeprecatedImportWarning","filename":"/opt/airflow/dags/branch_pipeline.py","lineno":1,"logger":"py.warnings"}
{"timestamp":"2026-02-13T10:17:21.340516Z","level":"warning","event":"The `airflow.operators.python.BranchPythonOperator` attribute is deprecated. Please use `'airflow.providers.standard.operators.python.BranchPythonOperator'`.","category":"DeprecatedImportWarning","filename":"/opt/airflow/dags/branch_pipeline.py","lineno":2,"logger":"py.warnings"}
{"timestamp":"2026-02-13T10:17:21.340660Z","level":"warning","event":"The `airflow.operators.bash.BashOperator` attribute is deprecated. Please use `'airflow.providers.standard.operators.bash.BashOperator'`.","category":"DeprecatedImportWarning","filename":"/opt/airflow/dags/branch_pipeline.py","lineno":3,"logger":"py.warnings"}
{"timestamp":"2026-02-13T10:17:51.969948Z","level":"info","event":"Filling up the DagBag from /opt/airflow/dags/branch_pipeline.py","logger":"airflow.models.dagbag.BundleDagBag","filename":"dagbag.py","lineno":593}
{"timestamp":"2026-02-13T10:17:52.030360Z","level":"warning","event":"The `airflow.decorators.dag` attribute is deprecated. Please use `'airflow.sdk.dag'`.","category":"DeprecatedImportWarning","filename":"/opt/airflow/dags/branch_pipeline.py","lineno":1,"logger":"py.warnings"}
{"timestamp":"2026-02-13T10:17:52.030501Z","level":"warning","event":"The `airflow.decorators.task` attribute is deprecated. Please use `'airflow.sdk.task'`.","category":"DeprecatedImportWarning","filename":"/opt/airflow/dags/branch_pipeline.py","lineno":1,"logger":"py.warnings"}
{"timestamp":"2026-02-13T10:17:52.030563Z","level":"warning","event":"The `airflow.operators.python.BranchPythonOperator` attribute is deprecated. Please use `'airflow.providers.standard.operators.python.BranchPythonOperator'`.","category":"DeprecatedImportWarning","filename":"/opt/airflow/dags/branch_pipeline.py","lineno":2,"logger":"py.warnings"}
{"timestamp":"2026-02-13T10:17:52.030674Z","level":"warning","event":"The `airflow.operators.bash.BashOperator` attribute is deprecated. Please use `'airflow.providers.standard.operators.bash.BashOperator'`.","category":"DeprecatedImportWarning","filename":"/opt/airflow/dags/branch_pipeline.py","lineno":3,"logger":"py.warnings"}
{"timestamp":"2026-02-13T10:18:22.496657Z","level":"info","event":"Filling up the DagBag from /opt/airflow/dags/branch_pipeline.py","logger":"airflow.models.dagbag.BundleDagBag","filename":"dagbag.py","lineno":593}
{"timestamp":"2026-02-13T10:18:22.556510Z","level":"warning","event":"The `airflow.decorators.dag` attribute is deprecated. Please use `'airflow.sdk.dag'`.","category":"DeprecatedImportWarning","filename":"/opt/airflow/dags/branch_pipeline.py","lineno":1,"logger":"py.warnings"}
{"timestamp":"2026-02-13T10:18:22.556655Z","level":"warning","event":"The `airflow.decorators.task` attribute is deprecated. Please use `'airflow.sdk.task'`.","category":"DeprecatedImportWarning","filename":"/opt/airflow/dags/branch_pipeline.py","lineno":1,"logger":"py.warnings"}
{"timestamp":"2026-02-13T10:18:22.556711Z","level":"warning","event":"The `airflow.operators.python.BranchPythonOperator` attribute is deprecated. Please use `'airflow.providers.standard.operators.python.BranchPythonOperator'`.","category":"DeprecatedImportWarning","filename":"/opt/airflow/dags/branch_pipeline.py","lineno":2,"logger":"py.warnings"}
{"timestamp":"2026-02-13T10:18:22.556768Z","level":"warning","event":"The `airflow.operators.bash.BashOperator` attribute is deprecated. Please use `'airflow.providers.standard.operators.bash.BashOperator'`.","category":"DeprecatedImportWarning","filename":"/opt/airflow/dags/branch_pipeline.py","lineno":3,"logger":"py.warnings"}
{"timestamp":"2026-02-13T10:18:53.003951Z","level":"info","event":"Filling up the DagBag from /opt/airflow/dags/branch_pipeline.py","logger":"airflow.models.dagbag.BundleDagBag","filename":"dagbag.py","lineno":593}
{"timestamp":"2026-02-13T10:18:53.069421Z","level":"warning","event":"The `airflow.decorators.dag` attribute is deprecated. Please use `'airflow.sdk.dag'`.","category":"DeprecatedImportWarning","filename":"/opt/airflow/dags/branch_pipeline.py","lineno":1,"logger":"py.warnings"}
{"timestamp":"2026-02-13T10:18:53.069599Z","level":"warning","event":"The `airflow.decorators.task` attribute is deprecated. Please use `'airflow.sdk.task'`.","category":"DeprecatedImportWarning","filename":"/opt/airflow/dags/branch_pipeline.py","lineno":1,"logger":"py.warnings"}
{"timestamp":"2026-02-13T10:18:53.069658Z","level":"warning","event":"The `airflow.operators.python.BranchPythonOperator` attribute is deprecated. Please use `'airflow.providers.standard.operators.python.BranchPythonOperator'`.","category":"DeprecatedImportWarning","filename":"/opt/airflow/dags/branch_pipeline.py","lineno":2,"logger":"py.warnings"}
{"timestamp":"2026-02-13T10:18:53.069718Z","level":"warning","event":"The `airflow.operators.bash.BashOperator` attribute is deprecated. Please use `'airflow.providers.standard.operators.bash.BashOperator'`.","category":"DeprecatedImportWarning","filename":"/opt/airflow/dags/branch_pipeline.py","lineno":3,"logger":"py.warnings"}
{"timestamp":"2026-02-13T10:19:23.414347Z","level":"info","event":"Filling up the DagBag from /opt/airflow/dags/branch_pipeline.py","logger":"airflow.models.dagbag.BundleDagBag","filename":"dagbag.py","lineno":593}
{"timestamp":"2026-02-13T10:19:23.498948Z","level":"warning","event":"The `airflow.decorators.dag` attribute is deprecated. Please use `'airflow.sdk.dag'`.","category":"DeprecatedImportWarning","filename":"/opt/airflow/dags/branch_pipeline.py","lineno":1,"logger":"py.warnings"}
{"timestamp":"2026-02-13T10:19:23.499205Z","level":"warning","event":"The `airflow.decorators.task` attribute is deprecated. Please use `'airflow.sdk.task'`.","category":"DeprecatedImportWarning","filename":"/opt/airflow/dags/branch_pipeline.py","lineno":1,"logger":"py.warnings"}
{"timestamp":"2026-02-13T10:19:23.499281Z","level":"warning","event":"The `airflow.operators.python.BranchPythonOperator` attribute is deprecated. Please use `'airflow.providers.standard.operators.python.BranchPythonOperator'`.","category":"DeprecatedImportWarning","filename":"/opt/airflow/dags/branch_pipeline.py","lineno":2,"logger":"py.warnings"}
{"timestamp":"2026-02-13T10:19:23.499350Z","level":"warning","event":"The `airflow.operators.bash.BashOperator` attribute is deprecated. Please use `'airflow.providers.standard.operators.bash.BashOperator'`.","category":"DeprecatedImportWarning","filename":"/opt/airflow/dags/branch_pipeline.py","lineno":3,"logger":"py.warnings"}
{"timestamp":"2026-02-13T10:19:54.076620Z","level":"info","event":"Filling up the DagBag from /opt/airflow/dags/branch_pipeline.py","logger":"airflow.models.dagbag.BundleDagBag","filename":"dagbag.py","lineno":593}
{"timestamp":"2026-02-13T10:19:54.136133Z","level":"warning","event":"The `airflow.decorators.dag` attribute is deprecated. Please use `'airflow.sdk.dag'`.","category":"DeprecatedImportWarning","filename":"/opt/airflow/dags/branch_pipeline.py","lineno":1,"logger":"py.warnings"}
{"timestamp":"2026-02-13T10:19:54.136265Z","level":"warning","event":"The `airflow.decorators.task` attribute is deprecated. Please use `'airflow.sdk.task'`.","category":"DeprecatedImportWarning","filename":"/opt/airflow/dags/branch_pipeline.py","lineno":1,"logger":"py.warnings"}
{"timestamp":"2026-02-13T10:19:54.136322Z","level":"warning","event":"The `airflow.operators.python.BranchPythonOperator` attribute is deprecated. Please use `'airflow.providers.standard.operators.python.BranchPythonOperator'`.","category":"DeprecatedImportWarning","filename":"/opt/airflow/dags/branch_pipeline.py","lineno":2,"logger":"py.warnings"}
{"timestamp":"2026-02-13T10:19:54.136377Z","level":"warning","event":"The `airflow.operators.bash.BashOperator` attribute is deprecated. Please use `'airflow.providers.standard.operators.bash.BashOperator'`.","category":"DeprecatedImportWarning","filename":"/opt/airflow/dags/branch_pipeline.py","lineno":3,"logger":"py.warnings"}
{"timestamp":"2026-02-13T10:20:24.536828Z","level":"info","event":"Filling up the DagBag from /opt/airflow/dags/branch_pipeline.py","logger":"airflow.models.dagbag.BundleDagBag","filename":"dagbag.py","lineno":593}
{"timestamp":"2026-02-13T10:20:24.608903Z","level":"warning","event":"The `airflow.decorators.dag` attribute is deprecated. Please use `'airflow.sdk.dag'`.","category":"DeprecatedImportWarning","filename":"/opt/airflow/dags/branch_pipeline.py","lineno":1,"logger":"py.warnings"}
{"timestamp":"2026-02-13T10:20:24.609039Z","level":"warning","event":"The `airflow.decorators.task` attribute is deprecated. Please use `'airflow.sdk.task'`.","category":"DeprecatedImportWarning","filename":"/opt/airflow/dags/branch_pipeline.py","lineno":1,"logger":"py.warnings"}
{"timestamp":"2026-02-13T10:20:24.609097Z","level":"warning","event":"The `airflow.operators.python.BranchPythonOperator` attribute is deprecated. Please use `'airflow.providers.standard.operators.python.BranchPythonOperator'`.","category":"DeprecatedImportWarning","filename":"/opt/airflow/dags/branch_pipeline.py","lineno":2,"logger":"py.warnings"}
{"timestamp":"2026-02-13T10:20:24.609153Z","level":"warning","event":"The `airflow.operators.bash.BashOperator` attribute is deprecated. Please use `'airflow.providers.standard.operators.bash.BashOperator'`.","category":"DeprecatedImportWarning","filename":"/opt/airflow/dags/branch_pipeline.py","lineno":3,"logger":"py.warnings"}
{"timestamp":"2026-02-13T10:20:54.922015Z","level":"info","event":"Filling up the DagBag from /opt/airflow/dags/branch_pipeline.py","logger":"airflow.models.dagbag.BundleDagBag","filename":"dagbag.py","lineno":593}
{"timestamp":"2026-02-13T10:20:54.969751Z","level":"warning","event":"The `airflow.decorators.dag` attribute is deprecated. Please use `'airflow.sdk.dag'`.","category":"DeprecatedImportWarning","filename":"/opt/airflow/dags/branch_pipeline.py","lineno":1,"logger":"py.warnings"}
{"timestamp":"2026-02-13T10:20:54.969925Z","level":"warning","event":"The `airflow.decorators.task` attribute is deprecated. Please use `'airflow.sdk.task'`.","category":"DeprecatedImportWarning","filename":"/opt/airflow/dags/branch_pipeline.py","lineno":1,"logger":"py.warnings"}
{"timestamp":"2026-02-13T10:20:54.969996Z","level":"warning","event":"The `airflow.operators.python.BranchPythonOperator` attribute is deprecated. Please use `'airflow.providers.standard.operators.python.BranchPythonOperator'`.","category":"DeprecatedImportWarning","filename":"/opt/airflow/dags/branch_pipeline.py","lineno":2,"logger":"py.warnings"}
{"timestamp":"2026-02-13T10:20:54.970064Z","level":"warning","event":"The `airflow.operators.bash.BashOperator` attribute is deprecated. Please use `'airflow.providers.standard.operators.bash.BashOperator'`.","category":"DeprecatedImportWarning","filename":"/opt/airflow/dags/branch_pipeline.py","lineno":3,"logger":"py.warnings"}
{"timestamp":"2026-02-13T10:21:25.671518Z","level":"info","event":"Filling up the DagBag from /opt/airflow/dags/branch_pipeline.py","logger":"airflow.models.dagbag.BundleDagBag","filename":"dagbag.py","lineno":593}
{"timestamp":"2026-02-13T10:21:25.737651Z","level":"warning","event":"The `airflow.decorators.dag` attribute is deprecated. Please use `'airflow.sdk.dag'`.","category":"DeprecatedImportWarning","filename":"/opt/airflow/dags/branch_pipeline.py","lineno":1,"logger":"py.warnings"}
{"timestamp":"2026-02-13T10:21:25.737934Z","level":"warning","event":"The `airflow.decorators.task` attribute is deprecated. Please use `'airflow.sdk.task'`.","category":"DeprecatedImportWarning","filename":"/opt/airflow/dags/branch_pipeline.py","lineno":1,"logger":"py.warnings"}
{"timestamp":"2026-02-13T10:21:25.738024Z","level":"warning","event":"The `airflow.operators.python.BranchPythonOperator` attribute is deprecated. Please use `'airflow.providers.standard.operators.python.BranchPythonOperator'`.","category":"DeprecatedImportWarning","filename":"/opt/airflow/dags/branch_pipeline.py","lineno":2,"logger":"py.warnings"}
{"timestamp":"2026-02-13T10:21:25.738091Z","level":"warning","event":"The `airflow.operators.bash.BashOperator` attribute is deprecated. Please use `'airflow.providers.standard.operators.bash.BashOperator'`.","category":"DeprecatedImportWarning","filename":"/opt/airflow/dags/branch_pipeline.py","lineno":3,"logger":"py.warnings"}
{"timestamp":"2026-02-13T10:21:56.234150Z","level":"info","event":"Filling up the DagBag from /opt/airflow/dags/branch_pipeline.py","logger":"airflow.models.dagbag.BundleDagBag","filename":"dagbag.py","lineno":593}
{"timestamp":"2026-02-13T10:21:56.301333Z","level":"warning","event":"The `airflow.decorators.dag` attribute is deprecated. Please use `'airflow.sdk.dag'`.","category":"DeprecatedImportWarning","filename":"/opt/airflow/dags/branch_pipeline.py","lineno":1,"logger":"py.warnings"}
{"timestamp":"2026-02-13T10:21:56.301490Z","level":"warning","event":"The `airflow.decorators.task` attribute is deprecated. Please use `'airflow.sdk.task'`.","category":"DeprecatedImportWarning","filename":"/opt/airflow/dags/branch_pipeline.py","lineno":1,"logger":"py.warnings"}
{"timestamp":"2026-02-13T10:21:56.301586Z","level":"warning","event":"The `airflow.operators.python.BranchPythonOperator` attribute is deprecated. Please use `'airflow.providers.standard.operators.python.BranchPythonOperator'`.","category":"DeprecatedImportWarning","filename":"/opt/airflow/dags/branch_pipeline.py","lineno":2,"logger":"py.warnings"}
{"timestamp":"2026-02-13T10:21:56.301668Z","level":"warning","event":"The `airflow.operators.bash.BashOperator` attribute is deprecated. Please use `'airflow.providers.standard.operators.bash.BashOperator'`.","category":"DeprecatedImportWarning","filename":"/opt/airflow/dags/branch_pipeline.py","lineno":3,"logger":"py.warnings"}
{"timestamp":"2026-02-13T10:22:26.885164Z","level":"info","event":"Filling up the DagBag from /opt/airflow/dags/branch_pipeline.py","logger":"airflow.models.dagbag.BundleDagBag","filename":"dagbag.py","lineno":593}
{"timestamp":"2026-02-13T10:22:26.935081Z","level":"warning","event":"The `airflow.decorators.dag` attribute is deprecated. Please use `'airflow.sdk.dag'`.","category":"DeprecatedImportWarning","filename":"/opt/airflow/dags/branch_pipeline.py","lineno":1,"logger":"py.warnings"}
{"timestamp":"2026-02-13T10:22:26.935215Z","level":"warning","event":"The `airflow.decorators.task` attribute is deprecated. Please use `'airflow.sdk.task'`.","category":"DeprecatedImportWarning","filename":"/opt/airflow/dags/branch_pipeline.py","lineno":1,"logger":"py.warnings"}
{"timestamp":"2026-02-13T10:22:26.935272Z","level":"warning","event":"The `airflow.operators.python.BranchPythonOperator` attribute is deprecated. Please use `'airflow.providers.standard.operators.python.BranchPythonOperator'`.","category":"DeprecatedImportWarning","filename":"/opt/airflow/dags/branch_pipeline.py","lineno":2,"logger":"py.warnings"}
{"timestamp":"2026-02-13T10:22:26.935328Z","level":"warning","event":"The `airflow.operators.bash.BashOperator` attribute is deprecated. Please use `'airflow.providers.standard.operators.bash.BashOperator'`.","category":"DeprecatedImportWarning","filename":"/opt/airflow/dags/branch_pipeline.py","lineno":3,"logger":"py.warnings"}
{"timestamp":"2026-02-13T10:22:57.580440Z","level":"info","event":"Filling up the DagBag from /opt/airflow/dags/branch_pipeline.py","logger":"airflow.models.dagbag.BundleDagBag","filename":"dagbag.py","lineno":593}
{"timestamp":"2026-02-13T10:22:57.637396Z","level":"warning","event":"The `airflow.decorators.dag` attribute is deprecated. Please use `'airflow.sdk.dag'`.","category":"DeprecatedImportWarning","filename":"/opt/airflow/dags/branch_pipeline.py","lineno":1,"logger":"py.warnings"}
{"timestamp":"2026-02-13T10:22:57.637541Z","level":"warning","event":"The `airflow.decorators.task` attribute is deprecated. Please use `'airflow.sdk.task'`.","category":"DeprecatedImportWarning","filename":"/opt/airflow/dags/branch_pipeline.py","lineno":1,"logger":"py.warnings"}
{"timestamp":"2026-02-13T10:22:57.637600Z","level":"warning","event":"The `airflow.operators.python.BranchPythonOperator` attribute is deprecated. Please use `'airflow.providers.standard.operators.python.BranchPythonOperator'`.","category":"DeprecatedImportWarning","filename":"/opt/airflow/dags/branch_pipeline.py","lineno":2,"logger":"py.warnings"}
{"timestamp":"2026-02-13T10:22:57.637660Z","level":"warning","event":"The `airflow.operators.bash.BashOperator` attribute is deprecated. Please use `'airflow.providers.standard.operators.bash.BashOperator'`.","category":"DeprecatedImportWarning","filename":"/opt/airflow/dags/branch_pipeline.py","lineno":3,"logger":"py.warnings"}
{"timestamp":"2026-02-13T10:23:28.216444Z","level":"info","event":"Filling up the DagBag from /opt/airflow/dags/branch_pipeline.py","logger":"airflow.models.dagbag.BundleDagBag","filename":"dagbag.py","lineno":593}
{"timestamp":"2026-02-13T10:23:28.285595Z","level":"warning","event":"The `airflow.decorators.dag` attribute is deprecated. Please use `'airflow.sdk.dag'`.","category":"DeprecatedImportWarning","filename":"/opt/airflow/dags/branch_pipeline.py","lineno":1,"logger":"py.warnings"}
{"timestamp":"2026-02-13T10:23:28.285764Z","level":"warning","event":"The `airflow.decorators.task` attribute is deprecated. Please use `'airflow.sdk.task'`.","category":"DeprecatedImportWarning","filename":"/opt/airflow/dags/branch_pipeline.py","lineno":1,"logger":"py.warnings"}
{"timestamp":"2026-02-13T10:23:28.285824Z","level":"warning","event":"The `airflow.operators.python.BranchPythonOperator` attribute is deprecated. Please use `'airflow.providers.standard.operators.python.BranchPythonOperator'`.","category":"DeprecatedImportWarning","filename":"/opt/airflow/dags/branch_pipeline.py","lineno":2,"logger":"py.warnings"}
{"timestamp":"2026-02-13T10:23:28.285880Z","level":"warning","event":"The `airflow.operators.bash.BashOperator` attribute is deprecated. Please use `'airflow.providers.standard.operators.bash.BashOperator'`.","category":"DeprecatedImportWarning","filename":"/opt/airflow/dags/branch_pipeline.py","lineno":3,"logger":"py.warnings"}
{"timestamp":"2026-02-13T10:23:58.761846Z","level":"info","event":"Filling up the DagBag from /opt/airflow/dags/branch_pipeline.py","logger":"airflow.models.dagbag.BundleDagBag","filename":"dagbag.py","lineno":593}
{"timestamp":"2026-02-13T10:23:58.819792Z","level":"warning","event":"The `airflow.decorators.dag` attribute is deprecated. Please use `'airflow.sdk.dag'`.","category":"DeprecatedImportWarning","filename":"/opt/airflow/dags/branch_pipeline.py","lineno":1,"logger":"py.warnings"}
{"timestamp":"2026-02-13T10:23:58.819934Z","level":"warning","event":"The `airflow.decorators.task` attribute is deprecated. Please use `'airflow.sdk.task'`.","category":"DeprecatedImportWarning","filename":"/opt/airflow/dags/branch_pipeline.py","lineno":1,"logger":"py.warnings"}
{"timestamp":"2026-02-13T10:23:58.820033Z","level":"warning","event":"The `airflow.operators.python.BranchPythonOperator` attribute is deprecated. Please use `'airflow.providers.standard.operators.python.BranchPythonOperator'`.","category":"DeprecatedImportWarning","filename":"/opt/airflow/dags/branch_pipeline.py","lineno":2,"logger":"py.warnings"}
{"timestamp":"2026-02-13T10:23:58.820096Z","level":"warning","event":"The `airflow.operators.bash.BashOperator` attribute is deprecated. Please use `'airflow.providers.standard.operators.bash.BashOperator'`.","category":"DeprecatedImportWarning","filename":"/opt/airflow/dags/branch_pipeline.py","lineno":3,"logger":"py.warnings"}
{"timestamp":"2026-02-13T10:24:29.245613Z","level":"info","event":"Filling up the DagBag from /opt/airflow/dags/branch_pipeline.py","logger":"airflow.models.dagbag.BundleDagBag","filename":"dagbag.py","lineno":593}
{"timestamp":"2026-02-13T10:24:29.304965Z","level":"warning","event":"The `airflow.decorators.dag` attribute is deprecated. Please use `'airflow.sdk.dag'`.","category":"DeprecatedImportWarning","filename":"/opt/airflow/dags/branch_pipeline.py","lineno":1,"logger":"py.warnings"}
{"timestamp":"2026-02-13T10:24:29.305120Z","level":"warning","event":"The `airflow.decorators.task` attribute is deprecated. Please use `'airflow.sdk.task'`.","category":"DeprecatedImportWarning","filename":"/opt/airflow/dags/branch_pipeline.py","lineno":1,"logger":"py.warnings"}
{"timestamp":"2026-02-13T10:24:29.305218Z","level":"warning","event":"The `airflow.operators.python.BranchPythonOperator` attribute is deprecated. Please use `'airflow.providers.standard.operators.python.BranchPythonOperator'`.","category":"DeprecatedImportWarning","filename":"/opt/airflow/dags/branch_pipeline.py","lineno":2,"logger":"py.warnings"}
{"timestamp":"2026-02-13T10:24:29.305285Z","level":"warning","event":"The `airflow.operators.bash.BashOperator` attribute is deprecated. Please use `'airflow.providers.standard.operators.bash.BashOperator'`.","category":"DeprecatedImportWarning","filename":"/opt/airflow/dags/branch_pipeline.py","lineno":3,"logger":"py.warnings"}
{"timestamp":"2026-02-13T10:24:59.967755Z","level":"info","event":"Filling up the DagBag from /opt/airflow/dags/branch_pipeline.py","logger":"airflow.models.dagbag.BundleDagBag","filename":"dagbag.py","lineno":593}
{"timestamp":"2026-02-13T10:25:00.033329Z","level":"warning","event":"The `airflow.decorators.dag` attribute is deprecated. Please use `'airflow.sdk.dag'`.","category":"DeprecatedImportWarning","filename":"/opt/airflow/dags/branch_pipeline.py","lineno":1,"logger":"py.warnings"}
{"timestamp":"2026-02-13T10:25:00.033503Z","level":"warning","event":"The `airflow.decorators.task` attribute is deprecated. Please use `'airflow.sdk.task'`.","category":"DeprecatedImportWarning","filename":"/opt/airflow/dags/branch_pipeline.py","lineno":1,"logger":"py.warnings"}
{"timestamp":"2026-02-13T10:25:00.033564Z","level":"warning","event":"The `airflow.operators.python.BranchPythonOperator` attribute is deprecated. Please use `'airflow.providers.standard.operators.python.BranchPythonOperator'`.","category":"DeprecatedImportWarning","filename":"/opt/airflow/dags/branch_pipeline.py","lineno":2,"logger":"py.warnings"}
{"timestamp":"2026-02-13T10:25:00.033629Z","level":"warning","event":"The `airflow.operators.bash.BashOperator` attribute is deprecated. Please use `'airflow.providers.standard.operators.bash.BashOperator'`.","category":"DeprecatedImportWarning","filename":"/opt/airflow/dags/branch_pipeline.py","lineno":3,"logger":"py.warnings"}
{"timestamp":"2026-02-13T10:25:30.366637Z","level":"info","event":"Filling up the DagBag from /opt/airflow/dags/branch_pipeline.py","logger":"airflow.models.dagbag.BundleDagBag","filename":"dagbag.py","lineno":593}
{"timestamp":"2026-02-13T10:25:30.426106Z","level":"warning","event":"The `airflow.decorators.dag` attribute is deprecated. Please use `'airflow.sdk.dag'`.","category":"DeprecatedImportWarning","filename":"/opt/airflow/dags/branch_pipeline.py","lineno":1,"logger":"py.warnings"}
{"timestamp":"2026-02-13T10:25:30.426247Z","level":"warning","event":"The `airflow.decorators.task` attribute is deprecated. Please use `'airflow.sdk.task'`.","category":"DeprecatedImportWarning","filename":"/opt/airflow/dags/branch_pipeline.py","lineno":1,"logger":"py.warnings"}
{"timestamp":"2026-02-13T10:25:30.426301Z","level":"warning","event":"The `airflow.operators.python.BranchPythonOperator` attribute is deprecated. Please use `'airflow.providers.standard.operators.python.BranchPythonOperator'`.","category":"DeprecatedImportWarning","filename":"/opt/airflow/dags/branch_pipeline.py","lineno":2,"logger":"py.warnings"}
{"timestamp":"2026-02-13T10:25:30.426358Z","level":"warning","event":"The `airflow.operators.bash.BashOperator` attribute is deprecated. Please use `'airflow.providers.standard.operators.bash.BashOperator'`.","category":"DeprecatedImportWarning","filename":"/opt/airflow/dags/branch_pipeline.py","lineno":3,"logger":"py.warnings"}
{"timestamp":"2026-02-13T10:26:01.071550Z","level":"info","event":"Filling up the DagBag from /opt/airflow/dags/branch_pipeline.py","logger":"airflow.models.dagbag.BundleDagBag","filename":"dagbag.py","lineno":593}
{"timestamp":"2026-02-13T10:26:01.128798Z","level":"warning","event":"The `airflow.decorators.dag` attribute is deprecated. Please use `'airflow.sdk.dag'`.","category":"DeprecatedImportWarning","filename":"/opt/airflow/dags/branch_pipeline.py","lineno":1,"logger":"py.warnings"}
{"timestamp":"2026-02-13T10:26:01.129090Z","level":"warning","event":"The `airflow.decorators.task` attribute is deprecated. Please use `'airflow.sdk.task'`.","category":"DeprecatedImportWarning","filename":"/opt/airflow/dags/branch_pipeline.py","lineno":1,"logger":"py.warnings"}
{"timestamp":"2026-02-13T10:26:01.129194Z","level":"warning","event":"The `airflow.operators.python.BranchPythonOperator` attribute is deprecated. Please use `'airflow.providers.standard.operators.python.BranchPythonOperator'`.","category":"DeprecatedImportWarning","filename":"/opt/airflow/dags/branch_pipeline.py","lineno":2,"logger":"py.warnings"}
{"timestamp":"2026-02-13T10:26:01.129281Z","level":"warning","event":"The `airflow.operators.bash.BashOperator` attribute is deprecated. Please use `'airflow.providers.standard.operators.bash.BashOperator'`.","category":"DeprecatedImportWarning","filename":"/opt/airflow/dags/branch_pipeline.py","lineno":3,"logger":"py.warnings"}
{"timestamp":"2026-02-13T10:26:31.407812Z","level":"info","event":"Filling up the DagBag from /opt/airflow/dags/branch_pipeline.py","logger":"airflow.models.dagbag.BundleDagBag","filename":"dagbag.py","lineno":593}
{"timestamp":"2026-02-13T10:26:31.467097Z","level":"warning","event":"The `airflow.decorators.dag` attribute is deprecated. Please use `'airflow.sdk.dag'`.","category":"DeprecatedImportWarning","filename":"/opt/airflow/dags/branch_pipeline.py","lineno":1,"logger":"py.warnings"}
{"timestamp":"2026-02-13T10:26:31.467260Z","level":"warning","event":"The `airflow.decorators.task` attribute is deprecated. Please use `'airflow.sdk.task'`.","category":"DeprecatedImportWarning","filename":"/opt/airflow/dags/branch_pipeline.py","lineno":1,"logger":"py.warnings"}
{"timestamp":"2026-02-13T10:26:31.467317Z","level":"warning","event":"The `airflow.operators.python.BranchPythonOperator` attribute is deprecated. Please use `'airflow.providers.standard.operators.python.BranchPythonOperator'`.","category":"DeprecatedImportWarning","filename":"/opt/airflow/dags/branch_pipeline.py","lineno":2,"logger":"py.warnings"}
{"timestamp":"2026-02-13T10:26:31.467377Z","level":"warning","event":"The `airflow.operators.bash.BashOperator` attribute is deprecated. Please use `'airflow.providers.standard.operators.bash.BashOperator'`.","category":"DeprecatedImportWarning","filename":"/opt/airflow/dags/branch_pipeline.py","lineno":3,"logger":"py.warnings"}
{"timestamp":"2026-02-13T10:27:01.900559Z","level":"info","event":"Filling up the DagBag from /opt/airflow/dags/branch_pipeline.py","logger":"airflow.models.dagbag.BundleDagBag","filename":"dagbag.py","lineno":593}
{"timestamp":"2026-02-13T10:27:01.958621Z","level":"warning","event":"The `airflow.decorators.dag` attribute is deprecated. Please use `'airflow.sdk.dag'`.","category":"DeprecatedImportWarning","filename":"/opt/airflow/dags/branch_pipeline.py","lineno":1,"logger":"py.warnings"}
{"timestamp":"2026-02-13T10:27:01.958813Z","level":"warning","event":"The `airflow.decorators.task` attribute is deprecated. Please use `'airflow.sdk.task'`.","category":"DeprecatedImportWarning","filename":"/opt/airflow/dags/branch_pipeline.py","lineno":1,"logger":"py.warnings"}
{"timestamp":"2026-02-13T10:27:01.958871Z","level":"warning","event":"The `airflow.operators.python.BranchPythonOperator` attribute is deprecated. Please use `'airflow.providers.standard.operators.python.BranchPythonOperator'`.","category":"DeprecatedImportWarning","filename":"/opt/airflow/dags/branch_pipeline.py","lineno":2,"logger":"py.warnings"}
{"timestamp":"2026-02-13T10:27:01.958933Z","level":"warning","event":"The `airflow.operators.bash.BashOperator` attribute is deprecated. Please use `'airflow.providers.standard.operators.bash.BashOperator'`.","category":"DeprecatedImportWarning","filename":"/opt/airflow/dags/branch_pipeline.py","lineno":3,"logger":"py.warnings"}
{"timestamp":"2026-02-13T10:27:32.472196Z","level":"info","event":"Filling up the DagBag from /opt/airflow/dags/branch_pipeline.py","logger":"airflow.models.dagbag.BundleDagBag","filename":"dagbag.py","lineno":593}
{"timestamp":"2026-02-13T10:27:32.523887Z","level":"warning","event":"The `airflow.decorators.dag` attribute is deprecated. Please use `'airflow.sdk.dag'`.","category":"DeprecatedImportWarning","filename":"/opt/airflow/dags/branch_pipeline.py","lineno":1,"logger":"py.warnings"}
{"timestamp":"2026-02-13T10:27:32.524101Z","level":"warning","event":"The `airflow.decorators.task` attribute is deprecated. Please use `'airflow.sdk.task'`.","category":"DeprecatedImportWarning","filename":"/opt/airflow/dags/branch_pipeline.py","lineno":1,"logger":"py.warnings"}
{"timestamp":"2026-02-13T10:27:32.524170Z","level":"warning","event":"The `airflow.operators.python.BranchPythonOperator` attribute is deprecated. Please use `'airflow.providers.standard.operators.python.BranchPythonOperator'`.","category":"DeprecatedImportWarning","filename":"/opt/airflow/dags/branch_pipeline.py","lineno":2,"logger":"py.warnings"}
{"timestamp":"2026-02-13T10:27:32.524239Z","level":"warning","event":"The `airflow.operators.bash.BashOperator` attribute is deprecated. Please use `'airflow.providers.standard.operators.bash.BashOperator'`.","category":"DeprecatedImportWarning","filename":"/opt/airflow/dags/branch_pipeline.py","lineno":3,"logger":"py.warnings"}
{"timestamp":"2026-02-13T10:28:02.854891Z","level":"info","event":"Filling up the DagBag from /opt/airflow/dags/branch_pipeline.py","logger":"airflow.models.dagbag.BundleDagBag","filename":"dagbag.py","lineno":593}
{"timestamp":"2026-02-13T10:28:02.917369Z","level":"warning","event":"The `airflow.decorators.dag` attribute is deprecated. Please use `'airflow.sdk.dag'`.","category":"DeprecatedImportWarning","filename":"/opt/airflow/dags/branch_pipeline.py","lineno":1,"logger":"py.warnings"}
{"timestamp":"2026-02-13T10:28:02.917586Z","level":"warning","event":"The `airflow.decorators.task` attribute is deprecated. Please use `'airflow.sdk.task'`.","category":"DeprecatedImportWarning","filename":"/opt/airflow/dags/branch_pipeline.py","lineno":1,"logger":"py.warnings"}
{"timestamp":"2026-02-13T10:28:02.917648Z","level":"warning","event":"The `airflow.operators.python.BranchPythonOperator` attribute is deprecated. Please use `'airflow.providers.standard.operators.python.BranchPythonOperator'`.","category":"DeprecatedImportWarning","filename":"/opt/airflow/dags/branch_pipeline.py","lineno":2,"logger":"py.warnings"}
{"timestamp":"2026-02-13T10:28:02.917714Z","level":"warning","event":"The `airflow.operators.bash.BashOperator` attribute is deprecated. Please use `'airflow.providers.standard.operators.bash.BashOperator'`.","category":"DeprecatedImportWarning","filename":"/opt/airflow/dags/branch_pipeline.py","lineno":3,"logger":"py.warnings"}
{"timestamp":"2026-02-13T10:28:33.346764Z","level":"info","event":"Filling up the DagBag from /opt/airflow/dags/branch_pipeline.py","logger":"airflow.models.dagbag.BundleDagBag","filename":"dagbag.py","lineno":593}
{"timestamp":"2026-02-13T10:28:33.417314Z","level":"warning","event":"The `airflow.decorators.dag` attribute is deprecated. Please use `'airflow.sdk.dag'`.","category":"DeprecatedImportWarning","filename":"/opt/airflow/dags/branch_pipeline.py","lineno":1,"logger":"py.warnings"}
{"timestamp":"2026-02-13T10:28:33.417646Z","level":"warning","event":"The `airflow.decorators.task` attribute is deprecated. Please use `'airflow.sdk.task'`.","category":"DeprecatedImportWarning","filename":"/opt/airflow/dags/branch_pipeline.py","lineno":1,"logger":"py.warnings"}
{"timestamp":"2026-02-13T10:28:33.417736Z","level":"warning","event":"The `airflow.operators.python.BranchPythonOperator` attribute is deprecated. Please use `'airflow.providers.standard.operators.python.BranchPythonOperator'`.","category":"DeprecatedImportWarning","filename":"/opt/airflow/dags/branch_pipeline.py","lineno":2,"logger":"py.warnings"}
{"timestamp":"2026-02-13T10:28:33.417829Z","level":"warning","event":"The `airflow.operators.bash.BashOperator` attribute is deprecated. Please use `'airflow.providers.standard.operators.bash.BashOperator'`.","category":"DeprecatedImportWarning","filename":"/opt/airflow/dags/branch_pipeline.py","lineno":3,"logger":"py.warnings"}
{"timestamp":"2026-02-13T10:29:04.127005Z","level":"info","event":"Filling up the DagBag from /opt/airflow/dags/branch_pipeline.py","logger":"airflow.models.dagbag.BundleDagBag","filename":"dagbag.py","lineno":593}
{"timestamp":"2026-02-13T10:29:04.196992Z","level":"warning","event":"The `airflow.decorators.dag` attribute is deprecated. Please use `'airflow.sdk.dag'`.","category":"DeprecatedImportWarning","filename":"/opt/airflow/dags/branch_pipeline.py","lineno":1,"logger":"py.warnings"}
{"timestamp":"2026-02-13T10:29:04.197341Z","level":"warning","event":"The `airflow.decorators.task` attribute is deprecated. Please use `'airflow.sdk.task'`.","category":"DeprecatedImportWarning","filename":"/opt/airflow/dags/branch_pipeline.py","lineno":1,"logger":"py.warnings"}
{"timestamp":"2026-02-13T10:29:04.197496Z","level":"warning","event":"The `airflow.operators.python.BranchPythonOperator` attribute is deprecated. Please use `'airflow.providers.standard.operators.python.BranchPythonOperator'`.","category":"DeprecatedImportWarning","filename":"/opt/airflow/dags/branch_pipeline.py","lineno":2,"logger":"py.warnings"}
{"timestamp":"2026-02-13T10:29:04.197624Z","level":"warning","event":"The `airflow.operators.bash.BashOperator` attribute is deprecated. Please use `'airflow.providers.standard.operators.bash.BashOperator'`.","category":"DeprecatedImportWarning","filename":"/opt/airflow/dags/branch_pipeline.py","lineno":3,"logger":"py.warnings"}
{"timestamp":"2026-02-13T10:29:34.696745Z","level":"info","event":"Filling up the DagBag from /opt/airflow/dags/branch_pipeline.py","logger":"airflow.models.dagbag.BundleDagBag","filename":"dagbag.py","lineno":593}
{"timestamp":"2026-02-13T10:29:34.747380Z","level":"warning","event":"The `airflow.decorators.dag` attribute is deprecated. Please use `'airflow.sdk.dag'`.","category":"DeprecatedImportWarning","filename":"/opt/airflow/dags/branch_pipeline.py","lineno":1,"logger":"py.warnings"}
{"timestamp":"2026-02-13T10:29:34.747550Z","level":"warning","event":"The `airflow.decorators.task` attribute is deprecated. Please use `'airflow.sdk.task'`.","category":"DeprecatedImportWarning","filename":"/opt/airflow/dags/branch_pipeline.py","lineno":1,"logger":"py.warnings"}
{"timestamp":"2026-02-13T10:29:34.747610Z","level":"warning","event":"The `airflow.operators.python.BranchPythonOperator` attribute is deprecated. Please use `'airflow.providers.standard.operators.python.BranchPythonOperator'`.","category":"DeprecatedImportWarning","filename":"/opt/airflow/dags/branch_pipeline.py","lineno":2,"logger":"py.warnings"}
{"timestamp":"2026-02-13T10:29:34.747669Z","level":"warning","event":"The `airflow.operators.bash.BashOperator` attribute is deprecated. Please use `'airflow.providers.standard.operators.bash.BashOperator'`.","category":"DeprecatedImportWarning","filename":"/opt/airflow/dags/branch_pipeline.py","lineno":3,"logger":"py.warnings"}
{"timestamp":"2026-02-13T10:30:05.147382Z","level":"info","event":"Filling up the DagBag from /opt/airflow/dags/branch_pipeline.py","logger":"airflow.models.dagbag.BundleDagBag","filename":"dagbag.py","lineno":593}
{"timestamp":"2026-02-13T10:30:05.199966Z","level":"warning","event":"The `airflow.decorators.dag` attribute is deprecated. Please use `'airflow.sdk.dag'`.","category":"DeprecatedImportWarning","filename":"/opt/airflow/dags/branch_pipeline.py","lineno":1,"logger":"py.warnings"}
{"timestamp":"2026-02-13T10:30:05.200178Z","level":"warning","event":"The `airflow.decorators.task` attribute is deprecated. Please use `'airflow.sdk.task'`.","category":"DeprecatedImportWarning","filename":"/opt/airflow/dags/branch_pipeline.py","lineno":1,"logger":"py.warnings"}
{"timestamp":"2026-02-13T10:30:05.200256Z","level":"warning","event":"The `airflow.operators.python.BranchPythonOperator` attribute is deprecated. Please use `'airflow.providers.standard.operators.python.BranchPythonOperator'`.","category":"DeprecatedImportWarning","filename":"/opt/airflow/dags/branch_pipeline.py","lineno":2,"logger":"py.warnings"}
{"timestamp":"2026-02-13T10:30:05.200323Z","level":"warning","event":"The `airflow.operators.bash.BashOperator` attribute is deprecated. Please use `'airflow.providers.standard.operators.bash.BashOperator'`.","category":"DeprecatedImportWarning","filename":"/opt/airflow/dags/branch_pipeline.py","lineno":3,"logger":"py.warnings"}
{"timestamp":"2026-02-13T10:30:35.631137Z","level":"info","event":"Filling up the DagBag from /opt/airflow/dags/branch_pipeline.py","logger":"airflow.models.dagbag.BundleDagBag","filename":"dagbag.py","lineno":593}
{"timestamp":"2026-02-13T10:30:35.706785Z","level":"warning","event":"The `airflow.decorators.dag` attribute is deprecated. Please use `'airflow.sdk.dag'`.","category":"DeprecatedImportWarning","filename":"/opt/airflow/dags/branch_pipeline.py","lineno":1,"logger":"py.warnings"}
{"timestamp":"2026-02-13T10:30:35.707137Z","level":"warning","event":"The `airflow.decorators.task` attribute is deprecated. Please use `'airflow.sdk.task'`.","category":"DeprecatedImportWarning","filename":"/opt/airflow/dags/branch_pipeline.py","lineno":1,"logger":"py.warnings"}
{"timestamp":"2026-02-13T10:30:35.707230Z","level":"warning","event":"The `airflow.operators.python.BranchPythonOperator` attribute is deprecated. Please use `'airflow.providers.standard.operators.python.BranchPythonOperator'`.","category":"DeprecatedImportWarning","filename":"/opt/airflow/dags/branch_pipeline.py","lineno":2,"logger":"py.warnings"}
{"timestamp":"2026-02-13T10:30:35.707307Z","level":"warning","event":"The `airflow.operators.bash.BashOperator` attribute is deprecated. Please use `'airflow.providers.standard.operators.bash.BashOperator'`.","category":"DeprecatedImportWarning","filename":"/opt/airflow/dags/branch_pipeline.py","lineno":3,"logger":"py.warnings"}
{"timestamp":"2026-02-13T10:31:06.214673Z","level":"info","event":"Filling up the DagBag from /opt/airflow/dags/branch_pipeline.py","logger":"airflow.models.dagbag.BundleDagBag","filename":"dagbag.py","lineno":593}
{"timestamp":"2026-02-13T10:31:06.276062Z","level":"warning","event":"The `airflow.decorators.dag` attribute is deprecated. Please use `'airflow.sdk.dag'`.","category":"DeprecatedImportWarning","filename":"/opt/airflow/dags/branch_pipeline.py","lineno":1,"logger":"py.warnings"}
{"timestamp":"2026-02-13T10:31:06.276224Z","level":"warning","event":"The `airflow.decorators.task` attribute is deprecated. Please use `'airflow.sdk.task'`.","category":"DeprecatedImportWarning","filename":"/opt/airflow/dags/branch_pipeline.py","lineno":1,"logger":"py.warnings"}
{"timestamp":"2026-02-13T10:31:06.276293Z","level":"warning","event":"The `airflow.operators.python.BranchPythonOperator` attribute is deprecated. Please use `'airflow.providers.standard.operators.python.BranchPythonOperator'`.","category":"DeprecatedImportWarning","filename":"/opt/airflow/dags/branch_pipeline.py","lineno":2,"logger":"py.warnings"}
{"timestamp":"2026-02-13T10:31:06.276351Z","level":"warning","event":"The `airflow.operators.bash.BashOperator` attribute is deprecated. Please use `'airflow.providers.standard.operators.bash.BashOperator'`.","category":"DeprecatedImportWarning","filename":"/opt/airflow/dags/branch_pipeline.py","lineno":3,"logger":"py.warnings"}
{"timestamp":"2026-02-13T10:31:36.631478Z","level":"info","event":"Filling up the DagBag from /opt/airflow/dags/branch_pipeline.py","logger":"airflow.models.dagbag.BundleDagBag","filename":"dagbag.py","lineno":593}
{"timestamp":"2026-02-13T10:31:36.698484Z","level":"warning","event":"The `airflow.decorators.dag` attribute is deprecated. Please use `'airflow.sdk.dag'`.","category":"DeprecatedImportWarning","filename":"/opt/airflow/dags/branch_pipeline.py","lineno":1,"logger":"py.warnings"}
{"timestamp":"2026-02-13T10:31:36.698650Z","level":"warning","event":"The `airflow.decorators.task` attribute is deprecated. Please use `'airflow.sdk.task'`.","category":"DeprecatedImportWarning","filename":"/opt/airflow/dags/branch_pipeline.py","lineno":1,"logger":"py.warnings"}
{"timestamp":"2026-02-13T10:31:36.698709Z","level":"warning","event":"The `airflow.operators.python.BranchPythonOperator` attribute is deprecated. Please use `'airflow.providers.standard.operators.python.BranchPythonOperator'`.","category":"DeprecatedImportWarning","filename":"/opt/airflow/dags/branch_pipeline.py","lineno":2,"logger":"py.warnings"}
{"timestamp":"2026-02-13T10:31:36.698800Z","level":"warning","event":"The `airflow.operators.bash.BashOperator` attribute is deprecated. Please use `'airflow.providers.standard.operators.bash.BashOperator'`.","category":"DeprecatedImportWarning","filename":"/opt/airflow/dags/branch_pipeline.py","lineno":3,"logger":"py.warnings"}
{"timestamp":"2026-02-13T10:32:07.016993Z","level":"info","event":"Filling up the DagBag from /opt/airflow/dags/branch_pipeline.py","logger":"airflow.models.dagbag.BundleDagBag","filename":"dagbag.py","lineno":593}
{"timestamp":"2026-02-13T10:32:07.137707Z","level":"warning","event":"The `airflow.decorators.dag` attribute is deprecated. Please use `'airflow.sdk.dag'`.","category":"DeprecatedImportWarning","filename":"/opt/airflow/dags/branch_pipeline.py","lineno":1,"logger":"py.warnings"}
{"timestamp":"2026-02-13T10:32:07.137868Z","level":"warning","event":"The `airflow.decorators.task` attribute is deprecated. Please use `'airflow.sdk.task'`.","category":"DeprecatedImportWarning","filename":"/opt/airflow/dags/branch_pipeline.py","lineno":1,"logger":"py.warnings"}
{"timestamp":"2026-02-13T10:32:07.137928Z","level":"warning","event":"The `airflow.operators.python.BranchPythonOperator` attribute is deprecated. Please use `'airflow.providers.standard.operators.python.BranchPythonOperator'`.","category":"DeprecatedImportWarning","filename":"/opt/airflow/dags/branch_pipeline.py","lineno":2,"logger":"py.warnings"}
{"timestamp":"2026-02-13T10:32:07.137990Z","level":"warning","event":"The `airflow.operators.bash.BashOperator` attribute is deprecated. Please use `'airflow.providers.standard.operators.bash.BashOperator'`.","category":"DeprecatedImportWarning","filename":"/opt/airflow/dags/branch_pipeline.py","lineno":3,"logger":"py.warnings"}
{"timestamp":"2026-02-13T10:32:37.470967Z","level":"info","event":"Filling up the DagBag from /opt/airflow/dags/branch_pipeline.py","logger":"airflow.models.dagbag.BundleDagBag","filename":"dagbag.py","lineno":593}
{"timestamp":"2026-02-13T10:32:37.538560Z","level":"warning","event":"The `airflow.decorators.dag` attribute is deprecated. Please use `'airflow.sdk.dag'`.","category":"DeprecatedImportWarning","filename":"/opt/airflow/dags/branch_pipeline.py","lineno":1,"logger":"py.warnings"}
{"timestamp":"2026-02-13T10:32:37.538695Z","level":"warning","event":"The `airflow.decorators.task` attribute is deprecated. Please use `'airflow.sdk.task'`.","category":"DeprecatedImportWarning","filename":"/opt/airflow/dags/branch_pipeline.py","lineno":1,"logger":"py.warnings"}
{"timestamp":"2026-02-13T10:32:37.538755Z","level":"warning","event":"The `airflow.operators.python.BranchPythonOperator` attribute is deprecated. Please use `'airflow.providers.standard.operators.python.BranchPythonOperator'`.","category":"DeprecatedImportWarning","filename":"/opt/airflow/dags/branch_pipeline.py","lineno":2,"logger":"py.warnings"}
{"timestamp":"2026-02-13T10:32:37.538814Z","level":"warning","event":"The `airflow.operators.bash.BashOperator` attribute is deprecated. Please use `'airflow.providers.standard.operators.bash.BashOperator'`.","category":"DeprecatedImportWarning","filename":"/opt/airflow/dags/branch_pipeline.py","lineno":3,"logger":"py.warnings"}
{"timestamp":"2026-02-13T10:33:08.233392Z","level":"info","event":"Filling up the DagBag from /opt/airflow/dags/branch_pipeline.py","logger":"airflow.models.dagbag.BundleDagBag","filename":"dagbag.py","lineno":593}
{"timestamp":"2026-02-13T10:33:08.293014Z","level":"warning","event":"The `airflow.decorators.dag` attribute is deprecated. Please use `'airflow.sdk.dag'`.","category":"DeprecatedImportWarning","filename":"/opt/airflow/dags/branch_pipeline.py","lineno":1,"logger":"py.warnings"}
{"timestamp":"2026-02-13T10:33:08.293298Z","level":"warning","event":"The `airflow.decorators.task` attribute is deprecated. Please use `'airflow.sdk.task'`.","category":"DeprecatedImportWarning","filename":"/opt/airflow/dags/branch_pipeline.py","lineno":1,"logger":"py.warnings"}
{"timestamp":"2026-02-13T10:33:08.293400Z","level":"warning","event":"The `airflow.operators.python.BranchPythonOperator` attribute is deprecated. Please use `'airflow.providers.standard.operators.python.BranchPythonOperator'`.","category":"DeprecatedImportWarning","filename":"/opt/airflow/dags/branch_pipeline.py","lineno":2,"logger":"py.warnings"}
{"timestamp":"2026-02-13T10:33:08.293482Z","level":"warning","event":"The `airflow.operators.bash.BashOperator` attribute is deprecated. Please use `'airflow.providers.standard.operators.bash.BashOperator'`.","category":"DeprecatedImportWarning","filename":"/opt/airflow/dags/branch_pipeline.py","lineno":3,"logger":"py.warnings"}
{"timestamp":"2026-02-13T10:33:38.916443Z","level":"info","event":"Filling up the DagBag from /opt/airflow/dags/branch_pipeline.py","logger":"airflow.models.dagbag.BundleDagBag","filename":"dagbag.py","lineno":593}
{"timestamp":"2026-02-13T10:33:38.980117Z","level":"warning","event":"The `airflow.decorators.dag` attribute is deprecated. Please use `'airflow.sdk.dag'`.","category":"DeprecatedImportWarning","filename":"/opt/airflow/dags/branch_pipeline.py","lineno":1,"logger":"py.warnings"}
{"timestamp":"2026-02-13T10:33:38.980283Z","level":"warning","event":"The `airflow.decorators.task` attribute is deprecated. Please use `'airflow.sdk.task'`.","category":"DeprecatedImportWarning","filename":"/opt/airflow/dags/branch_pipeline.py","lineno":1,"logger":"py.warnings"}
{"timestamp":"2026-02-13T10:33:38.980356Z","level":"warning","event":"The `airflow.operators.python.BranchPythonOperator` attribute is deprecated. Please use `'airflow.providers.standard.operators.python.BranchPythonOperator'`.","category":"DeprecatedImportWarning","filename":"/opt/airflow/dags/branch_pipeline.py","lineno":2,"logger":"py.warnings"}
{"timestamp":"2026-02-13T10:33:38.980422Z","level":"warning","event":"The `airflow.operators.bash.BashOperator` attribute is deprecated. Please use `'airflow.providers.standard.operators.bash.BashOperator'`.","category":"DeprecatedImportWarning","filename":"/opt/airflow/dags/branch_pipeline.py","lineno":3,"logger":"py.warnings"}
{"timestamp":"2026-02-13T10:34:09.763332Z","level":"info","event":"Filling up the DagBag from /opt/airflow/dags/branch_pipeline.py","logger":"airflow.models.dagbag.BundleDagBag","filename":"dagbag.py","lineno":593}
{"timestamp":"2026-02-13T10:34:09.839497Z","level":"warning","event":"The `airflow.decorators.dag` attribute is deprecated. Please use `'airflow.sdk.dag'`.","category":"DeprecatedImportWarning","filename":"/opt/airflow/dags/branch_pipeline.py","lineno":1,"logger":"py.warnings"}
{"timestamp":"2026-02-13T10:34:09.839673Z","level":"warning","event":"The `airflow.decorators.task` attribute is deprecated. Please use `'airflow.sdk.task'`.","category":"DeprecatedImportWarning","filename":"/opt/airflow/dags/branch_pipeline.py","lineno":1,"logger":"py.warnings"}
{"timestamp":"2026-02-13T10:34:09.839741Z","level":"warning","event":"The `airflow.operators.python.BranchPythonOperator` attribute is deprecated. Please use `'airflow.providers.standard.operators.python.BranchPythonOperator'`.","category":"DeprecatedImportWarning","filename":"/opt/airflow/dags/branch_pipeline.py","lineno":2,"logger":"py.warnings"}
{"timestamp":"2026-02-13T10:34:09.839810Z","level":"warning","event":"The `airflow.operators.bash.BashOperator` attribute is deprecated. Please use `'airflow.providers.standard.operators.bash.BashOperator'`.","category":"DeprecatedImportWarning","filename":"/opt/airflow/dags/branch_pipeline.py","lineno":3,"logger":"py.warnings"}
{"timestamp":"2026-02-13T10:34:40.829731Z","level":"info","event":"Filling up the DagBag from /opt/airflow/dags/branch_pipeline.py","logger":"airflow.models.dagbag.BundleDagBag","filename":"dagbag.py","lineno":593}
{"timestamp":"2026-02-13T10:34:40.880481Z","level":"warning","event":"The `airflow.decorators.dag` attribute is deprecated. Please use `'airflow.sdk.dag'`.","category":"DeprecatedImportWarning","filename":"/opt/airflow/dags/branch_pipeline.py","lineno":1,"logger":"py.warnings"}
{"timestamp":"2026-02-13T10:34:40.880624Z","level":"warning","event":"The `airflow.decorators.task` attribute is deprecated. Please use `'airflow.sdk.task'`.","category":"DeprecatedImportWarning","filename":"/opt/airflow/dags/branch_pipeline.py","lineno":1,"logger":"py.warnings"}
{"timestamp":"2026-02-13T10:34:40.880679Z","level":"warning","event":"The `airflow.operators.python.BranchPythonOperator` attribute is deprecated. Please use `'airflow.providers.standard.operators.python.BranchPythonOperator'`.","category":"DeprecatedImportWarning","filename":"/opt/airflow/dags/branch_pipeline.py","lineno":2,"logger":"py.warnings"}
{"timestamp":"2026-02-13T10:34:40.880742Z","level":"warning","event":"The `airflow.operators.bash.BashOperator` attribute is deprecated. Please use `'airflow.providers.standard.operators.bash.BashOperator'`.","category":"DeprecatedImportWarning","filename":"/opt/airflow/dags/branch_pipeline.py","lineno":3,"logger":"py.warnings"}
{"timestamp":"2026-02-13T10:35:11.636624Z","level":"info","event":"Filling up the DagBag from /opt/airflow/dags/branch_pipeline.py","logger":"airflow.models.dagbag.BundleDagBag","filename":"dagbag.py","lineno":593}
{"timestamp":"2026-02-13T10:35:11.695978Z","level":"warning","event":"The `airflow.decorators.dag` attribute is deprecated. Please use `'airflow.sdk.dag'`.","category":"DeprecatedImportWarning","filename":"/opt/airflow/dags/branch_pipeline.py","lineno":1,"logger":"py.warnings"}
{"timestamp":"2026-02-13T10:35:11.696153Z","level":"warning","event":"The `airflow.decorators.task` attribute is deprecated. Please use `'airflow.sdk.task'`.","category":"DeprecatedImportWarning","filename":"/opt/airflow/dags/branch_pipeline.py","lineno":1,"logger":"py.warnings"}
{"timestamp":"2026-02-13T10:35:11.696217Z","level":"warning","event":"The `airflow.operators.python.BranchPythonOperator` attribute is deprecated. Please use `'airflow.providers.standard.operators.python.BranchPythonOperator'`.","category":"DeprecatedImportWarning","filename":"/opt/airflow/dags/branch_pipeline.py","lineno":2,"logger":"py.warnings"}
{"timestamp":"2026-02-13T10:35:11.696283Z","level":"warning","event":"The `airflow.operators.bash.BashOperator` attribute is deprecated. Please use `'airflow.providers.standard.operators.bash.BashOperator'`.","category":"DeprecatedImportWarning","filename":"/opt/airflow/dags/branch_pipeline.py","lineno":3,"logger":"py.warnings"}
{"timestamp":"2026-02-13T10:35:42.609435Z","level":"info","event":"Filling up the DagBag from /opt/airflow/dags/branch_pipeline.py","logger":"airflow.models.dagbag.BundleDagBag","filename":"dagbag.py","lineno":593}
{"timestamp":"2026-02-13T10:35:42.704742Z","level":"warning","event":"The `airflow.decorators.dag` attribute is deprecated. Please use `'airflow.sdk.dag'`.","category":"DeprecatedImportWarning","filename":"/opt/airflow/dags/branch_pipeline.py","lineno":1,"logger":"py.warnings"}
{"timestamp":"2026-02-13T10:35:42.705040Z","level":"warning","event":"The `airflow.decorators.task` attribute is deprecated. Please use `'airflow.sdk.task'`.","category":"DeprecatedImportWarning","filename":"/opt/airflow/dags/branch_pipeline.py","lineno":1,"logger":"py.warnings"}
{"timestamp":"2026-02-13T10:35:42.705178Z","level":"warning","event":"The `airflow.operators.python.BranchPythonOperator` attribute is deprecated. Please use `'airflow.providers.standard.operators.python.BranchPythonOperator'`.","category":"DeprecatedImportWarning","filename":"/opt/airflow/dags/branch_pipeline.py","lineno":2,"logger":"py.warnings"}
{"timestamp":"2026-02-13T10:35:42.705335Z","level":"warning","event":"The `airflow.operators.bash.BashOperator` attribute is deprecated. Please use `'airflow.providers.standard.operators.bash.BashOperator'`.","category":"DeprecatedImportWarning","filename":"/opt/airflow/dags/branch_pipeline.py","lineno":3,"logger":"py.warnings"}
{"timestamp":"2026-02-13T10:36:13.029446Z","level":"info","event":"Filling up the DagBag from /opt/airflow/dags/branch_pipeline.py","logger":"airflow.models.dagbag.BundleDagBag","filename":"dagbag.py","lineno":593}
{"timestamp":"2026-02-13T10:36:13.081094Z","level":"warning","event":"The `airflow.decorators.dag` attribute is deprecated. Please use `'airflow.sdk.dag'`.","category":"DeprecatedImportWarning","filename":"/opt/airflow/dags/branch_pipeline.py","lineno":1,"logger":"py.warnings"}
{"timestamp":"2026-02-13T10:36:13.081241Z","level":"warning","event":"The `airflow.decorators.task` attribute is deprecated. Please use `'airflow.sdk.task'`.","category":"DeprecatedImportWarning","filename":"/opt/airflow/dags/branch_pipeline.py","lineno":1,"logger":"py.warnings"}
{"timestamp":"2026-02-13T10:36:13.081300Z","level":"warning","event":"The `airflow.operators.python.BranchPythonOperator` attribute is deprecated. Please use `'airflow.providers.standard.operators.python.BranchPythonOperator'`.","category":"DeprecatedImportWarning","filename":"/opt/airflow/dags/branch_pipeline.py","lineno":2,"logger":"py.warnings"}
{"timestamp":"2026-02-13T10:36:13.081356Z","level":"warning","event":"The `airflow.operators.bash.BashOperator` attribute is deprecated. Please use `'airflow.providers.standard.operators.bash.BashOperator'`.","category":"DeprecatedImportWarning","filename":"/opt/airflow/dags/branch_pipeline.py","lineno":3,"logger":"py.warnings"}
{"timestamp":"2026-02-13T10:36:43.834689Z","level":"info","event":"Filling up the DagBag from /opt/airflow/dags/branch_pipeline.py","logger":"airflow.models.dagbag.BundleDagBag","filename":"dagbag.py","lineno":593}
{"timestamp":"2026-02-13T10:36:43.894979Z","level":"warning","event":"The `airflow.decorators.dag` attribute is deprecated. Please use `'airflow.sdk.dag'`.","category":"DeprecatedImportWarning","filename":"/opt/airflow/dags/branch_pipeline.py","lineno":1,"logger":"py.warnings"}
{"timestamp":"2026-02-13T10:36:43.895164Z","level":"warning","event":"The `airflow.decorators.task` attribute is deprecated. Please use `'airflow.sdk.task'`.","category":"DeprecatedImportWarning","filename":"/opt/airflow/dags/branch_pipeline.py","lineno":1,"logger":"py.warnings"}
{"timestamp":"2026-02-13T10:36:43.895240Z","level":"warning","event":"The `airflow.operators.python.BranchPythonOperator` attribute is deprecated. Please use `'airflow.providers.standard.operators.python.BranchPythonOperator'`.","category":"DeprecatedImportWarning","filename":"/opt/airflow/dags/branch_pipeline.py","lineno":2,"logger":"py.warnings"}
{"timestamp":"2026-02-13T10:36:43.895304Z","level":"warning","event":"The `airflow.operators.bash.BashOperator` attribute is deprecated. Please use `'airflow.providers.standard.operators.bash.BashOperator'`.","category":"DeprecatedImportWarning","filename":"/opt/airflow/dags/branch_pipeline.py","lineno":3,"logger":"py.warnings"}
{"timestamp":"2026-02-13T10:37:14.481474Z","level":"info","event":"Filling up the DagBag from /opt/airflow/dags/branch_pipeline.py","logger":"airflow.models.dagbag.BundleDagBag","filename":"dagbag.py","lineno":593}
{"timestamp":"2026-02-13T10:37:14.545738Z","level":"warning","event":"The `airflow.decorators.dag` attribute is deprecated. Please use `'airflow.sdk.dag'`.","category":"DeprecatedImportWarning","filename":"/opt/airflow/dags/branch_pipeline.py","lineno":1,"logger":"py.warnings"}
{"timestamp":"2026-02-13T10:37:14.545938Z","level":"warning","event":"The `airflow.decorators.task` attribute is deprecated. Please use `'airflow.sdk.task'`.","category":"DeprecatedImportWarning","filename":"/opt/airflow/dags/branch_pipeline.py","lineno":1,"logger":"py.warnings"}
{"timestamp":"2026-02-13T10:37:14.546010Z","level":"warning","event":"The `airflow.operators.python.BranchPythonOperator` attribute is deprecated. Please use `'airflow.providers.standard.operators.python.BranchPythonOperator'`.","category":"DeprecatedImportWarning","filename":"/opt/airflow/dags/branch_pipeline.py","lineno":2,"logger":"py.warnings"}
{"timestamp":"2026-02-13T10:37:14.546073Z","level":"warning","event":"The `airflow.operators.bash.BashOperator` attribute is deprecated. Please use `'airflow.providers.standard.operators.bash.BashOperator'`.","category":"DeprecatedImportWarning","filename":"/opt/airflow/dags/branch_pipeline.py","lineno":3,"logger":"py.warnings"}
{"timestamp":"2026-02-13T10:37:45.333290Z","level":"info","event":"Filling up the DagBag from /opt/airflow/dags/branch_pipeline.py","logger":"airflow.models.dagbag.BundleDagBag","filename":"dagbag.py","lineno":593}
{"timestamp":"2026-02-13T10:37:45.402520Z","level":"warning","event":"The `airflow.decorators.dag` attribute is deprecated. Please use `'airflow.sdk.dag'`.","category":"DeprecatedImportWarning","filename":"/opt/airflow/dags/branch_pipeline.py","lineno":1,"logger":"py.warnings"}
{"timestamp":"2026-02-13T10:37:45.402706Z","level":"warning","event":"The `airflow.decorators.task` attribute is deprecated. Please use `'airflow.sdk.task'`.","category":"DeprecatedImportWarning","filename":"/opt/airflow/dags/branch_pipeline.py","lineno":1,"logger":"py.warnings"}
{"timestamp":"2026-02-13T10:37:45.402853Z","level":"warning","event":"The `airflow.operators.python.BranchPythonOperator` attribute is deprecated. Please use `'airflow.providers.standard.operators.python.BranchPythonOperator'`.","category":"DeprecatedImportWarning","filename":"/opt/airflow/dags/branch_pipeline.py","lineno":2,"logger":"py.warnings"}
{"timestamp":"2026-02-13T10:37:45.402963Z","level":"warning","event":"The `airflow.operators.bash.BashOperator` attribute is deprecated. Please use `'airflow.providers.standard.operators.bash.BashOperator'`.","category":"DeprecatedImportWarning","filename":"/opt/airflow/dags/branch_pipeline.py","lineno":3,"logger":"py.warnings"}
{"timestamp":"2026-02-13T10:38:16.467529Z","level":"info","event":"Filling up the DagBag from /opt/airflow/dags/branch_pipeline.py","logger":"airflow.models.dagbag.BundleDagBag","filename":"dagbag.py","lineno":593}
{"timestamp":"2026-02-13T10:38:16.530172Z","level":"warning","event":"The `airflow.decorators.dag` attribute is deprecated. Please use `'airflow.sdk.dag'`.","category":"DeprecatedImportWarning","filename":"/opt/airflow/dags/branch_pipeline.py","lineno":1,"logger":"py.warnings"}
{"timestamp":"2026-02-13T10:38:16.530310Z","level":"warning","event":"The `airflow.decorators.task` attribute is deprecated. Please use `'airflow.sdk.task'`.","category":"DeprecatedImportWarning","filename":"/opt/airflow/dags/branch_pipeline.py","lineno":1,"logger":"py.warnings"}
{"timestamp":"2026-02-13T10:38:16.530366Z","level":"warning","event":"The `airflow.operators.python.BranchPythonOperator` attribute is deprecated. Please use `'airflow.providers.standard.operators.python.BranchPythonOperator'`.","category":"DeprecatedImportWarning","filename":"/opt/airflow/dags/branch_pipeline.py","lineno":2,"logger":"py.warnings"}
{"timestamp":"2026-02-13T10:38:16.530424Z","level":"warning","event":"The `airflow.operators.bash.BashOperator` attribute is deprecated. Please use `'airflow.providers.standard.operators.bash.BashOperator'`.","category":"DeprecatedImportWarning","filename":"/opt/airflow/dags/branch_pipeline.py","lineno":3,"logger":"py.warnings"}
{"timestamp":"2026-02-13T10:38:47.121997Z","level":"info","event":"Filling up the DagBag from /opt/airflow/dags/branch_pipeline.py","logger":"airflow.models.dagbag.BundleDagBag","filename":"dagbag.py","lineno":593}
{"timestamp":"2026-02-13T10:38:47.183629Z","level":"warning","event":"The `airflow.decorators.dag` attribute is deprecated. Please use `'airflow.sdk.dag'`.","category":"DeprecatedImportWarning","filename":"/opt/airflow/dags/branch_pipeline.py","lineno":1,"logger":"py.warnings"}
{"timestamp":"2026-02-13T10:38:47.183767Z","level":"warning","event":"The `airflow.decorators.task` attribute is deprecated. Please use `'airflow.sdk.task'`.","category":"DeprecatedImportWarning","filename":"/opt/airflow/dags/branch_pipeline.py","lineno":1,"logger":"py.warnings"}
{"timestamp":"2026-02-13T10:38:47.183827Z","level":"warning","event":"The `airflow.operators.python.BranchPythonOperator` attribute is deprecated. Please use `'airflow.providers.standard.operators.python.BranchPythonOperator'`.","category":"DeprecatedImportWarning","filename":"/opt/airflow/dags/branch_pipeline.py","lineno":2,"logger":"py.warnings"}
{"timestamp":"2026-02-13T10:38:47.183887Z","level":"warning","event":"The `airflow.operators.bash.BashOperator` attribute is deprecated. Please use `'airflow.providers.standard.operators.bash.BashOperator'`.","category":"DeprecatedImportWarning","filename":"/opt/airflow/dags/branch_pipeline.py","lineno":3,"logger":"py.warnings"}
{"timestamp":"2026-02-13T10:39:17.841996Z","level":"info","event":"Filling up the DagBag from /opt/airflow/dags/branch_pipeline.py","logger":"airflow.models.dagbag.BundleDagBag","filename":"dagbag.py","lineno":593}
{"timestamp":"2026-02-13T10:39:17.906170Z","level":"warning","event":"The `airflow.decorators.dag` attribute is deprecated. Please use `'airflow.sdk.dag'`.","category":"DeprecatedImportWarning","filename":"/opt/airflow/dags/branch_pipeline.py","lineno":1,"logger":"py.warnings"}
{"timestamp":"2026-02-13T10:39:17.906406Z","level":"warning","event":"The `airflow.decorators.task` attribute is deprecated. Please use `'airflow.sdk.task'`.","category":"DeprecatedImportWarning","filename":"/opt/airflow/dags/branch_pipeline.py","lineno":1,"logger":"py.warnings"}
{"timestamp":"2026-02-13T10:39:17.906506Z","level":"warning","event":"The `airflow.operators.python.BranchPythonOperator` attribute is deprecated. Please use `'airflow.providers.standard.operators.python.BranchPythonOperator'`.","category":"DeprecatedImportWarning","filename":"/opt/airflow/dags/branch_pipeline.py","lineno":2,"logger":"py.warnings"}
{"timestamp":"2026-02-13T10:39:17.906639Z","level":"warning","event":"The `airflow.operators.bash.BashOperator` attribute is deprecated. Please use `'airflow.providers.standard.operators.bash.BashOperator'`.","category":"DeprecatedImportWarning","filename":"/opt/airflow/dags/branch_pipeline.py","lineno":3,"logger":"py.warnings"}
{"timestamp":"2026-02-13T10:39:48.434151Z","level":"info","event":"Filling up the DagBag from /opt/airflow/dags/branch_pipeline.py","logger":"airflow.models.dagbag.BundleDagBag","filename":"dagbag.py","lineno":593}
{"timestamp":"2026-02-13T10:39:48.510517Z","level":"warning","event":"The `airflow.decorators.dag` attribute is deprecated. Please use `'airflow.sdk.dag'`.","category":"DeprecatedImportWarning","filename":"/opt/airflow/dags/branch_pipeline.py","lineno":1,"logger":"py.warnings"}
{"timestamp":"2026-02-13T10:39:48.511129Z","level":"warning","event":"The `airflow.decorators.task` attribute is deprecated. Please use `'airflow.sdk.task'`.","category":"DeprecatedImportWarning","filename":"/opt/airflow/dags/branch_pipeline.py","lineno":1,"logger":"py.warnings"}
{"timestamp":"2026-02-13T10:39:48.512209Z","level":"warning","event":"The `airflow.operators.python.BranchPythonOperator` attribute is deprecated. Please use `'airflow.providers.standard.operators.python.BranchPythonOperator'`.","category":"DeprecatedImportWarning","filename":"/opt/airflow/dags/branch_pipeline.py","lineno":2,"logger":"py.warnings"}
{"timestamp":"2026-02-13T10:39:48.512802Z","level":"warning","event":"The `airflow.operators.bash.BashOperator` attribute is deprecated. Please use `'airflow.providers.standard.operators.bash.BashOperator'`.","category":"DeprecatedImportWarning","filename":"/opt/airflow/dags/branch_pipeline.py","lineno":3,"logger":"py.warnings"}
{"timestamp":"2026-02-13T10:40:19.421327Z","level":"info","event":"Filling up the DagBag from /opt/airflow/dags/branch_pipeline.py","logger":"airflow.models.dagbag.BundleDagBag","filename":"dagbag.py","lineno":593}
{"timestamp":"2026-02-13T10:40:19.484550Z","level":"warning","event":"The `airflow.decorators.dag` attribute is deprecated. Please use `'airflow.sdk.dag'`.","category":"DeprecatedImportWarning","filename":"/opt/airflow/dags/branch_pipeline.py","lineno":1,"logger":"py.warnings"}
{"timestamp":"2026-02-13T10:40:19.485008Z","level":"warning","event":"The `airflow.decorators.task` attribute is deprecated. Please use `'airflow.sdk.task'`.","category":"DeprecatedImportWarning","filename":"/opt/airflow/dags/branch_pipeline.py","lineno":1,"logger":"py.warnings"}
{"timestamp":"2026-02-13T10:40:19.485169Z","level":"warning","event":"The `airflow.operators.python.BranchPythonOperator` attribute is deprecated. Please use `'airflow.providers.standard.operators.python.BranchPythonOperator'`.","category":"DeprecatedImportWarning","filename":"/opt/airflow/dags/branch_pipeline.py","lineno":2,"logger":"py.warnings"}
{"timestamp":"2026-02-13T10:40:19.485314Z","level":"warning","event":"The `airflow.operators.bash.BashOperator` attribute is deprecated. Please use `'airflow.providers.standard.operators.bash.BashOperator'`.","category":"DeprecatedImportWarning","filename":"/opt/airflow/dags/branch_pipeline.py","lineno":3,"logger":"py.warnings"}
{"timestamp":"2026-02-13T10:40:49.919672Z","level":"info","event":"Filling up the DagBag from /opt/airflow/dags/branch_pipeline.py","logger":"airflow.models.dagbag.BundleDagBag","filename":"dagbag.py","lineno":593}
{"timestamp":"2026-02-13T10:40:49.987758Z","level":"warning","event":"The `airflow.decorators.dag` attribute is deprecated. Please use `'airflow.sdk.dag'`.","category":"DeprecatedImportWarning","filename":"/opt/airflow/dags/branch_pipeline.py","lineno":1,"logger":"py.warnings"}
{"timestamp":"2026-02-13T10:40:49.987925Z","level":"warning","event":"The `airflow.decorators.task` attribute is deprecated. Please use `'airflow.sdk.task'`.","category":"DeprecatedImportWarning","filename":"/opt/airflow/dags/branch_pipeline.py","lineno":1,"logger":"py.warnings"}
{"timestamp":"2026-02-13T10:40:49.987990Z","level":"warning","event":"The `airflow.operators.python.BranchPythonOperator` attribute is deprecated. Please use `'airflow.providers.standard.operators.python.BranchPythonOperator'`.","category":"DeprecatedImportWarning","filename":"/opt/airflow/dags/branch_pipeline.py","lineno":2,"logger":"py.warnings"}
{"timestamp":"2026-02-13T10:40:49.988053Z","level":"warning","event":"The `airflow.operators.bash.BashOperator` attribute is deprecated. Please use `'airflow.providers.standard.operators.bash.BashOperator'`.","category":"DeprecatedImportWarning","filename":"/opt/airflow/dags/branch_pipeline.py","lineno":3,"logger":"py.warnings"}
{"timestamp":"2026-02-13T10:41:20.549783Z","level":"info","event":"Filling up the DagBag from /opt/airflow/dags/branch_pipeline.py","logger":"airflow.models.dagbag.BundleDagBag","filename":"dagbag.py","lineno":593}
{"timestamp":"2026-02-13T10:41:20.602777Z","level":"warning","event":"The `airflow.decorators.dag` attribute is deprecated. Please use `'airflow.sdk.dag'`.","category":"DeprecatedImportWarning","filename":"/opt/airflow/dags/branch_pipeline.py","lineno":1,"logger":"py.warnings"}
{"timestamp":"2026-02-13T10:41:20.602927Z","level":"warning","event":"The `airflow.decorators.task` attribute is deprecated. Please use `'airflow.sdk.task'`.","category":"DeprecatedImportWarning","filename":"/opt/airflow/dags/branch_pipeline.py","lineno":1,"logger":"py.warnings"}
{"timestamp":"2026-02-13T10:41:20.602984Z","level":"warning","event":"The `airflow.operators.python.BranchPythonOperator` attribute is deprecated. Please use `'airflow.providers.standard.operators.python.BranchPythonOperator'`.","category":"DeprecatedImportWarning","filename":"/opt/airflow/dags/branch_pipeline.py","lineno":2,"logger":"py.warnings"}
{"timestamp":"2026-02-13T10:41:20.603042Z","level":"warning","event":"The `airflow.operators.bash.BashOperator` attribute is deprecated. Please use `'airflow.providers.standard.operators.bash.BashOperator'`.","category":"DeprecatedImportWarning","filename":"/opt/airflow/dags/branch_pipeline.py","lineno":3,"logger":"py.warnings"}
{"timestamp":"2026-02-13T10:41:51.153283Z","level":"info","event":"Filling up the DagBag from /opt/airflow/dags/branch_pipeline.py","logger":"airflow.models.dagbag.BundleDagBag","filename":"dagbag.py","lineno":593}
{"timestamp":"2026-02-13T10:41:51.210061Z","level":"warning","event":"The `airflow.decorators.dag` attribute is deprecated. Please use `'airflow.sdk.dag'`.","category":"DeprecatedImportWarning","filename":"/opt/airflow/dags/branch_pipeline.py","lineno":1,"logger":"py.warnings"}
{"timestamp":"2026-02-13T10:41:51.210356Z","level":"warning","event":"The `airflow.decorators.task` attribute is deprecated. Please use `'airflow.sdk.task'`.","category":"DeprecatedImportWarning","filename":"/opt/airflow/dags/branch_pipeline.py","lineno":1,"logger":"py.warnings"}
{"timestamp":"2026-02-13T10:41:51.210520Z","level":"warning","event":"The `airflow.operators.python.BranchPythonOperator` attribute is deprecated. Please use `'airflow.providers.standard.operators.python.BranchPythonOperator'`.","category":"DeprecatedImportWarning","filename":"/opt/airflow/dags/branch_pipeline.py","lineno":2,"logger":"py.warnings"}
{"timestamp":"2026-02-13T10:41:51.210745Z","level":"warning","event":"The `airflow.operators.bash.BashOperator` attribute is deprecated. Please use `'airflow.providers.standard.operators.bash.BashOperator'`.","category":"DeprecatedImportWarning","filename":"/opt/airflow/dags/branch_pipeline.py","lineno":3,"logger":"py.warnings"}
{"timestamp":"2026-02-13T10:42:21.993066Z","level":"info","event":"Filling up the DagBag from /opt/airflow/dags/branch_pipeline.py","logger":"airflow.models.dagbag.BundleDagBag","filename":"dagbag.py","lineno":593}
{"timestamp":"2026-02-13T10:42:22.062342Z","level":"warning","event":"The `airflow.decorators.dag` attribute is deprecated. Please use `'airflow.sdk.dag'`.","category":"DeprecatedImportWarning","filename":"/opt/airflow/dags/branch_pipeline.py","lineno":1,"logger":"py.warnings"}
{"timestamp":"2026-02-13T10:42:22.062488Z","level":"warning","event":"The `airflow.decorators.task` attribute is deprecated. Please use `'airflow.sdk.task'`.","category":"DeprecatedImportWarning","filename":"/opt/airflow/dags/branch_pipeline.py","lineno":1,"logger":"py.warnings"}
{"timestamp":"2026-02-13T10:42:22.062550Z","level":"warning","event":"The `airflow.operators.python.BranchPythonOperator` attribute is deprecated. Please use `'airflow.providers.standard.operators.python.BranchPythonOperator'`.","category":"DeprecatedImportWarning","filename":"/opt/airflow/dags/branch_pipeline.py","lineno":2,"logger":"py.warnings"}
{"timestamp":"2026-02-13T10:42:22.062612Z","level":"warning","event":"The `airflow.operators.bash.BashOperator` attribute is deprecated. Please use `'airflow.providers.standard.operators.bash.BashOperator'`.","category":"DeprecatedImportWarning","filename":"/opt/airflow/dags/branch_pipeline.py","lineno":3,"logger":"py.warnings"}
{"timestamp":"2026-02-13T10:42:52.482797Z","level":"info","event":"Filling up the DagBag from /opt/airflow/dags/branch_pipeline.py","logger":"airflow.models.dagbag.BundleDagBag","filename":"dagbag.py","lineno":593}
{"timestamp":"2026-02-13T10:42:52.541775Z","level":"warning","event":"The `airflow.decorators.dag` attribute is deprecated. Please use `'airflow.sdk.dag'`.","category":"DeprecatedImportWarning","filename":"/opt/airflow/dags/branch_pipeline.py","lineno":1,"logger":"py.warnings"}
{"timestamp":"2026-02-13T10:42:52.541936Z","level":"warning","event":"The `airflow.decorators.task` attribute is deprecated. Please use `'airflow.sdk.task'`.","category":"DeprecatedImportWarning","filename":"/opt/airflow/dags/branch_pipeline.py","lineno":1,"logger":"py.warnings"}
{"timestamp":"2026-02-13T10:42:52.542034Z","level":"warning","event":"The `airflow.operators.python.BranchPythonOperator` attribute is deprecated. Please use `'airflow.providers.standard.operators.python.BranchPythonOperator'`.","category":"DeprecatedImportWarning","filename":"/opt/airflow/dags/branch_pipeline.py","lineno":2,"logger":"py.warnings"}
{"timestamp":"2026-02-13T10:42:52.542115Z","level":"warning","event":"The `airflow.operators.bash.BashOperator` attribute is deprecated. Please use `'airflow.providers.standard.operators.bash.BashOperator'`.","category":"DeprecatedImportWarning","filename":"/opt/airflow/dags/branch_pipeline.py","lineno":3,"logger":"py.warnings"}
{"timestamp":"2026-02-13T10:43:23.082643Z","level":"info","event":"Filling up the DagBag from /opt/airflow/dags/branch_pipeline.py","logger":"airflow.models.dagbag.BundleDagBag","filename":"dagbag.py","lineno":593}
{"timestamp":"2026-02-13T10:43:23.140754Z","level":"warning","event":"The `airflow.decorators.dag` attribute is deprecated. Please use `'airflow.sdk.dag'`.","category":"DeprecatedImportWarning","filename":"/opt/airflow/dags/branch_pipeline.py","lineno":1,"logger":"py.warnings"}
{"timestamp":"2026-02-13T10:43:23.140893Z","level":"warning","event":"The `airflow.decorators.task` attribute is deprecated. Please use `'airflow.sdk.task'`.","category":"DeprecatedImportWarning","filename":"/opt/airflow/dags/branch_pipeline.py","lineno":1,"logger":"py.warnings"}
{"timestamp":"2026-02-13T10:43:23.140949Z","level":"warning","event":"The `airflow.operators.python.BranchPythonOperator` attribute is deprecated. Please use `'airflow.providers.standard.operators.python.BranchPythonOperator'`.","category":"DeprecatedImportWarning","filename":"/opt/airflow/dags/branch_pipeline.py","lineno":2,"logger":"py.warnings"}
{"timestamp":"2026-02-13T10:43:23.141005Z","level":"warning","event":"The `airflow.operators.bash.BashOperator` attribute is deprecated. Please use `'airflow.providers.standard.operators.bash.BashOperator'`.","category":"DeprecatedImportWarning","filename":"/opt/airflow/dags/branch_pipeline.py","lineno":3,"logger":"py.warnings"}
{"timestamp":"2026-02-13T10:43:53.837832Z","level":"info","event":"Filling up the DagBag from /opt/airflow/dags/branch_pipeline.py","logger":"airflow.models.dagbag.BundleDagBag","filename":"dagbag.py","lineno":593}
{"timestamp":"2026-02-13T10:43:53.920665Z","level":"warning","event":"The `airflow.decorators.dag` attribute is deprecated. Please use `'airflow.sdk.dag'`.","category":"DeprecatedImportWarning","filename":"/opt/airflow/dags/branch_pipeline.py","lineno":1,"logger":"py.warnings"}
{"timestamp":"2026-02-13T10:43:53.920875Z","level":"warning","event":"The `airflow.decorators.task` attribute is deprecated. Please use `'airflow.sdk.task'`.","category":"DeprecatedImportWarning","filename":"/opt/airflow/dags/branch_pipeline.py","lineno":1,"logger":"py.warnings"}
{"timestamp":"2026-02-13T10:43:53.920951Z","level":"warning","event":"The `airflow.operators.python.BranchPythonOperator` attribute is deprecated. Please use `'airflow.providers.standard.operators.python.BranchPythonOperator'`.","category":"DeprecatedImportWarning","filename":"/opt/airflow/dags/branch_pipeline.py","lineno":2,"logger":"py.warnings"}
{"timestamp":"2026-02-13T10:43:53.921029Z","level":"warning","event":"The `airflow.operators.bash.BashOperator` attribute is deprecated. Please use `'airflow.providers.standard.operators.bash.BashOperator'`.","category":"DeprecatedImportWarning","filename":"/opt/airflow/dags/branch_pipeline.py","lineno":3,"logger":"py.warnings"}
