{"timestamp":"2026-02-08T03:21:45.831044Z","level":"info","event":"Filling up the DagBag from /opt/airflow/dags/branch_pipeline.py","logger":"airflow.models.dagbag.BundleDagBag","filename":"dagbag.py","lineno":593}
{"timestamp":"2026-02-08T03:21:46.398017Z","level":"warning","event":"The `airflow.decorators.dag` attribute is deprecated. Please use `'airflow.sdk.dag'`.","category":"DeprecatedImportWarning","filename":"/opt/airflow/dags/branch_pipeline.py","lineno":1,"logger":"py.warnings"}
{"timestamp":"2026-02-08T03:21:46.398642Z","level":"warning","event":"The `airflow.decorators.task` attribute is deprecated. Please use `'airflow.sdk.task'`.","category":"DeprecatedImportWarning","filename":"/opt/airflow/dags/branch_pipeline.py","lineno":1,"logger":"py.warnings"}
{"timestamp":"2026-02-08T03:21:46.398847Z","level":"warning","event":"The `airflow.operators.python.BranchPythonOperator` attribute is deprecated. Please use `'airflow.providers.standard.operators.python.BranchPythonOperator'`.","category":"DeprecatedImportWarning","filename":"/opt/airflow/dags/branch_pipeline.py","lineno":2,"logger":"py.warnings"}
{"timestamp":"2026-02-08T03:21:46.399001Z","level":"warning","event":"The `airflow.operators.bash.BashOperator` attribute is deprecated. Please use `'airflow.providers.standard.operators.bash.BashOperator'`.","category":"DeprecatedImportWarning","filename":"/opt/airflow/dags/branch_pipeline.py","lineno":3,"logger":"py.warnings"}
{"timestamp":"2026-02-08T03:22:17.013421Z","level":"info","event":"Filling up the DagBag from /opt/airflow/dags/branch_pipeline.py","logger":"airflow.models.dagbag.BundleDagBag","filename":"dagbag.py","lineno":593}
{"timestamp":"2026-02-08T03:22:17.194397Z","level":"warning","event":"The `airflow.decorators.dag` attribute is deprecated. Please use `'airflow.sdk.dag'`.","category":"DeprecatedImportWarning","filename":"/opt/airflow/dags/branch_pipeline.py","lineno":1,"logger":"py.warnings"}
{"timestamp":"2026-02-08T03:22:17.195045Z","level":"warning","event":"The `airflow.decorators.task` attribute is deprecated. Please use `'airflow.sdk.task'`.","category":"DeprecatedImportWarning","filename":"/opt/airflow/dags/branch_pipeline.py","lineno":1,"logger":"py.warnings"}
{"timestamp":"2026-02-08T03:22:17.195304Z","level":"warning","event":"The `airflow.operators.python.BranchPythonOperator` attribute is deprecated. Please use `'airflow.providers.standard.operators.python.BranchPythonOperator'`.","category":"DeprecatedImportWarning","filename":"/opt/airflow/dags/branch_pipeline.py","lineno":2,"logger":"py.warnings"}
{"timestamp":"2026-02-08T03:22:17.195473Z","level":"warning","event":"The `airflow.operators.bash.BashOperator` attribute is deprecated. Please use `'airflow.providers.standard.operators.bash.BashOperator'`.","category":"DeprecatedImportWarning","filename":"/opt/airflow/dags/branch_pipeline.py","lineno":3,"logger":"py.warnings"}
{"timestamp":"2026-02-08T03:22:47.587494Z","level":"info","event":"Filling up the DagBag from /opt/airflow/dags/branch_pipeline.py","logger":"airflow.models.dagbag.BundleDagBag","filename":"dagbag.py","lineno":593}
{"timestamp":"2026-02-08T03:22:47.658198Z","level":"warning","event":"The `airflow.decorators.dag` attribute is deprecated. Please use `'airflow.sdk.dag'`.","category":"DeprecatedImportWarning","filename":"/opt/airflow/dags/branch_pipeline.py","lineno":1,"logger":"py.warnings"}
{"timestamp":"2026-02-08T03:22:47.658609Z","level":"warning","event":"The `airflow.decorators.task` attribute is deprecated. Please use `'airflow.sdk.task'`.","category":"DeprecatedImportWarning","filename":"/opt/airflow/dags/branch_pipeline.py","lineno":1,"logger":"py.warnings"}
{"timestamp":"2026-02-08T03:22:47.658852Z","level":"warning","event":"The `airflow.operators.python.BranchPythonOperator` attribute is deprecated. Please use `'airflow.providers.standard.operators.python.BranchPythonOperator'`.","category":"DeprecatedImportWarning","filename":"/opt/airflow/dags/branch_pipeline.py","lineno":2,"logger":"py.warnings"}
{"timestamp":"2026-02-08T03:22:47.659004Z","level":"warning","event":"The `airflow.operators.bash.BashOperator` attribute is deprecated. Please use `'airflow.providers.standard.operators.bash.BashOperator'`.","category":"DeprecatedImportWarning","filename":"/opt/airflow/dags/branch_pipeline.py","lineno":3,"logger":"py.warnings"}
{"timestamp":"2026-02-08T03:23:18.729088Z","level":"info","event":"Filling up the DagBag from /opt/airflow/dags/branch_pipeline.py","logger":"airflow.models.dagbag.BundleDagBag","filename":"dagbag.py","lineno":593}
{"timestamp":"2026-02-08T03:23:19.053094Z","level":"warning","event":"The `airflow.decorators.dag` attribute is deprecated. Please use `'airflow.sdk.dag'`.","category":"DeprecatedImportWarning","filename":"/opt/airflow/dags/branch_pipeline.py","lineno":1,"logger":"py.warnings"}
{"timestamp":"2026-02-08T03:23:19.054375Z","level":"warning","event":"The `airflow.decorators.task` attribute is deprecated. Please use `'airflow.sdk.task'`.","category":"DeprecatedImportWarning","filename":"/opt/airflow/dags/branch_pipeline.py","lineno":1,"logger":"py.warnings"}
{"timestamp":"2026-02-08T03:23:19.054618Z","level":"warning","event":"The `airflow.operators.python.BranchPythonOperator` attribute is deprecated. Please use `'airflow.providers.standard.operators.python.BranchPythonOperator'`.","category":"DeprecatedImportWarning","filename":"/opt/airflow/dags/branch_pipeline.py","lineno":2,"logger":"py.warnings"}
{"timestamp":"2026-02-08T03:23:19.054744Z","level":"warning","event":"The `airflow.operators.bash.BashOperator` attribute is deprecated. Please use `'airflow.providers.standard.operators.bash.BashOperator'`.","category":"DeprecatedImportWarning","filename":"/opt/airflow/dags/branch_pipeline.py","lineno":3,"logger":"py.warnings"}
{"timestamp":"2026-02-08T03:23:49.865549Z","level":"info","event":"Filling up the DagBag from /opt/airflow/dags/branch_pipeline.py","logger":"airflow.models.dagbag.BundleDagBag","filename":"dagbag.py","lineno":593}
{"timestamp":"2026-02-08T03:23:50.088230Z","level":"warning","event":"The `airflow.decorators.dag` attribute is deprecated. Please use `'airflow.sdk.dag'`.","category":"DeprecatedImportWarning","filename":"/opt/airflow/dags/branch_pipeline.py","lineno":1,"logger":"py.warnings"}
{"timestamp":"2026-02-08T03:23:50.088945Z","level":"warning","event":"The `airflow.decorators.task` attribute is deprecated. Please use `'airflow.sdk.task'`.","category":"DeprecatedImportWarning","filename":"/opt/airflow/dags/branch_pipeline.py","lineno":1,"logger":"py.warnings"}
{"timestamp":"2026-02-08T03:23:50.089165Z","level":"warning","event":"The `airflow.operators.python.BranchPythonOperator` attribute is deprecated. Please use `'airflow.providers.standard.operators.python.BranchPythonOperator'`.","category":"DeprecatedImportWarning","filename":"/opt/airflow/dags/branch_pipeline.py","lineno":2,"logger":"py.warnings"}
{"timestamp":"2026-02-08T03:23:50.089368Z","level":"warning","event":"The `airflow.operators.bash.BashOperator` attribute is deprecated. Please use `'airflow.providers.standard.operators.bash.BashOperator'`.","category":"DeprecatedImportWarning","filename":"/opt/airflow/dags/branch_pipeline.py","lineno":3,"logger":"py.warnings"}
{"timestamp":"2026-02-08T03:24:21.023481Z","level":"info","event":"Filling up the DagBag from /opt/airflow/dags/branch_pipeline.py","logger":"airflow.models.dagbag.BundleDagBag","filename":"dagbag.py","lineno":593}
{"timestamp":"2026-02-08T03:24:21.128841Z","level":"warning","event":"The `airflow.decorators.dag` attribute is deprecated. Please use `'airflow.sdk.dag'`.","category":"DeprecatedImportWarning","filename":"/opt/airflow/dags/branch_pipeline.py","lineno":1,"logger":"py.warnings"}
{"timestamp":"2026-02-08T03:24:21.129408Z","level":"warning","event":"The `airflow.decorators.task` attribute is deprecated. Please use `'airflow.sdk.task'`.","category":"DeprecatedImportWarning","filename":"/opt/airflow/dags/branch_pipeline.py","lineno":1,"logger":"py.warnings"}
{"timestamp":"2026-02-08T03:24:21.129640Z","level":"warning","event":"The `airflow.operators.python.BranchPythonOperator` attribute is deprecated. Please use `'airflow.providers.standard.operators.python.BranchPythonOperator'`.","category":"DeprecatedImportWarning","filename":"/opt/airflow/dags/branch_pipeline.py","lineno":2,"logger":"py.warnings"}
{"timestamp":"2026-02-08T03:24:21.129869Z","level":"warning","event":"The `airflow.operators.bash.BashOperator` attribute is deprecated. Please use `'airflow.providers.standard.operators.bash.BashOperator'`.","category":"DeprecatedImportWarning","filename":"/opt/airflow/dags/branch_pipeline.py","lineno":3,"logger":"py.warnings"}
{"timestamp":"2026-02-08T03:24:52.022133Z","level":"info","event":"Filling up the DagBag from /opt/airflow/dags/branch_pipeline.py","logger":"airflow.models.dagbag.BundleDagBag","filename":"dagbag.py","lineno":593}
{"timestamp":"2026-02-08T03:24:52.091831Z","level":"warning","event":"The `airflow.decorators.dag` attribute is deprecated. Please use `'airflow.sdk.dag'`.","category":"DeprecatedImportWarning","filename":"/opt/airflow/dags/branch_pipeline.py","lineno":1,"logger":"py.warnings"}
{"timestamp":"2026-02-08T03:24:52.092237Z","level":"warning","event":"The `airflow.decorators.task` attribute is deprecated. Please use `'airflow.sdk.task'`.","category":"DeprecatedImportWarning","filename":"/opt/airflow/dags/branch_pipeline.py","lineno":1,"logger":"py.warnings"}
{"timestamp":"2026-02-08T03:24:52.093458Z","level":"warning","event":"The `airflow.operators.python.BranchPythonOperator` attribute is deprecated. Please use `'airflow.providers.standard.operators.python.BranchPythonOperator'`.","category":"DeprecatedImportWarning","filename":"/opt/airflow/dags/branch_pipeline.py","lineno":2,"logger":"py.warnings"}
{"timestamp":"2026-02-08T03:24:52.093872Z","level":"warning","event":"The `airflow.operators.bash.BashOperator` attribute is deprecated. Please use `'airflow.providers.standard.operators.bash.BashOperator'`.","category":"DeprecatedImportWarning","filename":"/opt/airflow/dags/branch_pipeline.py","lineno":3,"logger":"py.warnings"}
{"timestamp":"2026-02-08T03:25:22.727710Z","level":"info","event":"Filling up the DagBag from /opt/airflow/dags/branch_pipeline.py","logger":"airflow.models.dagbag.BundleDagBag","filename":"dagbag.py","lineno":593}
{"timestamp":"2026-02-08T03:25:22.796524Z","level":"warning","event":"The `airflow.decorators.dag` attribute is deprecated. Please use `'airflow.sdk.dag'`.","category":"DeprecatedImportWarning","filename":"/opt/airflow/dags/branch_pipeline.py","lineno":1,"logger":"py.warnings"}
{"timestamp":"2026-02-08T03:25:22.796854Z","level":"warning","event":"The `airflow.decorators.task` attribute is deprecated. Please use `'airflow.sdk.task'`.","category":"DeprecatedImportWarning","filename":"/opt/airflow/dags/branch_pipeline.py","lineno":1,"logger":"py.warnings"}
{"timestamp":"2026-02-08T03:25:22.796996Z","level":"warning","event":"The `airflow.operators.python.BranchPythonOperator` attribute is deprecated. Please use `'airflow.providers.standard.operators.python.BranchPythonOperator'`.","category":"DeprecatedImportWarning","filename":"/opt/airflow/dags/branch_pipeline.py","lineno":2,"logger":"py.warnings"}
{"timestamp":"2026-02-08T03:25:22.797111Z","level":"warning","event":"The `airflow.operators.bash.BashOperator` attribute is deprecated. Please use `'airflow.providers.standard.operators.bash.BashOperator'`.","category":"DeprecatedImportWarning","filename":"/opt/airflow/dags/branch_pipeline.py","lineno":3,"logger":"py.warnings"}
{"timestamp":"2026-02-08T03:25:53.083468Z","level":"info","event":"Filling up the DagBag from /opt/airflow/dags/branch_pipeline.py","logger":"airflow.models.dagbag.BundleDagBag","filename":"dagbag.py","lineno":593}
{"timestamp":"2026-02-08T03:25:53.136843Z","level":"warning","event":"The `airflow.decorators.dag` attribute is deprecated. Please use `'airflow.sdk.dag'`.","category":"DeprecatedImportWarning","filename":"/opt/airflow/dags/branch_pipeline.py","lineno":1,"logger":"py.warnings"}
{"timestamp":"2026-02-08T03:25:53.137212Z","level":"warning","event":"The `airflow.decorators.task` attribute is deprecated. Please use `'airflow.sdk.task'`.","category":"DeprecatedImportWarning","filename":"/opt/airflow/dags/branch_pipeline.py","lineno":1,"logger":"py.warnings"}
{"timestamp":"2026-02-08T03:25:53.137445Z","level":"warning","event":"The `airflow.operators.python.BranchPythonOperator` attribute is deprecated. Please use `'airflow.providers.standard.operators.python.BranchPythonOperator'`.","category":"DeprecatedImportWarning","filename":"/opt/airflow/dags/branch_pipeline.py","lineno":2,"logger":"py.warnings"}
{"timestamp":"2026-02-08T03:25:53.137558Z","level":"warning","event":"The `airflow.operators.bash.BashOperator` attribute is deprecated. Please use `'airflow.providers.standard.operators.bash.BashOperator'`.","category":"DeprecatedImportWarning","filename":"/opt/airflow/dags/branch_pipeline.py","lineno":3,"logger":"py.warnings"}
{"timestamp":"2026-02-08T03:26:23.609602Z","level":"info","event":"Filling up the DagBag from /opt/airflow/dags/branch_pipeline.py","logger":"airflow.models.dagbag.BundleDagBag","filename":"dagbag.py","lineno":593}
{"timestamp":"2026-02-08T03:26:23.669126Z","level":"warning","event":"The `airflow.decorators.dag` attribute is deprecated. Please use `'airflow.sdk.dag'`.","category":"DeprecatedImportWarning","filename":"/opt/airflow/dags/branch_pipeline.py","lineno":1,"logger":"py.warnings"}
{"timestamp":"2026-02-08T03:26:23.669374Z","level":"warning","event":"The `airflow.decorators.task` attribute is deprecated. Please use `'airflow.sdk.task'`.","category":"DeprecatedImportWarning","filename":"/opt/airflow/dags/branch_pipeline.py","lineno":1,"logger":"py.warnings"}
{"timestamp":"2026-02-08T03:26:23.669467Z","level":"warning","event":"The `airflow.operators.python.BranchPythonOperator` attribute is deprecated. Please use `'airflow.providers.standard.operators.python.BranchPythonOperator'`.","category":"DeprecatedImportWarning","filename":"/opt/airflow/dags/branch_pipeline.py","lineno":2,"logger":"py.warnings"}
{"timestamp":"2026-02-08T03:26:23.669524Z","level":"warning","event":"The `airflow.operators.bash.BashOperator` attribute is deprecated. Please use `'airflow.providers.standard.operators.bash.BashOperator'`.","category":"DeprecatedImportWarning","filename":"/opt/airflow/dags/branch_pipeline.py","lineno":3,"logger":"py.warnings"}
{"timestamp":"2026-02-08T03:26:54.060291Z","level":"info","event":"Filling up the DagBag from /opt/airflow/dags/branch_pipeline.py","logger":"airflow.models.dagbag.BundleDagBag","filename":"dagbag.py","lineno":593}
{"timestamp":"2026-02-08T03:26:54.124466Z","level":"warning","event":"The `airflow.decorators.dag` attribute is deprecated. Please use `'airflow.sdk.dag'`.","category":"DeprecatedImportWarning","filename":"/opt/airflow/dags/branch_pipeline.py","lineno":1,"logger":"py.warnings"}
{"timestamp":"2026-02-08T03:26:54.124698Z","level":"warning","event":"The `airflow.decorators.task` attribute is deprecated. Please use `'airflow.sdk.task'`.","category":"DeprecatedImportWarning","filename":"/opt/airflow/dags/branch_pipeline.py","lineno":1,"logger":"py.warnings"}
{"timestamp":"2026-02-08T03:26:54.124841Z","level":"warning","event":"The `airflow.operators.python.BranchPythonOperator` attribute is deprecated. Please use `'airflow.providers.standard.operators.python.BranchPythonOperator'`.","category":"DeprecatedImportWarning","filename":"/opt/airflow/dags/branch_pipeline.py","lineno":2,"logger":"py.warnings"}
{"timestamp":"2026-02-08T03:26:54.124910Z","level":"warning","event":"The `airflow.operators.bash.BashOperator` attribute is deprecated. Please use `'airflow.providers.standard.operators.bash.BashOperator'`.","category":"DeprecatedImportWarning","filename":"/opt/airflow/dags/branch_pipeline.py","lineno":3,"logger":"py.warnings"}
{"timestamp":"2026-02-08T03:27:25.086261Z","level":"info","event":"Filling up the DagBag from /opt/airflow/dags/branch_pipeline.py","logger":"airflow.models.dagbag.BundleDagBag","filename":"dagbag.py","lineno":593}
{"timestamp":"2026-02-08T03:27:25.150970Z","level":"warning","event":"The `airflow.decorators.dag` attribute is deprecated. Please use `'airflow.sdk.dag'`.","category":"DeprecatedImportWarning","filename":"/opt/airflow/dags/branch_pipeline.py","lineno":1,"logger":"py.warnings"}
{"timestamp":"2026-02-08T03:27:25.151198Z","level":"warning","event":"The `airflow.decorators.task` attribute is deprecated. Please use `'airflow.sdk.task'`.","category":"DeprecatedImportWarning","filename":"/opt/airflow/dags/branch_pipeline.py","lineno":1,"logger":"py.warnings"}
{"timestamp":"2026-02-08T03:27:25.151333Z","level":"warning","event":"The `airflow.operators.python.BranchPythonOperator` attribute is deprecated. Please use `'airflow.providers.standard.operators.python.BranchPythonOperator'`.","category":"DeprecatedImportWarning","filename":"/opt/airflow/dags/branch_pipeline.py","lineno":2,"logger":"py.warnings"}
{"timestamp":"2026-02-08T03:27:25.151640Z","level":"warning","event":"The `airflow.operators.bash.BashOperator` attribute is deprecated. Please use `'airflow.providers.standard.operators.bash.BashOperator'`.","category":"DeprecatedImportWarning","filename":"/opt/airflow/dags/branch_pipeline.py","lineno":3,"logger":"py.warnings"}
{"timestamp":"2026-02-08T03:27:55.417087Z","level":"info","event":"Filling up the DagBag from /opt/airflow/dags/branch_pipeline.py","logger":"airflow.models.dagbag.BundleDagBag","filename":"dagbag.py","lineno":593}
{"timestamp":"2026-02-08T03:27:55.503007Z","level":"warning","event":"The `airflow.decorators.dag` attribute is deprecated. Please use `'airflow.sdk.dag'`.","category":"DeprecatedImportWarning","filename":"/opt/airflow/dags/branch_pipeline.py","lineno":1,"logger":"py.warnings"}
{"timestamp":"2026-02-08T03:27:55.503374Z","level":"warning","event":"The `airflow.decorators.task` attribute is deprecated. Please use `'airflow.sdk.task'`.","category":"DeprecatedImportWarning","filename":"/opt/airflow/dags/branch_pipeline.py","lineno":1,"logger":"py.warnings"}
{"timestamp":"2026-02-08T03:27:55.503580Z","level":"warning","event":"The `airflow.operators.python.BranchPythonOperator` attribute is deprecated. Please use `'airflow.providers.standard.operators.python.BranchPythonOperator'`.","category":"DeprecatedImportWarning","filename":"/opt/airflow/dags/branch_pipeline.py","lineno":2,"logger":"py.warnings"}
{"timestamp":"2026-02-08T03:27:55.503710Z","level":"warning","event":"The `airflow.operators.bash.BashOperator` attribute is deprecated. Please use `'airflow.providers.standard.operators.bash.BashOperator'`.","category":"DeprecatedImportWarning","filename":"/opt/airflow/dags/branch_pipeline.py","lineno":3,"logger":"py.warnings"}
{"timestamp":"2026-02-08T03:28:26.171421Z","level":"info","event":"Filling up the DagBag from /opt/airflow/dags/branch_pipeline.py","logger":"airflow.models.dagbag.BundleDagBag","filename":"dagbag.py","lineno":593}
{"timestamp":"2026-02-08T03:28:26.303442Z","level":"warning","event":"The `airflow.decorators.dag` attribute is deprecated. Please use `'airflow.sdk.dag'`.","category":"DeprecatedImportWarning","filename":"/opt/airflow/dags/branch_pipeline.py","lineno":1,"logger":"py.warnings"}
{"timestamp":"2026-02-08T03:28:26.304146Z","level":"warning","event":"The `airflow.decorators.task` attribute is deprecated. Please use `'airflow.sdk.task'`.","category":"DeprecatedImportWarning","filename":"/opt/airflow/dags/branch_pipeline.py","lineno":1,"logger":"py.warnings"}
{"timestamp":"2026-02-08T03:28:26.304597Z","level":"warning","event":"The `airflow.operators.python.BranchPythonOperator` attribute is deprecated. Please use `'airflow.providers.standard.operators.python.BranchPythonOperator'`.","category":"DeprecatedImportWarning","filename":"/opt/airflow/dags/branch_pipeline.py","lineno":2,"logger":"py.warnings"}
{"timestamp":"2026-02-08T03:28:26.304723Z","level":"warning","event":"The `airflow.operators.bash.BashOperator` attribute is deprecated. Please use `'airflow.providers.standard.operators.bash.BashOperator'`.","category":"DeprecatedImportWarning","filename":"/opt/airflow/dags/branch_pipeline.py","lineno":3,"logger":"py.warnings"}
{"timestamp":"2026-02-08T03:28:57.271716Z","level":"info","event":"Filling up the DagBag from /opt/airflow/dags/branch_pipeline.py","logger":"airflow.models.dagbag.BundleDagBag","filename":"dagbag.py","lineno":593}
{"timestamp":"2026-02-08T03:28:57.329214Z","level":"warning","event":"The `airflow.decorators.dag` attribute is deprecated. Please use `'airflow.sdk.dag'`.","category":"DeprecatedImportWarning","filename":"/opt/airflow/dags/branch_pipeline.py","lineno":1,"logger":"py.warnings"}
{"timestamp":"2026-02-08T03:28:57.329575Z","level":"warning","event":"The `airflow.decorators.task` attribute is deprecated. Please use `'airflow.sdk.task'`.","category":"DeprecatedImportWarning","filename":"/opt/airflow/dags/branch_pipeline.py","lineno":1,"logger":"py.warnings"}
{"timestamp":"2026-02-08T03:28:57.329813Z","level":"warning","event":"The `airflow.operators.python.BranchPythonOperator` attribute is deprecated. Please use `'airflow.providers.standard.operators.python.BranchPythonOperator'`.","category":"DeprecatedImportWarning","filename":"/opt/airflow/dags/branch_pipeline.py","lineno":2,"logger":"py.warnings"}
{"timestamp":"2026-02-08T03:28:57.330073Z","level":"warning","event":"The `airflow.operators.bash.BashOperator` attribute is deprecated. Please use `'airflow.providers.standard.operators.bash.BashOperator'`.","category":"DeprecatedImportWarning","filename":"/opt/airflow/dags/branch_pipeline.py","lineno":3,"logger":"py.warnings"}
{"timestamp":"2026-02-08T03:29:27.762273Z","level":"info","event":"Filling up the DagBag from /opt/airflow/dags/branch_pipeline.py","logger":"airflow.models.dagbag.BundleDagBag","filename":"dagbag.py","lineno":593}
{"timestamp":"2026-02-08T03:29:27.815488Z","level":"warning","event":"The `airflow.decorators.dag` attribute is deprecated. Please use `'airflow.sdk.dag'`.","category":"DeprecatedImportWarning","filename":"/opt/airflow/dags/branch_pipeline.py","lineno":1,"logger":"py.warnings"}
{"timestamp":"2026-02-08T03:29:27.815712Z","level":"warning","event":"The `airflow.decorators.task` attribute is deprecated. Please use `'airflow.sdk.task'`.","category":"DeprecatedImportWarning","filename":"/opt/airflow/dags/branch_pipeline.py","lineno":1,"logger":"py.warnings"}
{"timestamp":"2026-02-08T03:29:27.815796Z","level":"warning","event":"The `airflow.operators.python.BranchPythonOperator` attribute is deprecated. Please use `'airflow.providers.standard.operators.python.BranchPythonOperator'`.","category":"DeprecatedImportWarning","filename":"/opt/airflow/dags/branch_pipeline.py","lineno":2,"logger":"py.warnings"}
{"timestamp":"2026-02-08T03:29:27.815851Z","level":"warning","event":"The `airflow.operators.bash.BashOperator` attribute is deprecated. Please use `'airflow.providers.standard.operators.bash.BashOperator'`.","category":"DeprecatedImportWarning","filename":"/opt/airflow/dags/branch_pipeline.py","lineno":3,"logger":"py.warnings"}
{"timestamp":"2026-02-08T03:29:58.895183Z","level":"info","event":"Filling up the DagBag from /opt/airflow/dags/branch_pipeline.py","logger":"airflow.models.dagbag.BundleDagBag","filename":"dagbag.py","lineno":593}
{"timestamp":"2026-02-08T03:29:58.950516Z","level":"warning","event":"The `airflow.decorators.dag` attribute is deprecated. Please use `'airflow.sdk.dag'`.","category":"DeprecatedImportWarning","filename":"/opt/airflow/dags/branch_pipeline.py","lineno":1,"logger":"py.warnings"}
{"timestamp":"2026-02-08T03:29:58.950860Z","level":"warning","event":"The `airflow.decorators.task` attribute is deprecated. Please use `'airflow.sdk.task'`.","category":"DeprecatedImportWarning","filename":"/opt/airflow/dags/branch_pipeline.py","lineno":1,"logger":"py.warnings"}
{"timestamp":"2026-02-08T03:29:58.950991Z","level":"warning","event":"The `airflow.operators.python.BranchPythonOperator` attribute is deprecated. Please use `'airflow.providers.standard.operators.python.BranchPythonOperator'`.","category":"DeprecatedImportWarning","filename":"/opt/airflow/dags/branch_pipeline.py","lineno":2,"logger":"py.warnings"}
{"timestamp":"2026-02-08T03:29:58.951092Z","level":"warning","event":"The `airflow.operators.bash.BashOperator` attribute is deprecated. Please use `'airflow.providers.standard.operators.bash.BashOperator'`.","category":"DeprecatedImportWarning","filename":"/opt/airflow/dags/branch_pipeline.py","lineno":3,"logger":"py.warnings"}
{"timestamp":"2026-02-08T03:30:29.589267Z","level":"info","event":"Filling up the DagBag from /opt/airflow/dags/branch_pipeline.py","logger":"airflow.models.dagbag.BundleDagBag","filename":"dagbag.py","lineno":593}
{"timestamp":"2026-02-08T03:30:29.649294Z","level":"warning","event":"The `airflow.decorators.dag` attribute is deprecated. Please use `'airflow.sdk.dag'`.","category":"DeprecatedImportWarning","filename":"/opt/airflow/dags/branch_pipeline.py","lineno":1,"logger":"py.warnings"}
{"timestamp":"2026-02-08T03:30:29.650145Z","level":"warning","event":"The `airflow.decorators.task` attribute is deprecated. Please use `'airflow.sdk.task'`.","category":"DeprecatedImportWarning","filename":"/opt/airflow/dags/branch_pipeline.py","lineno":1,"logger":"py.warnings"}
{"timestamp":"2026-02-08T03:30:29.650354Z","level":"warning","event":"The `airflow.operators.python.BranchPythonOperator` attribute is deprecated. Please use `'airflow.providers.standard.operators.python.BranchPythonOperator'`.","category":"DeprecatedImportWarning","filename":"/opt/airflow/dags/branch_pipeline.py","lineno":2,"logger":"py.warnings"}
{"timestamp":"2026-02-08T03:30:29.650476Z","level":"warning","event":"The `airflow.operators.bash.BashOperator` attribute is deprecated. Please use `'airflow.providers.standard.operators.bash.BashOperator'`.","category":"DeprecatedImportWarning","filename":"/opt/airflow/dags/branch_pipeline.py","lineno":3,"logger":"py.warnings"}
{"timestamp":"2026-02-08T03:31:00.469117Z","level":"info","event":"Filling up the DagBag from /opt/airflow/dags/branch_pipeline.py","logger":"airflow.models.dagbag.BundleDagBag","filename":"dagbag.py","lineno":593}
{"timestamp":"2026-02-08T03:31:00.592784Z","level":"warning","event":"The `airflow.decorators.dag` attribute is deprecated. Please use `'airflow.sdk.dag'`.","category":"DeprecatedImportWarning","filename":"/opt/airflow/dags/branch_pipeline.py","lineno":1,"logger":"py.warnings"}
{"timestamp":"2026-02-08T03:31:00.593134Z","level":"warning","event":"The `airflow.decorators.task` attribute is deprecated. Please use `'airflow.sdk.task'`.","category":"DeprecatedImportWarning","filename":"/opt/airflow/dags/branch_pipeline.py","lineno":1,"logger":"py.warnings"}
{"timestamp":"2026-02-08T03:31:00.593314Z","level":"warning","event":"The `airflow.operators.python.BranchPythonOperator` attribute is deprecated. Please use `'airflow.providers.standard.operators.python.BranchPythonOperator'`.","category":"DeprecatedImportWarning","filename":"/opt/airflow/dags/branch_pipeline.py","lineno":2,"logger":"py.warnings"}
{"timestamp":"2026-02-08T03:31:00.593443Z","level":"warning","event":"The `airflow.operators.bash.BashOperator` attribute is deprecated. Please use `'airflow.providers.standard.operators.bash.BashOperator'`.","category":"DeprecatedImportWarning","filename":"/opt/airflow/dags/branch_pipeline.py","lineno":3,"logger":"py.warnings"}
{"timestamp":"2026-02-08T03:31:30.972403Z","level":"info","event":"Filling up the DagBag from /opt/airflow/dags/branch_pipeline.py","logger":"airflow.models.dagbag.BundleDagBag","filename":"dagbag.py","lineno":593}
{"timestamp":"2026-02-08T03:31:31.110255Z","level":"warning","event":"The `airflow.decorators.dag` attribute is deprecated. Please use `'airflow.sdk.dag'`.","category":"DeprecatedImportWarning","filename":"/opt/airflow/dags/branch_pipeline.py","lineno":1,"logger":"py.warnings"}
{"timestamp":"2026-02-08T03:31:31.111046Z","level":"warning","event":"The `airflow.decorators.task` attribute is deprecated. Please use `'airflow.sdk.task'`.","category":"DeprecatedImportWarning","filename":"/opt/airflow/dags/branch_pipeline.py","lineno":1,"logger":"py.warnings"}
{"timestamp":"2026-02-08T03:31:31.111377Z","level":"warning","event":"The `airflow.operators.python.BranchPythonOperator` attribute is deprecated. Please use `'airflow.providers.standard.operators.python.BranchPythonOperator'`.","category":"DeprecatedImportWarning","filename":"/opt/airflow/dags/branch_pipeline.py","lineno":2,"logger":"py.warnings"}
{"timestamp":"2026-02-08T03:31:31.111561Z","level":"warning","event":"The `airflow.operators.bash.BashOperator` attribute is deprecated. Please use `'airflow.providers.standard.operators.bash.BashOperator'`.","category":"DeprecatedImportWarning","filename":"/opt/airflow/dags/branch_pipeline.py","lineno":3,"logger":"py.warnings"}
{"timestamp":"2026-02-08T03:32:01.856274Z","level":"info","event":"Filling up the DagBag from /opt/airflow/dags/branch_pipeline.py","logger":"airflow.models.dagbag.BundleDagBag","filename":"dagbag.py","lineno":593}
{"timestamp":"2026-02-08T03:32:01.964762Z","level":"warning","event":"The `airflow.decorators.dag` attribute is deprecated. Please use `'airflow.sdk.dag'`.","category":"DeprecatedImportWarning","filename":"/opt/airflow/dags/branch_pipeline.py","lineno":1,"logger":"py.warnings"}
{"timestamp":"2026-02-08T03:32:01.965193Z","level":"warning","event":"The `airflow.decorators.task` attribute is deprecated. Please use `'airflow.sdk.task'`.","category":"DeprecatedImportWarning","filename":"/opt/airflow/dags/branch_pipeline.py","lineno":1,"logger":"py.warnings"}
{"timestamp":"2026-02-08T03:32:01.965373Z","level":"warning","event":"The `airflow.operators.python.BranchPythonOperator` attribute is deprecated. Please use `'airflow.providers.standard.operators.python.BranchPythonOperator'`.","category":"DeprecatedImportWarning","filename":"/opt/airflow/dags/branch_pipeline.py","lineno":2,"logger":"py.warnings"}
{"timestamp":"2026-02-08T03:32:01.965488Z","level":"warning","event":"The `airflow.operators.bash.BashOperator` attribute is deprecated. Please use `'airflow.providers.standard.operators.bash.BashOperator'`.","category":"DeprecatedImportWarning","filename":"/opt/airflow/dags/branch_pipeline.py","lineno":3,"logger":"py.warnings"}
{"timestamp":"2026-02-08T03:32:32.344877Z","level":"info","event":"Filling up the DagBag from /opt/airflow/dags/branch_pipeline.py","logger":"airflow.models.dagbag.BundleDagBag","filename":"dagbag.py","lineno":593}
{"timestamp":"2026-02-08T03:32:32.396492Z","level":"warning","event":"The `airflow.decorators.dag` attribute is deprecated. Please use `'airflow.sdk.dag'`.","category":"DeprecatedImportWarning","filename":"/opt/airflow/dags/branch_pipeline.py","lineno":1,"logger":"py.warnings"}
{"timestamp":"2026-02-08T03:32:32.396757Z","level":"warning","event":"The `airflow.decorators.task` attribute is deprecated. Please use `'airflow.sdk.task'`.","category":"DeprecatedImportWarning","filename":"/opt/airflow/dags/branch_pipeline.py","lineno":1,"logger":"py.warnings"}
{"timestamp":"2026-02-08T03:32:32.396864Z","level":"warning","event":"The `airflow.operators.python.BranchPythonOperator` attribute is deprecated. Please use `'airflow.providers.standard.operators.python.BranchPythonOperator'`.","category":"DeprecatedImportWarning","filename":"/opt/airflow/dags/branch_pipeline.py","lineno":2,"logger":"py.warnings"}
{"timestamp":"2026-02-08T03:32:32.396928Z","level":"warning","event":"The `airflow.operators.bash.BashOperator` attribute is deprecated. Please use `'airflow.providers.standard.operators.bash.BashOperator'`.","category":"DeprecatedImportWarning","filename":"/opt/airflow/dags/branch_pipeline.py","lineno":3,"logger":"py.warnings"}
{"timestamp":"2026-02-08T03:33:02.906996Z","level":"info","event":"Filling up the DagBag from /opt/airflow/dags/branch_pipeline.py","logger":"airflow.models.dagbag.BundleDagBag","filename":"dagbag.py","lineno":593}
{"timestamp":"2026-02-08T03:33:02.972430Z","level":"warning","event":"The `airflow.decorators.dag` attribute is deprecated. Please use `'airflow.sdk.dag'`.","category":"DeprecatedImportWarning","filename":"/opt/airflow/dags/branch_pipeline.py","lineno":1,"logger":"py.warnings"}
{"timestamp":"2026-02-08T03:33:02.972768Z","level":"warning","event":"The `airflow.decorators.task` attribute is deprecated. Please use `'airflow.sdk.task'`.","category":"DeprecatedImportWarning","filename":"/opt/airflow/dags/branch_pipeline.py","lineno":1,"logger":"py.warnings"}
{"timestamp":"2026-02-08T03:33:02.972926Z","level":"warning","event":"The `airflow.operators.python.BranchPythonOperator` attribute is deprecated. Please use `'airflow.providers.standard.operators.python.BranchPythonOperator'`.","category":"DeprecatedImportWarning","filename":"/opt/airflow/dags/branch_pipeline.py","lineno":2,"logger":"py.warnings"}
{"timestamp":"2026-02-08T03:33:02.973033Z","level":"warning","event":"The `airflow.operators.bash.BashOperator` attribute is deprecated. Please use `'airflow.providers.standard.operators.bash.BashOperator'`.","category":"DeprecatedImportWarning","filename":"/opt/airflow/dags/branch_pipeline.py","lineno":3,"logger":"py.warnings"}
{"timestamp":"2026-02-08T03:33:33.397764Z","level":"info","event":"Filling up the DagBag from /opt/airflow/dags/branch_pipeline.py","logger":"airflow.models.dagbag.BundleDagBag","filename":"dagbag.py","lineno":593}
{"timestamp":"2026-02-08T03:33:33.445468Z","level":"warning","event":"The `airflow.decorators.dag` attribute is deprecated. Please use `'airflow.sdk.dag'`.","category":"DeprecatedImportWarning","filename":"/opt/airflow/dags/branch_pipeline.py","lineno":1,"logger":"py.warnings"}
{"timestamp":"2026-02-08T03:33:33.445698Z","level":"warning","event":"The `airflow.decorators.task` attribute is deprecated. Please use `'airflow.sdk.task'`.","category":"DeprecatedImportWarning","filename":"/opt/airflow/dags/branch_pipeline.py","lineno":1,"logger":"py.warnings"}
{"timestamp":"2026-02-08T03:33:33.445789Z","level":"warning","event":"The `airflow.operators.python.BranchPythonOperator` attribute is deprecated. Please use `'airflow.providers.standard.operators.python.BranchPythonOperator'`.","category":"DeprecatedImportWarning","filename":"/opt/airflow/dags/branch_pipeline.py","lineno":2,"logger":"py.warnings"}
{"timestamp":"2026-02-08T03:33:33.445849Z","level":"warning","event":"The `airflow.operators.bash.BashOperator` attribute is deprecated. Please use `'airflow.providers.standard.operators.bash.BashOperator'`.","category":"DeprecatedImportWarning","filename":"/opt/airflow/dags/branch_pipeline.py","lineno":3,"logger":"py.warnings"}
{"timestamp":"2026-02-08T03:34:04.233713Z","level":"info","event":"Filling up the DagBag from /opt/airflow/dags/branch_pipeline.py","logger":"airflow.models.dagbag.BundleDagBag","filename":"dagbag.py","lineno":593}
{"timestamp":"2026-02-08T03:34:04.287003Z","level":"warning","event":"The `airflow.decorators.dag` attribute is deprecated. Please use `'airflow.sdk.dag'`.","category":"DeprecatedImportWarning","filename":"/opt/airflow/dags/branch_pipeline.py","lineno":1,"logger":"py.warnings"}
{"timestamp":"2026-02-08T03:34:04.287297Z","level":"warning","event":"The `airflow.decorators.task` attribute is deprecated. Please use `'airflow.sdk.task'`.","category":"DeprecatedImportWarning","filename":"/opt/airflow/dags/branch_pipeline.py","lineno":1,"logger":"py.warnings"}
{"timestamp":"2026-02-08T03:34:04.287434Z","level":"warning","event":"The `airflow.operators.python.BranchPythonOperator` attribute is deprecated. Please use `'airflow.providers.standard.operators.python.BranchPythonOperator'`.","category":"DeprecatedImportWarning","filename":"/opt/airflow/dags/branch_pipeline.py","lineno":2,"logger":"py.warnings"}
{"timestamp":"2026-02-08T03:34:04.287586Z","level":"warning","event":"The `airflow.operators.bash.BashOperator` attribute is deprecated. Please use `'airflow.providers.standard.operators.bash.BashOperator'`.","category":"DeprecatedImportWarning","filename":"/opt/airflow/dags/branch_pipeline.py","lineno":3,"logger":"py.warnings"}
{"timestamp":"2026-02-08T03:34:34.623240Z","level":"info","event":"Filling up the DagBag from /opt/airflow/dags/branch_pipeline.py","logger":"airflow.models.dagbag.BundleDagBag","filename":"dagbag.py","lineno":593}
{"timestamp":"2026-02-08T03:34:34.761514Z","level":"warning","event":"The `airflow.decorators.dag` attribute is deprecated. Please use `'airflow.sdk.dag'`.","category":"DeprecatedImportWarning","filename":"/opt/airflow/dags/branch_pipeline.py","lineno":1,"logger":"py.warnings"}
{"timestamp":"2026-02-08T03:34:34.762862Z","level":"warning","event":"The `airflow.decorators.task` attribute is deprecated. Please use `'airflow.sdk.task'`.","category":"DeprecatedImportWarning","filename":"/opt/airflow/dags/branch_pipeline.py","lineno":1,"logger":"py.warnings"}
{"timestamp":"2026-02-08T03:34:34.763338Z","level":"warning","event":"The `airflow.operators.python.BranchPythonOperator` attribute is deprecated. Please use `'airflow.providers.standard.operators.python.BranchPythonOperator'`.","category":"DeprecatedImportWarning","filename":"/opt/airflow/dags/branch_pipeline.py","lineno":2,"logger":"py.warnings"}
{"timestamp":"2026-02-08T03:34:34.763890Z","level":"warning","event":"The `airflow.operators.bash.BashOperator` attribute is deprecated. Please use `'airflow.providers.standard.operators.bash.BashOperator'`.","category":"DeprecatedImportWarning","filename":"/opt/airflow/dags/branch_pipeline.py","lineno":3,"logger":"py.warnings"}
{"timestamp":"2026-02-08T03:35:05.254077Z","level":"info","event":"Filling up the DagBag from /opt/airflow/dags/branch_pipeline.py","logger":"airflow.models.dagbag.BundleDagBag","filename":"dagbag.py","lineno":593}
{"timestamp":"2026-02-08T03:35:05.360329Z","level":"warning","event":"The `airflow.decorators.dag` attribute is deprecated. Please use `'airflow.sdk.dag'`.","category":"DeprecatedImportWarning","filename":"/opt/airflow/dags/branch_pipeline.py","lineno":1,"logger":"py.warnings"}
{"timestamp":"2026-02-08T03:35:05.362955Z","level":"warning","event":"The `airflow.decorators.task` attribute is deprecated. Please use `'airflow.sdk.task'`.","category":"DeprecatedImportWarning","filename":"/opt/airflow/dags/branch_pipeline.py","lineno":1,"logger":"py.warnings"}
{"timestamp":"2026-02-08T03:35:05.363566Z","level":"warning","event":"The `airflow.operators.python.BranchPythonOperator` attribute is deprecated. Please use `'airflow.providers.standard.operators.python.BranchPythonOperator'`.","category":"DeprecatedImportWarning","filename":"/opt/airflow/dags/branch_pipeline.py","lineno":2,"logger":"py.warnings"}
{"timestamp":"2026-02-08T03:35:05.363832Z","level":"warning","event":"The `airflow.operators.bash.BashOperator` attribute is deprecated. Please use `'airflow.providers.standard.operators.bash.BashOperator'`.","category":"DeprecatedImportWarning","filename":"/opt/airflow/dags/branch_pipeline.py","lineno":3,"logger":"py.warnings"}
{"timestamp":"2026-02-08T03:35:36.181038Z","level":"info","event":"Filling up the DagBag from /opt/airflow/dags/branch_pipeline.py","logger":"airflow.models.dagbag.BundleDagBag","filename":"dagbag.py","lineno":593}
{"timestamp":"2026-02-08T03:35:36.258049Z","level":"warning","event":"The `airflow.decorators.dag` attribute is deprecated. Please use `'airflow.sdk.dag'`.","category":"DeprecatedImportWarning","filename":"/opt/airflow/dags/branch_pipeline.py","lineno":1,"logger":"py.warnings"}
{"timestamp":"2026-02-08T03:35:36.258501Z","level":"warning","event":"The `airflow.decorators.task` attribute is deprecated. Please use `'airflow.sdk.task'`.","category":"DeprecatedImportWarning","filename":"/opt/airflow/dags/branch_pipeline.py","lineno":1,"logger":"py.warnings"}
{"timestamp":"2026-02-08T03:35:36.258658Z","level":"warning","event":"The `airflow.operators.python.BranchPythonOperator` attribute is deprecated. Please use `'airflow.providers.standard.operators.python.BranchPythonOperator'`.","category":"DeprecatedImportWarning","filename":"/opt/airflow/dags/branch_pipeline.py","lineno":2,"logger":"py.warnings"}
{"timestamp":"2026-02-08T03:35:36.258762Z","level":"warning","event":"The `airflow.operators.bash.BashOperator` attribute is deprecated. Please use `'airflow.providers.standard.operators.bash.BashOperator'`.","category":"DeprecatedImportWarning","filename":"/opt/airflow/dags/branch_pipeline.py","lineno":3,"logger":"py.warnings"}
{"timestamp":"2026-02-08T03:36:07.165730Z","level":"info","event":"Filling up the DagBag from /opt/airflow/dags/branch_pipeline.py","logger":"airflow.models.dagbag.BundleDagBag","filename":"dagbag.py","lineno":593}
{"timestamp":"2026-02-08T03:36:07.217789Z","level":"warning","event":"The `airflow.decorators.dag` attribute is deprecated. Please use `'airflow.sdk.dag'`.","category":"DeprecatedImportWarning","filename":"/opt/airflow/dags/branch_pipeline.py","lineno":1,"logger":"py.warnings"}
{"timestamp":"2026-02-08T03:36:07.218112Z","level":"warning","event":"The `airflow.decorators.task` attribute is deprecated. Please use `'airflow.sdk.task'`.","category":"DeprecatedImportWarning","filename":"/opt/airflow/dags/branch_pipeline.py","lineno":1,"logger":"py.warnings"}
{"timestamp":"2026-02-08T03:36:07.218247Z","level":"warning","event":"The `airflow.operators.python.BranchPythonOperator` attribute is deprecated. Please use `'airflow.providers.standard.operators.python.BranchPythonOperator'`.","category":"DeprecatedImportWarning","filename":"/opt/airflow/dags/branch_pipeline.py","lineno":2,"logger":"py.warnings"}
{"timestamp":"2026-02-08T03:36:07.218349Z","level":"warning","event":"The `airflow.operators.bash.BashOperator` attribute is deprecated. Please use `'airflow.providers.standard.operators.bash.BashOperator'`.","category":"DeprecatedImportWarning","filename":"/opt/airflow/dags/branch_pipeline.py","lineno":3,"logger":"py.warnings"}
{"timestamp":"2026-02-08T03:36:37.913133Z","level":"info","event":"Filling up the DagBag from /opt/airflow/dags/branch_pipeline.py","logger":"airflow.models.dagbag.BundleDagBag","filename":"dagbag.py","lineno":593}
{"timestamp":"2026-02-08T03:36:37.964212Z","level":"warning","event":"The `airflow.decorators.dag` attribute is deprecated. Please use `'airflow.sdk.dag'`.","category":"DeprecatedImportWarning","filename":"/opt/airflow/dags/branch_pipeline.py","lineno":1,"logger":"py.warnings"}
{"timestamp":"2026-02-08T03:36:37.964554Z","level":"warning","event":"The `airflow.decorators.task` attribute is deprecated. Please use `'airflow.sdk.task'`.","category":"DeprecatedImportWarning","filename":"/opt/airflow/dags/branch_pipeline.py","lineno":1,"logger":"py.warnings"}
{"timestamp":"2026-02-08T03:36:37.964711Z","level":"warning","event":"The `airflow.operators.python.BranchPythonOperator` attribute is deprecated. Please use `'airflow.providers.standard.operators.python.BranchPythonOperator'`.","category":"DeprecatedImportWarning","filename":"/opt/airflow/dags/branch_pipeline.py","lineno":2,"logger":"py.warnings"}
{"timestamp":"2026-02-08T03:36:37.964818Z","level":"warning","event":"The `airflow.operators.bash.BashOperator` attribute is deprecated. Please use `'airflow.providers.standard.operators.bash.BashOperator'`.","category":"DeprecatedImportWarning","filename":"/opt/airflow/dags/branch_pipeline.py","lineno":3,"logger":"py.warnings"}
{"timestamp":"2026-02-08T03:37:08.578925Z","level":"info","event":"Filling up the DagBag from /opt/airflow/dags/branch_pipeline.py","logger":"airflow.models.dagbag.BundleDagBag","filename":"dagbag.py","lineno":593}
{"timestamp":"2026-02-08T03:37:08.647149Z","level":"warning","event":"The `airflow.decorators.dag` attribute is deprecated. Please use `'airflow.sdk.dag'`.","category":"DeprecatedImportWarning","filename":"/opt/airflow/dags/branch_pipeline.py","lineno":1,"logger":"py.warnings"}
{"timestamp":"2026-02-08T03:37:08.647594Z","level":"warning","event":"The `airflow.decorators.task` attribute is deprecated. Please use `'airflow.sdk.task'`.","category":"DeprecatedImportWarning","filename":"/opt/airflow/dags/branch_pipeline.py","lineno":1,"logger":"py.warnings"}
{"timestamp":"2026-02-08T03:37:08.647774Z","level":"warning","event":"The `airflow.operators.python.BranchPythonOperator` attribute is deprecated. Please use `'airflow.providers.standard.operators.python.BranchPythonOperator'`.","category":"DeprecatedImportWarning","filename":"/opt/airflow/dags/branch_pipeline.py","lineno":2,"logger":"py.warnings"}
{"timestamp":"2026-02-08T03:37:08.649165Z","level":"warning","event":"The `airflow.operators.bash.BashOperator` attribute is deprecated. Please use `'airflow.providers.standard.operators.bash.BashOperator'`.","category":"DeprecatedImportWarning","filename":"/opt/airflow/dags/branch_pipeline.py","lineno":3,"logger":"py.warnings"}
{"timestamp":"2026-02-08T03:37:39.516164Z","level":"info","event":"Filling up the DagBag from /opt/airflow/dags/branch_pipeline.py","logger":"airflow.models.dagbag.BundleDagBag","filename":"dagbag.py","lineno":593}
{"timestamp":"2026-02-08T03:37:39.585711Z","level":"warning","event":"The `airflow.decorators.dag` attribute is deprecated. Please use `'airflow.sdk.dag'`.","category":"DeprecatedImportWarning","filename":"/opt/airflow/dags/branch_pipeline.py","lineno":1,"logger":"py.warnings"}
{"timestamp":"2026-02-08T03:37:39.586202Z","level":"warning","event":"The `airflow.decorators.task` attribute is deprecated. Please use `'airflow.sdk.task'`.","category":"DeprecatedImportWarning","filename":"/opt/airflow/dags/branch_pipeline.py","lineno":1,"logger":"py.warnings"}
{"timestamp":"2026-02-08T03:37:39.586442Z","level":"warning","event":"The `airflow.operators.python.BranchPythonOperator` attribute is deprecated. Please use `'airflow.providers.standard.operators.python.BranchPythonOperator'`.","category":"DeprecatedImportWarning","filename":"/opt/airflow/dags/branch_pipeline.py","lineno":2,"logger":"py.warnings"}
{"timestamp":"2026-02-08T03:37:39.586560Z","level":"warning","event":"The `airflow.operators.bash.BashOperator` attribute is deprecated. Please use `'airflow.providers.standard.operators.bash.BashOperator'`.","category":"DeprecatedImportWarning","filename":"/opt/airflow/dags/branch_pipeline.py","lineno":3,"logger":"py.warnings"}
{"timestamp":"2026-02-08T03:38:10.203995Z","level":"info","event":"Filling up the DagBag from /opt/airflow/dags/branch_pipeline.py","logger":"airflow.models.dagbag.BundleDagBag","filename":"dagbag.py","lineno":593}
{"timestamp":"2026-02-08T03:38:10.273659Z","level":"warning","event":"The `airflow.decorators.dag` attribute is deprecated. Please use `'airflow.sdk.dag'`.","category":"DeprecatedImportWarning","filename":"/opt/airflow/dags/branch_pipeline.py","lineno":1,"logger":"py.warnings"}
{"timestamp":"2026-02-08T03:38:10.274299Z","level":"warning","event":"The `airflow.decorators.task` attribute is deprecated. Please use `'airflow.sdk.task'`.","category":"DeprecatedImportWarning","filename":"/opt/airflow/dags/branch_pipeline.py","lineno":1,"logger":"py.warnings"}
{"timestamp":"2026-02-08T03:38:10.274518Z","level":"warning","event":"The `airflow.operators.python.BranchPythonOperator` attribute is deprecated. Please use `'airflow.providers.standard.operators.python.BranchPythonOperator'`.","category":"DeprecatedImportWarning","filename":"/opt/airflow/dags/branch_pipeline.py","lineno":2,"logger":"py.warnings"}
{"timestamp":"2026-02-08T03:38:10.274713Z","level":"warning","event":"The `airflow.operators.bash.BashOperator` attribute is deprecated. Please use `'airflow.providers.standard.operators.bash.BashOperator'`.","category":"DeprecatedImportWarning","filename":"/opt/airflow/dags/branch_pipeline.py","lineno":3,"logger":"py.warnings"}
{"timestamp":"2026-02-08T03:48:25.591993Z","level":"info","event":"Filling up the DagBag from /opt/airflow/dags/branch_pipeline.py","logger":"airflow.models.dagbag.BundleDagBag","filename":"dagbag.py","lineno":593}
{"timestamp":"2026-02-08T03:48:25.871123Z","level":"warning","event":"The `airflow.decorators.dag` attribute is deprecated. Please use `'airflow.sdk.dag'`.","category":"DeprecatedImportWarning","filename":"/opt/airflow/dags/branch_pipeline.py","lineno":1,"logger":"py.warnings"}
{"timestamp":"2026-02-08T03:48:25.871692Z","level":"warning","event":"The `airflow.decorators.task` attribute is deprecated. Please use `'airflow.sdk.task'`.","category":"DeprecatedImportWarning","filename":"/opt/airflow/dags/branch_pipeline.py","lineno":1,"logger":"py.warnings"}
{"timestamp":"2026-02-08T03:48:25.871916Z","level":"warning","event":"The `airflow.operators.python.BranchPythonOperator` attribute is deprecated. Please use `'airflow.providers.standard.operators.python.BranchPythonOperator'`.","category":"DeprecatedImportWarning","filename":"/opt/airflow/dags/branch_pipeline.py","lineno":2,"logger":"py.warnings"}
{"timestamp":"2026-02-08T03:48:25.872091Z","level":"warning","event":"The `airflow.operators.bash.BashOperator` attribute is deprecated. Please use `'airflow.providers.standard.operators.bash.BashOperator'`.","category":"DeprecatedImportWarning","filename":"/opt/airflow/dags/branch_pipeline.py","lineno":3,"logger":"py.warnings"}
{"timestamp":"2026-02-08T03:48:56.661805Z","level":"info","event":"Filling up the DagBag from /opt/airflow/dags/branch_pipeline.py","logger":"airflow.models.dagbag.BundleDagBag","filename":"dagbag.py","lineno":593}
{"timestamp":"2026-02-08T03:48:56.715424Z","level":"warning","event":"The `airflow.decorators.dag` attribute is deprecated. Please use `'airflow.sdk.dag'`.","category":"DeprecatedImportWarning","filename":"/opt/airflow/dags/branch_pipeline.py","lineno":1,"logger":"py.warnings"}
{"timestamp":"2026-02-08T03:48:56.715681Z","level":"warning","event":"The `airflow.decorators.task` attribute is deprecated. Please use `'airflow.sdk.task'`.","category":"DeprecatedImportWarning","filename":"/opt/airflow/dags/branch_pipeline.py","lineno":1,"logger":"py.warnings"}
{"timestamp":"2026-02-08T03:48:56.715773Z","level":"warning","event":"The `airflow.operators.python.BranchPythonOperator` attribute is deprecated. Please use `'airflow.providers.standard.operators.python.BranchPythonOperator'`.","category":"DeprecatedImportWarning","filename":"/opt/airflow/dags/branch_pipeline.py","lineno":2,"logger":"py.warnings"}
{"timestamp":"2026-02-08T03:48:56.715843Z","level":"warning","event":"The `airflow.operators.bash.BashOperator` attribute is deprecated. Please use `'airflow.providers.standard.operators.bash.BashOperator'`.","category":"DeprecatedImportWarning","filename":"/opt/airflow/dags/branch_pipeline.py","lineno":3,"logger":"py.warnings"}
{"timestamp":"2026-02-08T03:49:27.173640Z","level":"info","event":"Filling up the DagBag from /opt/airflow/dags/branch_pipeline.py","logger":"airflow.models.dagbag.BundleDagBag","filename":"dagbag.py","lineno":593}
{"timestamp":"2026-02-08T03:49:27.238117Z","level":"warning","event":"The `airflow.decorators.dag` attribute is deprecated. Please use `'airflow.sdk.dag'`.","category":"DeprecatedImportWarning","filename":"/opt/airflow/dags/branch_pipeline.py","lineno":1,"logger":"py.warnings"}
{"timestamp":"2026-02-08T03:49:27.238403Z","level":"warning","event":"The `airflow.decorators.task` attribute is deprecated. Please use `'airflow.sdk.task'`.","category":"DeprecatedImportWarning","filename":"/opt/airflow/dags/branch_pipeline.py","lineno":1,"logger":"py.warnings"}
{"timestamp":"2026-02-08T03:49:27.238535Z","level":"warning","event":"The `airflow.operators.python.BranchPythonOperator` attribute is deprecated. Please use `'airflow.providers.standard.operators.python.BranchPythonOperator'`.","category":"DeprecatedImportWarning","filename":"/opt/airflow/dags/branch_pipeline.py","lineno":2,"logger":"py.warnings"}
{"timestamp":"2026-02-08T03:49:27.238627Z","level":"warning","event":"The `airflow.operators.bash.BashOperator` attribute is deprecated. Please use `'airflow.providers.standard.operators.bash.BashOperator'`.","category":"DeprecatedImportWarning","filename":"/opt/airflow/dags/branch_pipeline.py","lineno":3,"logger":"py.warnings"}
{"timestamp":"2026-02-08T03:49:57.563234Z","level":"info","event":"Filling up the DagBag from /opt/airflow/dags/branch_pipeline.py","logger":"airflow.models.dagbag.BundleDagBag","filename":"dagbag.py","lineno":593}
{"timestamp":"2026-02-08T03:49:57.637793Z","level":"warning","event":"The `airflow.decorators.dag` attribute is deprecated. Please use `'airflow.sdk.dag'`.","category":"DeprecatedImportWarning","filename":"/opt/airflow/dags/branch_pipeline.py","lineno":1,"logger":"py.warnings"}
{"timestamp":"2026-02-08T03:49:57.638281Z","level":"warning","event":"The `airflow.decorators.task` attribute is deprecated. Please use `'airflow.sdk.task'`.","category":"DeprecatedImportWarning","filename":"/opt/airflow/dags/branch_pipeline.py","lineno":1,"logger":"py.warnings"}
{"timestamp":"2026-02-08T03:49:57.638505Z","level":"warning","event":"The `airflow.operators.python.BranchPythonOperator` attribute is deprecated. Please use `'airflow.providers.standard.operators.python.BranchPythonOperator'`.","category":"DeprecatedImportWarning","filename":"/opt/airflow/dags/branch_pipeline.py","lineno":2,"logger":"py.warnings"}
{"timestamp":"2026-02-08T03:49:57.638647Z","level":"warning","event":"The `airflow.operators.bash.BashOperator` attribute is deprecated. Please use `'airflow.providers.standard.operators.bash.BashOperator'`.","category":"DeprecatedImportWarning","filename":"/opt/airflow/dags/branch_pipeline.py","lineno":3,"logger":"py.warnings"}
{"timestamp":"2026-02-08T03:50:28.518766Z","level":"info","event":"Filling up the DagBag from /opt/airflow/dags/branch_pipeline.py","logger":"airflow.models.dagbag.BundleDagBag","filename":"dagbag.py","lineno":593}
{"timestamp":"2026-02-08T03:50:28.589444Z","level":"warning","event":"The `airflow.decorators.dag` attribute is deprecated. Please use `'airflow.sdk.dag'`.","category":"DeprecatedImportWarning","filename":"/opt/airflow/dags/branch_pipeline.py","lineno":1,"logger":"py.warnings"}
{"timestamp":"2026-02-08T03:50:28.589926Z","level":"warning","event":"The `airflow.decorators.task` attribute is deprecated. Please use `'airflow.sdk.task'`.","category":"DeprecatedImportWarning","filename":"/opt/airflow/dags/branch_pipeline.py","lineno":1,"logger":"py.warnings"}
{"timestamp":"2026-02-08T03:50:28.590114Z","level":"warning","event":"The `airflow.operators.python.BranchPythonOperator` attribute is deprecated. Please use `'airflow.providers.standard.operators.python.BranchPythonOperator'`.","category":"DeprecatedImportWarning","filename":"/opt/airflow/dags/branch_pipeline.py","lineno":2,"logger":"py.warnings"}
{"timestamp":"2026-02-08T03:50:28.590243Z","level":"warning","event":"The `airflow.operators.bash.BashOperator` attribute is deprecated. Please use `'airflow.providers.standard.operators.bash.BashOperator'`.","category":"DeprecatedImportWarning","filename":"/opt/airflow/dags/branch_pipeline.py","lineno":3,"logger":"py.warnings"}
{"timestamp":"2026-02-08T03:50:58.986257Z","level":"info","event":"Filling up the DagBag from /opt/airflow/dags/branch_pipeline.py","logger":"airflow.models.dagbag.BundleDagBag","filename":"dagbag.py","lineno":593}
{"timestamp":"2026-02-08T03:50:59.061163Z","level":"warning","event":"The `airflow.decorators.dag` attribute is deprecated. Please use `'airflow.sdk.dag'`.","category":"DeprecatedImportWarning","filename":"/opt/airflow/dags/branch_pipeline.py","lineno":1,"logger":"py.warnings"}
{"timestamp":"2026-02-08T03:50:59.061422Z","level":"warning","event":"The `airflow.decorators.task` attribute is deprecated. Please use `'airflow.sdk.task'`.","category":"DeprecatedImportWarning","filename":"/opt/airflow/dags/branch_pipeline.py","lineno":1,"logger":"py.warnings"}
{"timestamp":"2026-02-08T03:50:59.061542Z","level":"warning","event":"The `airflow.operators.python.BranchPythonOperator` attribute is deprecated. Please use `'airflow.providers.standard.operators.python.BranchPythonOperator'`.","category":"DeprecatedImportWarning","filename":"/opt/airflow/dags/branch_pipeline.py","lineno":2,"logger":"py.warnings"}
{"timestamp":"2026-02-08T03:50:59.061609Z","level":"warning","event":"The `airflow.operators.bash.BashOperator` attribute is deprecated. Please use `'airflow.providers.standard.operators.bash.BashOperator'`.","category":"DeprecatedImportWarning","filename":"/opt/airflow/dags/branch_pipeline.py","lineno":3,"logger":"py.warnings"}
{"timestamp":"2026-02-08T03:51:29.279087Z","level":"info","event":"Filling up the DagBag from /opt/airflow/dags/branch_pipeline.py","logger":"airflow.models.dagbag.BundleDagBag","filename":"dagbag.py","lineno":593}
{"timestamp":"2026-02-08T03:51:29.326528Z","level":"warning","event":"The `airflow.decorators.dag` attribute is deprecated. Please use `'airflow.sdk.dag'`.","category":"DeprecatedImportWarning","filename":"/opt/airflow/dags/branch_pipeline.py","lineno":1,"logger":"py.warnings"}
{"timestamp":"2026-02-08T03:51:29.326737Z","level":"warning","event":"The `airflow.decorators.task` attribute is deprecated. Please use `'airflow.sdk.task'`.","category":"DeprecatedImportWarning","filename":"/opt/airflow/dags/branch_pipeline.py","lineno":1,"logger":"py.warnings"}
{"timestamp":"2026-02-08T03:51:29.326819Z","level":"warning","event":"The `airflow.operators.python.BranchPythonOperator` attribute is deprecated. Please use `'airflow.providers.standard.operators.python.BranchPythonOperator'`.","category":"DeprecatedImportWarning","filename":"/opt/airflow/dags/branch_pipeline.py","lineno":2,"logger":"py.warnings"}
{"timestamp":"2026-02-08T03:51:29.326875Z","level":"warning","event":"The `airflow.operators.bash.BashOperator` attribute is deprecated. Please use `'airflow.providers.standard.operators.bash.BashOperator'`.","category":"DeprecatedImportWarning","filename":"/opt/airflow/dags/branch_pipeline.py","lineno":3,"logger":"py.warnings"}
{"timestamp":"2026-02-08T03:52:00.539663Z","level":"info","event":"Filling up the DagBag from /opt/airflow/dags/branch_pipeline.py","logger":"airflow.models.dagbag.BundleDagBag","filename":"dagbag.py","lineno":593}
{"timestamp":"2026-02-08T03:52:00.863152Z","level":"warning","event":"The `airflow.decorators.dag` attribute is deprecated. Please use `'airflow.sdk.dag'`.","category":"DeprecatedImportWarning","filename":"/opt/airflow/dags/branch_pipeline.py","lineno":1,"logger":"py.warnings"}
{"timestamp":"2026-02-08T03:52:00.863817Z","level":"warning","event":"The `airflow.decorators.task` attribute is deprecated. Please use `'airflow.sdk.task'`.","category":"DeprecatedImportWarning","filename":"/opt/airflow/dags/branch_pipeline.py","lineno":1,"logger":"py.warnings"}
{"timestamp":"2026-02-08T03:52:00.864045Z","level":"warning","event":"The `airflow.operators.python.BranchPythonOperator` attribute is deprecated. Please use `'airflow.providers.standard.operators.python.BranchPythonOperator'`.","category":"DeprecatedImportWarning","filename":"/opt/airflow/dags/branch_pipeline.py","lineno":2,"logger":"py.warnings"}
{"timestamp":"2026-02-08T03:52:00.864396Z","level":"warning","event":"The `airflow.operators.bash.BashOperator` attribute is deprecated. Please use `'airflow.providers.standard.operators.bash.BashOperator'`.","category":"DeprecatedImportWarning","filename":"/opt/airflow/dags/branch_pipeline.py","lineno":3,"logger":"py.warnings"}
{"timestamp":"2026-02-08T03:52:31.694618Z","level":"info","event":"Filling up the DagBag from /opt/airflow/dags/branch_pipeline.py","logger":"airflow.models.dagbag.BundleDagBag","filename":"dagbag.py","lineno":593}
{"timestamp":"2026-02-08T03:52:31.753655Z","level":"warning","event":"The `airflow.decorators.dag` attribute is deprecated. Please use `'airflow.sdk.dag'`.","category":"DeprecatedImportWarning","filename":"/opt/airflow/dags/branch_pipeline.py","lineno":1,"logger":"py.warnings"}
{"timestamp":"2026-02-08T03:52:31.754014Z","level":"warning","event":"The `airflow.decorators.task` attribute is deprecated. Please use `'airflow.sdk.task'`.","category":"DeprecatedImportWarning","filename":"/opt/airflow/dags/branch_pipeline.py","lineno":1,"logger":"py.warnings"}
{"timestamp":"2026-02-08T03:52:31.754107Z","level":"warning","event":"The `airflow.operators.python.BranchPythonOperator` attribute is deprecated. Please use `'airflow.providers.standard.operators.python.BranchPythonOperator'`.","category":"DeprecatedImportWarning","filename":"/opt/airflow/dags/branch_pipeline.py","lineno":2,"logger":"py.warnings"}
{"timestamp":"2026-02-08T03:52:31.754242Z","level":"warning","event":"The `airflow.operators.bash.BashOperator` attribute is deprecated. Please use `'airflow.providers.standard.operators.bash.BashOperator'`.","category":"DeprecatedImportWarning","filename":"/opt/airflow/dags/branch_pipeline.py","lineno":3,"logger":"py.warnings"}
{"timestamp":"2026-02-08T03:53:02.419338Z","level":"info","event":"Filling up the DagBag from /opt/airflow/dags/branch_pipeline.py","logger":"airflow.models.dagbag.BundleDagBag","filename":"dagbag.py","lineno":593}
{"timestamp":"2026-02-08T03:53:02.457894Z","level":"warning","event":"The `airflow.decorators.dag` attribute is deprecated. Please use `'airflow.sdk.dag'`.","category":"DeprecatedImportWarning","filename":"/opt/airflow/dags/branch_pipeline.py","lineno":1,"logger":"py.warnings"}
{"timestamp":"2026-02-08T03:53:02.458018Z","level":"warning","event":"The `airflow.decorators.task` attribute is deprecated. Please use `'airflow.sdk.task'`.","category":"DeprecatedImportWarning","filename":"/opt/airflow/dags/branch_pipeline.py","lineno":1,"logger":"py.warnings"}
{"timestamp":"2026-02-08T03:53:02.458073Z","level":"warning","event":"The `airflow.operators.python.BranchPythonOperator` attribute is deprecated. Please use `'airflow.providers.standard.operators.python.BranchPythonOperator'`.","category":"DeprecatedImportWarning","filename":"/opt/airflow/dags/branch_pipeline.py","lineno":2,"logger":"py.warnings"}
{"timestamp":"2026-02-08T03:53:02.458120Z","level":"warning","event":"The `airflow.operators.bash.BashOperator` attribute is deprecated. Please use `'airflow.providers.standard.operators.bash.BashOperator'`.","category":"DeprecatedImportWarning","filename":"/opt/airflow/dags/branch_pipeline.py","lineno":3,"logger":"py.warnings"}
{"timestamp":"2026-02-08T03:53:32.763865Z","level":"info","event":"Filling up the DagBag from /opt/airflow/dags/branch_pipeline.py","logger":"airflow.models.dagbag.BundleDagBag","filename":"dagbag.py","lineno":593}
{"timestamp":"2026-02-08T03:53:32.816109Z","level":"warning","event":"The `airflow.decorators.dag` attribute is deprecated. Please use `'airflow.sdk.dag'`.","category":"DeprecatedImportWarning","filename":"/opt/airflow/dags/branch_pipeline.py","lineno":1,"logger":"py.warnings"}
{"timestamp":"2026-02-08T03:53:32.816480Z","level":"warning","event":"The `airflow.decorators.task` attribute is deprecated. Please use `'airflow.sdk.task'`.","category":"DeprecatedImportWarning","filename":"/opt/airflow/dags/branch_pipeline.py","lineno":1,"logger":"py.warnings"}
{"timestamp":"2026-02-08T03:53:32.816580Z","level":"warning","event":"The `airflow.operators.python.BranchPythonOperator` attribute is deprecated. Please use `'airflow.providers.standard.operators.python.BranchPythonOperator'`.","category":"DeprecatedImportWarning","filename":"/opt/airflow/dags/branch_pipeline.py","lineno":2,"logger":"py.warnings"}
{"timestamp":"2026-02-08T03:53:32.816662Z","level":"warning","event":"The `airflow.operators.bash.BashOperator` attribute is deprecated. Please use `'airflow.providers.standard.operators.bash.BashOperator'`.","category":"DeprecatedImportWarning","filename":"/opt/airflow/dags/branch_pipeline.py","lineno":3,"logger":"py.warnings"}
{"timestamp":"2026-02-08T03:54:03.424442Z","level":"info","event":"Filling up the DagBag from /opt/airflow/dags/branch_pipeline.py","logger":"airflow.models.dagbag.BundleDagBag","filename":"dagbag.py","lineno":593}
{"timestamp":"2026-02-08T03:54:03.473246Z","level":"warning","event":"The `airflow.decorators.dag` attribute is deprecated. Please use `'airflow.sdk.dag'`.","category":"DeprecatedImportWarning","filename":"/opt/airflow/dags/branch_pipeline.py","lineno":1,"logger":"py.warnings"}
{"timestamp":"2026-02-08T03:54:03.473748Z","level":"warning","event":"The `airflow.decorators.task` attribute is deprecated. Please use `'airflow.sdk.task'`.","category":"DeprecatedImportWarning","filename":"/opt/airflow/dags/branch_pipeline.py","lineno":1,"logger":"py.warnings"}
{"timestamp":"2026-02-08T03:54:03.473894Z","level":"warning","event":"The `airflow.operators.python.BranchPythonOperator` attribute is deprecated. Please use `'airflow.providers.standard.operators.python.BranchPythonOperator'`.","category":"DeprecatedImportWarning","filename":"/opt/airflow/dags/branch_pipeline.py","lineno":2,"logger":"py.warnings"}
{"timestamp":"2026-02-08T03:54:03.474019Z","level":"warning","event":"The `airflow.operators.bash.BashOperator` attribute is deprecated. Please use `'airflow.providers.standard.operators.bash.BashOperator'`.","category":"DeprecatedImportWarning","filename":"/opt/airflow/dags/branch_pipeline.py","lineno":3,"logger":"py.warnings"}
{"timestamp":"2026-02-08T03:54:34.113794Z","level":"info","event":"Filling up the DagBag from /opt/airflow/dags/branch_pipeline.py","logger":"airflow.models.dagbag.BundleDagBag","filename":"dagbag.py","lineno":593}
{"timestamp":"2026-02-08T03:54:34.172167Z","level":"warning","event":"The `airflow.decorators.dag` attribute is deprecated. Please use `'airflow.sdk.dag'`.","category":"DeprecatedImportWarning","filename":"/opt/airflow/dags/branch_pipeline.py","lineno":1,"logger":"py.warnings"}
{"timestamp":"2026-02-08T03:54:34.172342Z","level":"warning","event":"The `airflow.decorators.task` attribute is deprecated. Please use `'airflow.sdk.task'`.","category":"DeprecatedImportWarning","filename":"/opt/airflow/dags/branch_pipeline.py","lineno":1,"logger":"py.warnings"}
{"timestamp":"2026-02-08T03:54:34.172412Z","level":"warning","event":"The `airflow.operators.python.BranchPythonOperator` attribute is deprecated. Please use `'airflow.providers.standard.operators.python.BranchPythonOperator'`.","category":"DeprecatedImportWarning","filename":"/opt/airflow/dags/branch_pipeline.py","lineno":2,"logger":"py.warnings"}
{"timestamp":"2026-02-08T03:54:34.172460Z","level":"warning","event":"The `airflow.operators.bash.BashOperator` attribute is deprecated. Please use `'airflow.providers.standard.operators.bash.BashOperator'`.","category":"DeprecatedImportWarning","filename":"/opt/airflow/dags/branch_pipeline.py","lineno":3,"logger":"py.warnings"}
{"timestamp":"2026-02-08T03:55:04.610754Z","level":"info","event":"Filling up the DagBag from /opt/airflow/dags/branch_pipeline.py","logger":"airflow.models.dagbag.BundleDagBag","filename":"dagbag.py","lineno":593}
{"timestamp":"2026-02-08T03:55:04.674573Z","level":"warning","event":"The `airflow.decorators.dag` attribute is deprecated. Please use `'airflow.sdk.dag'`.","category":"DeprecatedImportWarning","filename":"/opt/airflow/dags/branch_pipeline.py","lineno":1,"logger":"py.warnings"}
{"timestamp":"2026-02-08T03:55:04.674832Z","level":"warning","event":"The `airflow.decorators.task` attribute is deprecated. Please use `'airflow.sdk.task'`.","category":"DeprecatedImportWarning","filename":"/opt/airflow/dags/branch_pipeline.py","lineno":1,"logger":"py.warnings"}
{"timestamp":"2026-02-08T03:55:04.674963Z","level":"warning","event":"The `airflow.operators.python.BranchPythonOperator` attribute is deprecated. Please use `'airflow.providers.standard.operators.python.BranchPythonOperator'`.","category":"DeprecatedImportWarning","filename":"/opt/airflow/dags/branch_pipeline.py","lineno":2,"logger":"py.warnings"}
{"timestamp":"2026-02-08T03:55:04.675016Z","level":"warning","event":"The `airflow.operators.bash.BashOperator` attribute is deprecated. Please use `'airflow.providers.standard.operators.bash.BashOperator'`.","category":"DeprecatedImportWarning","filename":"/opt/airflow/dags/branch_pipeline.py","lineno":3,"logger":"py.warnings"}
{"timestamp":"2026-02-08T03:55:35.321780Z","level":"info","event":"Filling up the DagBag from /opt/airflow/dags/branch_pipeline.py","logger":"airflow.models.dagbag.BundleDagBag","filename":"dagbag.py","lineno":593}
{"timestamp":"2026-02-08T03:55:35.392219Z","level":"warning","event":"The `airflow.decorators.dag` attribute is deprecated. Please use `'airflow.sdk.dag'`.","category":"DeprecatedImportWarning","filename":"/opt/airflow/dags/branch_pipeline.py","lineno":1,"logger":"py.warnings"}
{"timestamp":"2026-02-08T03:55:35.392440Z","level":"warning","event":"The `airflow.decorators.task` attribute is deprecated. Please use `'airflow.sdk.task'`.","category":"DeprecatedImportWarning","filename":"/opt/airflow/dags/branch_pipeline.py","lineno":1,"logger":"py.warnings"}
{"timestamp":"2026-02-08T03:55:35.392521Z","level":"warning","event":"The `airflow.operators.python.BranchPythonOperator` attribute is deprecated. Please use `'airflow.providers.standard.operators.python.BranchPythonOperator'`.","category":"DeprecatedImportWarning","filename":"/opt/airflow/dags/branch_pipeline.py","lineno":2,"logger":"py.warnings"}
{"timestamp":"2026-02-08T03:55:35.392577Z","level":"warning","event":"The `airflow.operators.bash.BashOperator` attribute is deprecated. Please use `'airflow.providers.standard.operators.bash.BashOperator'`.","category":"DeprecatedImportWarning","filename":"/opt/airflow/dags/branch_pipeline.py","lineno":3,"logger":"py.warnings"}
{"timestamp":"2026-02-08T03:56:06.084917Z","level":"info","event":"Filling up the DagBag from /opt/airflow/dags/branch_pipeline.py","logger":"airflow.models.dagbag.BundleDagBag","filename":"dagbag.py","lineno":593}
{"timestamp":"2026-02-08T03:56:06.146944Z","level":"warning","event":"The `airflow.decorators.dag` attribute is deprecated. Please use `'airflow.sdk.dag'`.","category":"DeprecatedImportWarning","filename":"/opt/airflow/dags/branch_pipeline.py","lineno":1,"logger":"py.warnings"}
{"timestamp":"2026-02-08T03:56:06.147198Z","level":"warning","event":"The `airflow.decorators.task` attribute is deprecated. Please use `'airflow.sdk.task'`.","category":"DeprecatedImportWarning","filename":"/opt/airflow/dags/branch_pipeline.py","lineno":1,"logger":"py.warnings"}
{"timestamp":"2026-02-08T03:56:06.147316Z","level":"warning","event":"The `airflow.operators.python.BranchPythonOperator` attribute is deprecated. Please use `'airflow.providers.standard.operators.python.BranchPythonOperator'`.","category":"DeprecatedImportWarning","filename":"/opt/airflow/dags/branch_pipeline.py","lineno":2,"logger":"py.warnings"}
{"timestamp":"2026-02-08T03:56:06.147408Z","level":"warning","event":"The `airflow.operators.bash.BashOperator` attribute is deprecated. Please use `'airflow.providers.standard.operators.bash.BashOperator'`.","category":"DeprecatedImportWarning","filename":"/opt/airflow/dags/branch_pipeline.py","lineno":3,"logger":"py.warnings"}
{"timestamp":"2026-02-08T03:56:36.839463Z","level":"info","event":"Filling up the DagBag from /opt/airflow/dags/branch_pipeline.py","logger":"airflow.models.dagbag.BundleDagBag","filename":"dagbag.py","lineno":593}
{"timestamp":"2026-02-08T03:56:36.914425Z","level":"warning","event":"The `airflow.decorators.dag` attribute is deprecated. Please use `'airflow.sdk.dag'`.","category":"DeprecatedImportWarning","filename":"/opt/airflow/dags/branch_pipeline.py","lineno":1,"logger":"py.warnings"}
{"timestamp":"2026-02-08T03:56:36.914607Z","level":"warning","event":"The `airflow.decorators.task` attribute is deprecated. Please use `'airflow.sdk.task'`.","category":"DeprecatedImportWarning","filename":"/opt/airflow/dags/branch_pipeline.py","lineno":1,"logger":"py.warnings"}
{"timestamp":"2026-02-08T03:56:36.914680Z","level":"warning","event":"The `airflow.operators.python.BranchPythonOperator` attribute is deprecated. Please use `'airflow.providers.standard.operators.python.BranchPythonOperator'`.","category":"DeprecatedImportWarning","filename":"/opt/airflow/dags/branch_pipeline.py","lineno":2,"logger":"py.warnings"}
{"timestamp":"2026-02-08T03:56:36.914727Z","level":"warning","event":"The `airflow.operators.bash.BashOperator` attribute is deprecated. Please use `'airflow.providers.standard.operators.bash.BashOperator'`.","category":"DeprecatedImportWarning","filename":"/opt/airflow/dags/branch_pipeline.py","lineno":3,"logger":"py.warnings"}
{"timestamp":"2026-02-08T03:57:07.391619Z","level":"info","event":"Filling up the DagBag from /opt/airflow/dags/branch_pipeline.py","logger":"airflow.models.dagbag.BundleDagBag","filename":"dagbag.py","lineno":593}
{"timestamp":"2026-02-08T03:57:07.445219Z","level":"warning","event":"The `airflow.decorators.dag` attribute is deprecated. Please use `'airflow.sdk.dag'`.","category":"DeprecatedImportWarning","filename":"/opt/airflow/dags/branch_pipeline.py","lineno":1,"logger":"py.warnings"}
{"timestamp":"2026-02-08T03:57:07.445385Z","level":"warning","event":"The `airflow.decorators.task` attribute is deprecated. Please use `'airflow.sdk.task'`.","category":"DeprecatedImportWarning","filename":"/opt/airflow/dags/branch_pipeline.py","lineno":1,"logger":"py.warnings"}
{"timestamp":"2026-02-08T03:57:07.445446Z","level":"warning","event":"The `airflow.operators.python.BranchPythonOperator` attribute is deprecated. Please use `'airflow.providers.standard.operators.python.BranchPythonOperator'`.","category":"DeprecatedImportWarning","filename":"/opt/airflow/dags/branch_pipeline.py","lineno":2,"logger":"py.warnings"}
{"timestamp":"2026-02-08T03:57:07.445495Z","level":"warning","event":"The `airflow.operators.bash.BashOperator` attribute is deprecated. Please use `'airflow.providers.standard.operators.bash.BashOperator'`.","category":"DeprecatedImportWarning","filename":"/opt/airflow/dags/branch_pipeline.py","lineno":3,"logger":"py.warnings"}
{"timestamp":"2026-02-08T03:57:38.072368Z","level":"info","event":"Filling up the DagBag from /opt/airflow/dags/branch_pipeline.py","logger":"airflow.models.dagbag.BundleDagBag","filename":"dagbag.py","lineno":593}
{"timestamp":"2026-02-08T03:57:38.129472Z","level":"warning","event":"The `airflow.decorators.dag` attribute is deprecated. Please use `'airflow.sdk.dag'`.","category":"DeprecatedImportWarning","filename":"/opt/airflow/dags/branch_pipeline.py","lineno":1,"logger":"py.warnings"}
{"timestamp":"2026-02-08T03:57:38.129830Z","level":"warning","event":"The `airflow.decorators.task` attribute is deprecated. Please use `'airflow.sdk.task'`.","category":"DeprecatedImportWarning","filename":"/opt/airflow/dags/branch_pipeline.py","lineno":1,"logger":"py.warnings"}
{"timestamp":"2026-02-08T03:57:38.129982Z","level":"warning","event":"The `airflow.operators.python.BranchPythonOperator` attribute is deprecated. Please use `'airflow.providers.standard.operators.python.BranchPythonOperator'`.","category":"DeprecatedImportWarning","filename":"/opt/airflow/dags/branch_pipeline.py","lineno":2,"logger":"py.warnings"}
{"timestamp":"2026-02-08T03:57:38.130096Z","level":"warning","event":"The `airflow.operators.bash.BashOperator` attribute is deprecated. Please use `'airflow.providers.standard.operators.bash.BashOperator'`.","category":"DeprecatedImportWarning","filename":"/opt/airflow/dags/branch_pipeline.py","lineno":3,"logger":"py.warnings"}
{"timestamp":"2026-02-08T03:58:08.635314Z","level":"info","event":"Filling up the DagBag from /opt/airflow/dags/branch_pipeline.py","logger":"airflow.models.dagbag.BundleDagBag","filename":"dagbag.py","lineno":593}
{"timestamp":"2026-02-08T03:58:08.680094Z","level":"warning","event":"The `airflow.decorators.dag` attribute is deprecated. Please use `'airflow.sdk.dag'`.","category":"DeprecatedImportWarning","filename":"/opt/airflow/dags/branch_pipeline.py","lineno":1,"logger":"py.warnings"}
{"timestamp":"2026-02-08T03:58:08.680297Z","level":"warning","event":"The `airflow.decorators.task` attribute is deprecated. Please use `'airflow.sdk.task'`.","category":"DeprecatedImportWarning","filename":"/opt/airflow/dags/branch_pipeline.py","lineno":1,"logger":"py.warnings"}
{"timestamp":"2026-02-08T03:58:08.680367Z","level":"warning","event":"The `airflow.operators.python.BranchPythonOperator` attribute is deprecated. Please use `'airflow.providers.standard.operators.python.BranchPythonOperator'`.","category":"DeprecatedImportWarning","filename":"/opt/airflow/dags/branch_pipeline.py","lineno":2,"logger":"py.warnings"}
{"timestamp":"2026-02-08T03:58:08.680413Z","level":"warning","event":"The `airflow.operators.bash.BashOperator` attribute is deprecated. Please use `'airflow.providers.standard.operators.bash.BashOperator'`.","category":"DeprecatedImportWarning","filename":"/opt/airflow/dags/branch_pipeline.py","lineno":3,"logger":"py.warnings"}
{"timestamp":"2026-02-08T03:58:39.124703Z","level":"info","event":"Filling up the DagBag from /opt/airflow/dags/branch_pipeline.py","logger":"airflow.models.dagbag.BundleDagBag","filename":"dagbag.py","lineno":593}
{"timestamp":"2026-02-08T03:58:39.188478Z","level":"warning","event":"The `airflow.decorators.dag` attribute is deprecated. Please use `'airflow.sdk.dag'`.","category":"DeprecatedImportWarning","filename":"/opt/airflow/dags/branch_pipeline.py","lineno":1,"logger":"py.warnings"}
{"timestamp":"2026-02-08T03:58:39.188645Z","level":"warning","event":"The `airflow.decorators.task` attribute is deprecated. Please use `'airflow.sdk.task'`.","category":"DeprecatedImportWarning","filename":"/opt/airflow/dags/branch_pipeline.py","lineno":1,"logger":"py.warnings"}
{"timestamp":"2026-02-08T03:58:39.188708Z","level":"warning","event":"The `airflow.operators.python.BranchPythonOperator` attribute is deprecated. Please use `'airflow.providers.standard.operators.python.BranchPythonOperator'`.","category":"DeprecatedImportWarning","filename":"/opt/airflow/dags/branch_pipeline.py","lineno":2,"logger":"py.warnings"}
{"timestamp":"2026-02-08T03:58:39.188756Z","level":"warning","event":"The `airflow.operators.bash.BashOperator` attribute is deprecated. Please use `'airflow.providers.standard.operators.bash.BashOperator'`.","category":"DeprecatedImportWarning","filename":"/opt/airflow/dags/branch_pipeline.py","lineno":3,"logger":"py.warnings"}
{"timestamp":"2026-02-08T03:59:09.867767Z","level":"info","event":"Filling up the DagBag from /opt/airflow/dags/branch_pipeline.py","logger":"airflow.models.dagbag.BundleDagBag","filename":"dagbag.py","lineno":593}
{"timestamp":"2026-02-08T03:59:09.937040Z","level":"warning","event":"The `airflow.decorators.dag` attribute is deprecated. Please use `'airflow.sdk.dag'`.","category":"DeprecatedImportWarning","filename":"/opt/airflow/dags/branch_pipeline.py","lineno":1,"logger":"py.warnings"}
{"timestamp":"2026-02-08T03:59:09.937329Z","level":"warning","event":"The `airflow.decorators.task` attribute is deprecated. Please use `'airflow.sdk.task'`.","category":"DeprecatedImportWarning","filename":"/opt/airflow/dags/branch_pipeline.py","lineno":1,"logger":"py.warnings"}
{"timestamp":"2026-02-08T03:59:09.937453Z","level":"warning","event":"The `airflow.operators.python.BranchPythonOperator` attribute is deprecated. Please use `'airflow.providers.standard.operators.python.BranchPythonOperator'`.","category":"DeprecatedImportWarning","filename":"/opt/airflow/dags/branch_pipeline.py","lineno":2,"logger":"py.warnings"}
{"timestamp":"2026-02-08T03:59:09.937530Z","level":"warning","event":"The `airflow.operators.bash.BashOperator` attribute is deprecated. Please use `'airflow.providers.standard.operators.bash.BashOperator'`.","category":"DeprecatedImportWarning","filename":"/opt/airflow/dags/branch_pipeline.py","lineno":3,"logger":"py.warnings"}
{"timestamp":"2026-02-08T03:59:40.647442Z","level":"info","event":"Filling up the DagBag from /opt/airflow/dags/branch_pipeline.py","logger":"airflow.models.dagbag.BundleDagBag","filename":"dagbag.py","lineno":593}
{"timestamp":"2026-02-08T03:59:40.693422Z","level":"warning","event":"The `airflow.decorators.dag` attribute is deprecated. Please use `'airflow.sdk.dag'`.","category":"DeprecatedImportWarning","filename":"/opt/airflow/dags/branch_pipeline.py","lineno":1,"logger":"py.warnings"}
{"timestamp":"2026-02-08T03:59:40.693610Z","level":"warning","event":"The `airflow.decorators.task` attribute is deprecated. Please use `'airflow.sdk.task'`.","category":"DeprecatedImportWarning","filename":"/opt/airflow/dags/branch_pipeline.py","lineno":1,"logger":"py.warnings"}
{"timestamp":"2026-02-08T03:59:40.693678Z","level":"warning","event":"The `airflow.operators.python.BranchPythonOperator` attribute is deprecated. Please use `'airflow.providers.standard.operators.python.BranchPythonOperator'`.","category":"DeprecatedImportWarning","filename":"/opt/airflow/dags/branch_pipeline.py","lineno":2,"logger":"py.warnings"}
{"timestamp":"2026-02-08T03:59:40.693727Z","level":"warning","event":"The `airflow.operators.bash.BashOperator` attribute is deprecated. Please use `'airflow.providers.standard.operators.bash.BashOperator'`.","category":"DeprecatedImportWarning","filename":"/opt/airflow/dags/branch_pipeline.py","lineno":3,"logger":"py.warnings"}
{"timestamp":"2026-02-08T04:00:11.168167Z","level":"info","event":"Filling up the DagBag from /opt/airflow/dags/branch_pipeline.py","logger":"airflow.models.dagbag.BundleDagBag","filename":"dagbag.py","lineno":593}
{"timestamp":"2026-02-08T04:00:11.254954Z","level":"warning","event":"The `airflow.decorators.dag` attribute is deprecated. Please use `'airflow.sdk.dag'`.","category":"DeprecatedImportWarning","filename":"/opt/airflow/dags/branch_pipeline.py","lineno":1,"logger":"py.warnings"}
{"timestamp":"2026-02-08T04:00:11.255798Z","level":"warning","event":"The `airflow.decorators.task` attribute is deprecated. Please use `'airflow.sdk.task'`.","category":"DeprecatedImportWarning","filename":"/opt/airflow/dags/branch_pipeline.py","lineno":1,"logger":"py.warnings"}
{"timestamp":"2026-02-08T04:00:11.256409Z","level":"warning","event":"The `airflow.operators.python.BranchPythonOperator` attribute is deprecated. Please use `'airflow.providers.standard.operators.python.BranchPythonOperator'`.","category":"DeprecatedImportWarning","filename":"/opt/airflow/dags/branch_pipeline.py","lineno":2,"logger":"py.warnings"}
{"timestamp":"2026-02-08T04:00:11.256685Z","level":"warning","event":"The `airflow.operators.bash.BashOperator` attribute is deprecated. Please use `'airflow.providers.standard.operators.bash.BashOperator'`.","category":"DeprecatedImportWarning","filename":"/opt/airflow/dags/branch_pipeline.py","lineno":3,"logger":"py.warnings"}
{"timestamp":"2026-02-08T04:00:41.842013Z","level":"info","event":"Filling up the DagBag from /opt/airflow/dags/branch_pipeline.py","logger":"airflow.models.dagbag.BundleDagBag","filename":"dagbag.py","lineno":593}
{"timestamp":"2026-02-08T04:00:41.897771Z","level":"warning","event":"The `airflow.decorators.dag` attribute is deprecated. Please use `'airflow.sdk.dag'`.","category":"DeprecatedImportWarning","filename":"/opt/airflow/dags/branch_pipeline.py","lineno":1,"logger":"py.warnings"}
{"timestamp":"2026-02-08T04:00:41.898785Z","level":"warning","event":"The `airflow.decorators.task` attribute is deprecated. Please use `'airflow.sdk.task'`.","category":"DeprecatedImportWarning","filename":"/opt/airflow/dags/branch_pipeline.py","lineno":1,"logger":"py.warnings"}
{"timestamp":"2026-02-08T04:00:41.899229Z","level":"warning","event":"The `airflow.operators.python.BranchPythonOperator` attribute is deprecated. Please use `'airflow.providers.standard.operators.python.BranchPythonOperator'`.","category":"DeprecatedImportWarning","filename":"/opt/airflow/dags/branch_pipeline.py","lineno":2,"logger":"py.warnings"}
{"timestamp":"2026-02-08T04:00:41.899547Z","level":"warning","event":"The `airflow.operators.bash.BashOperator` attribute is deprecated. Please use `'airflow.providers.standard.operators.bash.BashOperator'`.","category":"DeprecatedImportWarning","filename":"/opt/airflow/dags/branch_pipeline.py","lineno":3,"logger":"py.warnings"}
{"timestamp":"2026-02-08T04:01:12.338977Z","level":"info","event":"Filling up the DagBag from /opt/airflow/dags/branch_pipeline.py","logger":"airflow.models.dagbag.BundleDagBag","filename":"dagbag.py","lineno":593}
{"timestamp":"2026-02-08T04:01:12.393259Z","level":"warning","event":"The `airflow.decorators.dag` attribute is deprecated. Please use `'airflow.sdk.dag'`.","category":"DeprecatedImportWarning","filename":"/opt/airflow/dags/branch_pipeline.py","lineno":1,"logger":"py.warnings"}
{"timestamp":"2026-02-08T04:01:12.393441Z","level":"warning","event":"The `airflow.decorators.task` attribute is deprecated. Please use `'airflow.sdk.task'`.","category":"DeprecatedImportWarning","filename":"/opt/airflow/dags/branch_pipeline.py","lineno":1,"logger":"py.warnings"}
{"timestamp":"2026-02-08T04:01:12.393504Z","level":"warning","event":"The `airflow.operators.python.BranchPythonOperator` attribute is deprecated. Please use `'airflow.providers.standard.operators.python.BranchPythonOperator'`.","category":"DeprecatedImportWarning","filename":"/opt/airflow/dags/branch_pipeline.py","lineno":2,"logger":"py.warnings"}
{"timestamp":"2026-02-08T04:01:12.393555Z","level":"warning","event":"The `airflow.operators.bash.BashOperator` attribute is deprecated. Please use `'airflow.providers.standard.operators.bash.BashOperator'`.","category":"DeprecatedImportWarning","filename":"/opt/airflow/dags/branch_pipeline.py","lineno":3,"logger":"py.warnings"}
{"timestamp":"2026-02-08T04:01:42.829780Z","level":"info","event":"Filling up the DagBag from /opt/airflow/dags/branch_pipeline.py","logger":"airflow.models.dagbag.BundleDagBag","filename":"dagbag.py","lineno":593}
{"timestamp":"2026-02-08T04:01:42.874786Z","level":"warning","event":"The `airflow.decorators.dag` attribute is deprecated. Please use `'airflow.sdk.dag'`.","category":"DeprecatedImportWarning","filename":"/opt/airflow/dags/branch_pipeline.py","lineno":1,"logger":"py.warnings"}
{"timestamp":"2026-02-08T04:01:42.874957Z","level":"warning","event":"The `airflow.decorators.task` attribute is deprecated. Please use `'airflow.sdk.task'`.","category":"DeprecatedImportWarning","filename":"/opt/airflow/dags/branch_pipeline.py","lineno":1,"logger":"py.warnings"}
{"timestamp":"2026-02-08T04:01:42.875028Z","level":"warning","event":"The `airflow.operators.python.BranchPythonOperator` attribute is deprecated. Please use `'airflow.providers.standard.operators.python.BranchPythonOperator'`.","category":"DeprecatedImportWarning","filename":"/opt/airflow/dags/branch_pipeline.py","lineno":2,"logger":"py.warnings"}
{"timestamp":"2026-02-08T04:01:42.875079Z","level":"warning","event":"The `airflow.operators.bash.BashOperator` attribute is deprecated. Please use `'airflow.providers.standard.operators.bash.BashOperator'`.","category":"DeprecatedImportWarning","filename":"/opt/airflow/dags/branch_pipeline.py","lineno":3,"logger":"py.warnings"}
{"timestamp":"2026-02-08T04:02:13.317916Z","level":"info","event":"Filling up the DagBag from /opt/airflow/dags/branch_pipeline.py","logger":"airflow.models.dagbag.BundleDagBag","filename":"dagbag.py","lineno":593}
{"timestamp":"2026-02-08T04:02:13.365580Z","level":"warning","event":"The `airflow.decorators.dag` attribute is deprecated. Please use `'airflow.sdk.dag'`.","category":"DeprecatedImportWarning","filename":"/opt/airflow/dags/branch_pipeline.py","lineno":1,"logger":"py.warnings"}
{"timestamp":"2026-02-08T04:02:13.366368Z","level":"warning","event":"The `airflow.decorators.task` attribute is deprecated. Please use `'airflow.sdk.task'`.","category":"DeprecatedImportWarning","filename":"/opt/airflow/dags/branch_pipeline.py","lineno":1,"logger":"py.warnings"}
{"timestamp":"2026-02-08T04:02:13.367048Z","level":"warning","event":"The `airflow.operators.python.BranchPythonOperator` attribute is deprecated. Please use `'airflow.providers.standard.operators.python.BranchPythonOperator'`.","category":"DeprecatedImportWarning","filename":"/opt/airflow/dags/branch_pipeline.py","lineno":2,"logger":"py.warnings"}
{"timestamp":"2026-02-08T04:02:13.367271Z","level":"warning","event":"The `airflow.operators.bash.BashOperator` attribute is deprecated. Please use `'airflow.providers.standard.operators.bash.BashOperator'`.","category":"DeprecatedImportWarning","filename":"/opt/airflow/dags/branch_pipeline.py","lineno":3,"logger":"py.warnings"}
{"timestamp":"2026-02-08T04:02:43.926001Z","level":"info","event":"Filling up the DagBag from /opt/airflow/dags/branch_pipeline.py","logger":"airflow.models.dagbag.BundleDagBag","filename":"dagbag.py","lineno":593}
{"timestamp":"2026-02-08T04:02:43.977819Z","level":"warning","event":"The `airflow.decorators.dag` attribute is deprecated. Please use `'airflow.sdk.dag'`.","category":"DeprecatedImportWarning","filename":"/opt/airflow/dags/branch_pipeline.py","lineno":1,"logger":"py.warnings"}
{"timestamp":"2026-02-08T04:02:43.977979Z","level":"warning","event":"The `airflow.decorators.task` attribute is deprecated. Please use `'airflow.sdk.task'`.","category":"DeprecatedImportWarning","filename":"/opt/airflow/dags/branch_pipeline.py","lineno":1,"logger":"py.warnings"}
{"timestamp":"2026-02-08T04:02:43.978036Z","level":"warning","event":"The `airflow.operators.python.BranchPythonOperator` attribute is deprecated. Please use `'airflow.providers.standard.operators.python.BranchPythonOperator'`.","category":"DeprecatedImportWarning","filename":"/opt/airflow/dags/branch_pipeline.py","lineno":2,"logger":"py.warnings"}
{"timestamp":"2026-02-08T04:02:43.978083Z","level":"warning","event":"The `airflow.operators.bash.BashOperator` attribute is deprecated. Please use `'airflow.providers.standard.operators.bash.BashOperator'`.","category":"DeprecatedImportWarning","filename":"/opt/airflow/dags/branch_pipeline.py","lineno":3,"logger":"py.warnings"}
{"timestamp":"2026-02-08T04:03:14.621128Z","level":"info","event":"Filling up the DagBag from /opt/airflow/dags/branch_pipeline.py","logger":"airflow.models.dagbag.BundleDagBag","filename":"dagbag.py","lineno":593}
{"timestamp":"2026-02-08T04:03:14.666003Z","level":"warning","event":"The `airflow.decorators.dag` attribute is deprecated. Please use `'airflow.sdk.dag'`.","category":"DeprecatedImportWarning","filename":"/opt/airflow/dags/branch_pipeline.py","lineno":1,"logger":"py.warnings"}
{"timestamp":"2026-02-08T04:03:14.666191Z","level":"warning","event":"The `airflow.decorators.task` attribute is deprecated. Please use `'airflow.sdk.task'`.","category":"DeprecatedImportWarning","filename":"/opt/airflow/dags/branch_pipeline.py","lineno":1,"logger":"py.warnings"}
{"timestamp":"2026-02-08T04:03:14.666281Z","level":"warning","event":"The `airflow.operators.python.BranchPythonOperator` attribute is deprecated. Please use `'airflow.providers.standard.operators.python.BranchPythonOperator'`.","category":"DeprecatedImportWarning","filename":"/opt/airflow/dags/branch_pipeline.py","lineno":2,"logger":"py.warnings"}
{"timestamp":"2026-02-08T04:03:14.666330Z","level":"warning","event":"The `airflow.operators.bash.BashOperator` attribute is deprecated. Please use `'airflow.providers.standard.operators.bash.BashOperator'`.","category":"DeprecatedImportWarning","filename":"/opt/airflow/dags/branch_pipeline.py","lineno":3,"logger":"py.warnings"}
{"timestamp":"2026-02-08T04:03:45.418265Z","level":"info","event":"Filling up the DagBag from /opt/airflow/dags/branch_pipeline.py","logger":"airflow.models.dagbag.BundleDagBag","filename":"dagbag.py","lineno":593}
{"timestamp":"2026-02-08T04:03:45.512566Z","level":"warning","event":"The `airflow.decorators.dag` attribute is deprecated. Please use `'airflow.sdk.dag'`.","category":"DeprecatedImportWarning","filename":"/opt/airflow/dags/branch_pipeline.py","lineno":1,"logger":"py.warnings"}
{"timestamp":"2026-02-08T04:03:45.513294Z","level":"warning","event":"The `airflow.decorators.task` attribute is deprecated. Please use `'airflow.sdk.task'`.","category":"DeprecatedImportWarning","filename":"/opt/airflow/dags/branch_pipeline.py","lineno":1,"logger":"py.warnings"}
{"timestamp":"2026-02-08T04:03:45.513531Z","level":"warning","event":"The `airflow.operators.python.BranchPythonOperator` attribute is deprecated. Please use `'airflow.providers.standard.operators.python.BranchPythonOperator'`.","category":"DeprecatedImportWarning","filename":"/opt/airflow/dags/branch_pipeline.py","lineno":2,"logger":"py.warnings"}
{"timestamp":"2026-02-08T04:03:45.513684Z","level":"warning","event":"The `airflow.operators.bash.BashOperator` attribute is deprecated. Please use `'airflow.providers.standard.operators.bash.BashOperator'`.","category":"DeprecatedImportWarning","filename":"/opt/airflow/dags/branch_pipeline.py","lineno":3,"logger":"py.warnings"}
{"timestamp":"2026-02-08T04:04:16.289321Z","level":"info","event":"Filling up the DagBag from /opt/airflow/dags/branch_pipeline.py","logger":"airflow.models.dagbag.BundleDagBag","filename":"dagbag.py","lineno":593}
{"timestamp":"2026-02-08T04:04:16.336127Z","level":"warning","event":"The `airflow.decorators.dag` attribute is deprecated. Please use `'airflow.sdk.dag'`.","category":"DeprecatedImportWarning","filename":"/opt/airflow/dags/branch_pipeline.py","lineno":1,"logger":"py.warnings"}
{"timestamp":"2026-02-08T04:04:16.336305Z","level":"warning","event":"The `airflow.decorators.task` attribute is deprecated. Please use `'airflow.sdk.task'`.","category":"DeprecatedImportWarning","filename":"/opt/airflow/dags/branch_pipeline.py","lineno":1,"logger":"py.warnings"}
{"timestamp":"2026-02-08T04:04:16.336375Z","level":"warning","event":"The `airflow.operators.python.BranchPythonOperator` attribute is deprecated. Please use `'airflow.providers.standard.operators.python.BranchPythonOperator'`.","category":"DeprecatedImportWarning","filename":"/opt/airflow/dags/branch_pipeline.py","lineno":2,"logger":"py.warnings"}
{"timestamp":"2026-02-08T04:04:16.336419Z","level":"warning","event":"The `airflow.operators.bash.BashOperator` attribute is deprecated. Please use `'airflow.providers.standard.operators.bash.BashOperator'`.","category":"DeprecatedImportWarning","filename":"/opt/airflow/dags/branch_pipeline.py","lineno":3,"logger":"py.warnings"}
{"timestamp":"2026-02-08T04:04:46.859570Z","level":"info","event":"Filling up the DagBag from /opt/airflow/dags/branch_pipeline.py","logger":"airflow.models.dagbag.BundleDagBag","filename":"dagbag.py","lineno":593}
{"timestamp":"2026-02-08T04:04:46.903908Z","level":"warning","event":"The `airflow.decorators.dag` attribute is deprecated. Please use `'airflow.sdk.dag'`.","category":"DeprecatedImportWarning","filename":"/opt/airflow/dags/branch_pipeline.py","lineno":1,"logger":"py.warnings"}
{"timestamp":"2026-02-08T04:04:46.904173Z","level":"warning","event":"The `airflow.decorators.task` attribute is deprecated. Please use `'airflow.sdk.task'`.","category":"DeprecatedImportWarning","filename":"/opt/airflow/dags/branch_pipeline.py","lineno":1,"logger":"py.warnings"}
{"timestamp":"2026-02-08T04:04:46.904261Z","level":"warning","event":"The `airflow.operators.python.BranchPythonOperator` attribute is deprecated. Please use `'airflow.providers.standard.operators.python.BranchPythonOperator'`.","category":"DeprecatedImportWarning","filename":"/opt/airflow/dags/branch_pipeline.py","lineno":2,"logger":"py.warnings"}
{"timestamp":"2026-02-08T04:04:46.904317Z","level":"warning","event":"The `airflow.operators.bash.BashOperator` attribute is deprecated. Please use `'airflow.providers.standard.operators.bash.BashOperator'`.","category":"DeprecatedImportWarning","filename":"/opt/airflow/dags/branch_pipeline.py","lineno":3,"logger":"py.warnings"}
{"timestamp":"2026-02-08T04:05:17.475926Z","level":"info","event":"Filling up the DagBag from /opt/airflow/dags/branch_pipeline.py","logger":"airflow.models.dagbag.BundleDagBag","filename":"dagbag.py","lineno":593}
{"timestamp":"2026-02-08T04:05:17.531608Z","level":"warning","event":"The `airflow.decorators.dag` attribute is deprecated. Please use `'airflow.sdk.dag'`.","category":"DeprecatedImportWarning","filename":"/opt/airflow/dags/branch_pipeline.py","lineno":1,"logger":"py.warnings"}
{"timestamp":"2026-02-08T04:05:17.531773Z","level":"warning","event":"The `airflow.decorators.task` attribute is deprecated. Please use `'airflow.sdk.task'`.","category":"DeprecatedImportWarning","filename":"/opt/airflow/dags/branch_pipeline.py","lineno":1,"logger":"py.warnings"}
{"timestamp":"2026-02-08T04:05:17.531848Z","level":"warning","event":"The `airflow.operators.python.BranchPythonOperator` attribute is deprecated. Please use `'airflow.providers.standard.operators.python.BranchPythonOperator'`.","category":"DeprecatedImportWarning","filename":"/opt/airflow/dags/branch_pipeline.py","lineno":2,"logger":"py.warnings"}
{"timestamp":"2026-02-08T04:05:17.531913Z","level":"warning","event":"The `airflow.operators.bash.BashOperator` attribute is deprecated. Please use `'airflow.providers.standard.operators.bash.BashOperator'`.","category":"DeprecatedImportWarning","filename":"/opt/airflow/dags/branch_pipeline.py","lineno":3,"logger":"py.warnings"}
{"timestamp":"2026-02-08T04:05:48.054079Z","level":"info","event":"Filling up the DagBag from /opt/airflow/dags/branch_pipeline.py","logger":"airflow.models.dagbag.BundleDagBag","filename":"dagbag.py","lineno":593}
{"timestamp":"2026-02-08T04:05:48.101247Z","level":"warning","event":"The `airflow.decorators.dag` attribute is deprecated. Please use `'airflow.sdk.dag'`.","category":"DeprecatedImportWarning","filename":"/opt/airflow/dags/branch_pipeline.py","lineno":1,"logger":"py.warnings"}
{"timestamp":"2026-02-08T04:05:48.101564Z","level":"warning","event":"The `airflow.decorators.task` attribute is deprecated. Please use `'airflow.sdk.task'`.","category":"DeprecatedImportWarning","filename":"/opt/airflow/dags/branch_pipeline.py","lineno":1,"logger":"py.warnings"}
{"timestamp":"2026-02-08T04:05:48.101670Z","level":"warning","event":"The `airflow.operators.python.BranchPythonOperator` attribute is deprecated. Please use `'airflow.providers.standard.operators.python.BranchPythonOperator'`.","category":"DeprecatedImportWarning","filename":"/opt/airflow/dags/branch_pipeline.py","lineno":2,"logger":"py.warnings"}
{"timestamp":"2026-02-08T04:05:48.101758Z","level":"warning","event":"The `airflow.operators.bash.BashOperator` attribute is deprecated. Please use `'airflow.providers.standard.operators.bash.BashOperator'`.","category":"DeprecatedImportWarning","filename":"/opt/airflow/dags/branch_pipeline.py","lineno":3,"logger":"py.warnings"}
{"timestamp":"2026-02-08T04:06:18.610795Z","level":"info","event":"Filling up the DagBag from /opt/airflow/dags/branch_pipeline.py","logger":"airflow.models.dagbag.BundleDagBag","filename":"dagbag.py","lineno":593}
{"timestamp":"2026-02-08T04:06:18.654274Z","level":"warning","event":"The `airflow.decorators.dag` attribute is deprecated. Please use `'airflow.sdk.dag'`.","category":"DeprecatedImportWarning","filename":"/opt/airflow/dags/branch_pipeline.py","lineno":1,"logger":"py.warnings"}
{"timestamp":"2026-02-08T04:06:18.654457Z","level":"warning","event":"The `airflow.decorators.task` attribute is deprecated. Please use `'airflow.sdk.task'`.","category":"DeprecatedImportWarning","filename":"/opt/airflow/dags/branch_pipeline.py","lineno":1,"logger":"py.warnings"}
{"timestamp":"2026-02-08T04:06:18.654535Z","level":"warning","event":"The `airflow.operators.python.BranchPythonOperator` attribute is deprecated. Please use `'airflow.providers.standard.operators.python.BranchPythonOperator'`.","category":"DeprecatedImportWarning","filename":"/opt/airflow/dags/branch_pipeline.py","lineno":2,"logger":"py.warnings"}
{"timestamp":"2026-02-08T04:06:18.654590Z","level":"warning","event":"The `airflow.operators.bash.BashOperator` attribute is deprecated. Please use `'airflow.providers.standard.operators.bash.BashOperator'`.","category":"DeprecatedImportWarning","filename":"/opt/airflow/dags/branch_pipeline.py","lineno":3,"logger":"py.warnings"}
{"timestamp":"2026-02-08T04:06:48.969916Z","level":"info","event":"Filling up the DagBag from /opt/airflow/dags/branch_pipeline.py","logger":"airflow.models.dagbag.BundleDagBag","filename":"dagbag.py","lineno":593}
{"timestamp":"2026-02-08T04:06:49.016608Z","level":"warning","event":"The `airflow.decorators.dag` attribute is deprecated. Please use `'airflow.sdk.dag'`.","category":"DeprecatedImportWarning","filename":"/opt/airflow/dags/branch_pipeline.py","lineno":1,"logger":"py.warnings"}
{"timestamp":"2026-02-08T04:06:49.016792Z","level":"warning","event":"The `airflow.decorators.task` attribute is deprecated. Please use `'airflow.sdk.task'`.","category":"DeprecatedImportWarning","filename":"/opt/airflow/dags/branch_pipeline.py","lineno":1,"logger":"py.warnings"}
{"timestamp":"2026-02-08T04:06:49.016861Z","level":"warning","event":"The `airflow.operators.python.BranchPythonOperator` attribute is deprecated. Please use `'airflow.providers.standard.operators.python.BranchPythonOperator'`.","category":"DeprecatedImportWarning","filename":"/opt/airflow/dags/branch_pipeline.py","lineno":2,"logger":"py.warnings"}
{"timestamp":"2026-02-08T04:06:49.016908Z","level":"warning","event":"The `airflow.operators.bash.BashOperator` attribute is deprecated. Please use `'airflow.providers.standard.operators.bash.BashOperator'`.","category":"DeprecatedImportWarning","filename":"/opt/airflow/dags/branch_pipeline.py","lineno":3,"logger":"py.warnings"}
{"timestamp":"2026-02-08T04:07:19.505448Z","level":"info","event":"Filling up the DagBag from /opt/airflow/dags/branch_pipeline.py","logger":"airflow.models.dagbag.BundleDagBag","filename":"dagbag.py","lineno":593}
{"timestamp":"2026-02-08T04:07:19.556036Z","level":"warning","event":"The `airflow.decorators.dag` attribute is deprecated. Please use `'airflow.sdk.dag'`.","category":"DeprecatedImportWarning","filename":"/opt/airflow/dags/branch_pipeline.py","lineno":1,"logger":"py.warnings"}
{"timestamp":"2026-02-08T04:07:19.556225Z","level":"warning","event":"The `airflow.decorators.task` attribute is deprecated. Please use `'airflow.sdk.task'`.","category":"DeprecatedImportWarning","filename":"/opt/airflow/dags/branch_pipeline.py","lineno":1,"logger":"py.warnings"}
{"timestamp":"2026-02-08T04:07:19.556293Z","level":"warning","event":"The `airflow.operators.python.BranchPythonOperator` attribute is deprecated. Please use `'airflow.providers.standard.operators.python.BranchPythonOperator'`.","category":"DeprecatedImportWarning","filename":"/opt/airflow/dags/branch_pipeline.py","lineno":2,"logger":"py.warnings"}
{"timestamp":"2026-02-08T04:07:19.556366Z","level":"warning","event":"The `airflow.operators.bash.BashOperator` attribute is deprecated. Please use `'airflow.providers.standard.operators.bash.BashOperator'`.","category":"DeprecatedImportWarning","filename":"/opt/airflow/dags/branch_pipeline.py","lineno":3,"logger":"py.warnings"}
{"timestamp":"2026-02-08T04:07:50.132324Z","level":"info","event":"Filling up the DagBag from /opt/airflow/dags/branch_pipeline.py","logger":"airflow.models.dagbag.BundleDagBag","filename":"dagbag.py","lineno":593}
{"timestamp":"2026-02-08T04:07:50.173459Z","level":"warning","event":"The `airflow.decorators.dag` attribute is deprecated. Please use `'airflow.sdk.dag'`.","category":"DeprecatedImportWarning","filename":"/opt/airflow/dags/branch_pipeline.py","lineno":1,"logger":"py.warnings"}
{"timestamp":"2026-02-08T04:07:50.173628Z","level":"warning","event":"The `airflow.decorators.task` attribute is deprecated. Please use `'airflow.sdk.task'`.","category":"DeprecatedImportWarning","filename":"/opt/airflow/dags/branch_pipeline.py","lineno":1,"logger":"py.warnings"}
{"timestamp":"2026-02-08T04:07:50.173693Z","level":"warning","event":"The `airflow.operators.python.BranchPythonOperator` attribute is deprecated. Please use `'airflow.providers.standard.operators.python.BranchPythonOperator'`.","category":"DeprecatedImportWarning","filename":"/opt/airflow/dags/branch_pipeline.py","lineno":2,"logger":"py.warnings"}
{"timestamp":"2026-02-08T04:07:50.173740Z","level":"warning","event":"The `airflow.operators.bash.BashOperator` attribute is deprecated. Please use `'airflow.providers.standard.operators.bash.BashOperator'`.","category":"DeprecatedImportWarning","filename":"/opt/airflow/dags/branch_pipeline.py","lineno":3,"logger":"py.warnings"}
{"timestamp":"2026-02-08T04:08:20.619516Z","level":"info","event":"Filling up the DagBag from /opt/airflow/dags/branch_pipeline.py","logger":"airflow.models.dagbag.BundleDagBag","filename":"dagbag.py","lineno":593}
{"timestamp":"2026-02-08T04:08:20.753313Z","level":"warning","event":"The `airflow.decorators.dag` attribute is deprecated. Please use `'airflow.sdk.dag'`.","category":"DeprecatedImportWarning","filename":"/opt/airflow/dags/branch_pipeline.py","lineno":1,"logger":"py.warnings"}
{"timestamp":"2026-02-08T04:08:20.754067Z","level":"warning","event":"The `airflow.decorators.task` attribute is deprecated. Please use `'airflow.sdk.task'`.","category":"DeprecatedImportWarning","filename":"/opt/airflow/dags/branch_pipeline.py","lineno":1,"logger":"py.warnings"}
{"timestamp":"2026-02-08T04:08:20.754291Z","level":"warning","event":"The `airflow.operators.python.BranchPythonOperator` attribute is deprecated. Please use `'airflow.providers.standard.operators.python.BranchPythonOperator'`.","category":"DeprecatedImportWarning","filename":"/opt/airflow/dags/branch_pipeline.py","lineno":2,"logger":"py.warnings"}
{"timestamp":"2026-02-08T04:08:20.754407Z","level":"warning","event":"The `airflow.operators.bash.BashOperator` attribute is deprecated. Please use `'airflow.providers.standard.operators.bash.BashOperator'`.","category":"DeprecatedImportWarning","filename":"/opt/airflow/dags/branch_pipeline.py","lineno":3,"logger":"py.warnings"}
{"timestamp":"2026-02-08T04:08:51.338105Z","level":"info","event":"Filling up the DagBag from /opt/airflow/dags/branch_pipeline.py","logger":"airflow.models.dagbag.BundleDagBag","filename":"dagbag.py","lineno":593}
{"timestamp":"2026-02-08T04:08:51.409321Z","level":"warning","event":"The `airflow.decorators.dag` attribute is deprecated. Please use `'airflow.sdk.dag'`.","category":"DeprecatedImportWarning","filename":"/opt/airflow/dags/branch_pipeline.py","lineno":1,"logger":"py.warnings"}
{"timestamp":"2026-02-08T04:08:51.410080Z","level":"warning","event":"The `airflow.decorators.task` attribute is deprecated. Please use `'airflow.sdk.task'`.","category":"DeprecatedImportWarning","filename":"/opt/airflow/dags/branch_pipeline.py","lineno":1,"logger":"py.warnings"}
{"timestamp":"2026-02-08T04:08:51.416245Z","level":"warning","event":"The `airflow.operators.python.BranchPythonOperator` attribute is deprecated. Please use `'airflow.providers.standard.operators.python.BranchPythonOperator'`.","category":"DeprecatedImportWarning","filename":"/opt/airflow/dags/branch_pipeline.py","lineno":2,"logger":"py.warnings"}
{"timestamp":"2026-02-08T04:08:51.419459Z","level":"warning","event":"The `airflow.operators.bash.BashOperator` attribute is deprecated. Please use `'airflow.providers.standard.operators.bash.BashOperator'`.","category":"DeprecatedImportWarning","filename":"/opt/airflow/dags/branch_pipeline.py","lineno":3,"logger":"py.warnings"}
{"timestamp":"2026-02-08T04:09:22.078326Z","level":"info","event":"Filling up the DagBag from /opt/airflow/dags/branch_pipeline.py","logger":"airflow.models.dagbag.BundleDagBag","filename":"dagbag.py","lineno":593}
{"timestamp":"2026-02-08T04:09:22.132666Z","level":"warning","event":"The `airflow.decorators.dag` attribute is deprecated. Please use `'airflow.sdk.dag'`.","category":"DeprecatedImportWarning","filename":"/opt/airflow/dags/branch_pipeline.py","lineno":1,"logger":"py.warnings"}
{"timestamp":"2026-02-08T04:09:22.132836Z","level":"warning","event":"The `airflow.decorators.task` attribute is deprecated. Please use `'airflow.sdk.task'`.","category":"DeprecatedImportWarning","filename":"/opt/airflow/dags/branch_pipeline.py","lineno":1,"logger":"py.warnings"}
{"timestamp":"2026-02-08T04:09:22.132921Z","level":"warning","event":"The `airflow.operators.python.BranchPythonOperator` attribute is deprecated. Please use `'airflow.providers.standard.operators.python.BranchPythonOperator'`.","category":"DeprecatedImportWarning","filename":"/opt/airflow/dags/branch_pipeline.py","lineno":2,"logger":"py.warnings"}
{"timestamp":"2026-02-08T04:09:22.133001Z","level":"warning","event":"The `airflow.operators.bash.BashOperator` attribute is deprecated. Please use `'airflow.providers.standard.operators.bash.BashOperator'`.","category":"DeprecatedImportWarning","filename":"/opt/airflow/dags/branch_pipeline.py","lineno":3,"logger":"py.warnings"}
{"timestamp":"2026-02-08T04:09:52.624293Z","level":"info","event":"Filling up the DagBag from /opt/airflow/dags/branch_pipeline.py","logger":"airflow.models.dagbag.BundleDagBag","filename":"dagbag.py","lineno":593}
{"timestamp":"2026-02-08T04:09:52.683907Z","level":"warning","event":"The `airflow.decorators.dag` attribute is deprecated. Please use `'airflow.sdk.dag'`.","category":"DeprecatedImportWarning","filename":"/opt/airflow/dags/branch_pipeline.py","lineno":1,"logger":"py.warnings"}
{"timestamp":"2026-02-08T04:09:52.684212Z","level":"warning","event":"The `airflow.decorators.task` attribute is deprecated. Please use `'airflow.sdk.task'`.","category":"DeprecatedImportWarning","filename":"/opt/airflow/dags/branch_pipeline.py","lineno":1,"logger":"py.warnings"}
{"timestamp":"2026-02-08T04:09:52.684294Z","level":"warning","event":"The `airflow.operators.python.BranchPythonOperator` attribute is deprecated. Please use `'airflow.providers.standard.operators.python.BranchPythonOperator'`.","category":"DeprecatedImportWarning","filename":"/opt/airflow/dags/branch_pipeline.py","lineno":2,"logger":"py.warnings"}
{"timestamp":"2026-02-08T04:09:52.684354Z","level":"warning","event":"The `airflow.operators.bash.BashOperator` attribute is deprecated. Please use `'airflow.providers.standard.operators.bash.BashOperator'`.","category":"DeprecatedImportWarning","filename":"/opt/airflow/dags/branch_pipeline.py","lineno":3,"logger":"py.warnings"}
{"timestamp":"2026-02-08T04:10:23.140438Z","level":"info","event":"Filling up the DagBag from /opt/airflow/dags/branch_pipeline.py","logger":"airflow.models.dagbag.BundleDagBag","filename":"dagbag.py","lineno":593}
{"timestamp":"2026-02-08T04:10:23.178944Z","level":"warning","event":"The `airflow.decorators.dag` attribute is deprecated. Please use `'airflow.sdk.dag'`.","category":"DeprecatedImportWarning","filename":"/opt/airflow/dags/branch_pipeline.py","lineno":1,"logger":"py.warnings"}
{"timestamp":"2026-02-08T04:10:23.179187Z","level":"warning","event":"The `airflow.decorators.task` attribute is deprecated. Please use `'airflow.sdk.task'`.","category":"DeprecatedImportWarning","filename":"/opt/airflow/dags/branch_pipeline.py","lineno":1,"logger":"py.warnings"}
{"timestamp":"2026-02-08T04:10:23.179257Z","level":"warning","event":"The `airflow.operators.python.BranchPythonOperator` attribute is deprecated. Please use `'airflow.providers.standard.operators.python.BranchPythonOperator'`.","category":"DeprecatedImportWarning","filename":"/opt/airflow/dags/branch_pipeline.py","lineno":2,"logger":"py.warnings"}
{"timestamp":"2026-02-08T04:10:23.179306Z","level":"warning","event":"The `airflow.operators.bash.BashOperator` attribute is deprecated. Please use `'airflow.providers.standard.operators.bash.BashOperator'`.","category":"DeprecatedImportWarning","filename":"/opt/airflow/dags/branch_pipeline.py","lineno":3,"logger":"py.warnings"}
{"timestamp":"2026-02-08T04:10:53.539726Z","level":"info","event":"Filling up the DagBag from /opt/airflow/dags/branch_pipeline.py","logger":"airflow.models.dagbag.BundleDagBag","filename":"dagbag.py","lineno":593}
{"timestamp":"2026-02-08T04:10:53.585645Z","level":"warning","event":"The `airflow.decorators.dag` attribute is deprecated. Please use `'airflow.sdk.dag'`.","category":"DeprecatedImportWarning","filename":"/opt/airflow/dags/branch_pipeline.py","lineno":1,"logger":"py.warnings"}
{"timestamp":"2026-02-08T04:10:53.585812Z","level":"warning","event":"The `airflow.decorators.task` attribute is deprecated. Please use `'airflow.sdk.task'`.","category":"DeprecatedImportWarning","filename":"/opt/airflow/dags/branch_pipeline.py","lineno":1,"logger":"py.warnings"}
{"timestamp":"2026-02-08T04:10:53.585874Z","level":"warning","event":"The `airflow.operators.python.BranchPythonOperator` attribute is deprecated. Please use `'airflow.providers.standard.operators.python.BranchPythonOperator'`.","category":"DeprecatedImportWarning","filename":"/opt/airflow/dags/branch_pipeline.py","lineno":2,"logger":"py.warnings"}
{"timestamp":"2026-02-08T04:10:53.585932Z","level":"warning","event":"The `airflow.operators.bash.BashOperator` attribute is deprecated. Please use `'airflow.providers.standard.operators.bash.BashOperator'`.","category":"DeprecatedImportWarning","filename":"/opt/airflow/dags/branch_pipeline.py","lineno":3,"logger":"py.warnings"}
{"timestamp":"2026-02-08T04:11:24.939566Z","level":"info","event":"Filling up the DagBag from /opt/airflow/dags/branch_pipeline.py","logger":"airflow.models.dagbag.BundleDagBag","filename":"dagbag.py","lineno":593}
{"timestamp":"2026-02-08T04:11:25.001506Z","level":"warning","event":"The `airflow.decorators.dag` attribute is deprecated. Please use `'airflow.sdk.dag'`.","category":"DeprecatedImportWarning","filename":"/opt/airflow/dags/branch_pipeline.py","lineno":1,"logger":"py.warnings"}
{"timestamp":"2026-02-08T04:11:25.001775Z","level":"warning","event":"The `airflow.decorators.task` attribute is deprecated. Please use `'airflow.sdk.task'`.","category":"DeprecatedImportWarning","filename":"/opt/airflow/dags/branch_pipeline.py","lineno":1,"logger":"py.warnings"}
{"timestamp":"2026-02-08T04:11:25.001848Z","level":"warning","event":"The `airflow.operators.python.BranchPythonOperator` attribute is deprecated. Please use `'airflow.providers.standard.operators.python.BranchPythonOperator'`.","category":"DeprecatedImportWarning","filename":"/opt/airflow/dags/branch_pipeline.py","lineno":2,"logger":"py.warnings"}
{"timestamp":"2026-02-08T04:11:25.001899Z","level":"warning","event":"The `airflow.operators.bash.BashOperator` attribute is deprecated. Please use `'airflow.providers.standard.operators.bash.BashOperator'`.","category":"DeprecatedImportWarning","filename":"/opt/airflow/dags/branch_pipeline.py","lineno":3,"logger":"py.warnings"}
{"timestamp":"2026-02-08T04:11:55.628909Z","level":"info","event":"Filling up the DagBag from /opt/airflow/dags/branch_pipeline.py","logger":"airflow.models.dagbag.BundleDagBag","filename":"dagbag.py","lineno":593}
{"timestamp":"2026-02-08T04:11:55.678627Z","level":"warning","event":"The `airflow.decorators.dag` attribute is deprecated. Please use `'airflow.sdk.dag'`.","category":"DeprecatedImportWarning","filename":"/opt/airflow/dags/branch_pipeline.py","lineno":1,"logger":"py.warnings"}
{"timestamp":"2026-02-08T04:11:55.678837Z","level":"warning","event":"The `airflow.decorators.task` attribute is deprecated. Please use `'airflow.sdk.task'`.","category":"DeprecatedImportWarning","filename":"/opt/airflow/dags/branch_pipeline.py","lineno":1,"logger":"py.warnings"}
{"timestamp":"2026-02-08T04:11:55.678911Z","level":"warning","event":"The `airflow.operators.python.BranchPythonOperator` attribute is deprecated. Please use `'airflow.providers.standard.operators.python.BranchPythonOperator'`.","category":"DeprecatedImportWarning","filename":"/opt/airflow/dags/branch_pipeline.py","lineno":2,"logger":"py.warnings"}
{"timestamp":"2026-02-08T04:11:55.678970Z","level":"warning","event":"The `airflow.operators.bash.BashOperator` attribute is deprecated. Please use `'airflow.providers.standard.operators.bash.BashOperator'`.","category":"DeprecatedImportWarning","filename":"/opt/airflow/dags/branch_pipeline.py","lineno":3,"logger":"py.warnings"}
{"timestamp":"2026-02-08T04:12:27.186642Z","level":"info","event":"Filling up the DagBag from /opt/airflow/dags/branch_pipeline.py","logger":"airflow.models.dagbag.BundleDagBag","filename":"dagbag.py","lineno":593}
{"timestamp":"2026-02-08T04:12:27.236092Z","level":"warning","event":"The `airflow.decorators.dag` attribute is deprecated. Please use `'airflow.sdk.dag'`.","category":"DeprecatedImportWarning","filename":"/opt/airflow/dags/branch_pipeline.py","lineno":1,"logger":"py.warnings"}
{"timestamp":"2026-02-08T04:12:27.236265Z","level":"warning","event":"The `airflow.decorators.task` attribute is deprecated. Please use `'airflow.sdk.task'`.","category":"DeprecatedImportWarning","filename":"/opt/airflow/dags/branch_pipeline.py","lineno":1,"logger":"py.warnings"}
{"timestamp":"2026-02-08T04:12:27.236338Z","level":"warning","event":"The `airflow.operators.python.BranchPythonOperator` attribute is deprecated. Please use `'airflow.providers.standard.operators.python.BranchPythonOperator'`.","category":"DeprecatedImportWarning","filename":"/opt/airflow/dags/branch_pipeline.py","lineno":2,"logger":"py.warnings"}
{"timestamp":"2026-02-08T04:12:27.236391Z","level":"warning","event":"The `airflow.operators.bash.BashOperator` attribute is deprecated. Please use `'airflow.providers.standard.operators.bash.BashOperator'`.","category":"DeprecatedImportWarning","filename":"/opt/airflow/dags/branch_pipeline.py","lineno":3,"logger":"py.warnings"}
{"timestamp":"2026-02-08T04:12:58.783541Z","level":"info","event":"Filling up the DagBag from /opt/airflow/dags/branch_pipeline.py","logger":"airflow.models.dagbag.BundleDagBag","filename":"dagbag.py","lineno":593}
{"timestamp":"2026-02-08T04:12:58.843093Z","level":"warning","event":"The `airflow.decorators.dag` attribute is deprecated. Please use `'airflow.sdk.dag'`.","category":"DeprecatedImportWarning","filename":"/opt/airflow/dags/branch_pipeline.py","lineno":1,"logger":"py.warnings"}
{"timestamp":"2026-02-08T04:12:58.843481Z","level":"warning","event":"The `airflow.decorators.task` attribute is deprecated. Please use `'airflow.sdk.task'`.","category":"DeprecatedImportWarning","filename":"/opt/airflow/dags/branch_pipeline.py","lineno":1,"logger":"py.warnings"}
{"timestamp":"2026-02-08T04:12:58.843662Z","level":"warning","event":"The `airflow.operators.python.BranchPythonOperator` attribute is deprecated. Please use `'airflow.providers.standard.operators.python.BranchPythonOperator'`.","category":"DeprecatedImportWarning","filename":"/opt/airflow/dags/branch_pipeline.py","lineno":2,"logger":"py.warnings"}
{"timestamp":"2026-02-08T04:12:58.843736Z","level":"warning","event":"The `airflow.operators.bash.BashOperator` attribute is deprecated. Please use `'airflow.providers.standard.operators.bash.BashOperator'`.","category":"DeprecatedImportWarning","filename":"/opt/airflow/dags/branch_pipeline.py","lineno":3,"logger":"py.warnings"}
{"timestamp":"2026-02-08T04:13:29.636191Z","level":"info","event":"Filling up the DagBag from /opt/airflow/dags/branch_pipeline.py","logger":"airflow.models.dagbag.BundleDagBag","filename":"dagbag.py","lineno":593}
{"timestamp":"2026-02-08T04:13:29.749304Z","level":"warning","event":"The `airflow.decorators.dag` attribute is deprecated. Please use `'airflow.sdk.dag'`.","category":"DeprecatedImportWarning","filename":"/opt/airflow/dags/branch_pipeline.py","lineno":1,"logger":"py.warnings"}
{"timestamp":"2026-02-08T04:13:29.750198Z","level":"warning","event":"The `airflow.decorators.task` attribute is deprecated. Please use `'airflow.sdk.task'`.","category":"DeprecatedImportWarning","filename":"/opt/airflow/dags/branch_pipeline.py","lineno":1,"logger":"py.warnings"}
{"timestamp":"2026-02-08T04:13:29.750451Z","level":"warning","event":"The `airflow.operators.python.BranchPythonOperator` attribute is deprecated. Please use `'airflow.providers.standard.operators.python.BranchPythonOperator'`.","category":"DeprecatedImportWarning","filename":"/opt/airflow/dags/branch_pipeline.py","lineno":2,"logger":"py.warnings"}
{"timestamp":"2026-02-08T04:13:29.750583Z","level":"warning","event":"The `airflow.operators.bash.BashOperator` attribute is deprecated. Please use `'airflow.providers.standard.operators.bash.BashOperator'`.","category":"DeprecatedImportWarning","filename":"/opt/airflow/dags/branch_pipeline.py","lineno":3,"logger":"py.warnings"}
{"timestamp":"2026-02-08T04:14:00.646203Z","level":"info","event":"Filling up the DagBag from /opt/airflow/dags/branch_pipeline.py","logger":"airflow.models.dagbag.BundleDagBag","filename":"dagbag.py","lineno":593}
{"timestamp":"2026-02-08T04:14:00.711992Z","level":"warning","event":"The `airflow.decorators.dag` attribute is deprecated. Please use `'airflow.sdk.dag'`.","category":"DeprecatedImportWarning","filename":"/opt/airflow/dags/branch_pipeline.py","lineno":1,"logger":"py.warnings"}
{"timestamp":"2026-02-08T04:14:00.712205Z","level":"warning","event":"The `airflow.decorators.task` attribute is deprecated. Please use `'airflow.sdk.task'`.","category":"DeprecatedImportWarning","filename":"/opt/airflow/dags/branch_pipeline.py","lineno":1,"logger":"py.warnings"}
{"timestamp":"2026-02-08T04:14:00.712281Z","level":"warning","event":"The `airflow.operators.python.BranchPythonOperator` attribute is deprecated. Please use `'airflow.providers.standard.operators.python.BranchPythonOperator'`.","category":"DeprecatedImportWarning","filename":"/opt/airflow/dags/branch_pipeline.py","lineno":2,"logger":"py.warnings"}
{"timestamp":"2026-02-08T04:14:00.712331Z","level":"warning","event":"The `airflow.operators.bash.BashOperator` attribute is deprecated. Please use `'airflow.providers.standard.operators.bash.BashOperator'`.","category":"DeprecatedImportWarning","filename":"/opt/airflow/dags/branch_pipeline.py","lineno":3,"logger":"py.warnings"}
{"timestamp":"2026-02-08T04:14:32.366456Z","level":"info","event":"Filling up the DagBag from /opt/airflow/dags/branch_pipeline.py","logger":"airflow.models.dagbag.BundleDagBag","filename":"dagbag.py","lineno":593}
{"timestamp":"2026-02-08T04:14:32.410894Z","level":"warning","event":"The `airflow.decorators.dag` attribute is deprecated. Please use `'airflow.sdk.dag'`.","category":"DeprecatedImportWarning","filename":"/opt/airflow/dags/branch_pipeline.py","lineno":1,"logger":"py.warnings"}
{"timestamp":"2026-02-08T04:14:32.411676Z","level":"warning","event":"The `airflow.decorators.task` attribute is deprecated. Please use `'airflow.sdk.task'`.","category":"DeprecatedImportWarning","filename":"/opt/airflow/dags/branch_pipeline.py","lineno":1,"logger":"py.warnings"}
{"timestamp":"2026-02-08T04:14:32.411969Z","level":"warning","event":"The `airflow.operators.python.BranchPythonOperator` attribute is deprecated. Please use `'airflow.providers.standard.operators.python.BranchPythonOperator'`.","category":"DeprecatedImportWarning","filename":"/opt/airflow/dags/branch_pipeline.py","lineno":2,"logger":"py.warnings"}
{"timestamp":"2026-02-08T04:14:32.412097Z","level":"warning","event":"The `airflow.operators.bash.BashOperator` attribute is deprecated. Please use `'airflow.providers.standard.operators.bash.BashOperator'`.","category":"DeprecatedImportWarning","filename":"/opt/airflow/dags/branch_pipeline.py","lineno":3,"logger":"py.warnings"}
{"timestamp":"2026-02-08T04:15:03.923368Z","level":"info","event":"Filling up the DagBag from /opt/airflow/dags/branch_pipeline.py","logger":"airflow.models.dagbag.BundleDagBag","filename":"dagbag.py","lineno":593}
{"timestamp":"2026-02-08T04:15:04.014779Z","level":"warning","event":"The `airflow.decorators.dag` attribute is deprecated. Please use `'airflow.sdk.dag'`.","category":"DeprecatedImportWarning","filename":"/opt/airflow/dags/branch_pipeline.py","lineno":1,"logger":"py.warnings"}
{"timestamp":"2026-02-08T04:15:04.015402Z","level":"warning","event":"The `airflow.decorators.task` attribute is deprecated. Please use `'airflow.sdk.task'`.","category":"DeprecatedImportWarning","filename":"/opt/airflow/dags/branch_pipeline.py","lineno":1,"logger":"py.warnings"}
{"timestamp":"2026-02-08T04:15:04.015552Z","level":"warning","event":"The `airflow.operators.python.BranchPythonOperator` attribute is deprecated. Please use `'airflow.providers.standard.operators.python.BranchPythonOperator'`.","category":"DeprecatedImportWarning","filename":"/opt/airflow/dags/branch_pipeline.py","lineno":2,"logger":"py.warnings"}
{"timestamp":"2026-02-08T04:15:04.015647Z","level":"warning","event":"The `airflow.operators.bash.BashOperator` attribute is deprecated. Please use `'airflow.providers.standard.operators.bash.BashOperator'`.","category":"DeprecatedImportWarning","filename":"/opt/airflow/dags/branch_pipeline.py","lineno":3,"logger":"py.warnings"}
{"timestamp":"2026-02-08T04:15:34.588819Z","level":"info","event":"Filling up the DagBag from /opt/airflow/dags/branch_pipeline.py","logger":"airflow.models.dagbag.BundleDagBag","filename":"dagbag.py","lineno":593}
{"timestamp":"2026-02-08T04:15:34.648185Z","level":"warning","event":"The `airflow.decorators.dag` attribute is deprecated. Please use `'airflow.sdk.dag'`.","category":"DeprecatedImportWarning","filename":"/opt/airflow/dags/branch_pipeline.py","lineno":1,"logger":"py.warnings"}
{"timestamp":"2026-02-08T04:15:34.648411Z","level":"warning","event":"The `airflow.decorators.task` attribute is deprecated. Please use `'airflow.sdk.task'`.","category":"DeprecatedImportWarning","filename":"/opt/airflow/dags/branch_pipeline.py","lineno":1,"logger":"py.warnings"}
{"timestamp":"2026-02-08T04:15:34.648490Z","level":"warning","event":"The `airflow.operators.python.BranchPythonOperator` attribute is deprecated. Please use `'airflow.providers.standard.operators.python.BranchPythonOperator'`.","category":"DeprecatedImportWarning","filename":"/opt/airflow/dags/branch_pipeline.py","lineno":2,"logger":"py.warnings"}
{"timestamp":"2026-02-08T04:15:34.648541Z","level":"warning","event":"The `airflow.operators.bash.BashOperator` attribute is deprecated. Please use `'airflow.providers.standard.operators.bash.BashOperator'`.","category":"DeprecatedImportWarning","filename":"/opt/airflow/dags/branch_pipeline.py","lineno":3,"logger":"py.warnings"}
{"timestamp":"2026-02-08T04:16:06.376708Z","level":"info","event":"Filling up the DagBag from /opt/airflow/dags/branch_pipeline.py","logger":"airflow.models.dagbag.BundleDagBag","filename":"dagbag.py","lineno":593}
{"timestamp":"2026-02-08T04:16:06.437253Z","level":"warning","event":"The `airflow.decorators.dag` attribute is deprecated. Please use `'airflow.sdk.dag'`.","category":"DeprecatedImportWarning","filename":"/opt/airflow/dags/branch_pipeline.py","lineno":1,"logger":"py.warnings"}
{"timestamp":"2026-02-08T04:16:06.437485Z","level":"warning","event":"The `airflow.decorators.task` attribute is deprecated. Please use `'airflow.sdk.task'`.","category":"DeprecatedImportWarning","filename":"/opt/airflow/dags/branch_pipeline.py","lineno":1,"logger":"py.warnings"}
{"timestamp":"2026-02-08T04:16:06.437561Z","level":"warning","event":"The `airflow.operators.python.BranchPythonOperator` attribute is deprecated. Please use `'airflow.providers.standard.operators.python.BranchPythonOperator'`.","category":"DeprecatedImportWarning","filename":"/opt/airflow/dags/branch_pipeline.py","lineno":2,"logger":"py.warnings"}
{"timestamp":"2026-02-08T04:16:06.437609Z","level":"warning","event":"The `airflow.operators.bash.BashOperator` attribute is deprecated. Please use `'airflow.providers.standard.operators.bash.BashOperator'`.","category":"DeprecatedImportWarning","filename":"/opt/airflow/dags/branch_pipeline.py","lineno":3,"logger":"py.warnings"}
{"timestamp":"2026-02-08T04:16:37.962907Z","level":"info","event":"Filling up the DagBag from /opt/airflow/dags/branch_pipeline.py","logger":"airflow.models.dagbag.BundleDagBag","filename":"dagbag.py","lineno":593}
{"timestamp":"2026-02-08T04:16:38.023779Z","level":"warning","event":"The `airflow.decorators.dag` attribute is deprecated. Please use `'airflow.sdk.dag'`.","category":"DeprecatedImportWarning","filename":"/opt/airflow/dags/branch_pipeline.py","lineno":1,"logger":"py.warnings"}
{"timestamp":"2026-02-08T04:16:38.024065Z","level":"warning","event":"The `airflow.decorators.task` attribute is deprecated. Please use `'airflow.sdk.task'`.","category":"DeprecatedImportWarning","filename":"/opt/airflow/dags/branch_pipeline.py","lineno":1,"logger":"py.warnings"}
{"timestamp":"2026-02-08T04:16:38.024139Z","level":"warning","event":"The `airflow.operators.python.BranchPythonOperator` attribute is deprecated. Please use `'airflow.providers.standard.operators.python.BranchPythonOperator'`.","category":"DeprecatedImportWarning","filename":"/opt/airflow/dags/branch_pipeline.py","lineno":2,"logger":"py.warnings"}
{"timestamp":"2026-02-08T04:16:38.024357Z","level":"warning","event":"The `airflow.operators.bash.BashOperator` attribute is deprecated. Please use `'airflow.providers.standard.operators.bash.BashOperator'`.","category":"DeprecatedImportWarning","filename":"/opt/airflow/dags/branch_pipeline.py","lineno":3,"logger":"py.warnings"}
{"timestamp":"2026-02-08T04:17:08.600984Z","level":"info","event":"Filling up the DagBag from /opt/airflow/dags/branch_pipeline.py","logger":"airflow.models.dagbag.BundleDagBag","filename":"dagbag.py","lineno":593}
{"timestamp":"2026-02-08T04:17:08.670814Z","level":"warning","event":"The `airflow.decorators.dag` attribute is deprecated. Please use `'airflow.sdk.dag'`.","category":"DeprecatedImportWarning","filename":"/opt/airflow/dags/branch_pipeline.py","lineno":1,"logger":"py.warnings"}
{"timestamp":"2026-02-08T04:17:08.671207Z","level":"warning","event":"The `airflow.decorators.task` attribute is deprecated. Please use `'airflow.sdk.task'`.","category":"DeprecatedImportWarning","filename":"/opt/airflow/dags/branch_pipeline.py","lineno":1,"logger":"py.warnings"}
{"timestamp":"2026-02-08T04:17:08.671433Z","level":"warning","event":"The `airflow.operators.python.BranchPythonOperator` attribute is deprecated. Please use `'airflow.providers.standard.operators.python.BranchPythonOperator'`.","category":"DeprecatedImportWarning","filename":"/opt/airflow/dags/branch_pipeline.py","lineno":2,"logger":"py.warnings"}
{"timestamp":"2026-02-08T04:17:08.671660Z","level":"warning","event":"The `airflow.operators.bash.BashOperator` attribute is deprecated. Please use `'airflow.providers.standard.operators.bash.BashOperator'`.","category":"DeprecatedImportWarning","filename":"/opt/airflow/dags/branch_pipeline.py","lineno":3,"logger":"py.warnings"}
{"timestamp":"2026-02-08T04:17:38.823772Z","level":"info","event":"Filling up the DagBag from /opt/airflow/dags/branch_pipeline.py","logger":"airflow.models.dagbag.BundleDagBag","filename":"dagbag.py","lineno":593}
{"timestamp":"2026-02-08T04:17:38.864304Z","level":"warning","event":"The `airflow.decorators.dag` attribute is deprecated. Please use `'airflow.sdk.dag'`.","category":"DeprecatedImportWarning","filename":"/opt/airflow/dags/branch_pipeline.py","lineno":1,"logger":"py.warnings"}
{"timestamp":"2026-02-08T04:17:38.864499Z","level":"warning","event":"The `airflow.decorators.task` attribute is deprecated. Please use `'airflow.sdk.task'`.","category":"DeprecatedImportWarning","filename":"/opt/airflow/dags/branch_pipeline.py","lineno":1,"logger":"py.warnings"}
{"timestamp":"2026-02-08T04:17:38.864568Z","level":"warning","event":"The `airflow.operators.python.BranchPythonOperator` attribute is deprecated. Please use `'airflow.providers.standard.operators.python.BranchPythonOperator'`.","category":"DeprecatedImportWarning","filename":"/opt/airflow/dags/branch_pipeline.py","lineno":2,"logger":"py.warnings"}
{"timestamp":"2026-02-08T04:17:38.864623Z","level":"warning","event":"The `airflow.operators.bash.BashOperator` attribute is deprecated. Please use `'airflow.providers.standard.operators.bash.BashOperator'`.","category":"DeprecatedImportWarning","filename":"/opt/airflow/dags/branch_pipeline.py","lineno":3,"logger":"py.warnings"}
{"timestamp":"2026-02-08T04:18:11.174530Z","level":"info","event":"Filling up the DagBag from /opt/airflow/dags/branch_pipeline.py","logger":"airflow.models.dagbag.BundleDagBag","filename":"dagbag.py","lineno":593}
{"timestamp":"2026-02-08T04:18:11.235172Z","level":"warning","event":"The `airflow.decorators.dag` attribute is deprecated. Please use `'airflow.sdk.dag'`.","category":"DeprecatedImportWarning","filename":"/opt/airflow/dags/branch_pipeline.py","lineno":1,"logger":"py.warnings"}
{"timestamp":"2026-02-08T04:18:11.235400Z","level":"warning","event":"The `airflow.decorators.task` attribute is deprecated. Please use `'airflow.sdk.task'`.","category":"DeprecatedImportWarning","filename":"/opt/airflow/dags/branch_pipeline.py","lineno":1,"logger":"py.warnings"}
{"timestamp":"2026-02-08T04:18:11.235484Z","level":"warning","event":"The `airflow.operators.python.BranchPythonOperator` attribute is deprecated. Please use `'airflow.providers.standard.operators.python.BranchPythonOperator'`.","category":"DeprecatedImportWarning","filename":"/opt/airflow/dags/branch_pipeline.py","lineno":2,"logger":"py.warnings"}
{"timestamp":"2026-02-08T04:18:11.235539Z","level":"warning","event":"The `airflow.operators.bash.BashOperator` attribute is deprecated. Please use `'airflow.providers.standard.operators.bash.BashOperator'`.","category":"DeprecatedImportWarning","filename":"/opt/airflow/dags/branch_pipeline.py","lineno":3,"logger":"py.warnings"}
{"timestamp":"2026-02-08T04:18:42.812307Z","level":"info","event":"Filling up the DagBag from /opt/airflow/dags/branch_pipeline.py","logger":"airflow.models.dagbag.BundleDagBag","filename":"dagbag.py","lineno":593}
{"timestamp":"2026-02-08T04:18:42.865469Z","level":"warning","event":"The `airflow.decorators.dag` attribute is deprecated. Please use `'airflow.sdk.dag'`.","category":"DeprecatedImportWarning","filename":"/opt/airflow/dags/branch_pipeline.py","lineno":1,"logger":"py.warnings"}
{"timestamp":"2026-02-08T04:18:42.865634Z","level":"warning","event":"The `airflow.decorators.task` attribute is deprecated. Please use `'airflow.sdk.task'`.","category":"DeprecatedImportWarning","filename":"/opt/airflow/dags/branch_pipeline.py","lineno":1,"logger":"py.warnings"}
{"timestamp":"2026-02-08T04:18:42.865698Z","level":"warning","event":"The `airflow.operators.python.BranchPythonOperator` attribute is deprecated. Please use `'airflow.providers.standard.operators.python.BranchPythonOperator'`.","category":"DeprecatedImportWarning","filename":"/opt/airflow/dags/branch_pipeline.py","lineno":2,"logger":"py.warnings"}
{"timestamp":"2026-02-08T04:18:42.865744Z","level":"warning","event":"The `airflow.operators.bash.BashOperator` attribute is deprecated. Please use `'airflow.providers.standard.operators.bash.BashOperator'`.","category":"DeprecatedImportWarning","filename":"/opt/airflow/dags/branch_pipeline.py","lineno":3,"logger":"py.warnings"}
{"timestamp":"2026-02-08T04:19:14.358744Z","level":"info","event":"Filling up the DagBag from /opt/airflow/dags/branch_pipeline.py","logger":"airflow.models.dagbag.BundleDagBag","filename":"dagbag.py","lineno":593}
{"timestamp":"2026-02-08T04:19:14.437498Z","level":"warning","event":"The `airflow.decorators.dag` attribute is deprecated. Please use `'airflow.sdk.dag'`.","category":"DeprecatedImportWarning","filename":"/opt/airflow/dags/branch_pipeline.py","lineno":1,"logger":"py.warnings"}
{"timestamp":"2026-02-08T04:19:14.437831Z","level":"warning","event":"The `airflow.decorators.task` attribute is deprecated. Please use `'airflow.sdk.task'`.","category":"DeprecatedImportWarning","filename":"/opt/airflow/dags/branch_pipeline.py","lineno":1,"logger":"py.warnings"}
{"timestamp":"2026-02-08T04:19:14.437977Z","level":"warning","event":"The `airflow.operators.python.BranchPythonOperator` attribute is deprecated. Please use `'airflow.providers.standard.operators.python.BranchPythonOperator'`.","category":"DeprecatedImportWarning","filename":"/opt/airflow/dags/branch_pipeline.py","lineno":2,"logger":"py.warnings"}
{"timestamp":"2026-02-08T04:19:14.438264Z","level":"warning","event":"The `airflow.operators.bash.BashOperator` attribute is deprecated. Please use `'airflow.providers.standard.operators.bash.BashOperator'`.","category":"DeprecatedImportWarning","filename":"/opt/airflow/dags/branch_pipeline.py","lineno":3,"logger":"py.warnings"}
{"timestamp":"2026-02-08T04:19:45.064630Z","level":"info","event":"Filling up the DagBag from /opt/airflow/dags/branch_pipeline.py","logger":"airflow.models.dagbag.BundleDagBag","filename":"dagbag.py","lineno":593}
{"timestamp":"2026-02-08T04:19:45.113505Z","level":"warning","event":"The `airflow.decorators.dag` attribute is deprecated. Please use `'airflow.sdk.dag'`.","category":"DeprecatedImportWarning","filename":"/opt/airflow/dags/branch_pipeline.py","lineno":1,"logger":"py.warnings"}
{"timestamp":"2026-02-08T04:19:45.114045Z","level":"warning","event":"The `airflow.decorators.task` attribute is deprecated. Please use `'airflow.sdk.task'`.","category":"DeprecatedImportWarning","filename":"/opt/airflow/dags/branch_pipeline.py","lineno":1,"logger":"py.warnings"}
{"timestamp":"2026-02-08T04:19:45.114494Z","level":"warning","event":"The `airflow.operators.python.BranchPythonOperator` attribute is deprecated. Please use `'airflow.providers.standard.operators.python.BranchPythonOperator'`.","category":"DeprecatedImportWarning","filename":"/opt/airflow/dags/branch_pipeline.py","lineno":2,"logger":"py.warnings"}
{"timestamp":"2026-02-08T04:19:45.114633Z","level":"warning","event":"The `airflow.operators.bash.BashOperator` attribute is deprecated. Please use `'airflow.providers.standard.operators.bash.BashOperator'`.","category":"DeprecatedImportWarning","filename":"/opt/airflow/dags/branch_pipeline.py","lineno":3,"logger":"py.warnings"}
{"timestamp":"2026-02-08T04:20:16.725438Z","level":"info","event":"Filling up the DagBag from /opt/airflow/dags/branch_pipeline.py","logger":"airflow.models.dagbag.BundleDagBag","filename":"dagbag.py","lineno":593}
{"timestamp":"2026-02-08T04:20:16.800542Z","level":"warning","event":"The `airflow.decorators.dag` attribute is deprecated. Please use `'airflow.sdk.dag'`.","category":"DeprecatedImportWarning","filename":"/opt/airflow/dags/branch_pipeline.py","lineno":1,"logger":"py.warnings"}
{"timestamp":"2026-02-08T04:20:16.801179Z","level":"warning","event":"The `airflow.decorators.task` attribute is deprecated. Please use `'airflow.sdk.task'`.","category":"DeprecatedImportWarning","filename":"/opt/airflow/dags/branch_pipeline.py","lineno":1,"logger":"py.warnings"}
{"timestamp":"2026-02-08T04:20:16.801948Z","level":"warning","event":"The `airflow.operators.python.BranchPythonOperator` attribute is deprecated. Please use `'airflow.providers.standard.operators.python.BranchPythonOperator'`.","category":"DeprecatedImportWarning","filename":"/opt/airflow/dags/branch_pipeline.py","lineno":2,"logger":"py.warnings"}
{"timestamp":"2026-02-08T04:20:16.802150Z","level":"warning","event":"The `airflow.operators.bash.BashOperator` attribute is deprecated. Please use `'airflow.providers.standard.operators.bash.BashOperator'`.","category":"DeprecatedImportWarning","filename":"/opt/airflow/dags/branch_pipeline.py","lineno":3,"logger":"py.warnings"}
{"timestamp":"2026-02-08T04:20:48.398055Z","level":"info","event":"Filling up the DagBag from /opt/airflow/dags/branch_pipeline.py","logger":"airflow.models.dagbag.BundleDagBag","filename":"dagbag.py","lineno":593}
{"timestamp":"2026-02-08T04:20:48.448680Z","level":"warning","event":"The `airflow.decorators.dag` attribute is deprecated. Please use `'airflow.sdk.dag'`.","category":"DeprecatedImportWarning","filename":"/opt/airflow/dags/branch_pipeline.py","lineno":1,"logger":"py.warnings"}
{"timestamp":"2026-02-08T04:20:48.448897Z","level":"warning","event":"The `airflow.decorators.task` attribute is deprecated. Please use `'airflow.sdk.task'`.","category":"DeprecatedImportWarning","filename":"/opt/airflow/dags/branch_pipeline.py","lineno":1,"logger":"py.warnings"}
{"timestamp":"2026-02-08T04:20:48.448975Z","level":"warning","event":"The `airflow.operators.python.BranchPythonOperator` attribute is deprecated. Please use `'airflow.providers.standard.operators.python.BranchPythonOperator'`.","category":"DeprecatedImportWarning","filename":"/opt/airflow/dags/branch_pipeline.py","lineno":2,"logger":"py.warnings"}
{"timestamp":"2026-02-08T04:20:48.449024Z","level":"warning","event":"The `airflow.operators.bash.BashOperator` attribute is deprecated. Please use `'airflow.providers.standard.operators.bash.BashOperator'`.","category":"DeprecatedImportWarning","filename":"/opt/airflow/dags/branch_pipeline.py","lineno":3,"logger":"py.warnings"}
{"timestamp":"2026-02-08T04:21:19.895045Z","level":"info","event":"Filling up the DagBag from /opt/airflow/dags/branch_pipeline.py","logger":"airflow.models.dagbag.BundleDagBag","filename":"dagbag.py","lineno":593}
{"timestamp":"2026-02-08T04:21:19.942832Z","level":"warning","event":"The `airflow.decorators.dag` attribute is deprecated. Please use `'airflow.sdk.dag'`.","category":"DeprecatedImportWarning","filename":"/opt/airflow/dags/branch_pipeline.py","lineno":1,"logger":"py.warnings"}
{"timestamp":"2026-02-08T04:21:19.942986Z","level":"warning","event":"The `airflow.decorators.task` attribute is deprecated. Please use `'airflow.sdk.task'`.","category":"DeprecatedImportWarning","filename":"/opt/airflow/dags/branch_pipeline.py","lineno":1,"logger":"py.warnings"}
{"timestamp":"2026-02-08T04:21:19.943048Z","level":"warning","event":"The `airflow.operators.python.BranchPythonOperator` attribute is deprecated. Please use `'airflow.providers.standard.operators.python.BranchPythonOperator'`.","category":"DeprecatedImportWarning","filename":"/opt/airflow/dags/branch_pipeline.py","lineno":2,"logger":"py.warnings"}
{"timestamp":"2026-02-08T04:21:19.943092Z","level":"warning","event":"The `airflow.operators.bash.BashOperator` attribute is deprecated. Please use `'airflow.providers.standard.operators.bash.BashOperator'`.","category":"DeprecatedImportWarning","filename":"/opt/airflow/dags/branch_pipeline.py","lineno":3,"logger":"py.warnings"}
{"timestamp":"2026-02-08T04:21:50.621706Z","level":"info","event":"Filling up the DagBag from /opt/airflow/dags/branch_pipeline.py","logger":"airflow.models.dagbag.BundleDagBag","filename":"dagbag.py","lineno":593}
{"timestamp":"2026-02-08T04:21:50.686590Z","level":"warning","event":"The `airflow.decorators.dag` attribute is deprecated. Please use `'airflow.sdk.dag'`.","category":"DeprecatedImportWarning","filename":"/opt/airflow/dags/branch_pipeline.py","lineno":1,"logger":"py.warnings"}
{"timestamp":"2026-02-08T04:21:50.686919Z","level":"warning","event":"The `airflow.decorators.task` attribute is deprecated. Please use `'airflow.sdk.task'`.","category":"DeprecatedImportWarning","filename":"/opt/airflow/dags/branch_pipeline.py","lineno":1,"logger":"py.warnings"}
{"timestamp":"2026-02-08T04:21:50.687062Z","level":"warning","event":"The `airflow.operators.python.BranchPythonOperator` attribute is deprecated. Please use `'airflow.providers.standard.operators.python.BranchPythonOperator'`.","category":"DeprecatedImportWarning","filename":"/opt/airflow/dags/branch_pipeline.py","lineno":2,"logger":"py.warnings"}
{"timestamp":"2026-02-08T04:21:50.687150Z","level":"warning","event":"The `airflow.operators.bash.BashOperator` attribute is deprecated. Please use `'airflow.providers.standard.operators.bash.BashOperator'`.","category":"DeprecatedImportWarning","filename":"/opt/airflow/dags/branch_pipeline.py","lineno":3,"logger":"py.warnings"}
{"timestamp":"2026-02-08T04:22:21.594573Z","level":"info","event":"Filling up the DagBag from /opt/airflow/dags/branch_pipeline.py","logger":"airflow.models.dagbag.BundleDagBag","filename":"dagbag.py","lineno":593}
{"timestamp":"2026-02-08T04:22:21.639883Z","level":"warning","event":"The `airflow.decorators.dag` attribute is deprecated. Please use `'airflow.sdk.dag'`.","category":"DeprecatedImportWarning","filename":"/opt/airflow/dags/branch_pipeline.py","lineno":1,"logger":"py.warnings"}
{"timestamp":"2026-02-08T04:22:21.640061Z","level":"warning","event":"The `airflow.decorators.task` attribute is deprecated. Please use `'airflow.sdk.task'`.","category":"DeprecatedImportWarning","filename":"/opt/airflow/dags/branch_pipeline.py","lineno":1,"logger":"py.warnings"}
{"timestamp":"2026-02-08T04:22:21.640795Z","level":"warning","event":"The `airflow.operators.python.BranchPythonOperator` attribute is deprecated. Please use `'airflow.providers.standard.operators.python.BranchPythonOperator'`.","category":"DeprecatedImportWarning","filename":"/opt/airflow/dags/branch_pipeline.py","lineno":2,"logger":"py.warnings"}
{"timestamp":"2026-02-08T04:22:21.641117Z","level":"warning","event":"The `airflow.operators.bash.BashOperator` attribute is deprecated. Please use `'airflow.providers.standard.operators.bash.BashOperator'`.","category":"DeprecatedImportWarning","filename":"/opt/airflow/dags/branch_pipeline.py","lineno":3,"logger":"py.warnings"}
{"timestamp":"2026-02-08T04:22:53.175924Z","level":"info","event":"Filling up the DagBag from /opt/airflow/dags/branch_pipeline.py","logger":"airflow.models.dagbag.BundleDagBag","filename":"dagbag.py","lineno":593}
{"timestamp":"2026-02-08T04:22:53.260908Z","level":"warning","event":"The `airflow.decorators.dag` attribute is deprecated. Please use `'airflow.sdk.dag'`.","category":"DeprecatedImportWarning","filename":"/opt/airflow/dags/branch_pipeline.py","lineno":1,"logger":"py.warnings"}
{"timestamp":"2026-02-08T04:22:53.261202Z","level":"warning","event":"The `airflow.decorators.task` attribute is deprecated. Please use `'airflow.sdk.task'`.","category":"DeprecatedImportWarning","filename":"/opt/airflow/dags/branch_pipeline.py","lineno":1,"logger":"py.warnings"}
{"timestamp":"2026-02-08T04:22:53.261337Z","level":"warning","event":"The `airflow.operators.python.BranchPythonOperator` attribute is deprecated. Please use `'airflow.providers.standard.operators.python.BranchPythonOperator'`.","category":"DeprecatedImportWarning","filename":"/opt/airflow/dags/branch_pipeline.py","lineno":2,"logger":"py.warnings"}
{"timestamp":"2026-02-08T04:22:53.261404Z","level":"warning","event":"The `airflow.operators.bash.BashOperator` attribute is deprecated. Please use `'airflow.providers.standard.operators.bash.BashOperator'`.","category":"DeprecatedImportWarning","filename":"/opt/airflow/dags/branch_pipeline.py","lineno":3,"logger":"py.warnings"}
{"timestamp":"2026-02-08T04:23:24.212864Z","level":"info","event":"Filling up the DagBag from /opt/airflow/dags/branch_pipeline.py","logger":"airflow.models.dagbag.BundleDagBag","filename":"dagbag.py","lineno":593}
{"timestamp":"2026-02-08T04:23:24.267426Z","level":"warning","event":"The `airflow.decorators.dag` attribute is deprecated. Please use `'airflow.sdk.dag'`.","category":"DeprecatedImportWarning","filename":"/opt/airflow/dags/branch_pipeline.py","lineno":1,"logger":"py.warnings"}
{"timestamp":"2026-02-08T04:23:24.267559Z","level":"warning","event":"The `airflow.decorators.task` attribute is deprecated. Please use `'airflow.sdk.task'`.","category":"DeprecatedImportWarning","filename":"/opt/airflow/dags/branch_pipeline.py","lineno":1,"logger":"py.warnings"}
{"timestamp":"2026-02-08T04:23:24.267614Z","level":"warning","event":"The `airflow.operators.python.BranchPythonOperator` attribute is deprecated. Please use `'airflow.providers.standard.operators.python.BranchPythonOperator'`.","category":"DeprecatedImportWarning","filename":"/opt/airflow/dags/branch_pipeline.py","lineno":2,"logger":"py.warnings"}
{"timestamp":"2026-02-08T04:23:24.267657Z","level":"warning","event":"The `airflow.operators.bash.BashOperator` attribute is deprecated. Please use `'airflow.providers.standard.operators.bash.BashOperator'`.","category":"DeprecatedImportWarning","filename":"/opt/airflow/dags/branch_pipeline.py","lineno":3,"logger":"py.warnings"}
{"timestamp":"2026-02-08T04:23:55.787913Z","level":"info","event":"Filling up the DagBag from /opt/airflow/dags/branch_pipeline.py","logger":"airflow.models.dagbag.BundleDagBag","filename":"dagbag.py","lineno":593}
{"timestamp":"2026-02-08T04:23:55.837205Z","level":"warning","event":"The `airflow.decorators.dag` attribute is deprecated. Please use `'airflow.sdk.dag'`.","category":"DeprecatedImportWarning","filename":"/opt/airflow/dags/branch_pipeline.py","lineno":1,"logger":"py.warnings"}
{"timestamp":"2026-02-08T04:23:55.837382Z","level":"warning","event":"The `airflow.decorators.task` attribute is deprecated. Please use `'airflow.sdk.task'`.","category":"DeprecatedImportWarning","filename":"/opt/airflow/dags/branch_pipeline.py","lineno":1,"logger":"py.warnings"}
{"timestamp":"2026-02-08T04:23:55.837453Z","level":"warning","event":"The `airflow.operators.python.BranchPythonOperator` attribute is deprecated. Please use `'airflow.providers.standard.operators.python.BranchPythonOperator'`.","category":"DeprecatedImportWarning","filename":"/opt/airflow/dags/branch_pipeline.py","lineno":2,"logger":"py.warnings"}
{"timestamp":"2026-02-08T04:23:55.837499Z","level":"warning","event":"The `airflow.operators.bash.BashOperator` attribute is deprecated. Please use `'airflow.providers.standard.operators.bash.BashOperator'`.","category":"DeprecatedImportWarning","filename":"/opt/airflow/dags/branch_pipeline.py","lineno":3,"logger":"py.warnings"}
{"timestamp":"2026-02-08T04:24:27.353484Z","level":"info","event":"Filling up the DagBag from /opt/airflow/dags/branch_pipeline.py","logger":"airflow.models.dagbag.BundleDagBag","filename":"dagbag.py","lineno":593}
{"timestamp":"2026-02-08T04:24:27.396937Z","level":"warning","event":"The `airflow.decorators.dag` attribute is deprecated. Please use `'airflow.sdk.dag'`.","category":"DeprecatedImportWarning","filename":"/opt/airflow/dags/branch_pipeline.py","lineno":1,"logger":"py.warnings"}
{"timestamp":"2026-02-08T04:24:27.397113Z","level":"warning","event":"The `airflow.decorators.task` attribute is deprecated. Please use `'airflow.sdk.task'`.","category":"DeprecatedImportWarning","filename":"/opt/airflow/dags/branch_pipeline.py","lineno":1,"logger":"py.warnings"}
{"timestamp":"2026-02-08T04:24:27.397179Z","level":"warning","event":"The `airflow.operators.python.BranchPythonOperator` attribute is deprecated. Please use `'airflow.providers.standard.operators.python.BranchPythonOperator'`.","category":"DeprecatedImportWarning","filename":"/opt/airflow/dags/branch_pipeline.py","lineno":2,"logger":"py.warnings"}
{"timestamp":"2026-02-08T04:24:27.397225Z","level":"warning","event":"The `airflow.operators.bash.BashOperator` attribute is deprecated. Please use `'airflow.providers.standard.operators.bash.BashOperator'`.","category":"DeprecatedImportWarning","filename":"/opt/airflow/dags/branch_pipeline.py","lineno":3,"logger":"py.warnings"}
{"timestamp":"2026-02-08T04:24:58.968132Z","level":"info","event":"Filling up the DagBag from /opt/airflow/dags/branch_pipeline.py","logger":"airflow.models.dagbag.BundleDagBag","filename":"dagbag.py","lineno":593}
{"timestamp":"2026-02-08T04:24:59.012684Z","level":"warning","event":"The `airflow.decorators.dag` attribute is deprecated. Please use `'airflow.sdk.dag'`.","category":"DeprecatedImportWarning","filename":"/opt/airflow/dags/branch_pipeline.py","lineno":1,"logger":"py.warnings"}
{"timestamp":"2026-02-08T04:24:59.012868Z","level":"warning","event":"The `airflow.decorators.task` attribute is deprecated. Please use `'airflow.sdk.task'`.","category":"DeprecatedImportWarning","filename":"/opt/airflow/dags/branch_pipeline.py","lineno":1,"logger":"py.warnings"}
{"timestamp":"2026-02-08T04:24:59.012949Z","level":"warning","event":"The `airflow.operators.python.BranchPythonOperator` attribute is deprecated. Please use `'airflow.providers.standard.operators.python.BranchPythonOperator'`.","category":"DeprecatedImportWarning","filename":"/opt/airflow/dags/branch_pipeline.py","lineno":2,"logger":"py.warnings"}
{"timestamp":"2026-02-08T04:24:59.012998Z","level":"warning","event":"The `airflow.operators.bash.BashOperator` attribute is deprecated. Please use `'airflow.providers.standard.operators.bash.BashOperator'`.","category":"DeprecatedImportWarning","filename":"/opt/airflow/dags/branch_pipeline.py","lineno":3,"logger":"py.warnings"}
{"timestamp":"2026-02-08T04:25:29.685775Z","level":"info","event":"Filling up the DagBag from /opt/airflow/dags/branch_pipeline.py","logger":"airflow.models.dagbag.BundleDagBag","filename":"dagbag.py","lineno":593}
{"timestamp":"2026-02-08T04:25:29.734945Z","level":"warning","event":"The `airflow.decorators.dag` attribute is deprecated. Please use `'airflow.sdk.dag'`.","category":"DeprecatedImportWarning","filename":"/opt/airflow/dags/branch_pipeline.py","lineno":1,"logger":"py.warnings"}
{"timestamp":"2026-02-08T04:25:29.735114Z","level":"warning","event":"The `airflow.decorators.task` attribute is deprecated. Please use `'airflow.sdk.task'`.","category":"DeprecatedImportWarning","filename":"/opt/airflow/dags/branch_pipeline.py","lineno":1,"logger":"py.warnings"}
{"timestamp":"2026-02-08T04:25:29.735179Z","level":"warning","event":"The `airflow.operators.python.BranchPythonOperator` attribute is deprecated. Please use `'airflow.providers.standard.operators.python.BranchPythonOperator'`.","category":"DeprecatedImportWarning","filename":"/opt/airflow/dags/branch_pipeline.py","lineno":2,"logger":"py.warnings"}
{"timestamp":"2026-02-08T04:25:29.735225Z","level":"warning","event":"The `airflow.operators.bash.BashOperator` attribute is deprecated. Please use `'airflow.providers.standard.operators.bash.BashOperator'`.","category":"DeprecatedImportWarning","filename":"/opt/airflow/dags/branch_pipeline.py","lineno":3,"logger":"py.warnings"}
{"timestamp":"2026-02-08T04:26:01.255758Z","level":"info","event":"Filling up the DagBag from /opt/airflow/dags/branch_pipeline.py","logger":"airflow.models.dagbag.BundleDagBag","filename":"dagbag.py","lineno":593}
{"timestamp":"2026-02-08T04:26:01.301624Z","level":"warning","event":"The `airflow.decorators.dag` attribute is deprecated. Please use `'airflow.sdk.dag'`.","category":"DeprecatedImportWarning","filename":"/opt/airflow/dags/branch_pipeline.py","lineno":1,"logger":"py.warnings"}
{"timestamp":"2026-02-08T04:26:01.301839Z","level":"warning","event":"The `airflow.decorators.task` attribute is deprecated. Please use `'airflow.sdk.task'`.","category":"DeprecatedImportWarning","filename":"/opt/airflow/dags/branch_pipeline.py","lineno":1,"logger":"py.warnings"}
{"timestamp":"2026-02-08T04:26:01.301906Z","level":"warning","event":"The `airflow.operators.python.BranchPythonOperator` attribute is deprecated. Please use `'airflow.providers.standard.operators.python.BranchPythonOperator'`.","category":"DeprecatedImportWarning","filename":"/opt/airflow/dags/branch_pipeline.py","lineno":2,"logger":"py.warnings"}
{"timestamp":"2026-02-08T04:26:01.301953Z","level":"warning","event":"The `airflow.operators.bash.BashOperator` attribute is deprecated. Please use `'airflow.providers.standard.operators.bash.BashOperator'`.","category":"DeprecatedImportWarning","filename":"/opt/airflow/dags/branch_pipeline.py","lineno":3,"logger":"py.warnings"}
{"timestamp":"2026-02-08T04:26:32.957100Z","level":"info","event":"Filling up the DagBag from /opt/airflow/dags/branch_pipeline.py","logger":"airflow.models.dagbag.BundleDagBag","filename":"dagbag.py","lineno":593}
{"timestamp":"2026-02-08T04:26:33.019150Z","level":"warning","event":"The `airflow.decorators.dag` attribute is deprecated. Please use `'airflow.sdk.dag'`.","category":"DeprecatedImportWarning","filename":"/opt/airflow/dags/branch_pipeline.py","lineno":1,"logger":"py.warnings"}
{"timestamp":"2026-02-08T04:26:33.019398Z","level":"warning","event":"The `airflow.decorators.task` attribute is deprecated. Please use `'airflow.sdk.task'`.","category":"DeprecatedImportWarning","filename":"/opt/airflow/dags/branch_pipeline.py","lineno":1,"logger":"py.warnings"}
{"timestamp":"2026-02-08T04:26:33.019510Z","level":"warning","event":"The `airflow.operators.python.BranchPythonOperator` attribute is deprecated. Please use `'airflow.providers.standard.operators.python.BranchPythonOperator'`.","category":"DeprecatedImportWarning","filename":"/opt/airflow/dags/branch_pipeline.py","lineno":2,"logger":"py.warnings"}
{"timestamp":"2026-02-08T04:26:33.019593Z","level":"warning","event":"The `airflow.operators.bash.BashOperator` attribute is deprecated. Please use `'airflow.providers.standard.operators.bash.BashOperator'`.","category":"DeprecatedImportWarning","filename":"/opt/airflow/dags/branch_pipeline.py","lineno":3,"logger":"py.warnings"}
{"timestamp":"2026-02-08T04:27:03.761100Z","level":"info","event":"Filling up the DagBag from /opt/airflow/dags/branch_pipeline.py","logger":"airflow.models.dagbag.BundleDagBag","filename":"dagbag.py","lineno":593}
{"timestamp":"2026-02-08T04:27:03.844027Z","level":"warning","event":"The `airflow.decorators.dag` attribute is deprecated. Please use `'airflow.sdk.dag'`.","category":"DeprecatedImportWarning","filename":"/opt/airflow/dags/branch_pipeline.py","lineno":1,"logger":"py.warnings"}
{"timestamp":"2026-02-08T04:27:03.844978Z","level":"warning","event":"The `airflow.decorators.task` attribute is deprecated. Please use `'airflow.sdk.task'`.","category":"DeprecatedImportWarning","filename":"/opt/airflow/dags/branch_pipeline.py","lineno":1,"logger":"py.warnings"}
{"timestamp":"2026-02-08T04:27:03.845172Z","level":"warning","event":"The `airflow.operators.python.BranchPythonOperator` attribute is deprecated. Please use `'airflow.providers.standard.operators.python.BranchPythonOperator'`.","category":"DeprecatedImportWarning","filename":"/opt/airflow/dags/branch_pipeline.py","lineno":2,"logger":"py.warnings"}
{"timestamp":"2026-02-08T04:27:03.845304Z","level":"warning","event":"The `airflow.operators.bash.BashOperator` attribute is deprecated. Please use `'airflow.providers.standard.operators.bash.BashOperator'`.","category":"DeprecatedImportWarning","filename":"/opt/airflow/dags/branch_pipeline.py","lineno":3,"logger":"py.warnings"}
{"timestamp":"2026-02-08T04:27:35.066992Z","level":"info","event":"Filling up the DagBag from /opt/airflow/dags/branch_pipeline.py","logger":"airflow.models.dagbag.BundleDagBag","filename":"dagbag.py","lineno":593}
{"timestamp":"2026-02-08T04:27:35.110903Z","level":"warning","event":"The `airflow.decorators.dag` attribute is deprecated. Please use `'airflow.sdk.dag'`.","category":"DeprecatedImportWarning","filename":"/opt/airflow/dags/branch_pipeline.py","lineno":1,"logger":"py.warnings"}
{"timestamp":"2026-02-08T04:27:35.111086Z","level":"warning","event":"The `airflow.decorators.task` attribute is deprecated. Please use `'airflow.sdk.task'`.","category":"DeprecatedImportWarning","filename":"/opt/airflow/dags/branch_pipeline.py","lineno":1,"logger":"py.warnings"}
{"timestamp":"2026-02-08T04:27:35.111155Z","level":"warning","event":"The `airflow.operators.python.BranchPythonOperator` attribute is deprecated. Please use `'airflow.providers.standard.operators.python.BranchPythonOperator'`.","category":"DeprecatedImportWarning","filename":"/opt/airflow/dags/branch_pipeline.py","lineno":2,"logger":"py.warnings"}
{"timestamp":"2026-02-08T04:27:35.111210Z","level":"warning","event":"The `airflow.operators.bash.BashOperator` attribute is deprecated. Please use `'airflow.providers.standard.operators.bash.BashOperator'`.","category":"DeprecatedImportWarning","filename":"/opt/airflow/dags/branch_pipeline.py","lineno":3,"logger":"py.warnings"}
{"timestamp":"2026-02-08T04:28:06.526985Z","level":"info","event":"Filling up the DagBag from /opt/airflow/dags/branch_pipeline.py","logger":"airflow.models.dagbag.BundleDagBag","filename":"dagbag.py","lineno":593}
{"timestamp":"2026-02-08T04:28:06.567481Z","level":"warning","event":"The `airflow.decorators.dag` attribute is deprecated. Please use `'airflow.sdk.dag'`.","category":"DeprecatedImportWarning","filename":"/opt/airflow/dags/branch_pipeline.py","lineno":1,"logger":"py.warnings"}
{"timestamp":"2026-02-08T04:28:06.567664Z","level":"warning","event":"The `airflow.decorators.task` attribute is deprecated. Please use `'airflow.sdk.task'`.","category":"DeprecatedImportWarning","filename":"/opt/airflow/dags/branch_pipeline.py","lineno":1,"logger":"py.warnings"}
{"timestamp":"2026-02-08T04:28:06.567731Z","level":"warning","event":"The `airflow.operators.python.BranchPythonOperator` attribute is deprecated. Please use `'airflow.providers.standard.operators.python.BranchPythonOperator'`.","category":"DeprecatedImportWarning","filename":"/opt/airflow/dags/branch_pipeline.py","lineno":2,"logger":"py.warnings"}
{"timestamp":"2026-02-08T04:28:06.567800Z","level":"warning","event":"The `airflow.operators.bash.BashOperator` attribute is deprecated. Please use `'airflow.providers.standard.operators.bash.BashOperator'`.","category":"DeprecatedImportWarning","filename":"/opt/airflow/dags/branch_pipeline.py","lineno":3,"logger":"py.warnings"}
{"timestamp":"2026-02-08T04:28:38.189600Z","level":"info","event":"Filling up the DagBag from /opt/airflow/dags/branch_pipeline.py","logger":"airflow.models.dagbag.BundleDagBag","filename":"dagbag.py","lineno":593}
{"timestamp":"2026-02-08T04:28:38.242371Z","level":"warning","event":"The `airflow.decorators.dag` attribute is deprecated. Please use `'airflow.sdk.dag'`.","category":"DeprecatedImportWarning","filename":"/opt/airflow/dags/branch_pipeline.py","lineno":1,"logger":"py.warnings"}
{"timestamp":"2026-02-08T04:28:38.242535Z","level":"warning","event":"The `airflow.decorators.task` attribute is deprecated. Please use `'airflow.sdk.task'`.","category":"DeprecatedImportWarning","filename":"/opt/airflow/dags/branch_pipeline.py","lineno":1,"logger":"py.warnings"}
{"timestamp":"2026-02-08T04:28:38.242622Z","level":"warning","event":"The `airflow.operators.python.BranchPythonOperator` attribute is deprecated. Please use `'airflow.providers.standard.operators.python.BranchPythonOperator'`.","category":"DeprecatedImportWarning","filename":"/opt/airflow/dags/branch_pipeline.py","lineno":2,"logger":"py.warnings"}
{"timestamp":"2026-02-08T04:28:38.242680Z","level":"warning","event":"The `airflow.operators.bash.BashOperator` attribute is deprecated. Please use `'airflow.providers.standard.operators.bash.BashOperator'`.","category":"DeprecatedImportWarning","filename":"/opt/airflow/dags/branch_pipeline.py","lineno":3,"logger":"py.warnings"}
{"timestamp":"2026-02-08T04:29:09.226329Z","level":"info","event":"Filling up the DagBag from /opt/airflow/dags/branch_pipeline.py","logger":"airflow.models.dagbag.BundleDagBag","filename":"dagbag.py","lineno":593}
{"timestamp":"2026-02-08T04:29:09.287579Z","level":"warning","event":"The `airflow.decorators.dag` attribute is deprecated. Please use `'airflow.sdk.dag'`.","category":"DeprecatedImportWarning","filename":"/opt/airflow/dags/branch_pipeline.py","lineno":1,"logger":"py.warnings"}
{"timestamp":"2026-02-08T04:29:09.287747Z","level":"warning","event":"The `airflow.decorators.task` attribute is deprecated. Please use `'airflow.sdk.task'`.","category":"DeprecatedImportWarning","filename":"/opt/airflow/dags/branch_pipeline.py","lineno":1,"logger":"py.warnings"}
{"timestamp":"2026-02-08T04:29:09.287814Z","level":"warning","event":"The `airflow.operators.python.BranchPythonOperator` attribute is deprecated. Please use `'airflow.providers.standard.operators.python.BranchPythonOperator'`.","category":"DeprecatedImportWarning","filename":"/opt/airflow/dags/branch_pipeline.py","lineno":2,"logger":"py.warnings"}
{"timestamp":"2026-02-08T04:29:09.287882Z","level":"warning","event":"The `airflow.operators.bash.BashOperator` attribute is deprecated. Please use `'airflow.providers.standard.operators.bash.BashOperator'`.","category":"DeprecatedImportWarning","filename":"/opt/airflow/dags/branch_pipeline.py","lineno":3,"logger":"py.warnings"}
{"timestamp":"2026-02-08T04:29:41.023446Z","level":"info","event":"Filling up the DagBag from /opt/airflow/dags/branch_pipeline.py","logger":"airflow.models.dagbag.BundleDagBag","filename":"dagbag.py","lineno":593}
{"timestamp":"2026-02-08T04:29:41.079772Z","level":"warning","event":"The `airflow.decorators.dag` attribute is deprecated. Please use `'airflow.sdk.dag'`.","category":"DeprecatedImportWarning","filename":"/opt/airflow/dags/branch_pipeline.py","lineno":1,"logger":"py.warnings"}
{"timestamp":"2026-02-08T04:29:41.079941Z","level":"warning","event":"The `airflow.decorators.task` attribute is deprecated. Please use `'airflow.sdk.task'`.","category":"DeprecatedImportWarning","filename":"/opt/airflow/dags/branch_pipeline.py","lineno":1,"logger":"py.warnings"}
{"timestamp":"2026-02-08T04:29:41.080011Z","level":"warning","event":"The `airflow.operators.python.BranchPythonOperator` attribute is deprecated. Please use `'airflow.providers.standard.operators.python.BranchPythonOperator'`.","category":"DeprecatedImportWarning","filename":"/opt/airflow/dags/branch_pipeline.py","lineno":2,"logger":"py.warnings"}
{"timestamp":"2026-02-08T04:29:41.080057Z","level":"warning","event":"The `airflow.operators.bash.BashOperator` attribute is deprecated. Please use `'airflow.providers.standard.operators.bash.BashOperator'`.","category":"DeprecatedImportWarning","filename":"/opt/airflow/dags/branch_pipeline.py","lineno":3,"logger":"py.warnings"}
{"timestamp":"2026-02-08T04:30:11.733381Z","level":"info","event":"Filling up the DagBag from /opt/airflow/dags/branch_pipeline.py","logger":"airflow.models.dagbag.BundleDagBag","filename":"dagbag.py","lineno":593}
{"timestamp":"2026-02-08T04:30:11.790334Z","level":"warning","event":"The `airflow.decorators.dag` attribute is deprecated. Please use `'airflow.sdk.dag'`.","category":"DeprecatedImportWarning","filename":"/opt/airflow/dags/branch_pipeline.py","lineno":1,"logger":"py.warnings"}
{"timestamp":"2026-02-08T04:30:11.790523Z","level":"warning","event":"The `airflow.decorators.task` attribute is deprecated. Please use `'airflow.sdk.task'`.","category":"DeprecatedImportWarning","filename":"/opt/airflow/dags/branch_pipeline.py","lineno":1,"logger":"py.warnings"}
{"timestamp":"2026-02-08T04:30:11.790610Z","level":"warning","event":"The `airflow.operators.python.BranchPythonOperator` attribute is deprecated. Please use `'airflow.providers.standard.operators.python.BranchPythonOperator'`.","category":"DeprecatedImportWarning","filename":"/opt/airflow/dags/branch_pipeline.py","lineno":2,"logger":"py.warnings"}
{"timestamp":"2026-02-08T04:30:11.790677Z","level":"warning","event":"The `airflow.operators.bash.BashOperator` attribute is deprecated. Please use `'airflow.providers.standard.operators.bash.BashOperator'`.","category":"DeprecatedImportWarning","filename":"/opt/airflow/dags/branch_pipeline.py","lineno":3,"logger":"py.warnings"}
{"timestamp":"2026-02-08T04:30:43.539347Z","level":"info","event":"Filling up the DagBag from /opt/airflow/dags/branch_pipeline.py","logger":"airflow.models.dagbag.BundleDagBag","filename":"dagbag.py","lineno":593}
{"timestamp":"2026-02-08T04:30:43.592175Z","level":"warning","event":"The `airflow.decorators.dag` attribute is deprecated. Please use `'airflow.sdk.dag'`.","category":"DeprecatedImportWarning","filename":"/opt/airflow/dags/branch_pipeline.py","lineno":1,"logger":"py.warnings"}
{"timestamp":"2026-02-08T04:30:43.592514Z","level":"warning","event":"The `airflow.decorators.task` attribute is deprecated. Please use `'airflow.sdk.task'`.","category":"DeprecatedImportWarning","filename":"/opt/airflow/dags/branch_pipeline.py","lineno":1,"logger":"py.warnings"}
{"timestamp":"2026-02-08T04:30:43.592599Z","level":"warning","event":"The `airflow.operators.python.BranchPythonOperator` attribute is deprecated. Please use `'airflow.providers.standard.operators.python.BranchPythonOperator'`.","category":"DeprecatedImportWarning","filename":"/opt/airflow/dags/branch_pipeline.py","lineno":2,"logger":"py.warnings"}
{"timestamp":"2026-02-08T04:30:43.592651Z","level":"warning","event":"The `airflow.operators.bash.BashOperator` attribute is deprecated. Please use `'airflow.providers.standard.operators.bash.BashOperator'`.","category":"DeprecatedImportWarning","filename":"/opt/airflow/dags/branch_pipeline.py","lineno":3,"logger":"py.warnings"}
{"timestamp":"2026-02-08T04:31:14.413270Z","level":"info","event":"Filling up the DagBag from /opt/airflow/dags/branch_pipeline.py","logger":"airflow.models.dagbag.BundleDagBag","filename":"dagbag.py","lineno":593}
{"timestamp":"2026-02-08T04:31:14.508586Z","level":"warning","event":"The `airflow.decorators.dag` attribute is deprecated. Please use `'airflow.sdk.dag'`.","category":"DeprecatedImportWarning","filename":"/opt/airflow/dags/branch_pipeline.py","lineno":1,"logger":"py.warnings"}
{"timestamp":"2026-02-08T04:31:14.509393Z","level":"warning","event":"The `airflow.decorators.task` attribute is deprecated. Please use `'airflow.sdk.task'`.","category":"DeprecatedImportWarning","filename":"/opt/airflow/dags/branch_pipeline.py","lineno":1,"logger":"py.warnings"}
{"timestamp":"2026-02-08T04:31:14.511199Z","level":"warning","event":"The `airflow.operators.python.BranchPythonOperator` attribute is deprecated. Please use `'airflow.providers.standard.operators.python.BranchPythonOperator'`.","category":"DeprecatedImportWarning","filename":"/opt/airflow/dags/branch_pipeline.py","lineno":2,"logger":"py.warnings"}
{"timestamp":"2026-02-08T04:31:14.511684Z","level":"warning","event":"The `airflow.operators.bash.BashOperator` attribute is deprecated. Please use `'airflow.providers.standard.operators.bash.BashOperator'`.","category":"DeprecatedImportWarning","filename":"/opt/airflow/dags/branch_pipeline.py","lineno":3,"logger":"py.warnings"}
{"timestamp":"2026-02-08T04:31:46.215456Z","level":"info","event":"Filling up the DagBag from /opt/airflow/dags/branch_pipeline.py","logger":"airflow.models.dagbag.BundleDagBag","filename":"dagbag.py","lineno":593}
{"timestamp":"2026-02-08T04:31:46.264959Z","level":"warning","event":"The `airflow.decorators.dag` attribute is deprecated. Please use `'airflow.sdk.dag'`.","category":"DeprecatedImportWarning","filename":"/opt/airflow/dags/branch_pipeline.py","lineno":1,"logger":"py.warnings"}
{"timestamp":"2026-02-08T04:31:46.265505Z","level":"warning","event":"The `airflow.decorators.task` attribute is deprecated. Please use `'airflow.sdk.task'`.","category":"DeprecatedImportWarning","filename":"/opt/airflow/dags/branch_pipeline.py","lineno":1,"logger":"py.warnings"}
{"timestamp":"2026-02-08T04:31:46.265716Z","level":"warning","event":"The `airflow.operators.python.BranchPythonOperator` attribute is deprecated. Please use `'airflow.providers.standard.operators.python.BranchPythonOperator'`.","category":"DeprecatedImportWarning","filename":"/opt/airflow/dags/branch_pipeline.py","lineno":2,"logger":"py.warnings"}
{"timestamp":"2026-02-08T04:31:46.265809Z","level":"warning","event":"The `airflow.operators.bash.BashOperator` attribute is deprecated. Please use `'airflow.providers.standard.operators.bash.BashOperator'`.","category":"DeprecatedImportWarning","filename":"/opt/airflow/dags/branch_pipeline.py","lineno":3,"logger":"py.warnings"}
{"timestamp":"2026-02-08T04:32:17.834038Z","level":"info","event":"Filling up the DagBag from /opt/airflow/dags/branch_pipeline.py","logger":"airflow.models.dagbag.BundleDagBag","filename":"dagbag.py","lineno":593}
{"timestamp":"2026-02-08T04:32:17.893865Z","level":"warning","event":"The `airflow.decorators.dag` attribute is deprecated. Please use `'airflow.sdk.dag'`.","category":"DeprecatedImportWarning","filename":"/opt/airflow/dags/branch_pipeline.py","lineno":1,"logger":"py.warnings"}
{"timestamp":"2026-02-08T04:32:17.894060Z","level":"warning","event":"The `airflow.decorators.task` attribute is deprecated. Please use `'airflow.sdk.task'`.","category":"DeprecatedImportWarning","filename":"/opt/airflow/dags/branch_pipeline.py","lineno":1,"logger":"py.warnings"}
{"timestamp":"2026-02-08T04:32:17.894155Z","level":"warning","event":"The `airflow.operators.python.BranchPythonOperator` attribute is deprecated. Please use `'airflow.providers.standard.operators.python.BranchPythonOperator'`.","category":"DeprecatedImportWarning","filename":"/opt/airflow/dags/branch_pipeline.py","lineno":2,"logger":"py.warnings"}
{"timestamp":"2026-02-08T04:32:17.894220Z","level":"warning","event":"The `airflow.operators.bash.BashOperator` attribute is deprecated. Please use `'airflow.providers.standard.operators.bash.BashOperator'`.","category":"DeprecatedImportWarning","filename":"/opt/airflow/dags/branch_pipeline.py","lineno":3,"logger":"py.warnings"}
{"timestamp":"2026-02-08T04:32:48.640072Z","level":"info","event":"Filling up the DagBag from /opt/airflow/dags/branch_pipeline.py","logger":"airflow.models.dagbag.BundleDagBag","filename":"dagbag.py","lineno":593}
{"timestamp":"2026-02-08T04:32:48.699191Z","level":"warning","event":"The `airflow.decorators.dag` attribute is deprecated. Please use `'airflow.sdk.dag'`.","category":"DeprecatedImportWarning","filename":"/opt/airflow/dags/branch_pipeline.py","lineno":1,"logger":"py.warnings"}
{"timestamp":"2026-02-08T04:32:48.699359Z","level":"warning","event":"The `airflow.decorators.task` attribute is deprecated. Please use `'airflow.sdk.task'`.","category":"DeprecatedImportWarning","filename":"/opt/airflow/dags/branch_pipeline.py","lineno":1,"logger":"py.warnings"}
{"timestamp":"2026-02-08T04:32:48.699430Z","level":"warning","event":"The `airflow.operators.python.BranchPythonOperator` attribute is deprecated. Please use `'airflow.providers.standard.operators.python.BranchPythonOperator'`.","category":"DeprecatedImportWarning","filename":"/opt/airflow/dags/branch_pipeline.py","lineno":2,"logger":"py.warnings"}
{"timestamp":"2026-02-08T04:32:48.699488Z","level":"warning","event":"The `airflow.operators.bash.BashOperator` attribute is deprecated. Please use `'airflow.providers.standard.operators.bash.BashOperator'`.","category":"DeprecatedImportWarning","filename":"/opt/airflow/dags/branch_pipeline.py","lineno":3,"logger":"py.warnings"}
{"timestamp":"2026-02-08T04:33:20.303567Z","level":"info","event":"Filling up the DagBag from /opt/airflow/dags/branch_pipeline.py","logger":"airflow.models.dagbag.BundleDagBag","filename":"dagbag.py","lineno":593}
{"timestamp":"2026-02-08T04:33:20.353153Z","level":"warning","event":"The `airflow.decorators.dag` attribute is deprecated. Please use `'airflow.sdk.dag'`.","category":"DeprecatedImportWarning","filename":"/opt/airflow/dags/branch_pipeline.py","lineno":1,"logger":"py.warnings"}
{"timestamp":"2026-02-08T04:33:20.353372Z","level":"warning","event":"The `airflow.decorators.task` attribute is deprecated. Please use `'airflow.sdk.task'`.","category":"DeprecatedImportWarning","filename":"/opt/airflow/dags/branch_pipeline.py","lineno":1,"logger":"py.warnings"}
{"timestamp":"2026-02-08T04:33:20.353444Z","level":"warning","event":"The `airflow.operators.python.BranchPythonOperator` attribute is deprecated. Please use `'airflow.providers.standard.operators.python.BranchPythonOperator'`.","category":"DeprecatedImportWarning","filename":"/opt/airflow/dags/branch_pipeline.py","lineno":2,"logger":"py.warnings"}
{"timestamp":"2026-02-08T04:33:20.353491Z","level":"warning","event":"The `airflow.operators.bash.BashOperator` attribute is deprecated. Please use `'airflow.providers.standard.operators.bash.BashOperator'`.","category":"DeprecatedImportWarning","filename":"/opt/airflow/dags/branch_pipeline.py","lineno":3,"logger":"py.warnings"}
{"timestamp":"2026-02-08T04:33:51.055747Z","level":"info","event":"Filling up the DagBag from /opt/airflow/dags/branch_pipeline.py","logger":"airflow.models.dagbag.BundleDagBag","filename":"dagbag.py","lineno":593}
{"timestamp":"2026-02-08T04:33:51.102367Z","level":"warning","event":"The `airflow.decorators.dag` attribute is deprecated. Please use `'airflow.sdk.dag'`.","category":"DeprecatedImportWarning","filename":"/opt/airflow/dags/branch_pipeline.py","lineno":1,"logger":"py.warnings"}
{"timestamp":"2026-02-08T04:33:51.102543Z","level":"warning","event":"The `airflow.decorators.task` attribute is deprecated. Please use `'airflow.sdk.task'`.","category":"DeprecatedImportWarning","filename":"/opt/airflow/dags/branch_pipeline.py","lineno":1,"logger":"py.warnings"}
{"timestamp":"2026-02-08T04:33:51.102657Z","level":"warning","event":"The `airflow.operators.python.BranchPythonOperator` attribute is deprecated. Please use `'airflow.providers.standard.operators.python.BranchPythonOperator'`.","category":"DeprecatedImportWarning","filename":"/opt/airflow/dags/branch_pipeline.py","lineno":2,"logger":"py.warnings"}
{"timestamp":"2026-02-08T04:33:51.102709Z","level":"warning","event":"The `airflow.operators.bash.BashOperator` attribute is deprecated. Please use `'airflow.providers.standard.operators.bash.BashOperator'`.","category":"DeprecatedImportWarning","filename":"/opt/airflow/dags/branch_pipeline.py","lineno":3,"logger":"py.warnings"}
{"timestamp":"2026-02-08T04:34:22.682958Z","level":"info","event":"Filling up the DagBag from /opt/airflow/dags/branch_pipeline.py","logger":"airflow.models.dagbag.BundleDagBag","filename":"dagbag.py","lineno":593}
{"timestamp":"2026-02-08T04:34:22.721757Z","level":"warning","event":"The `airflow.decorators.dag` attribute is deprecated. Please use `'airflow.sdk.dag'`.","category":"DeprecatedImportWarning","filename":"/opt/airflow/dags/branch_pipeline.py","lineno":1,"logger":"py.warnings"}
{"timestamp":"2026-02-08T04:34:22.722009Z","level":"warning","event":"The `airflow.decorators.task` attribute is deprecated. Please use `'airflow.sdk.task'`.","category":"DeprecatedImportWarning","filename":"/opt/airflow/dags/branch_pipeline.py","lineno":1,"logger":"py.warnings"}
{"timestamp":"2026-02-08T04:34:22.722139Z","level":"warning","event":"The `airflow.operators.python.BranchPythonOperator` attribute is deprecated. Please use `'airflow.providers.standard.operators.python.BranchPythonOperator'`.","category":"DeprecatedImportWarning","filename":"/opt/airflow/dags/branch_pipeline.py","lineno":2,"logger":"py.warnings"}
{"timestamp":"2026-02-08T04:34:22.722196Z","level":"warning","event":"The `airflow.operators.bash.BashOperator` attribute is deprecated. Please use `'airflow.providers.standard.operators.bash.BashOperator'`.","category":"DeprecatedImportWarning","filename":"/opt/airflow/dags/branch_pipeline.py","lineno":3,"logger":"py.warnings"}
{"timestamp":"2026-02-08T04:34:54.259396Z","level":"info","event":"Filling up the DagBag from /opt/airflow/dags/branch_pipeline.py","logger":"airflow.models.dagbag.BundleDagBag","filename":"dagbag.py","lineno":593}
{"timestamp":"2026-02-08T04:34:54.299402Z","level":"warning","event":"The `airflow.decorators.dag` attribute is deprecated. Please use `'airflow.sdk.dag'`.","category":"DeprecatedImportWarning","filename":"/opt/airflow/dags/branch_pipeline.py","lineno":1,"logger":"py.warnings"}
{"timestamp":"2026-02-08T04:34:54.299566Z","level":"warning","event":"The `airflow.decorators.task` attribute is deprecated. Please use `'airflow.sdk.task'`.","category":"DeprecatedImportWarning","filename":"/opt/airflow/dags/branch_pipeline.py","lineno":1,"logger":"py.warnings"}
{"timestamp":"2026-02-08T04:34:54.299635Z","level":"warning","event":"The `airflow.operators.python.BranchPythonOperator` attribute is deprecated. Please use `'airflow.providers.standard.operators.python.BranchPythonOperator'`.","category":"DeprecatedImportWarning","filename":"/opt/airflow/dags/branch_pipeline.py","lineno":2,"logger":"py.warnings"}
{"timestamp":"2026-02-08T04:34:54.299680Z","level":"warning","event":"The `airflow.operators.bash.BashOperator` attribute is deprecated. Please use `'airflow.providers.standard.operators.bash.BashOperator'`.","category":"DeprecatedImportWarning","filename":"/opt/airflow/dags/branch_pipeline.py","lineno":3,"logger":"py.warnings"}
{"timestamp":"2026-02-08T04:35:25.750501Z","level":"info","event":"Filling up the DagBag from /opt/airflow/dags/branch_pipeline.py","logger":"airflow.models.dagbag.BundleDagBag","filename":"dagbag.py","lineno":593}
{"timestamp":"2026-02-08T04:35:25.802473Z","level":"warning","event":"The `airflow.decorators.dag` attribute is deprecated. Please use `'airflow.sdk.dag'`.","category":"DeprecatedImportWarning","filename":"/opt/airflow/dags/branch_pipeline.py","lineno":1,"logger":"py.warnings"}
{"timestamp":"2026-02-08T04:35:25.802649Z","level":"warning","event":"The `airflow.decorators.task` attribute is deprecated. Please use `'airflow.sdk.task'`.","category":"DeprecatedImportWarning","filename":"/opt/airflow/dags/branch_pipeline.py","lineno":1,"logger":"py.warnings"}
{"timestamp":"2026-02-08T04:35:25.802718Z","level":"warning","event":"The `airflow.operators.python.BranchPythonOperator` attribute is deprecated. Please use `'airflow.providers.standard.operators.python.BranchPythonOperator'`.","category":"DeprecatedImportWarning","filename":"/opt/airflow/dags/branch_pipeline.py","lineno":2,"logger":"py.warnings"}
{"timestamp":"2026-02-08T04:35:25.802764Z","level":"warning","event":"The `airflow.operators.bash.BashOperator` attribute is deprecated. Please use `'airflow.providers.standard.operators.bash.BashOperator'`.","category":"DeprecatedImportWarning","filename":"/opt/airflow/dags/branch_pipeline.py","lineno":3,"logger":"py.warnings"}
{"timestamp":"2026-02-08T04:35:56.374615Z","level":"info","event":"Filling up the DagBag from /opt/airflow/dags/branch_pipeline.py","logger":"airflow.models.dagbag.BundleDagBag","filename":"dagbag.py","lineno":593}
{"timestamp":"2026-02-08T04:35:56.411704Z","level":"warning","event":"The `airflow.decorators.dag` attribute is deprecated. Please use `'airflow.sdk.dag'`.","category":"DeprecatedImportWarning","filename":"/opt/airflow/dags/branch_pipeline.py","lineno":1,"logger":"py.warnings"}
{"timestamp":"2026-02-08T04:35:56.411876Z","level":"warning","event":"The `airflow.decorators.task` attribute is deprecated. Please use `'airflow.sdk.task'`.","category":"DeprecatedImportWarning","filename":"/opt/airflow/dags/branch_pipeline.py","lineno":1,"logger":"py.warnings"}
{"timestamp":"2026-02-08T04:35:56.411942Z","level":"warning","event":"The `airflow.operators.python.BranchPythonOperator` attribute is deprecated. Please use `'airflow.providers.standard.operators.python.BranchPythonOperator'`.","category":"DeprecatedImportWarning","filename":"/opt/airflow/dags/branch_pipeline.py","lineno":2,"logger":"py.warnings"}
{"timestamp":"2026-02-08T04:35:56.411985Z","level":"warning","event":"The `airflow.operators.bash.BashOperator` attribute is deprecated. Please use `'airflow.providers.standard.operators.bash.BashOperator'`.","category":"DeprecatedImportWarning","filename":"/opt/airflow/dags/branch_pipeline.py","lineno":3,"logger":"py.warnings"}
{"timestamp":"2026-02-08T04:36:27.920171Z","level":"info","event":"Filling up the DagBag from /opt/airflow/dags/branch_pipeline.py","logger":"airflow.models.dagbag.BundleDagBag","filename":"dagbag.py","lineno":593}
{"timestamp":"2026-02-08T04:36:27.982979Z","level":"warning","event":"The `airflow.decorators.dag` attribute is deprecated. Please use `'airflow.sdk.dag'`.","category":"DeprecatedImportWarning","filename":"/opt/airflow/dags/branch_pipeline.py","lineno":1,"logger":"py.warnings"}
{"timestamp":"2026-02-08T04:36:27.983153Z","level":"warning","event":"The `airflow.decorators.task` attribute is deprecated. Please use `'airflow.sdk.task'`.","category":"DeprecatedImportWarning","filename":"/opt/airflow/dags/branch_pipeline.py","lineno":1,"logger":"py.warnings"}
{"timestamp":"2026-02-08T04:36:27.983226Z","level":"warning","event":"The `airflow.operators.python.BranchPythonOperator` attribute is deprecated. Please use `'airflow.providers.standard.operators.python.BranchPythonOperator'`.","category":"DeprecatedImportWarning","filename":"/opt/airflow/dags/branch_pipeline.py","lineno":2,"logger":"py.warnings"}
{"timestamp":"2026-02-08T04:36:27.983410Z","level":"warning","event":"The `airflow.operators.bash.BashOperator` attribute is deprecated. Please use `'airflow.providers.standard.operators.bash.BashOperator'`.","category":"DeprecatedImportWarning","filename":"/opt/airflow/dags/branch_pipeline.py","lineno":3,"logger":"py.warnings"}
{"timestamp":"2026-02-08T04:36:59.555356Z","level":"info","event":"Filling up the DagBag from /opt/airflow/dags/branch_pipeline.py","logger":"airflow.models.dagbag.BundleDagBag","filename":"dagbag.py","lineno":593}
{"timestamp":"2026-02-08T04:36:59.616616Z","level":"warning","event":"The `airflow.decorators.dag` attribute is deprecated. Please use `'airflow.sdk.dag'`.","category":"DeprecatedImportWarning","filename":"/opt/airflow/dags/branch_pipeline.py","lineno":1,"logger":"py.warnings"}
{"timestamp":"2026-02-08T04:36:59.616832Z","level":"warning","event":"The `airflow.decorators.task` attribute is deprecated. Please use `'airflow.sdk.task'`.","category":"DeprecatedImportWarning","filename":"/opt/airflow/dags/branch_pipeline.py","lineno":1,"logger":"py.warnings"}
{"timestamp":"2026-02-08T04:36:59.616898Z","level":"warning","event":"The `airflow.operators.python.BranchPythonOperator` attribute is deprecated. Please use `'airflow.providers.standard.operators.python.BranchPythonOperator'`.","category":"DeprecatedImportWarning","filename":"/opt/airflow/dags/branch_pipeline.py","lineno":2,"logger":"py.warnings"}
{"timestamp":"2026-02-08T04:36:59.616961Z","level":"warning","event":"The `airflow.operators.bash.BashOperator` attribute is deprecated. Please use `'airflow.providers.standard.operators.bash.BashOperator'`.","category":"DeprecatedImportWarning","filename":"/opt/airflow/dags/branch_pipeline.py","lineno":3,"logger":"py.warnings"}
{"timestamp":"2026-02-08T04:37:31.057536Z","level":"info","event":"Filling up the DagBag from /opt/airflow/dags/branch_pipeline.py","logger":"airflow.models.dagbag.BundleDagBag","filename":"dagbag.py","lineno":593}
{"timestamp":"2026-02-08T04:37:31.101102Z","level":"warning","event":"The `airflow.decorators.dag` attribute is deprecated. Please use `'airflow.sdk.dag'`.","category":"DeprecatedImportWarning","filename":"/opt/airflow/dags/branch_pipeline.py","lineno":1,"logger":"py.warnings"}
{"timestamp":"2026-02-08T04:37:31.101264Z","level":"warning","event":"The `airflow.decorators.task` attribute is deprecated. Please use `'airflow.sdk.task'`.","category":"DeprecatedImportWarning","filename":"/opt/airflow/dags/branch_pipeline.py","lineno":1,"logger":"py.warnings"}
{"timestamp":"2026-02-08T04:37:31.101328Z","level":"warning","event":"The `airflow.operators.python.BranchPythonOperator` attribute is deprecated. Please use `'airflow.providers.standard.operators.python.BranchPythonOperator'`.","category":"DeprecatedImportWarning","filename":"/opt/airflow/dags/branch_pipeline.py","lineno":2,"logger":"py.warnings"}
{"timestamp":"2026-02-08T04:37:31.101383Z","level":"warning","event":"The `airflow.operators.bash.BashOperator` attribute is deprecated. Please use `'airflow.providers.standard.operators.bash.BashOperator'`.","category":"DeprecatedImportWarning","filename":"/opt/airflow/dags/branch_pipeline.py","lineno":3,"logger":"py.warnings"}
{"timestamp":"2026-02-08T04:38:02.495904Z","level":"info","event":"Filling up the DagBag from /opt/airflow/dags/branch_pipeline.py","logger":"airflow.models.dagbag.BundleDagBag","filename":"dagbag.py","lineno":593}
{"timestamp":"2026-02-08T04:38:02.551099Z","level":"warning","event":"The `airflow.decorators.dag` attribute is deprecated. Please use `'airflow.sdk.dag'`.","category":"DeprecatedImportWarning","filename":"/opt/airflow/dags/branch_pipeline.py","lineno":1,"logger":"py.warnings"}
{"timestamp":"2026-02-08T04:38:02.551300Z","level":"warning","event":"The `airflow.decorators.task` attribute is deprecated. Please use `'airflow.sdk.task'`.","category":"DeprecatedImportWarning","filename":"/opt/airflow/dags/branch_pipeline.py","lineno":1,"logger":"py.warnings"}
{"timestamp":"2026-02-08T04:38:02.551376Z","level":"warning","event":"The `airflow.operators.python.BranchPythonOperator` attribute is deprecated. Please use `'airflow.providers.standard.operators.python.BranchPythonOperator'`.","category":"DeprecatedImportWarning","filename":"/opt/airflow/dags/branch_pipeline.py","lineno":2,"logger":"py.warnings"}
{"timestamp":"2026-02-08T04:38:02.551433Z","level":"warning","event":"The `airflow.operators.bash.BashOperator` attribute is deprecated. Please use `'airflow.providers.standard.operators.bash.BashOperator'`.","category":"DeprecatedImportWarning","filename":"/opt/airflow/dags/branch_pipeline.py","lineno":3,"logger":"py.warnings"}
{"timestamp":"2026-02-08T04:38:33.930150Z","level":"info","event":"Filling up the DagBag from /opt/airflow/dags/branch_pipeline.py","logger":"airflow.models.dagbag.BundleDagBag","filename":"dagbag.py","lineno":593}
{"timestamp":"2026-02-08T04:38:33.981908Z","level":"warning","event":"The `airflow.decorators.dag` attribute is deprecated. Please use `'airflow.sdk.dag'`.","category":"DeprecatedImportWarning","filename":"/opt/airflow/dags/branch_pipeline.py","lineno":1,"logger":"py.warnings"}
{"timestamp":"2026-02-08T04:38:33.982110Z","level":"warning","event":"The `airflow.decorators.task` attribute is deprecated. Please use `'airflow.sdk.task'`.","category":"DeprecatedImportWarning","filename":"/opt/airflow/dags/branch_pipeline.py","lineno":1,"logger":"py.warnings"}
{"timestamp":"2026-02-08T04:38:33.982233Z","level":"warning","event":"The `airflow.operators.python.BranchPythonOperator` attribute is deprecated. Please use `'airflow.providers.standard.operators.python.BranchPythonOperator'`.","category":"DeprecatedImportWarning","filename":"/opt/airflow/dags/branch_pipeline.py","lineno":2,"logger":"py.warnings"}
{"timestamp":"2026-02-08T04:38:33.982296Z","level":"warning","event":"The `airflow.operators.bash.BashOperator` attribute is deprecated. Please use `'airflow.providers.standard.operators.bash.BashOperator'`.","category":"DeprecatedImportWarning","filename":"/opt/airflow/dags/branch_pipeline.py","lineno":3,"logger":"py.warnings"}
{"timestamp":"2026-02-08T04:39:04.481339Z","level":"info","event":"Filling up the DagBag from /opt/airflow/dags/branch_pipeline.py","logger":"airflow.models.dagbag.BundleDagBag","filename":"dagbag.py","lineno":593}
{"timestamp":"2026-02-08T04:39:04.521583Z","level":"warning","event":"The `airflow.decorators.dag` attribute is deprecated. Please use `'airflow.sdk.dag'`.","category":"DeprecatedImportWarning","filename":"/opt/airflow/dags/branch_pipeline.py","lineno":1,"logger":"py.warnings"}
{"timestamp":"2026-02-08T04:39:04.521743Z","level":"warning","event":"The `airflow.decorators.task` attribute is deprecated. Please use `'airflow.sdk.task'`.","category":"DeprecatedImportWarning","filename":"/opt/airflow/dags/branch_pipeline.py","lineno":1,"logger":"py.warnings"}
{"timestamp":"2026-02-08T04:39:04.521807Z","level":"warning","event":"The `airflow.operators.python.BranchPythonOperator` attribute is deprecated. Please use `'airflow.providers.standard.operators.python.BranchPythonOperator'`.","category":"DeprecatedImportWarning","filename":"/opt/airflow/dags/branch_pipeline.py","lineno":2,"logger":"py.warnings"}
{"timestamp":"2026-02-08T04:39:04.521851Z","level":"warning","event":"The `airflow.operators.bash.BashOperator` attribute is deprecated. Please use `'airflow.providers.standard.operators.bash.BashOperator'`.","category":"DeprecatedImportWarning","filename":"/opt/airflow/dags/branch_pipeline.py","lineno":3,"logger":"py.warnings"}
{"timestamp":"2026-02-08T04:39:35.895445Z","level":"info","event":"Filling up the DagBag from /opt/airflow/dags/branch_pipeline.py","logger":"airflow.models.dagbag.BundleDagBag","filename":"dagbag.py","lineno":593}
{"timestamp":"2026-02-08T04:39:35.954504Z","level":"warning","event":"The `airflow.decorators.dag` attribute is deprecated. Please use `'airflow.sdk.dag'`.","category":"DeprecatedImportWarning","filename":"/opt/airflow/dags/branch_pipeline.py","lineno":1,"logger":"py.warnings"}
{"timestamp":"2026-02-08T04:39:35.954753Z","level":"warning","event":"The `airflow.decorators.task` attribute is deprecated. Please use `'airflow.sdk.task'`.","category":"DeprecatedImportWarning","filename":"/opt/airflow/dags/branch_pipeline.py","lineno":1,"logger":"py.warnings"}
{"timestamp":"2026-02-08T04:39:35.954836Z","level":"warning","event":"The `airflow.operators.python.BranchPythonOperator` attribute is deprecated. Please use `'airflow.providers.standard.operators.python.BranchPythonOperator'`.","category":"DeprecatedImportWarning","filename":"/opt/airflow/dags/branch_pipeline.py","lineno":2,"logger":"py.warnings"}
{"timestamp":"2026-02-08T04:39:35.954895Z","level":"warning","event":"The `airflow.operators.bash.BashOperator` attribute is deprecated. Please use `'airflow.providers.standard.operators.bash.BashOperator'`.","category":"DeprecatedImportWarning","filename":"/opt/airflow/dags/branch_pipeline.py","lineno":3,"logger":"py.warnings"}
{"timestamp":"2026-02-08T04:40:07.352765Z","level":"info","event":"Filling up the DagBag from /opt/airflow/dags/branch_pipeline.py","logger":"airflow.models.dagbag.BundleDagBag","filename":"dagbag.py","lineno":593}
{"timestamp":"2026-02-08T04:40:07.415526Z","level":"warning","event":"The `airflow.decorators.dag` attribute is deprecated. Please use `'airflow.sdk.dag'`.","category":"DeprecatedImportWarning","filename":"/opt/airflow/dags/branch_pipeline.py","lineno":1,"logger":"py.warnings"}
{"timestamp":"2026-02-08T04:40:07.415768Z","level":"warning","event":"The `airflow.decorators.task` attribute is deprecated. Please use `'airflow.sdk.task'`.","category":"DeprecatedImportWarning","filename":"/opt/airflow/dags/branch_pipeline.py","lineno":1,"logger":"py.warnings"}
{"timestamp":"2026-02-08T04:40:07.415841Z","level":"warning","event":"The `airflow.operators.python.BranchPythonOperator` attribute is deprecated. Please use `'airflow.providers.standard.operators.python.BranchPythonOperator'`.","category":"DeprecatedImportWarning","filename":"/opt/airflow/dags/branch_pipeline.py","lineno":2,"logger":"py.warnings"}
{"timestamp":"2026-02-08T04:40:07.415889Z","level":"warning","event":"The `airflow.operators.bash.BashOperator` attribute is deprecated. Please use `'airflow.providers.standard.operators.bash.BashOperator'`.","category":"DeprecatedImportWarning","filename":"/opt/airflow/dags/branch_pipeline.py","lineno":3,"logger":"py.warnings"}
{"timestamp":"2026-02-08T04:40:38.982481Z","level":"info","event":"Filling up the DagBag from /opt/airflow/dags/branch_pipeline.py","logger":"airflow.models.dagbag.BundleDagBag","filename":"dagbag.py","lineno":593}
{"timestamp":"2026-02-08T04:40:39.018418Z","level":"warning","event":"The `airflow.decorators.dag` attribute is deprecated. Please use `'airflow.sdk.dag'`.","category":"DeprecatedImportWarning","filename":"/opt/airflow/dags/branch_pipeline.py","lineno":1,"logger":"py.warnings"}
{"timestamp":"2026-02-08T04:40:39.018602Z","level":"warning","event":"The `airflow.decorators.task` attribute is deprecated. Please use `'airflow.sdk.task'`.","category":"DeprecatedImportWarning","filename":"/opt/airflow/dags/branch_pipeline.py","lineno":1,"logger":"py.warnings"}
{"timestamp":"2026-02-08T04:40:39.018668Z","level":"warning","event":"The `airflow.operators.python.BranchPythonOperator` attribute is deprecated. Please use `'airflow.providers.standard.operators.python.BranchPythonOperator'`.","category":"DeprecatedImportWarning","filename":"/opt/airflow/dags/branch_pipeline.py","lineno":2,"logger":"py.warnings"}
{"timestamp":"2026-02-08T04:40:39.018762Z","level":"warning","event":"The `airflow.operators.bash.BashOperator` attribute is deprecated. Please use `'airflow.providers.standard.operators.bash.BashOperator'`.","category":"DeprecatedImportWarning","filename":"/opt/airflow/dags/branch_pipeline.py","lineno":3,"logger":"py.warnings"}
{"timestamp":"2026-02-08T04:41:10.457886Z","level":"info","event":"Filling up the DagBag from /opt/airflow/dags/branch_pipeline.py","logger":"airflow.models.dagbag.BundleDagBag","filename":"dagbag.py","lineno":593}
{"timestamp":"2026-02-08T04:41:10.517665Z","level":"warning","event":"The `airflow.decorators.dag` attribute is deprecated. Please use `'airflow.sdk.dag'`.","category":"DeprecatedImportWarning","filename":"/opt/airflow/dags/branch_pipeline.py","lineno":1,"logger":"py.warnings"}
{"timestamp":"2026-02-08T04:41:10.517860Z","level":"warning","event":"The `airflow.decorators.task` attribute is deprecated. Please use `'airflow.sdk.task'`.","category":"DeprecatedImportWarning","filename":"/opt/airflow/dags/branch_pipeline.py","lineno":1,"logger":"py.warnings"}
{"timestamp":"2026-02-08T04:41:10.517932Z","level":"warning","event":"The `airflow.operators.python.BranchPythonOperator` attribute is deprecated. Please use `'airflow.providers.standard.operators.python.BranchPythonOperator'`.","category":"DeprecatedImportWarning","filename":"/opt/airflow/dags/branch_pipeline.py","lineno":2,"logger":"py.warnings"}
{"timestamp":"2026-02-08T04:41:10.517989Z","level":"warning","event":"The `airflow.operators.bash.BashOperator` attribute is deprecated. Please use `'airflow.providers.standard.operators.bash.BashOperator'`.","category":"DeprecatedImportWarning","filename":"/opt/airflow/dags/branch_pipeline.py","lineno":3,"logger":"py.warnings"}
{"timestamp":"2026-02-08T04:41:41.498309Z","level":"info","event":"Filling up the DagBag from /opt/airflow/dags/branch_pipeline.py","logger":"airflow.models.dagbag.BundleDagBag","filename":"dagbag.py","lineno":593}
{"timestamp":"2026-02-08T04:41:41.551981Z","level":"warning","event":"The `airflow.decorators.dag` attribute is deprecated. Please use `'airflow.sdk.dag'`.","category":"DeprecatedImportWarning","filename":"/opt/airflow/dags/branch_pipeline.py","lineno":1,"logger":"py.warnings"}
{"timestamp":"2026-02-08T04:41:41.552167Z","level":"warning","event":"The `airflow.decorators.task` attribute is deprecated. Please use `'airflow.sdk.task'`.","category":"DeprecatedImportWarning","filename":"/opt/airflow/dags/branch_pipeline.py","lineno":1,"logger":"py.warnings"}
{"timestamp":"2026-02-08T04:41:41.552235Z","level":"warning","event":"The `airflow.operators.python.BranchPythonOperator` attribute is deprecated. Please use `'airflow.providers.standard.operators.python.BranchPythonOperator'`.","category":"DeprecatedImportWarning","filename":"/opt/airflow/dags/branch_pipeline.py","lineno":2,"logger":"py.warnings"}
{"timestamp":"2026-02-08T04:41:41.552283Z","level":"warning","event":"The `airflow.operators.bash.BashOperator` attribute is deprecated. Please use `'airflow.providers.standard.operators.bash.BashOperator'`.","category":"DeprecatedImportWarning","filename":"/opt/airflow/dags/branch_pipeline.py","lineno":3,"logger":"py.warnings"}
{"timestamp":"2026-02-08T04:42:12.680236Z","level":"info","event":"Filling up the DagBag from /opt/airflow/dags/branch_pipeline.py","logger":"airflow.models.dagbag.BundleDagBag","filename":"dagbag.py","lineno":593}
{"timestamp":"2026-02-08T04:42:12.738325Z","level":"warning","event":"The `airflow.decorators.dag` attribute is deprecated. Please use `'airflow.sdk.dag'`.","category":"DeprecatedImportWarning","filename":"/opt/airflow/dags/branch_pipeline.py","lineno":1,"logger":"py.warnings"}
{"timestamp":"2026-02-08T04:42:12.738480Z","level":"warning","event":"The `airflow.decorators.task` attribute is deprecated. Please use `'airflow.sdk.task'`.","category":"DeprecatedImportWarning","filename":"/opt/airflow/dags/branch_pipeline.py","lineno":1,"logger":"py.warnings"}
{"timestamp":"2026-02-08T04:42:12.738532Z","level":"warning","event":"The `airflow.operators.python.BranchPythonOperator` attribute is deprecated. Please use `'airflow.providers.standard.operators.python.BranchPythonOperator'`.","category":"DeprecatedImportWarning","filename":"/opt/airflow/dags/branch_pipeline.py","lineno":2,"logger":"py.warnings"}
{"timestamp":"2026-02-08T04:42:12.738573Z","level":"warning","event":"The `airflow.operators.bash.BashOperator` attribute is deprecated. Please use `'airflow.providers.standard.operators.bash.BashOperator'`.","category":"DeprecatedImportWarning","filename":"/opt/airflow/dags/branch_pipeline.py","lineno":3,"logger":"py.warnings"}
{"timestamp":"2026-02-08T04:42:44.504084Z","level":"info","event":"Filling up the DagBag from /opt/airflow/dags/branch_pipeline.py","logger":"airflow.models.dagbag.BundleDagBag","filename":"dagbag.py","lineno":593}
{"timestamp":"2026-02-08T04:42:44.567140Z","level":"warning","event":"The `airflow.decorators.dag` attribute is deprecated. Please use `'airflow.sdk.dag'`.","category":"DeprecatedImportWarning","filename":"/opt/airflow/dags/branch_pipeline.py","lineno":1,"logger":"py.warnings"}
{"timestamp":"2026-02-08T04:42:44.567319Z","level":"warning","event":"The `airflow.decorators.task` attribute is deprecated. Please use `'airflow.sdk.task'`.","category":"DeprecatedImportWarning","filename":"/opt/airflow/dags/branch_pipeline.py","lineno":1,"logger":"py.warnings"}
{"timestamp":"2026-02-08T04:42:44.567412Z","level":"warning","event":"The `airflow.operators.python.BranchPythonOperator` attribute is deprecated. Please use `'airflow.providers.standard.operators.python.BranchPythonOperator'`.","category":"DeprecatedImportWarning","filename":"/opt/airflow/dags/branch_pipeline.py","lineno":2,"logger":"py.warnings"}
{"timestamp":"2026-02-08T04:42:44.567471Z","level":"warning","event":"The `airflow.operators.bash.BashOperator` attribute is deprecated. Please use `'airflow.providers.standard.operators.bash.BashOperator'`.","category":"DeprecatedImportWarning","filename":"/opt/airflow/dags/branch_pipeline.py","lineno":3,"logger":"py.warnings"}
{"timestamp":"2026-02-08T04:43:15.405386Z","level":"info","event":"Filling up the DagBag from /opt/airflow/dags/branch_pipeline.py","logger":"airflow.models.dagbag.BundleDagBag","filename":"dagbag.py","lineno":593}
{"timestamp":"2026-02-08T04:43:15.463124Z","level":"warning","event":"The `airflow.decorators.dag` attribute is deprecated. Please use `'airflow.sdk.dag'`.","category":"DeprecatedImportWarning","filename":"/opt/airflow/dags/branch_pipeline.py","lineno":1,"logger":"py.warnings"}
{"timestamp":"2026-02-08T04:43:15.464023Z","level":"warning","event":"The `airflow.decorators.task` attribute is deprecated. Please use `'airflow.sdk.task'`.","category":"DeprecatedImportWarning","filename":"/opt/airflow/dags/branch_pipeline.py","lineno":1,"logger":"py.warnings"}
{"timestamp":"2026-02-08T04:43:15.464286Z","level":"warning","event":"The `airflow.operators.python.BranchPythonOperator` attribute is deprecated. Please use `'airflow.providers.standard.operators.python.BranchPythonOperator'`.","category":"DeprecatedImportWarning","filename":"/opt/airflow/dags/branch_pipeline.py","lineno":2,"logger":"py.warnings"}
{"timestamp":"2026-02-08T04:43:15.464361Z","level":"warning","event":"The `airflow.operators.bash.BashOperator` attribute is deprecated. Please use `'airflow.providers.standard.operators.bash.BashOperator'`.","category":"DeprecatedImportWarning","filename":"/opt/airflow/dags/branch_pipeline.py","lineno":3,"logger":"py.warnings"}
{"timestamp":"2026-02-08T04:43:47.722593Z","level":"info","event":"Filling up the DagBag from /opt/airflow/dags/branch_pipeline.py","logger":"airflow.models.dagbag.BundleDagBag","filename":"dagbag.py","lineno":593}
{"timestamp":"2026-02-08T04:43:47.794535Z","level":"warning","event":"The `airflow.decorators.dag` attribute is deprecated. Please use `'airflow.sdk.dag'`.","category":"DeprecatedImportWarning","filename":"/opt/airflow/dags/branch_pipeline.py","lineno":1,"logger":"py.warnings"}
{"timestamp":"2026-02-08T04:43:47.794758Z","level":"warning","event":"The `airflow.decorators.task` attribute is deprecated. Please use `'airflow.sdk.task'`.","category":"DeprecatedImportWarning","filename":"/opt/airflow/dags/branch_pipeline.py","lineno":1,"logger":"py.warnings"}
{"timestamp":"2026-02-08T04:43:47.794831Z","level":"warning","event":"The `airflow.operators.python.BranchPythonOperator` attribute is deprecated. Please use `'airflow.providers.standard.operators.python.BranchPythonOperator'`.","category":"DeprecatedImportWarning","filename":"/opt/airflow/dags/branch_pipeline.py","lineno":2,"logger":"py.warnings"}
{"timestamp":"2026-02-08T04:43:47.794882Z","level":"warning","event":"The `airflow.operators.bash.BashOperator` attribute is deprecated. Please use `'airflow.providers.standard.operators.bash.BashOperator'`.","category":"DeprecatedImportWarning","filename":"/opt/airflow/dags/branch_pipeline.py","lineno":3,"logger":"py.warnings"}
{"timestamp":"2026-02-08T04:50:59.650453Z","level":"info","event":"Filling up the DagBag from /opt/airflow/dags/branch_pipeline.py","logger":"airflow.models.dagbag.BundleDagBag","filename":"dagbag.py","lineno":593}
{"timestamp":"2026-02-08T04:51:00.003275Z","level":"warning","event":"The `airflow.decorators.dag` attribute is deprecated. Please use `'airflow.sdk.dag'`.","category":"DeprecatedImportWarning","filename":"/opt/airflow/dags/branch_pipeline.py","lineno":1,"logger":"py.warnings"}
{"timestamp":"2026-02-08T04:51:00.004112Z","level":"warning","event":"The `airflow.decorators.task` attribute is deprecated. Please use `'airflow.sdk.task'`.","category":"DeprecatedImportWarning","filename":"/opt/airflow/dags/branch_pipeline.py","lineno":1,"logger":"py.warnings"}
{"timestamp":"2026-02-08T04:51:00.004384Z","level":"warning","event":"The `airflow.operators.python.BranchPythonOperator` attribute is deprecated. Please use `'airflow.providers.standard.operators.python.BranchPythonOperator'`.","category":"DeprecatedImportWarning","filename":"/opt/airflow/dags/branch_pipeline.py","lineno":2,"logger":"py.warnings"}
{"timestamp":"2026-02-08T04:51:00.004882Z","level":"warning","event":"The `airflow.operators.bash.BashOperator` attribute is deprecated. Please use `'airflow.providers.standard.operators.bash.BashOperator'`.","category":"DeprecatedImportWarning","filename":"/opt/airflow/dags/branch_pipeline.py","lineno":3,"logger":"py.warnings"}
{"timestamp":"2026-02-08T04:51:30.653249Z","level":"info","event":"Filling up the DagBag from /opt/airflow/dags/branch_pipeline.py","logger":"airflow.models.dagbag.BundleDagBag","filename":"dagbag.py","lineno":593}
{"timestamp":"2026-02-08T04:51:30.704067Z","level":"warning","event":"The `airflow.decorators.dag` attribute is deprecated. Please use `'airflow.sdk.dag'`.","category":"DeprecatedImportWarning","filename":"/opt/airflow/dags/branch_pipeline.py","lineno":1,"logger":"py.warnings"}
{"timestamp":"2026-02-08T04:51:30.704286Z","level":"warning","event":"The `airflow.decorators.task` attribute is deprecated. Please use `'airflow.sdk.task'`.","category":"DeprecatedImportWarning","filename":"/opt/airflow/dags/branch_pipeline.py","lineno":1,"logger":"py.warnings"}
{"timestamp":"2026-02-08T04:51:30.704362Z","level":"warning","event":"The `airflow.operators.python.BranchPythonOperator` attribute is deprecated. Please use `'airflow.providers.standard.operators.python.BranchPythonOperator'`.","category":"DeprecatedImportWarning","filename":"/opt/airflow/dags/branch_pipeline.py","lineno":2,"logger":"py.warnings"}
{"timestamp":"2026-02-08T04:51:30.704408Z","level":"warning","event":"The `airflow.operators.bash.BashOperator` attribute is deprecated. Please use `'airflow.providers.standard.operators.bash.BashOperator'`.","category":"DeprecatedImportWarning","filename":"/opt/airflow/dags/branch_pipeline.py","lineno":3,"logger":"py.warnings"}
{"timestamp":"2026-02-08T04:52:01.487433Z","level":"info","event":"Filling up the DagBag from /opt/airflow/dags/branch_pipeline.py","logger":"airflow.models.dagbag.BundleDagBag","filename":"dagbag.py","lineno":593}
{"timestamp":"2026-02-08T04:52:01.527671Z","level":"warning","event":"The `airflow.decorators.dag` attribute is deprecated. Please use `'airflow.sdk.dag'`.","category":"DeprecatedImportWarning","filename":"/opt/airflow/dags/branch_pipeline.py","lineno":1,"logger":"py.warnings"}
{"timestamp":"2026-02-08T04:52:01.527839Z","level":"warning","event":"The `airflow.decorators.task` attribute is deprecated. Please use `'airflow.sdk.task'`.","category":"DeprecatedImportWarning","filename":"/opt/airflow/dags/branch_pipeline.py","lineno":1,"logger":"py.warnings"}
{"timestamp":"2026-02-08T04:52:01.527904Z","level":"warning","event":"The `airflow.operators.python.BranchPythonOperator` attribute is deprecated. Please use `'airflow.providers.standard.operators.python.BranchPythonOperator'`.","category":"DeprecatedImportWarning","filename":"/opt/airflow/dags/branch_pipeline.py","lineno":2,"logger":"py.warnings"}
{"timestamp":"2026-02-08T04:52:01.527949Z","level":"warning","event":"The `airflow.operators.bash.BashOperator` attribute is deprecated. Please use `'airflow.providers.standard.operators.bash.BashOperator'`.","category":"DeprecatedImportWarning","filename":"/opt/airflow/dags/branch_pipeline.py","lineno":3,"logger":"py.warnings"}
{"timestamp":"2026-02-08T04:52:31.673394Z","level":"info","event":"Filling up the DagBag from /opt/airflow/dags/branch_pipeline.py","logger":"airflow.models.dagbag.BundleDagBag","filename":"dagbag.py","lineno":593}
{"timestamp":"2026-02-08T04:52:31.731837Z","level":"warning","event":"The `airflow.decorators.dag` attribute is deprecated. Please use `'airflow.sdk.dag'`.","category":"DeprecatedImportWarning","filename":"/opt/airflow/dags/branch_pipeline.py","lineno":1,"logger":"py.warnings"}
{"timestamp":"2026-02-08T04:52:31.732074Z","level":"warning","event":"The `airflow.decorators.task` attribute is deprecated. Please use `'airflow.sdk.task'`.","category":"DeprecatedImportWarning","filename":"/opt/airflow/dags/branch_pipeline.py","lineno":1,"logger":"py.warnings"}
{"timestamp":"2026-02-08T04:52:31.732154Z","level":"warning","event":"The `airflow.operators.python.BranchPythonOperator` attribute is deprecated. Please use `'airflow.providers.standard.operators.python.BranchPythonOperator'`.","category":"DeprecatedImportWarning","filename":"/opt/airflow/dags/branch_pipeline.py","lineno":2,"logger":"py.warnings"}
{"timestamp":"2026-02-08T04:52:31.732212Z","level":"warning","event":"The `airflow.operators.bash.BashOperator` attribute is deprecated. Please use `'airflow.providers.standard.operators.bash.BashOperator'`.","category":"DeprecatedImportWarning","filename":"/opt/airflow/dags/branch_pipeline.py","lineno":3,"logger":"py.warnings"}
{"timestamp":"2026-02-08T04:53:02.145449Z","level":"info","event":"Filling up the DagBag from /opt/airflow/dags/branch_pipeline.py","logger":"airflow.models.dagbag.BundleDagBag","filename":"dagbag.py","lineno":593}
{"timestamp":"2026-02-08T04:53:02.182991Z","level":"warning","event":"The `airflow.decorators.dag` attribute is deprecated. Please use `'airflow.sdk.dag'`.","category":"DeprecatedImportWarning","filename":"/opt/airflow/dags/branch_pipeline.py","lineno":1,"logger":"py.warnings"}
{"timestamp":"2026-02-08T04:53:02.183144Z","level":"warning","event":"The `airflow.decorators.task` attribute is deprecated. Please use `'airflow.sdk.task'`.","category":"DeprecatedImportWarning","filename":"/opt/airflow/dags/branch_pipeline.py","lineno":1,"logger":"py.warnings"}
{"timestamp":"2026-02-08T04:53:02.183210Z","level":"warning","event":"The `airflow.operators.python.BranchPythonOperator` attribute is deprecated. Please use `'airflow.providers.standard.operators.python.BranchPythonOperator'`.","category":"DeprecatedImportWarning","filename":"/opt/airflow/dags/branch_pipeline.py","lineno":2,"logger":"py.warnings"}
{"timestamp":"2026-02-08T04:53:02.183266Z","level":"warning","event":"The `airflow.operators.bash.BashOperator` attribute is deprecated. Please use `'airflow.providers.standard.operators.bash.BashOperator'`.","category":"DeprecatedImportWarning","filename":"/opt/airflow/dags/branch_pipeline.py","lineno":3,"logger":"py.warnings"}
{"timestamp":"2026-02-08T04:53:32.314765Z","level":"info","event":"Filling up the DagBag from /opt/airflow/dags/branch_pipeline.py","logger":"airflow.models.dagbag.BundleDagBag","filename":"dagbag.py","lineno":593}
{"timestamp":"2026-02-08T04:53:32.349682Z","level":"warning","event":"The `airflow.decorators.dag` attribute is deprecated. Please use `'airflow.sdk.dag'`.","category":"DeprecatedImportWarning","filename":"/opt/airflow/dags/branch_pipeline.py","lineno":1,"logger":"py.warnings"}
{"timestamp":"2026-02-08T04:53:32.349856Z","level":"warning","event":"The `airflow.decorators.task` attribute is deprecated. Please use `'airflow.sdk.task'`.","category":"DeprecatedImportWarning","filename":"/opt/airflow/dags/branch_pipeline.py","lineno":1,"logger":"py.warnings"}
{"timestamp":"2026-02-08T04:53:32.349952Z","level":"warning","event":"The `airflow.operators.python.BranchPythonOperator` attribute is deprecated. Please use `'airflow.providers.standard.operators.python.BranchPythonOperator'`.","category":"DeprecatedImportWarning","filename":"/opt/airflow/dags/branch_pipeline.py","lineno":2,"logger":"py.warnings"}
{"timestamp":"2026-02-08T04:53:32.350005Z","level":"warning","event":"The `airflow.operators.bash.BashOperator` attribute is deprecated. Please use `'airflow.providers.standard.operators.bash.BashOperator'`.","category":"DeprecatedImportWarning","filename":"/opt/airflow/dags/branch_pipeline.py","lineno":3,"logger":"py.warnings"}
{"timestamp":"2026-02-08T04:54:03.146417Z","level":"info","event":"Filling up the DagBag from /opt/airflow/dags/branch_pipeline.py","logger":"airflow.models.dagbag.BundleDagBag","filename":"dagbag.py","lineno":593}
{"timestamp":"2026-02-08T04:54:03.187257Z","level":"warning","event":"The `airflow.decorators.dag` attribute is deprecated. Please use `'airflow.sdk.dag'`.","category":"DeprecatedImportWarning","filename":"/opt/airflow/dags/branch_pipeline.py","lineno":1,"logger":"py.warnings"}
{"timestamp":"2026-02-08T04:54:03.187428Z","level":"warning","event":"The `airflow.decorators.task` attribute is deprecated. Please use `'airflow.sdk.task'`.","category":"DeprecatedImportWarning","filename":"/opt/airflow/dags/branch_pipeline.py","lineno":1,"logger":"py.warnings"}
{"timestamp":"2026-02-08T04:54:03.187495Z","level":"warning","event":"The `airflow.operators.python.BranchPythonOperator` attribute is deprecated. Please use `'airflow.providers.standard.operators.python.BranchPythonOperator'`.","category":"DeprecatedImportWarning","filename":"/opt/airflow/dags/branch_pipeline.py","lineno":2,"logger":"py.warnings"}
{"timestamp":"2026-02-08T04:54:03.187555Z","level":"warning","event":"The `airflow.operators.bash.BashOperator` attribute is deprecated. Please use `'airflow.providers.standard.operators.bash.BashOperator'`.","category":"DeprecatedImportWarning","filename":"/opt/airflow/dags/branch_pipeline.py","lineno":3,"logger":"py.warnings"}
{"timestamp":"2026-02-08T04:54:33.825673Z","level":"info","event":"Filling up the DagBag from /opt/airflow/dags/branch_pipeline.py","logger":"airflow.models.dagbag.BundleDagBag","filename":"dagbag.py","lineno":593}
{"timestamp":"2026-02-08T04:54:33.871614Z","level":"warning","event":"The `airflow.decorators.dag` attribute is deprecated. Please use `'airflow.sdk.dag'`.","category":"DeprecatedImportWarning","filename":"/opt/airflow/dags/branch_pipeline.py","lineno":1,"logger":"py.warnings"}
{"timestamp":"2026-02-08T04:54:33.871905Z","level":"warning","event":"The `airflow.decorators.task` attribute is deprecated. Please use `'airflow.sdk.task'`.","category":"DeprecatedImportWarning","filename":"/opt/airflow/dags/branch_pipeline.py","lineno":1,"logger":"py.warnings"}
{"timestamp":"2026-02-08T04:54:33.871987Z","level":"warning","event":"The `airflow.operators.python.BranchPythonOperator` attribute is deprecated. Please use `'airflow.providers.standard.operators.python.BranchPythonOperator'`.","category":"DeprecatedImportWarning","filename":"/opt/airflow/dags/branch_pipeline.py","lineno":2,"logger":"py.warnings"}
{"timestamp":"2026-02-08T04:54:33.872036Z","level":"warning","event":"The `airflow.operators.bash.BashOperator` attribute is deprecated. Please use `'airflow.providers.standard.operators.bash.BashOperator'`.","category":"DeprecatedImportWarning","filename":"/opt/airflow/dags/branch_pipeline.py","lineno":3,"logger":"py.warnings"}
{"timestamp":"2026-02-08T04:55:04.034974Z","level":"info","event":"Filling up the DagBag from /opt/airflow/dags/branch_pipeline.py","logger":"airflow.models.dagbag.BundleDagBag","filename":"dagbag.py","lineno":593}
{"timestamp":"2026-02-08T04:55:04.079943Z","level":"warning","event":"The `airflow.decorators.dag` attribute is deprecated. Please use `'airflow.sdk.dag'`.","category":"DeprecatedImportWarning","filename":"/opt/airflow/dags/branch_pipeline.py","lineno":1,"logger":"py.warnings"}
{"timestamp":"2026-02-08T04:55:04.080346Z","level":"warning","event":"The `airflow.decorators.task` attribute is deprecated. Please use `'airflow.sdk.task'`.","category":"DeprecatedImportWarning","filename":"/opt/airflow/dags/branch_pipeline.py","lineno":1,"logger":"py.warnings"}
{"timestamp":"2026-02-08T04:55:04.080463Z","level":"warning","event":"The `airflow.operators.python.BranchPythonOperator` attribute is deprecated. Please use `'airflow.providers.standard.operators.python.BranchPythonOperator'`.","category":"DeprecatedImportWarning","filename":"/opt/airflow/dags/branch_pipeline.py","lineno":2,"logger":"py.warnings"}
{"timestamp":"2026-02-08T04:55:04.080588Z","level":"warning","event":"The `airflow.operators.bash.BashOperator` attribute is deprecated. Please use `'airflow.providers.standard.operators.bash.BashOperator'`.","category":"DeprecatedImportWarning","filename":"/opt/airflow/dags/branch_pipeline.py","lineno":3,"logger":"py.warnings"}
{"timestamp":"2026-02-08T04:55:34.900626Z","level":"info","event":"Filling up the DagBag from /opt/airflow/dags/branch_pipeline.py","logger":"airflow.models.dagbag.BundleDagBag","filename":"dagbag.py","lineno":593}
{"timestamp":"2026-02-08T04:55:34.963674Z","level":"warning","event":"The `airflow.decorators.dag` attribute is deprecated. Please use `'airflow.sdk.dag'`.","category":"DeprecatedImportWarning","filename":"/opt/airflow/dags/branch_pipeline.py","lineno":1,"logger":"py.warnings"}
{"timestamp":"2026-02-08T04:55:34.963883Z","level":"warning","event":"The `airflow.decorators.task` attribute is deprecated. Please use `'airflow.sdk.task'`.","category":"DeprecatedImportWarning","filename":"/opt/airflow/dags/branch_pipeline.py","lineno":1,"logger":"py.warnings"}
{"timestamp":"2026-02-08T04:55:34.964070Z","level":"warning","event":"The `airflow.operators.python.BranchPythonOperator` attribute is deprecated. Please use `'airflow.providers.standard.operators.python.BranchPythonOperator'`.","category":"DeprecatedImportWarning","filename":"/opt/airflow/dags/branch_pipeline.py","lineno":2,"logger":"py.warnings"}
{"timestamp":"2026-02-08T04:55:34.964192Z","level":"warning","event":"The `airflow.operators.bash.BashOperator` attribute is deprecated. Please use `'airflow.providers.standard.operators.bash.BashOperator'`.","category":"DeprecatedImportWarning","filename":"/opt/airflow/dags/branch_pipeline.py","lineno":3,"logger":"py.warnings"}
{"timestamp":"2026-02-08T04:56:05.588575Z","level":"info","event":"Filling up the DagBag from /opt/airflow/dags/branch_pipeline.py","logger":"airflow.models.dagbag.BundleDagBag","filename":"dagbag.py","lineno":593}
{"timestamp":"2026-02-08T04:56:05.636858Z","level":"warning","event":"The `airflow.decorators.dag` attribute is deprecated. Please use `'airflow.sdk.dag'`.","category":"DeprecatedImportWarning","filename":"/opt/airflow/dags/branch_pipeline.py","lineno":1,"logger":"py.warnings"}
{"timestamp":"2026-02-08T04:56:05.637034Z","level":"warning","event":"The `airflow.decorators.task` attribute is deprecated. Please use `'airflow.sdk.task'`.","category":"DeprecatedImportWarning","filename":"/opt/airflow/dags/branch_pipeline.py","lineno":1,"logger":"py.warnings"}
{"timestamp":"2026-02-08T04:56:05.637098Z","level":"warning","event":"The `airflow.operators.python.BranchPythonOperator` attribute is deprecated. Please use `'airflow.providers.standard.operators.python.BranchPythonOperator'`.","category":"DeprecatedImportWarning","filename":"/opt/airflow/dags/branch_pipeline.py","lineno":2,"logger":"py.warnings"}
{"timestamp":"2026-02-08T04:56:05.637142Z","level":"warning","event":"The `airflow.operators.bash.BashOperator` attribute is deprecated. Please use `'airflow.providers.standard.operators.bash.BashOperator'`.","category":"DeprecatedImportWarning","filename":"/opt/airflow/dags/branch_pipeline.py","lineno":3,"logger":"py.warnings"}
{"timestamp":"2026-02-08T04:56:36.444595Z","level":"info","event":"Filling up the DagBag from /opt/airflow/dags/branch_pipeline.py","logger":"airflow.models.dagbag.BundleDagBag","filename":"dagbag.py","lineno":593}
{"timestamp":"2026-02-08T04:56:36.488333Z","level":"warning","event":"The `airflow.decorators.dag` attribute is deprecated. Please use `'airflow.sdk.dag'`.","category":"DeprecatedImportWarning","filename":"/opt/airflow/dags/branch_pipeline.py","lineno":1,"logger":"py.warnings"}
{"timestamp":"2026-02-08T04:56:36.488504Z","level":"warning","event":"The `airflow.decorators.task` attribute is deprecated. Please use `'airflow.sdk.task'`.","category":"DeprecatedImportWarning","filename":"/opt/airflow/dags/branch_pipeline.py","lineno":1,"logger":"py.warnings"}
{"timestamp":"2026-02-08T04:56:36.488569Z","level":"warning","event":"The `airflow.operators.python.BranchPythonOperator` attribute is deprecated. Please use `'airflow.providers.standard.operators.python.BranchPythonOperator'`.","category":"DeprecatedImportWarning","filename":"/opt/airflow/dags/branch_pipeline.py","lineno":2,"logger":"py.warnings"}
{"timestamp":"2026-02-08T04:56:36.488626Z","level":"warning","event":"The `airflow.operators.bash.BashOperator` attribute is deprecated. Please use `'airflow.providers.standard.operators.bash.BashOperator'`.","category":"DeprecatedImportWarning","filename":"/opt/airflow/dags/branch_pipeline.py","lineno":3,"logger":"py.warnings"}
{"timestamp":"2026-02-08T04:57:07.182660Z","level":"info","event":"Filling up the DagBag from /opt/airflow/dags/branch_pipeline.py","logger":"airflow.models.dagbag.BundleDagBag","filename":"dagbag.py","lineno":593}
{"timestamp":"2026-02-08T04:57:07.268215Z","level":"warning","event":"The `airflow.decorators.dag` attribute is deprecated. Please use `'airflow.sdk.dag'`.","category":"DeprecatedImportWarning","filename":"/opt/airflow/dags/branch_pipeline.py","lineno":1,"logger":"py.warnings"}
{"timestamp":"2026-02-08T04:57:07.268417Z","level":"warning","event":"The `airflow.decorators.task` attribute is deprecated. Please use `'airflow.sdk.task'`.","category":"DeprecatedImportWarning","filename":"/opt/airflow/dags/branch_pipeline.py","lineno":1,"logger":"py.warnings"}
{"timestamp":"2026-02-08T04:57:07.268496Z","level":"warning","event":"The `airflow.operators.python.BranchPythonOperator` attribute is deprecated. Please use `'airflow.providers.standard.operators.python.BranchPythonOperator'`.","category":"DeprecatedImportWarning","filename":"/opt/airflow/dags/branch_pipeline.py","lineno":2,"logger":"py.warnings"}
{"timestamp":"2026-02-08T04:57:07.268547Z","level":"warning","event":"The `airflow.operators.bash.BashOperator` attribute is deprecated. Please use `'airflow.providers.standard.operators.bash.BashOperator'`.","category":"DeprecatedImportWarning","filename":"/opt/airflow/dags/branch_pipeline.py","lineno":3,"logger":"py.warnings"}
{"timestamp":"2026-02-08T04:57:38.132450Z","level":"info","event":"Filling up the DagBag from /opt/airflow/dags/branch_pipeline.py","logger":"airflow.models.dagbag.BundleDagBag","filename":"dagbag.py","lineno":593}
{"timestamp":"2026-02-08T04:57:38.171894Z","level":"warning","event":"The `airflow.decorators.dag` attribute is deprecated. Please use `'airflow.sdk.dag'`.","category":"DeprecatedImportWarning","filename":"/opt/airflow/dags/branch_pipeline.py","lineno":1,"logger":"py.warnings"}
{"timestamp":"2026-02-08T04:57:38.172078Z","level":"warning","event":"The `airflow.decorators.task` attribute is deprecated. Please use `'airflow.sdk.task'`.","category":"DeprecatedImportWarning","filename":"/opt/airflow/dags/branch_pipeline.py","lineno":1,"logger":"py.warnings"}
{"timestamp":"2026-02-08T04:57:38.172150Z","level":"warning","event":"The `airflow.operators.python.BranchPythonOperator` attribute is deprecated. Please use `'airflow.providers.standard.operators.python.BranchPythonOperator'`.","category":"DeprecatedImportWarning","filename":"/opt/airflow/dags/branch_pipeline.py","lineno":2,"logger":"py.warnings"}
{"timestamp":"2026-02-08T04:57:38.172196Z","level":"warning","event":"The `airflow.operators.bash.BashOperator` attribute is deprecated. Please use `'airflow.providers.standard.operators.bash.BashOperator'`.","category":"DeprecatedImportWarning","filename":"/opt/airflow/dags/branch_pipeline.py","lineno":3,"logger":"py.warnings"}
{"timestamp":"2026-02-08T04:58:08.777815Z","level":"info","event":"Filling up the DagBag from /opt/airflow/dags/branch_pipeline.py","logger":"airflow.models.dagbag.BundleDagBag","filename":"dagbag.py","lineno":593}
{"timestamp":"2026-02-08T04:58:08.830726Z","level":"warning","event":"The `airflow.decorators.dag` attribute is deprecated. Please use `'airflow.sdk.dag'`.","category":"DeprecatedImportWarning","filename":"/opt/airflow/dags/branch_pipeline.py","lineno":1,"logger":"py.warnings"}
{"timestamp":"2026-02-08T04:58:08.830952Z","level":"warning","event":"The `airflow.decorators.task` attribute is deprecated. Please use `'airflow.sdk.task'`.","category":"DeprecatedImportWarning","filename":"/opt/airflow/dags/branch_pipeline.py","lineno":1,"logger":"py.warnings"}
{"timestamp":"2026-02-08T04:58:08.831038Z","level":"warning","event":"The `airflow.operators.python.BranchPythonOperator` attribute is deprecated. Please use `'airflow.providers.standard.operators.python.BranchPythonOperator'`.","category":"DeprecatedImportWarning","filename":"/opt/airflow/dags/branch_pipeline.py","lineno":2,"logger":"py.warnings"}
{"timestamp":"2026-02-08T04:58:08.831180Z","level":"warning","event":"The `airflow.operators.bash.BashOperator` attribute is deprecated. Please use `'airflow.providers.standard.operators.bash.BashOperator'`.","category":"DeprecatedImportWarning","filename":"/opt/airflow/dags/branch_pipeline.py","lineno":3,"logger":"py.warnings"}
{"timestamp":"2026-02-08T04:58:39.499449Z","level":"info","event":"Filling up the DagBag from /opt/airflow/dags/branch_pipeline.py","logger":"airflow.models.dagbag.BundleDagBag","filename":"dagbag.py","lineno":593}
{"timestamp":"2026-02-08T04:58:39.544211Z","level":"warning","event":"The `airflow.decorators.dag` attribute is deprecated. Please use `'airflow.sdk.dag'`.","category":"DeprecatedImportWarning","filename":"/opt/airflow/dags/branch_pipeline.py","lineno":1,"logger":"py.warnings"}
{"timestamp":"2026-02-08T04:58:39.544383Z","level":"warning","event":"The `airflow.decorators.task` attribute is deprecated. Please use `'airflow.sdk.task'`.","category":"DeprecatedImportWarning","filename":"/opt/airflow/dags/branch_pipeline.py","lineno":1,"logger":"py.warnings"}
{"timestamp":"2026-02-08T04:58:39.544452Z","level":"warning","event":"The `airflow.operators.python.BranchPythonOperator` attribute is deprecated. Please use `'airflow.providers.standard.operators.python.BranchPythonOperator'`.","category":"DeprecatedImportWarning","filename":"/opt/airflow/dags/branch_pipeline.py","lineno":2,"logger":"py.warnings"}
{"timestamp":"2026-02-08T04:58:39.544498Z","level":"warning","event":"The `airflow.operators.bash.BashOperator` attribute is deprecated. Please use `'airflow.providers.standard.operators.bash.BashOperator'`.","category":"DeprecatedImportWarning","filename":"/opt/airflow/dags/branch_pipeline.py","lineno":3,"logger":"py.warnings"}
{"timestamp":"2026-02-08T04:59:10.237570Z","level":"info","event":"Filling up the DagBag from /opt/airflow/dags/branch_pipeline.py","logger":"airflow.models.dagbag.BundleDagBag","filename":"dagbag.py","lineno":593}
{"timestamp":"2026-02-08T04:59:10.282924Z","level":"warning","event":"The `airflow.decorators.dag` attribute is deprecated. Please use `'airflow.sdk.dag'`.","category":"DeprecatedImportWarning","filename":"/opt/airflow/dags/branch_pipeline.py","lineno":1,"logger":"py.warnings"}
{"timestamp":"2026-02-08T04:59:10.283424Z","level":"warning","event":"The `airflow.decorators.task` attribute is deprecated. Please use `'airflow.sdk.task'`.","category":"DeprecatedImportWarning","filename":"/opt/airflow/dags/branch_pipeline.py","lineno":1,"logger":"py.warnings"}
{"timestamp":"2026-02-08T04:59:10.283612Z","level":"warning","event":"The `airflow.operators.python.BranchPythonOperator` attribute is deprecated. Please use `'airflow.providers.standard.operators.python.BranchPythonOperator'`.","category":"DeprecatedImportWarning","filename":"/opt/airflow/dags/branch_pipeline.py","lineno":2,"logger":"py.warnings"}
{"timestamp":"2026-02-08T04:59:10.283760Z","level":"warning","event":"The `airflow.operators.bash.BashOperator` attribute is deprecated. Please use `'airflow.providers.standard.operators.bash.BashOperator'`.","category":"DeprecatedImportWarning","filename":"/opt/airflow/dags/branch_pipeline.py","lineno":3,"logger":"py.warnings"}
{"timestamp":"2026-02-08T04:59:41.031003Z","level":"info","event":"Filling up the DagBag from /opt/airflow/dags/branch_pipeline.py","logger":"airflow.models.dagbag.BundleDagBag","filename":"dagbag.py","lineno":593}
{"timestamp":"2026-02-08T04:59:41.093956Z","level":"warning","event":"The `airflow.decorators.dag` attribute is deprecated. Please use `'airflow.sdk.dag'`.","category":"DeprecatedImportWarning","filename":"/opt/airflow/dags/branch_pipeline.py","lineno":1,"logger":"py.warnings"}
{"timestamp":"2026-02-08T04:59:41.094244Z","level":"warning","event":"The `airflow.decorators.task` attribute is deprecated. Please use `'airflow.sdk.task'`.","category":"DeprecatedImportWarning","filename":"/opt/airflow/dags/branch_pipeline.py","lineno":1,"logger":"py.warnings"}
{"timestamp":"2026-02-08T04:59:41.094371Z","level":"warning","event":"The `airflow.operators.python.BranchPythonOperator` attribute is deprecated. Please use `'airflow.providers.standard.operators.python.BranchPythonOperator'`.","category":"DeprecatedImportWarning","filename":"/opt/airflow/dags/branch_pipeline.py","lineno":2,"logger":"py.warnings"}
{"timestamp":"2026-02-08T04:59:41.094496Z","level":"warning","event":"The `airflow.operators.bash.BashOperator` attribute is deprecated. Please use `'airflow.providers.standard.operators.bash.BashOperator'`.","category":"DeprecatedImportWarning","filename":"/opt/airflow/dags/branch_pipeline.py","lineno":3,"logger":"py.warnings"}
{"timestamp":"2026-02-08T05:00:11.310640Z","level":"info","event":"Filling up the DagBag from /opt/airflow/dags/branch_pipeline.py","logger":"airflow.models.dagbag.BundleDagBag","filename":"dagbag.py","lineno":593}
{"timestamp":"2026-02-08T05:00:11.371990Z","level":"warning","event":"The `airflow.decorators.dag` attribute is deprecated. Please use `'airflow.sdk.dag'`.","category":"DeprecatedImportWarning","filename":"/opt/airflow/dags/branch_pipeline.py","lineno":1,"logger":"py.warnings"}
{"timestamp":"2026-02-08T05:00:11.372170Z","level":"warning","event":"The `airflow.decorators.task` attribute is deprecated. Please use `'airflow.sdk.task'`.","category":"DeprecatedImportWarning","filename":"/opt/airflow/dags/branch_pipeline.py","lineno":1,"logger":"py.warnings"}
{"timestamp":"2026-02-08T05:00:11.372237Z","level":"warning","event":"The `airflow.operators.python.BranchPythonOperator` attribute is deprecated. Please use `'airflow.providers.standard.operators.python.BranchPythonOperator'`.","category":"DeprecatedImportWarning","filename":"/opt/airflow/dags/branch_pipeline.py","lineno":2,"logger":"py.warnings"}
{"timestamp":"2026-02-08T05:00:11.372283Z","level":"warning","event":"The `airflow.operators.bash.BashOperator` attribute is deprecated. Please use `'airflow.providers.standard.operators.bash.BashOperator'`.","category":"DeprecatedImportWarning","filename":"/opt/airflow/dags/branch_pipeline.py","lineno":3,"logger":"py.warnings"}
{"timestamp":"2026-02-08T05:00:42.205474Z","level":"info","event":"Filling up the DagBag from /opt/airflow/dags/branch_pipeline.py","logger":"airflow.models.dagbag.BundleDagBag","filename":"dagbag.py","lineno":593}
{"timestamp":"2026-02-08T05:00:42.277437Z","level":"warning","event":"The `airflow.decorators.dag` attribute is deprecated. Please use `'airflow.sdk.dag'`.","category":"DeprecatedImportWarning","filename":"/opt/airflow/dags/branch_pipeline.py","lineno":1,"logger":"py.warnings"}
{"timestamp":"2026-02-08T05:00:42.277638Z","level":"warning","event":"The `airflow.decorators.task` attribute is deprecated. Please use `'airflow.sdk.task'`.","category":"DeprecatedImportWarning","filename":"/opt/airflow/dags/branch_pipeline.py","lineno":1,"logger":"py.warnings"}
{"timestamp":"2026-02-08T05:00:42.277713Z","level":"warning","event":"The `airflow.operators.python.BranchPythonOperator` attribute is deprecated. Please use `'airflow.providers.standard.operators.python.BranchPythonOperator'`.","category":"DeprecatedImportWarning","filename":"/opt/airflow/dags/branch_pipeline.py","lineno":2,"logger":"py.warnings"}
{"timestamp":"2026-02-08T05:00:42.277759Z","level":"warning","event":"The `airflow.operators.bash.BashOperator` attribute is deprecated. Please use `'airflow.providers.standard.operators.bash.BashOperator'`.","category":"DeprecatedImportWarning","filename":"/opt/airflow/dags/branch_pipeline.py","lineno":3,"logger":"py.warnings"}
{"timestamp":"2026-02-08T05:01:12.424224Z","level":"info","event":"Filling up the DagBag from /opt/airflow/dags/branch_pipeline.py","logger":"airflow.models.dagbag.BundleDagBag","filename":"dagbag.py","lineno":593}
{"timestamp":"2026-02-08T05:01:12.463847Z","level":"warning","event":"The `airflow.decorators.dag` attribute is deprecated. Please use `'airflow.sdk.dag'`.","category":"DeprecatedImportWarning","filename":"/opt/airflow/dags/branch_pipeline.py","lineno":1,"logger":"py.warnings"}
{"timestamp":"2026-02-08T05:01:12.464039Z","level":"warning","event":"The `airflow.decorators.task` attribute is deprecated. Please use `'airflow.sdk.task'`.","category":"DeprecatedImportWarning","filename":"/opt/airflow/dags/branch_pipeline.py","lineno":1,"logger":"py.warnings"}
{"timestamp":"2026-02-08T05:01:12.464103Z","level":"warning","event":"The `airflow.operators.python.BranchPythonOperator` attribute is deprecated. Please use `'airflow.providers.standard.operators.python.BranchPythonOperator'`.","category":"DeprecatedImportWarning","filename":"/opt/airflow/dags/branch_pipeline.py","lineno":2,"logger":"py.warnings"}
{"timestamp":"2026-02-08T05:01:12.464161Z","level":"warning","event":"The `airflow.operators.bash.BashOperator` attribute is deprecated. Please use `'airflow.providers.standard.operators.bash.BashOperator'`.","category":"DeprecatedImportWarning","filename":"/opt/airflow/dags/branch_pipeline.py","lineno":3,"logger":"py.warnings"}
{"timestamp":"2026-02-08T05:01:43.248921Z","level":"info","event":"Filling up the DagBag from /opt/airflow/dags/branch_pipeline.py","logger":"airflow.models.dagbag.BundleDagBag","filename":"dagbag.py","lineno":593}
{"timestamp":"2026-02-08T05:01:43.287531Z","level":"warning","event":"The `airflow.decorators.dag` attribute is deprecated. Please use `'airflow.sdk.dag'`.","category":"DeprecatedImportWarning","filename":"/opt/airflow/dags/branch_pipeline.py","lineno":1,"logger":"py.warnings"}
{"timestamp":"2026-02-08T05:01:43.287692Z","level":"warning","event":"The `airflow.decorators.task` attribute is deprecated. Please use `'airflow.sdk.task'`.","category":"DeprecatedImportWarning","filename":"/opt/airflow/dags/branch_pipeline.py","lineno":1,"logger":"py.warnings"}
{"timestamp":"2026-02-08T05:01:43.287757Z","level":"warning","event":"The `airflow.operators.python.BranchPythonOperator` attribute is deprecated. Please use `'airflow.providers.standard.operators.python.BranchPythonOperator'`.","category":"DeprecatedImportWarning","filename":"/opt/airflow/dags/branch_pipeline.py","lineno":2,"logger":"py.warnings"}
{"timestamp":"2026-02-08T05:01:43.287813Z","level":"warning","event":"The `airflow.operators.bash.BashOperator` attribute is deprecated. Please use `'airflow.providers.standard.operators.bash.BashOperator'`.","category":"DeprecatedImportWarning","filename":"/opt/airflow/dags/branch_pipeline.py","lineno":3,"logger":"py.warnings"}
{"timestamp":"2026-02-08T05:02:13.929124Z","level":"info","event":"Filling up the DagBag from /opt/airflow/dags/branch_pipeline.py","logger":"airflow.models.dagbag.BundleDagBag","filename":"dagbag.py","lineno":593}
{"timestamp":"2026-02-08T05:02:13.971505Z","level":"warning","event":"The `airflow.decorators.dag` attribute is deprecated. Please use `'airflow.sdk.dag'`.","category":"DeprecatedImportWarning","filename":"/opt/airflow/dags/branch_pipeline.py","lineno":1,"logger":"py.warnings"}
{"timestamp":"2026-02-08T05:02:13.971686Z","level":"warning","event":"The `airflow.decorators.task` attribute is deprecated. Please use `'airflow.sdk.task'`.","category":"DeprecatedImportWarning","filename":"/opt/airflow/dags/branch_pipeline.py","lineno":1,"logger":"py.warnings"}
{"timestamp":"2026-02-08T05:02:13.971751Z","level":"warning","event":"The `airflow.operators.python.BranchPythonOperator` attribute is deprecated. Please use `'airflow.providers.standard.operators.python.BranchPythonOperator'`.","category":"DeprecatedImportWarning","filename":"/opt/airflow/dags/branch_pipeline.py","lineno":2,"logger":"py.warnings"}
{"timestamp":"2026-02-08T05:02:13.971797Z","level":"warning","event":"The `airflow.operators.bash.BashOperator` attribute is deprecated. Please use `'airflow.providers.standard.operators.bash.BashOperator'`.","category":"DeprecatedImportWarning","filename":"/opt/airflow/dags/branch_pipeline.py","lineno":3,"logger":"py.warnings"}
{"timestamp":"2026-02-08T05:02:44.630716Z","level":"info","event":"Filling up the DagBag from /opt/airflow/dags/branch_pipeline.py","logger":"airflow.models.dagbag.BundleDagBag","filename":"dagbag.py","lineno":593}
{"timestamp":"2026-02-08T05:02:44.676425Z","level":"warning","event":"The `airflow.decorators.dag` attribute is deprecated. Please use `'airflow.sdk.dag'`.","category":"DeprecatedImportWarning","filename":"/opt/airflow/dags/branch_pipeline.py","lineno":1,"logger":"py.warnings"}
{"timestamp":"2026-02-08T05:02:44.676604Z","level":"warning","event":"The `airflow.decorators.task` attribute is deprecated. Please use `'airflow.sdk.task'`.","category":"DeprecatedImportWarning","filename":"/opt/airflow/dags/branch_pipeline.py","lineno":1,"logger":"py.warnings"}
{"timestamp":"2026-02-08T05:02:44.676671Z","level":"warning","event":"The `airflow.operators.python.BranchPythonOperator` attribute is deprecated. Please use `'airflow.providers.standard.operators.python.BranchPythonOperator'`.","category":"DeprecatedImportWarning","filename":"/opt/airflow/dags/branch_pipeline.py","lineno":2,"logger":"py.warnings"}
{"timestamp":"2026-02-08T05:02:44.676741Z","level":"warning","event":"The `airflow.operators.bash.BashOperator` attribute is deprecated. Please use `'airflow.providers.standard.operators.bash.BashOperator'`.","category":"DeprecatedImportWarning","filename":"/opt/airflow/dags/branch_pipeline.py","lineno":3,"logger":"py.warnings"}
{"timestamp":"2026-02-08T05:03:15.466896Z","level":"info","event":"Filling up the DagBag from /opt/airflow/dags/branch_pipeline.py","logger":"airflow.models.dagbag.BundleDagBag","filename":"dagbag.py","lineno":593}
{"timestamp":"2026-02-08T05:03:15.507666Z","level":"warning","event":"The `airflow.decorators.dag` attribute is deprecated. Please use `'airflow.sdk.dag'`.","category":"DeprecatedImportWarning","filename":"/opt/airflow/dags/branch_pipeline.py","lineno":1,"logger":"py.warnings"}
{"timestamp":"2026-02-08T05:03:15.507835Z","level":"warning","event":"The `airflow.decorators.task` attribute is deprecated. Please use `'airflow.sdk.task'`.","category":"DeprecatedImportWarning","filename":"/opt/airflow/dags/branch_pipeline.py","lineno":1,"logger":"py.warnings"}
{"timestamp":"2026-02-08T05:03:15.507903Z","level":"warning","event":"The `airflow.operators.python.BranchPythonOperator` attribute is deprecated. Please use `'airflow.providers.standard.operators.python.BranchPythonOperator'`.","category":"DeprecatedImportWarning","filename":"/opt/airflow/dags/branch_pipeline.py","lineno":2,"logger":"py.warnings"}
{"timestamp":"2026-02-08T05:03:15.507961Z","level":"warning","event":"The `airflow.operators.bash.BashOperator` attribute is deprecated. Please use `'airflow.providers.standard.operators.bash.BashOperator'`.","category":"DeprecatedImportWarning","filename":"/opt/airflow/dags/branch_pipeline.py","lineno":3,"logger":"py.warnings"}
{"timestamp":"2026-02-08T05:03:46.338949Z","level":"info","event":"Filling up the DagBag from /opt/airflow/dags/branch_pipeline.py","logger":"airflow.models.dagbag.BundleDagBag","filename":"dagbag.py","lineno":593}
{"timestamp":"2026-02-08T05:03:46.410994Z","level":"warning","event":"The `airflow.decorators.dag` attribute is deprecated. Please use `'airflow.sdk.dag'`.","category":"DeprecatedImportWarning","filename":"/opt/airflow/dags/branch_pipeline.py","lineno":1,"logger":"py.warnings"}
{"timestamp":"2026-02-08T05:03:46.411293Z","level":"warning","event":"The `airflow.decorators.task` attribute is deprecated. Please use `'airflow.sdk.task'`.","category":"DeprecatedImportWarning","filename":"/opt/airflow/dags/branch_pipeline.py","lineno":1,"logger":"py.warnings"}
{"timestamp":"2026-02-08T05:03:46.411375Z","level":"warning","event":"The `airflow.operators.python.BranchPythonOperator` attribute is deprecated. Please use `'airflow.providers.standard.operators.python.BranchPythonOperator'`.","category":"DeprecatedImportWarning","filename":"/opt/airflow/dags/branch_pipeline.py","lineno":2,"logger":"py.warnings"}
{"timestamp":"2026-02-08T05:03:46.411432Z","level":"warning","event":"The `airflow.operators.bash.BashOperator` attribute is deprecated. Please use `'airflow.providers.standard.operators.bash.BashOperator'`.","category":"DeprecatedImportWarning","filename":"/opt/airflow/dags/branch_pipeline.py","lineno":3,"logger":"py.warnings"}
{"timestamp":"2026-02-08T05:04:17.217473Z","level":"info","event":"Filling up the DagBag from /opt/airflow/dags/branch_pipeline.py","logger":"airflow.models.dagbag.BundleDagBag","filename":"dagbag.py","lineno":593}
{"timestamp":"2026-02-08T05:04:17.259142Z","level":"warning","event":"The `airflow.decorators.dag` attribute is deprecated. Please use `'airflow.sdk.dag'`.","category":"DeprecatedImportWarning","filename":"/opt/airflow/dags/branch_pipeline.py","lineno":1,"logger":"py.warnings"}
{"timestamp":"2026-02-08T05:04:17.259325Z","level":"warning","event":"The `airflow.decorators.task` attribute is deprecated. Please use `'airflow.sdk.task'`.","category":"DeprecatedImportWarning","filename":"/opt/airflow/dags/branch_pipeline.py","lineno":1,"logger":"py.warnings"}
{"timestamp":"2026-02-08T05:04:17.259392Z","level":"warning","event":"The `airflow.operators.python.BranchPythonOperator` attribute is deprecated. Please use `'airflow.providers.standard.operators.python.BranchPythonOperator'`.","category":"DeprecatedImportWarning","filename":"/opt/airflow/dags/branch_pipeline.py","lineno":2,"logger":"py.warnings"}
{"timestamp":"2026-02-08T05:04:17.259443Z","level":"warning","event":"The `airflow.operators.bash.BashOperator` attribute is deprecated. Please use `'airflow.providers.standard.operators.bash.BashOperator'`.","category":"DeprecatedImportWarning","filename":"/opt/airflow/dags/branch_pipeline.py","lineno":3,"logger":"py.warnings"}
{"timestamp":"2026-02-08T05:04:47.984803Z","level":"info","event":"Filling up the DagBag from /opt/airflow/dags/branch_pipeline.py","logger":"airflow.models.dagbag.BundleDagBag","filename":"dagbag.py","lineno":593}
{"timestamp":"2026-02-08T05:04:48.027609Z","level":"warning","event":"The `airflow.decorators.dag` attribute is deprecated. Please use `'airflow.sdk.dag'`.","category":"DeprecatedImportWarning","filename":"/opt/airflow/dags/branch_pipeline.py","lineno":1,"logger":"py.warnings"}
{"timestamp":"2026-02-08T05:04:48.027778Z","level":"warning","event":"The `airflow.decorators.task` attribute is deprecated. Please use `'airflow.sdk.task'`.","category":"DeprecatedImportWarning","filename":"/opt/airflow/dags/branch_pipeline.py","lineno":1,"logger":"py.warnings"}
{"timestamp":"2026-02-08T05:04:48.027843Z","level":"warning","event":"The `airflow.operators.python.BranchPythonOperator` attribute is deprecated. Please use `'airflow.providers.standard.operators.python.BranchPythonOperator'`.","category":"DeprecatedImportWarning","filename":"/opt/airflow/dags/branch_pipeline.py","lineno":2,"logger":"py.warnings"}
{"timestamp":"2026-02-08T05:04:48.027888Z","level":"warning","event":"The `airflow.operators.bash.BashOperator` attribute is deprecated. Please use `'airflow.providers.standard.operators.bash.BashOperator'`.","category":"DeprecatedImportWarning","filename":"/opt/airflow/dags/branch_pipeline.py","lineno":3,"logger":"py.warnings"}
{"timestamp":"2026-02-08T05:05:18.643830Z","level":"info","event":"Filling up the DagBag from /opt/airflow/dags/branch_pipeline.py","logger":"airflow.models.dagbag.BundleDagBag","filename":"dagbag.py","lineno":593}
{"timestamp":"2026-02-08T05:05:18.681205Z","level":"warning","event":"The `airflow.decorators.dag` attribute is deprecated. Please use `'airflow.sdk.dag'`.","category":"DeprecatedImportWarning","filename":"/opt/airflow/dags/branch_pipeline.py","lineno":1,"logger":"py.warnings"}
{"timestamp":"2026-02-08T05:05:18.681382Z","level":"warning","event":"The `airflow.decorators.task` attribute is deprecated. Please use `'airflow.sdk.task'`.","category":"DeprecatedImportWarning","filename":"/opt/airflow/dags/branch_pipeline.py","lineno":1,"logger":"py.warnings"}
{"timestamp":"2026-02-08T05:05:18.681449Z","level":"warning","event":"The `airflow.operators.python.BranchPythonOperator` attribute is deprecated. Please use `'airflow.providers.standard.operators.python.BranchPythonOperator'`.","category":"DeprecatedImportWarning","filename":"/opt/airflow/dags/branch_pipeline.py","lineno":2,"logger":"py.warnings"}
{"timestamp":"2026-02-08T05:05:18.681527Z","level":"warning","event":"The `airflow.operators.bash.BashOperator` attribute is deprecated. Please use `'airflow.providers.standard.operators.bash.BashOperator'`.","category":"DeprecatedImportWarning","filename":"/opt/airflow/dags/branch_pipeline.py","lineno":3,"logger":"py.warnings"}
{"timestamp":"2026-02-08T05:05:49.480731Z","level":"info","event":"Filling up the DagBag from /opt/airflow/dags/branch_pipeline.py","logger":"airflow.models.dagbag.BundleDagBag","filename":"dagbag.py","lineno":593}
{"timestamp":"2026-02-08T05:05:49.528003Z","level":"warning","event":"The `airflow.decorators.dag` attribute is deprecated. Please use `'airflow.sdk.dag'`.","category":"DeprecatedImportWarning","filename":"/opt/airflow/dags/branch_pipeline.py","lineno":1,"logger":"py.warnings"}
{"timestamp":"2026-02-08T05:05:49.528231Z","level":"warning","event":"The `airflow.decorators.task` attribute is deprecated. Please use `'airflow.sdk.task'`.","category":"DeprecatedImportWarning","filename":"/opt/airflow/dags/branch_pipeline.py","lineno":1,"logger":"py.warnings"}
{"timestamp":"2026-02-08T05:05:49.528305Z","level":"warning","event":"The `airflow.operators.python.BranchPythonOperator` attribute is deprecated. Please use `'airflow.providers.standard.operators.python.BranchPythonOperator'`.","category":"DeprecatedImportWarning","filename":"/opt/airflow/dags/branch_pipeline.py","lineno":2,"logger":"py.warnings"}
{"timestamp":"2026-02-08T05:05:49.528353Z","level":"warning","event":"The `airflow.operators.bash.BashOperator` attribute is deprecated. Please use `'airflow.providers.standard.operators.bash.BashOperator'`.","category":"DeprecatedImportWarning","filename":"/opt/airflow/dags/branch_pipeline.py","lineno":3,"logger":"py.warnings"}
{"timestamp":"2026-02-08T05:06:20.235315Z","level":"info","event":"Filling up the DagBag from /opt/airflow/dags/branch_pipeline.py","logger":"airflow.models.dagbag.BundleDagBag","filename":"dagbag.py","lineno":593}
{"timestamp":"2026-02-08T05:06:20.273265Z","level":"warning","event":"The `airflow.decorators.dag` attribute is deprecated. Please use `'airflow.sdk.dag'`.","category":"DeprecatedImportWarning","filename":"/opt/airflow/dags/branch_pipeline.py","lineno":1,"logger":"py.warnings"}
{"timestamp":"2026-02-08T05:06:20.273448Z","level":"warning","event":"The `airflow.decorators.task` attribute is deprecated. Please use `'airflow.sdk.task'`.","category":"DeprecatedImportWarning","filename":"/opt/airflow/dags/branch_pipeline.py","lineno":1,"logger":"py.warnings"}
{"timestamp":"2026-02-08T05:06:20.273513Z","level":"warning","event":"The `airflow.operators.python.BranchPythonOperator` attribute is deprecated. Please use `'airflow.providers.standard.operators.python.BranchPythonOperator'`.","category":"DeprecatedImportWarning","filename":"/opt/airflow/dags/branch_pipeline.py","lineno":2,"logger":"py.warnings"}
{"timestamp":"2026-02-08T05:06:20.273556Z","level":"warning","event":"The `airflow.operators.bash.BashOperator` attribute is deprecated. Please use `'airflow.providers.standard.operators.bash.BashOperator'`.","category":"DeprecatedImportWarning","filename":"/opt/airflow/dags/branch_pipeline.py","lineno":3,"logger":"py.warnings"}
{"timestamp":"2026-02-08T05:06:51.018929Z","level":"info","event":"Filling up the DagBag from /opt/airflow/dags/branch_pipeline.py","logger":"airflow.models.dagbag.BundleDagBag","filename":"dagbag.py","lineno":593}
{"timestamp":"2026-02-08T05:06:51.076196Z","level":"warning","event":"The `airflow.decorators.dag` attribute is deprecated. Please use `'airflow.sdk.dag'`.","category":"DeprecatedImportWarning","filename":"/opt/airflow/dags/branch_pipeline.py","lineno":1,"logger":"py.warnings"}
{"timestamp":"2026-02-08T05:06:51.076504Z","level":"warning","event":"The `airflow.decorators.task` attribute is deprecated. Please use `'airflow.sdk.task'`.","category":"DeprecatedImportWarning","filename":"/opt/airflow/dags/branch_pipeline.py","lineno":1,"logger":"py.warnings"}
{"timestamp":"2026-02-08T05:06:51.076637Z","level":"warning","event":"The `airflow.operators.python.BranchPythonOperator` attribute is deprecated. Please use `'airflow.providers.standard.operators.python.BranchPythonOperator'`.","category":"DeprecatedImportWarning","filename":"/opt/airflow/dags/branch_pipeline.py","lineno":2,"logger":"py.warnings"}
{"timestamp":"2026-02-08T05:06:51.076752Z","level":"warning","event":"The `airflow.operators.bash.BashOperator` attribute is deprecated. Please use `'airflow.providers.standard.operators.bash.BashOperator'`.","category":"DeprecatedImportWarning","filename":"/opt/airflow/dags/branch_pipeline.py","lineno":3,"logger":"py.warnings"}
{"timestamp":"2026-02-08T05:07:21.979994Z","level":"info","event":"Filling up the DagBag from /opt/airflow/dags/branch_pipeline.py","logger":"airflow.models.dagbag.BundleDagBag","filename":"dagbag.py","lineno":593}
{"timestamp":"2026-02-08T05:07:22.025412Z","level":"warning","event":"The `airflow.decorators.dag` attribute is deprecated. Please use `'airflow.sdk.dag'`.","category":"DeprecatedImportWarning","filename":"/opt/airflow/dags/branch_pipeline.py","lineno":1,"logger":"py.warnings"}
{"timestamp":"2026-02-08T05:07:22.025737Z","level":"warning","event":"The `airflow.decorators.task` attribute is deprecated. Please use `'airflow.sdk.task'`.","category":"DeprecatedImportWarning","filename":"/opt/airflow/dags/branch_pipeline.py","lineno":1,"logger":"py.warnings"}
{"timestamp":"2026-02-08T05:07:22.025983Z","level":"warning","event":"The `airflow.operators.python.BranchPythonOperator` attribute is deprecated. Please use `'airflow.providers.standard.operators.python.BranchPythonOperator'`.","category":"DeprecatedImportWarning","filename":"/opt/airflow/dags/branch_pipeline.py","lineno":2,"logger":"py.warnings"}
{"timestamp":"2026-02-08T05:07:22.026197Z","level":"warning","event":"The `airflow.operators.bash.BashOperator` attribute is deprecated. Please use `'airflow.providers.standard.operators.bash.BashOperator'`.","category":"DeprecatedImportWarning","filename":"/opt/airflow/dags/branch_pipeline.py","lineno":3,"logger":"py.warnings"}
{"timestamp":"2026-02-08T05:07:52.559622Z","level":"info","event":"Filling up the DagBag from /opt/airflow/dags/branch_pipeline.py","logger":"airflow.models.dagbag.BundleDagBag","filename":"dagbag.py","lineno":593}
{"timestamp":"2026-02-08T05:07:52.625316Z","level":"warning","event":"The `airflow.decorators.dag` attribute is deprecated. Please use `'airflow.sdk.dag'`.","category":"DeprecatedImportWarning","filename":"/opt/airflow/dags/branch_pipeline.py","lineno":1,"logger":"py.warnings"}
{"timestamp":"2026-02-08T05:07:52.625549Z","level":"warning","event":"The `airflow.decorators.task` attribute is deprecated. Please use `'airflow.sdk.task'`.","category":"DeprecatedImportWarning","filename":"/opt/airflow/dags/branch_pipeline.py","lineno":1,"logger":"py.warnings"}
{"timestamp":"2026-02-08T05:07:52.625682Z","level":"warning","event":"The `airflow.operators.python.BranchPythonOperator` attribute is deprecated. Please use `'airflow.providers.standard.operators.python.BranchPythonOperator'`.","category":"DeprecatedImportWarning","filename":"/opt/airflow/dags/branch_pipeline.py","lineno":2,"logger":"py.warnings"}
{"timestamp":"2026-02-08T05:07:52.625781Z","level":"warning","event":"The `airflow.operators.bash.BashOperator` attribute is deprecated. Please use `'airflow.providers.standard.operators.bash.BashOperator'`.","category":"DeprecatedImportWarning","filename":"/opt/airflow/dags/branch_pipeline.py","lineno":3,"logger":"py.warnings"}
{"timestamp":"2026-02-08T05:08:23.614876Z","level":"info","event":"Filling up the DagBag from /opt/airflow/dags/branch_pipeline.py","logger":"airflow.models.dagbag.BundleDagBag","filename":"dagbag.py","lineno":593}
{"timestamp":"2026-02-08T05:08:23.663235Z","level":"warning","event":"The `airflow.decorators.dag` attribute is deprecated. Please use `'airflow.sdk.dag'`.","category":"DeprecatedImportWarning","filename":"/opt/airflow/dags/branch_pipeline.py","lineno":1,"logger":"py.warnings"}
{"timestamp":"2026-02-08T05:08:23.663540Z","level":"warning","event":"The `airflow.decorators.task` attribute is deprecated. Please use `'airflow.sdk.task'`.","category":"DeprecatedImportWarning","filename":"/opt/airflow/dags/branch_pipeline.py","lineno":1,"logger":"py.warnings"}
{"timestamp":"2026-02-08T05:08:23.663689Z","level":"warning","event":"The `airflow.operators.python.BranchPythonOperator` attribute is deprecated. Please use `'airflow.providers.standard.operators.python.BranchPythonOperator'`.","category":"DeprecatedImportWarning","filename":"/opt/airflow/dags/branch_pipeline.py","lineno":2,"logger":"py.warnings"}
{"timestamp":"2026-02-08T05:08:23.663797Z","level":"warning","event":"The `airflow.operators.bash.BashOperator` attribute is deprecated. Please use `'airflow.providers.standard.operators.bash.BashOperator'`.","category":"DeprecatedImportWarning","filename":"/opt/airflow/dags/branch_pipeline.py","lineno":3,"logger":"py.warnings"}
{"timestamp":"2026-02-08T05:08:54.355792Z","level":"info","event":"Filling up the DagBag from /opt/airflow/dags/branch_pipeline.py","logger":"airflow.models.dagbag.BundleDagBag","filename":"dagbag.py","lineno":593}
{"timestamp":"2026-02-08T05:08:54.404772Z","level":"warning","event":"The `airflow.decorators.dag` attribute is deprecated. Please use `'airflow.sdk.dag'`.","category":"DeprecatedImportWarning","filename":"/opt/airflow/dags/branch_pipeline.py","lineno":1,"logger":"py.warnings"}
{"timestamp":"2026-02-08T05:08:54.404968Z","level":"warning","event":"The `airflow.decorators.task` attribute is deprecated. Please use `'airflow.sdk.task'`.","category":"DeprecatedImportWarning","filename":"/opt/airflow/dags/branch_pipeline.py","lineno":1,"logger":"py.warnings"}
{"timestamp":"2026-02-08T05:08:54.405047Z","level":"warning","event":"The `airflow.operators.python.BranchPythonOperator` attribute is deprecated. Please use `'airflow.providers.standard.operators.python.BranchPythonOperator'`.","category":"DeprecatedImportWarning","filename":"/opt/airflow/dags/branch_pipeline.py","lineno":2,"logger":"py.warnings"}
{"timestamp":"2026-02-08T05:08:54.405102Z","level":"warning","event":"The `airflow.operators.bash.BashOperator` attribute is deprecated. Please use `'airflow.providers.standard.operators.bash.BashOperator'`.","category":"DeprecatedImportWarning","filename":"/opt/airflow/dags/branch_pipeline.py","lineno":3,"logger":"py.warnings"}
{"timestamp":"2026-02-08T05:09:25.256139Z","level":"info","event":"Filling up the DagBag from /opt/airflow/dags/branch_pipeline.py","logger":"airflow.models.dagbag.BundleDagBag","filename":"dagbag.py","lineno":593}
{"timestamp":"2026-02-08T05:09:25.301352Z","level":"warning","event":"The `airflow.decorators.dag` attribute is deprecated. Please use `'airflow.sdk.dag'`.","category":"DeprecatedImportWarning","filename":"/opt/airflow/dags/branch_pipeline.py","lineno":1,"logger":"py.warnings"}
{"timestamp":"2026-02-08T05:09:25.302069Z","level":"warning","event":"The `airflow.decorators.task` attribute is deprecated. Please use `'airflow.sdk.task'`.","category":"DeprecatedImportWarning","filename":"/opt/airflow/dags/branch_pipeline.py","lineno":1,"logger":"py.warnings"}
{"timestamp":"2026-02-08T05:09:25.302854Z","level":"warning","event":"The `airflow.operators.python.BranchPythonOperator` attribute is deprecated. Please use `'airflow.providers.standard.operators.python.BranchPythonOperator'`.","category":"DeprecatedImportWarning","filename":"/opt/airflow/dags/branch_pipeline.py","lineno":2,"logger":"py.warnings"}
{"timestamp":"2026-02-08T05:09:25.303277Z","level":"warning","event":"The `airflow.operators.bash.BashOperator` attribute is deprecated. Please use `'airflow.providers.standard.operators.bash.BashOperator'`.","category":"DeprecatedImportWarning","filename":"/opt/airflow/dags/branch_pipeline.py","lineno":3,"logger":"py.warnings"}
{"timestamp":"2026-02-08T05:09:56.222585Z","level":"info","event":"Filling up the DagBag from /opt/airflow/dags/branch_pipeline.py","logger":"airflow.models.dagbag.BundleDagBag","filename":"dagbag.py","lineno":593}
{"timestamp":"2026-02-08T05:09:56.298643Z","level":"warning","event":"The `airflow.decorators.dag` attribute is deprecated. Please use `'airflow.sdk.dag'`.","category":"DeprecatedImportWarning","filename":"/opt/airflow/dags/branch_pipeline.py","lineno":1,"logger":"py.warnings"}
{"timestamp":"2026-02-08T05:09:56.299115Z","level":"warning","event":"The `airflow.decorators.task` attribute is deprecated. Please use `'airflow.sdk.task'`.","category":"DeprecatedImportWarning","filename":"/opt/airflow/dags/branch_pipeline.py","lineno":1,"logger":"py.warnings"}
{"timestamp":"2026-02-08T05:09:56.299279Z","level":"warning","event":"The `airflow.operators.python.BranchPythonOperator` attribute is deprecated. Please use `'airflow.providers.standard.operators.python.BranchPythonOperator'`.","category":"DeprecatedImportWarning","filename":"/opt/airflow/dags/branch_pipeline.py","lineno":2,"logger":"py.warnings"}
{"timestamp":"2026-02-08T05:09:56.299395Z","level":"warning","event":"The `airflow.operators.bash.BashOperator` attribute is deprecated. Please use `'airflow.providers.standard.operators.bash.BashOperator'`.","category":"DeprecatedImportWarning","filename":"/opt/airflow/dags/branch_pipeline.py","lineno":3,"logger":"py.warnings"}
{"timestamp":"2026-02-08T05:11:07.285987Z","level":"info","event":"Filling up the DagBag from /opt/airflow/dags/branch_pipeline.py","logger":"airflow.models.dagbag.BundleDagBag","filename":"dagbag.py","lineno":593}
{"timestamp":"2026-02-08T05:11:07.804484Z","level":"warning","event":"The `airflow.decorators.dag` attribute is deprecated. Please use `'airflow.sdk.dag'`.","category":"DeprecatedImportWarning","filename":"/opt/airflow/dags/branch_pipeline.py","lineno":1,"logger":"py.warnings"}
{"timestamp":"2026-02-08T05:11:07.806305Z","level":"warning","event":"The `airflow.decorators.task` attribute is deprecated. Please use `'airflow.sdk.task'`.","category":"DeprecatedImportWarning","filename":"/opt/airflow/dags/branch_pipeline.py","lineno":1,"logger":"py.warnings"}
{"timestamp":"2026-02-08T05:11:07.813730Z","level":"warning","event":"The `airflow.operators.python.BranchPythonOperator` attribute is deprecated. Please use `'airflow.providers.standard.operators.python.BranchPythonOperator'`.","category":"DeprecatedImportWarning","filename":"/opt/airflow/dags/branch_pipeline.py","lineno":2,"logger":"py.warnings"}
{"timestamp":"2026-02-08T05:11:07.814320Z","level":"warning","event":"The `airflow.operators.bash.BashOperator` attribute is deprecated. Please use `'airflow.providers.standard.operators.bash.BashOperator'`.","category":"DeprecatedImportWarning","filename":"/opt/airflow/dags/branch_pipeline.py","lineno":3,"logger":"py.warnings"}
{"timestamp":"2026-02-08T05:11:39.182654Z","level":"info","event":"Filling up the DagBag from /opt/airflow/dags/branch_pipeline.py","logger":"airflow.models.dagbag.BundleDagBag","filename":"dagbag.py","lineno":593}
{"timestamp":"2026-02-08T05:11:39.289624Z","level":"warning","event":"The `airflow.decorators.dag` attribute is deprecated. Please use `'airflow.sdk.dag'`.","category":"DeprecatedImportWarning","filename":"/opt/airflow/dags/branch_pipeline.py","lineno":1,"logger":"py.warnings"}
{"timestamp":"2026-02-08T05:11:39.289969Z","level":"warning","event":"The `airflow.decorators.task` attribute is deprecated. Please use `'airflow.sdk.task'`.","category":"DeprecatedImportWarning","filename":"/opt/airflow/dags/branch_pipeline.py","lineno":1,"logger":"py.warnings"}
{"timestamp":"2026-02-08T05:11:39.290113Z","level":"warning","event":"The `airflow.operators.python.BranchPythonOperator` attribute is deprecated. Please use `'airflow.providers.standard.operators.python.BranchPythonOperator'`.","category":"DeprecatedImportWarning","filename":"/opt/airflow/dags/branch_pipeline.py","lineno":2,"logger":"py.warnings"}
{"timestamp":"2026-02-08T05:11:39.290230Z","level":"warning","event":"The `airflow.operators.bash.BashOperator` attribute is deprecated. Please use `'airflow.providers.standard.operators.bash.BashOperator'`.","category":"DeprecatedImportWarning","filename":"/opt/airflow/dags/branch_pipeline.py","lineno":3,"logger":"py.warnings"}
{"timestamp":"2026-02-08T05:12:09.749344Z","level":"info","event":"Filling up the DagBag from /opt/airflow/dags/branch_pipeline.py","logger":"airflow.models.dagbag.BundleDagBag","filename":"dagbag.py","lineno":593}
{"timestamp":"2026-02-08T05:12:09.823334Z","level":"warning","event":"The `airflow.decorators.dag` attribute is deprecated. Please use `'airflow.sdk.dag'`.","category":"DeprecatedImportWarning","filename":"/opt/airflow/dags/branch_pipeline.py","lineno":1,"logger":"py.warnings"}
{"timestamp":"2026-02-08T05:12:09.823643Z","level":"warning","event":"The `airflow.decorators.task` attribute is deprecated. Please use `'airflow.sdk.task'`.","category":"DeprecatedImportWarning","filename":"/opt/airflow/dags/branch_pipeline.py","lineno":1,"logger":"py.warnings"}
{"timestamp":"2026-02-08T05:12:09.823728Z","level":"warning","event":"The `airflow.operators.python.BranchPythonOperator` attribute is deprecated. Please use `'airflow.providers.standard.operators.python.BranchPythonOperator'`.","category":"DeprecatedImportWarning","filename":"/opt/airflow/dags/branch_pipeline.py","lineno":2,"logger":"py.warnings"}
{"timestamp":"2026-02-08T05:12:09.823790Z","level":"warning","event":"The `airflow.operators.bash.BashOperator` attribute is deprecated. Please use `'airflow.providers.standard.operators.bash.BashOperator'`.","category":"DeprecatedImportWarning","filename":"/opt/airflow/dags/branch_pipeline.py","lineno":3,"logger":"py.warnings"}
{"timestamp":"2026-02-08T05:12:40.905471Z","level":"info","event":"Filling up the DagBag from /opt/airflow/dags/branch_pipeline.py","logger":"airflow.models.dagbag.BundleDagBag","filename":"dagbag.py","lineno":593}
{"timestamp":"2026-02-08T05:12:41.006833Z","level":"warning","event":"The `airflow.decorators.dag` attribute is deprecated. Please use `'airflow.sdk.dag'`.","category":"DeprecatedImportWarning","filename":"/opt/airflow/dags/branch_pipeline.py","lineno":1,"logger":"py.warnings"}
{"timestamp":"2026-02-08T05:12:41.007192Z","level":"warning","event":"The `airflow.decorators.task` attribute is deprecated. Please use `'airflow.sdk.task'`.","category":"DeprecatedImportWarning","filename":"/opt/airflow/dags/branch_pipeline.py","lineno":1,"logger":"py.warnings"}
{"timestamp":"2026-02-08T05:12:41.007389Z","level":"warning","event":"The `airflow.operators.python.BranchPythonOperator` attribute is deprecated. Please use `'airflow.providers.standard.operators.python.BranchPythonOperator'`.","category":"DeprecatedImportWarning","filename":"/opt/airflow/dags/branch_pipeline.py","lineno":2,"logger":"py.warnings"}
{"timestamp":"2026-02-08T05:12:41.007514Z","level":"warning","event":"The `airflow.operators.bash.BashOperator` attribute is deprecated. Please use `'airflow.providers.standard.operators.bash.BashOperator'`.","category":"DeprecatedImportWarning","filename":"/opt/airflow/dags/branch_pipeline.py","lineno":3,"logger":"py.warnings"}
{"timestamp":"2026-02-08T05:13:11.995452Z","level":"info","event":"Filling up the DagBag from /opt/airflow/dags/branch_pipeline.py","logger":"airflow.models.dagbag.BundleDagBag","filename":"dagbag.py","lineno":593}
{"timestamp":"2026-02-08T05:13:12.045366Z","level":"warning","event":"The `airflow.decorators.dag` attribute is deprecated. Please use `'airflow.sdk.dag'`.","category":"DeprecatedImportWarning","filename":"/opt/airflow/dags/branch_pipeline.py","lineno":1,"logger":"py.warnings"}
{"timestamp":"2026-02-08T05:13:12.045659Z","level":"warning","event":"The `airflow.decorators.task` attribute is deprecated. Please use `'airflow.sdk.task'`.","category":"DeprecatedImportWarning","filename":"/opt/airflow/dags/branch_pipeline.py","lineno":1,"logger":"py.warnings"}
{"timestamp":"2026-02-08T05:13:12.045804Z","level":"warning","event":"The `airflow.operators.python.BranchPythonOperator` attribute is deprecated. Please use `'airflow.providers.standard.operators.python.BranchPythonOperator'`.","category":"DeprecatedImportWarning","filename":"/opt/airflow/dags/branch_pipeline.py","lineno":2,"logger":"py.warnings"}
{"timestamp":"2026-02-08T05:13:12.045908Z","level":"warning","event":"The `airflow.operators.bash.BashOperator` attribute is deprecated. Please use `'airflow.providers.standard.operators.bash.BashOperator'`.","category":"DeprecatedImportWarning","filename":"/opt/airflow/dags/branch_pipeline.py","lineno":3,"logger":"py.warnings"}
{"timestamp":"2026-02-08T05:13:42.720360Z","level":"info","event":"Filling up the DagBag from /opt/airflow/dags/branch_pipeline.py","logger":"airflow.models.dagbag.BundleDagBag","filename":"dagbag.py","lineno":593}
{"timestamp":"2026-02-08T05:13:42.792792Z","level":"warning","event":"The `airflow.decorators.dag` attribute is deprecated. Please use `'airflow.sdk.dag'`.","category":"DeprecatedImportWarning","filename":"/opt/airflow/dags/branch_pipeline.py","lineno":1,"logger":"py.warnings"}
{"timestamp":"2026-02-08T05:13:42.793672Z","level":"warning","event":"The `airflow.decorators.task` attribute is deprecated. Please use `'airflow.sdk.task'`.","category":"DeprecatedImportWarning","filename":"/opt/airflow/dags/branch_pipeline.py","lineno":1,"logger":"py.warnings"}
{"timestamp":"2026-02-08T05:13:42.793937Z","level":"warning","event":"The `airflow.operators.python.BranchPythonOperator` attribute is deprecated. Please use `'airflow.providers.standard.operators.python.BranchPythonOperator'`.","category":"DeprecatedImportWarning","filename":"/opt/airflow/dags/branch_pipeline.py","lineno":2,"logger":"py.warnings"}
{"timestamp":"2026-02-08T05:13:42.794204Z","level":"warning","event":"The `airflow.operators.bash.BashOperator` attribute is deprecated. Please use `'airflow.providers.standard.operators.bash.BashOperator'`.","category":"DeprecatedImportWarning","filename":"/opt/airflow/dags/branch_pipeline.py","lineno":3,"logger":"py.warnings"}
{"timestamp":"2026-02-08T05:14:13.272921Z","level":"info","event":"Filling up the DagBag from /opt/airflow/dags/branch_pipeline.py","logger":"airflow.models.dagbag.BundleDagBag","filename":"dagbag.py","lineno":593}
{"timestamp":"2026-02-08T05:14:13.435130Z","level":"warning","event":"The `airflow.decorators.dag` attribute is deprecated. Please use `'airflow.sdk.dag'`.","category":"DeprecatedImportWarning","filename":"/opt/airflow/dags/branch_pipeline.py","lineno":1,"logger":"py.warnings"}
{"timestamp":"2026-02-08T05:14:13.435697Z","level":"warning","event":"The `airflow.decorators.task` attribute is deprecated. Please use `'airflow.sdk.task'`.","category":"DeprecatedImportWarning","filename":"/opt/airflow/dags/branch_pipeline.py","lineno":1,"logger":"py.warnings"}
{"timestamp":"2026-02-08T05:14:13.435897Z","level":"warning","event":"The `airflow.operators.python.BranchPythonOperator` attribute is deprecated. Please use `'airflow.providers.standard.operators.python.BranchPythonOperator'`.","category":"DeprecatedImportWarning","filename":"/opt/airflow/dags/branch_pipeline.py","lineno":2,"logger":"py.warnings"}
{"timestamp":"2026-02-08T05:14:13.436044Z","level":"warning","event":"The `airflow.operators.bash.BashOperator` attribute is deprecated. Please use `'airflow.providers.standard.operators.bash.BashOperator'`.","category":"DeprecatedImportWarning","filename":"/opt/airflow/dags/branch_pipeline.py","lineno":3,"logger":"py.warnings"}
{"timestamp":"2026-02-08T05:14:43.737529Z","level":"info","event":"Filling up the DagBag from /opt/airflow/dags/branch_pipeline.py","logger":"airflow.models.dagbag.BundleDagBag","filename":"dagbag.py","lineno":593}
{"timestamp":"2026-02-08T05:14:43.791207Z","level":"warning","event":"The `airflow.decorators.dag` attribute is deprecated. Please use `'airflow.sdk.dag'`.","category":"DeprecatedImportWarning","filename":"/opt/airflow/dags/branch_pipeline.py","lineno":1,"logger":"py.warnings"}
{"timestamp":"2026-02-08T05:14:43.791417Z","level":"warning","event":"The `airflow.decorators.task` attribute is deprecated. Please use `'airflow.sdk.task'`.","category":"DeprecatedImportWarning","filename":"/opt/airflow/dags/branch_pipeline.py","lineno":1,"logger":"py.warnings"}
{"timestamp":"2026-02-08T05:14:43.791538Z","level":"warning","event":"The `airflow.operators.python.BranchPythonOperator` attribute is deprecated. Please use `'airflow.providers.standard.operators.python.BranchPythonOperator'`.","category":"DeprecatedImportWarning","filename":"/opt/airflow/dags/branch_pipeline.py","lineno":2,"logger":"py.warnings"}
{"timestamp":"2026-02-08T05:14:43.791621Z","level":"warning","event":"The `airflow.operators.bash.BashOperator` attribute is deprecated. Please use `'airflow.providers.standard.operators.bash.BashOperator'`.","category":"DeprecatedImportWarning","filename":"/opt/airflow/dags/branch_pipeline.py","lineno":3,"logger":"py.warnings"}
{"timestamp":"2026-02-08T05:15:14.682097Z","level":"info","event":"Filling up the DagBag from /opt/airflow/dags/branch_pipeline.py","logger":"airflow.models.dagbag.BundleDagBag","filename":"dagbag.py","lineno":593}
{"timestamp":"2026-02-08T05:15:14.844359Z","level":"warning","event":"The `airflow.decorators.dag` attribute is deprecated. Please use `'airflow.sdk.dag'`.","category":"DeprecatedImportWarning","filename":"/opt/airflow/dags/branch_pipeline.py","lineno":1,"logger":"py.warnings"}
{"timestamp":"2026-02-08T05:15:14.845476Z","level":"warning","event":"The `airflow.decorators.task` attribute is deprecated. Please use `'airflow.sdk.task'`.","category":"DeprecatedImportWarning","filename":"/opt/airflow/dags/branch_pipeline.py","lineno":1,"logger":"py.warnings"}
{"timestamp":"2026-02-08T05:15:14.845776Z","level":"warning","event":"The `airflow.operators.python.BranchPythonOperator` attribute is deprecated. Please use `'airflow.providers.standard.operators.python.BranchPythonOperator'`.","category":"DeprecatedImportWarning","filename":"/opt/airflow/dags/branch_pipeline.py","lineno":2,"logger":"py.warnings"}
{"timestamp":"2026-02-08T05:15:14.845926Z","level":"warning","event":"The `airflow.operators.bash.BashOperator` attribute is deprecated. Please use `'airflow.providers.standard.operators.bash.BashOperator'`.","category":"DeprecatedImportWarning","filename":"/opt/airflow/dags/branch_pipeline.py","lineno":3,"logger":"py.warnings"}
{"timestamp":"2026-02-08T05:15:45.071490Z","level":"info","event":"Filling up the DagBag from /opt/airflow/dags/branch_pipeline.py","logger":"airflow.models.dagbag.BundleDagBag","filename":"dagbag.py","lineno":593}
{"timestamp":"2026-02-08T05:15:45.121584Z","level":"warning","event":"The `airflow.decorators.dag` attribute is deprecated. Please use `'airflow.sdk.dag'`.","category":"DeprecatedImportWarning","filename":"/opt/airflow/dags/branch_pipeline.py","lineno":1,"logger":"py.warnings"}
{"timestamp":"2026-02-08T05:15:45.121946Z","level":"warning","event":"The `airflow.decorators.task` attribute is deprecated. Please use `'airflow.sdk.task'`.","category":"DeprecatedImportWarning","filename":"/opt/airflow/dags/branch_pipeline.py","lineno":1,"logger":"py.warnings"}
{"timestamp":"2026-02-08T05:15:45.122105Z","level":"warning","event":"The `airflow.operators.python.BranchPythonOperator` attribute is deprecated. Please use `'airflow.providers.standard.operators.python.BranchPythonOperator'`.","category":"DeprecatedImportWarning","filename":"/opt/airflow/dags/branch_pipeline.py","lineno":2,"logger":"py.warnings"}
{"timestamp":"2026-02-08T05:15:45.122278Z","level":"warning","event":"The `airflow.operators.bash.BashOperator` attribute is deprecated. Please use `'airflow.providers.standard.operators.bash.BashOperator'`.","category":"DeprecatedImportWarning","filename":"/opt/airflow/dags/branch_pipeline.py","lineno":3,"logger":"py.warnings"}
{"timestamp":"2026-02-08T05:16:16.066445Z","level":"info","event":"Filling up the DagBag from /opt/airflow/dags/branch_pipeline.py","logger":"airflow.models.dagbag.BundleDagBag","filename":"dagbag.py","lineno":593}
{"timestamp":"2026-02-08T05:16:16.231539Z","level":"warning","event":"The `airflow.decorators.dag` attribute is deprecated. Please use `'airflow.sdk.dag'`.","category":"DeprecatedImportWarning","filename":"/opt/airflow/dags/branch_pipeline.py","lineno":1,"logger":"py.warnings"}
{"timestamp":"2026-02-08T05:16:16.231905Z","level":"warning","event":"The `airflow.decorators.task` attribute is deprecated. Please use `'airflow.sdk.task'`.","category":"DeprecatedImportWarning","filename":"/opt/airflow/dags/branch_pipeline.py","lineno":1,"logger":"py.warnings"}
{"timestamp":"2026-02-08T05:16:16.232009Z","level":"warning","event":"The `airflow.operators.python.BranchPythonOperator` attribute is deprecated. Please use `'airflow.providers.standard.operators.python.BranchPythonOperator'`.","category":"DeprecatedImportWarning","filename":"/opt/airflow/dags/branch_pipeline.py","lineno":2,"logger":"py.warnings"}
{"timestamp":"2026-02-08T05:16:16.232079Z","level":"warning","event":"The `airflow.operators.bash.BashOperator` attribute is deprecated. Please use `'airflow.providers.standard.operators.bash.BashOperator'`.","category":"DeprecatedImportWarning","filename":"/opt/airflow/dags/branch_pipeline.py","lineno":3,"logger":"py.warnings"}
{"timestamp":"2026-02-08T05:16:47.332859Z","level":"info","event":"Filling up the DagBag from /opt/airflow/dags/branch_pipeline.py","logger":"airflow.models.dagbag.BundleDagBag","filename":"dagbag.py","lineno":593}
{"timestamp":"2026-02-08T05:16:47.407130Z","level":"warning","event":"The `airflow.decorators.dag` attribute is deprecated. Please use `'airflow.sdk.dag'`.","category":"DeprecatedImportWarning","filename":"/opt/airflow/dags/branch_pipeline.py","lineno":1,"logger":"py.warnings"}
{"timestamp":"2026-02-08T05:16:47.407422Z","level":"warning","event":"The `airflow.decorators.task` attribute is deprecated. Please use `'airflow.sdk.task'`.","category":"DeprecatedImportWarning","filename":"/opt/airflow/dags/branch_pipeline.py","lineno":1,"logger":"py.warnings"}
{"timestamp":"2026-02-08T05:16:47.407537Z","level":"warning","event":"The `airflow.operators.python.BranchPythonOperator` attribute is deprecated. Please use `'airflow.providers.standard.operators.python.BranchPythonOperator'`.","category":"DeprecatedImportWarning","filename":"/opt/airflow/dags/branch_pipeline.py","lineno":2,"logger":"py.warnings"}
{"timestamp":"2026-02-08T05:16:47.407612Z","level":"warning","event":"The `airflow.operators.bash.BashOperator` attribute is deprecated. Please use `'airflow.providers.standard.operators.bash.BashOperator'`.","category":"DeprecatedImportWarning","filename":"/opt/airflow/dags/branch_pipeline.py","lineno":3,"logger":"py.warnings"}
{"timestamp":"2026-02-08T05:17:17.658951Z","level":"info","event":"Filling up the DagBag from /opt/airflow/dags/branch_pipeline.py","logger":"airflow.models.dagbag.BundleDagBag","filename":"dagbag.py","lineno":593}
{"timestamp":"2026-02-08T05:17:17.737829Z","level":"warning","event":"The `airflow.decorators.dag` attribute is deprecated. Please use `'airflow.sdk.dag'`.","category":"DeprecatedImportWarning","filename":"/opt/airflow/dags/branch_pipeline.py","lineno":1,"logger":"py.warnings"}
{"timestamp":"2026-02-08T05:17:17.738051Z","level":"warning","event":"The `airflow.decorators.task` attribute is deprecated. Please use `'airflow.sdk.task'`.","category":"DeprecatedImportWarning","filename":"/opt/airflow/dags/branch_pipeline.py","lineno":1,"logger":"py.warnings"}
{"timestamp":"2026-02-08T05:17:17.738196Z","level":"warning","event":"The `airflow.operators.python.BranchPythonOperator` attribute is deprecated. Please use `'airflow.providers.standard.operators.python.BranchPythonOperator'`.","category":"DeprecatedImportWarning","filename":"/opt/airflow/dags/branch_pipeline.py","lineno":2,"logger":"py.warnings"}
{"timestamp":"2026-02-08T05:17:17.738389Z","level":"warning","event":"The `airflow.operators.bash.BashOperator` attribute is deprecated. Please use `'airflow.providers.standard.operators.bash.BashOperator'`.","category":"DeprecatedImportWarning","filename":"/opt/airflow/dags/branch_pipeline.py","lineno":3,"logger":"py.warnings"}
{"timestamp":"2026-02-08T05:17:47.994274Z","level":"info","event":"Filling up the DagBag from /opt/airflow/dags/branch_pipeline.py","logger":"airflow.models.dagbag.BundleDagBag","filename":"dagbag.py","lineno":593}
{"timestamp":"2026-02-08T05:17:48.073931Z","level":"warning","event":"The `airflow.decorators.dag` attribute is deprecated. Please use `'airflow.sdk.dag'`.","category":"DeprecatedImportWarning","filename":"/opt/airflow/dags/branch_pipeline.py","lineno":1,"logger":"py.warnings"}
{"timestamp":"2026-02-08T05:17:48.074183Z","level":"warning","event":"The `airflow.decorators.task` attribute is deprecated. Please use `'airflow.sdk.task'`.","category":"DeprecatedImportWarning","filename":"/opt/airflow/dags/branch_pipeline.py","lineno":1,"logger":"py.warnings"}
{"timestamp":"2026-02-08T05:17:48.074276Z","level":"warning","event":"The `airflow.operators.python.BranchPythonOperator` attribute is deprecated. Please use `'airflow.providers.standard.operators.python.BranchPythonOperator'`.","category":"DeprecatedImportWarning","filename":"/opt/airflow/dags/branch_pipeline.py","lineno":2,"logger":"py.warnings"}
{"timestamp":"2026-02-08T05:17:48.074335Z","level":"warning","event":"The `airflow.operators.bash.BashOperator` attribute is deprecated. Please use `'airflow.providers.standard.operators.bash.BashOperator'`.","category":"DeprecatedImportWarning","filename":"/opt/airflow/dags/branch_pipeline.py","lineno":3,"logger":"py.warnings"}
{"timestamp":"2026-02-08T05:18:19.016073Z","level":"info","event":"Filling up the DagBag from /opt/airflow/dags/branch_pipeline.py","logger":"airflow.models.dagbag.BundleDagBag","filename":"dagbag.py","lineno":593}
{"timestamp":"2026-02-08T05:18:19.105405Z","level":"warning","event":"The `airflow.decorators.dag` attribute is deprecated. Please use `'airflow.sdk.dag'`.","category":"DeprecatedImportWarning","filename":"/opt/airflow/dags/branch_pipeline.py","lineno":1,"logger":"py.warnings"}
{"timestamp":"2026-02-08T05:18:19.106094Z","level":"warning","event":"The `airflow.decorators.task` attribute is deprecated. Please use `'airflow.sdk.task'`.","category":"DeprecatedImportWarning","filename":"/opt/airflow/dags/branch_pipeline.py","lineno":1,"logger":"py.warnings"}
{"timestamp":"2026-02-08T05:18:19.106383Z","level":"warning","event":"The `airflow.operators.python.BranchPythonOperator` attribute is deprecated. Please use `'airflow.providers.standard.operators.python.BranchPythonOperator'`.","category":"DeprecatedImportWarning","filename":"/opt/airflow/dags/branch_pipeline.py","lineno":2,"logger":"py.warnings"}
{"timestamp":"2026-02-08T05:18:19.106553Z","level":"warning","event":"The `airflow.operators.bash.BashOperator` attribute is deprecated. Please use `'airflow.providers.standard.operators.bash.BashOperator'`.","category":"DeprecatedImportWarning","filename":"/opt/airflow/dags/branch_pipeline.py","lineno":3,"logger":"py.warnings"}
{"timestamp":"2026-02-08T05:18:49.941407Z","level":"info","event":"Filling up the DagBag from /opt/airflow/dags/branch_pipeline.py","logger":"airflow.models.dagbag.BundleDagBag","filename":"dagbag.py","lineno":593}
{"timestamp":"2026-02-08T05:18:50.027457Z","level":"warning","event":"The `airflow.decorators.dag` attribute is deprecated. Please use `'airflow.sdk.dag'`.","category":"DeprecatedImportWarning","filename":"/opt/airflow/dags/branch_pipeline.py","lineno":1,"logger":"py.warnings"}
{"timestamp":"2026-02-08T05:18:50.027875Z","level":"warning","event":"The `airflow.decorators.task` attribute is deprecated. Please use `'airflow.sdk.task'`.","category":"DeprecatedImportWarning","filename":"/opt/airflow/dags/branch_pipeline.py","lineno":1,"logger":"py.warnings"}
{"timestamp":"2026-02-08T05:18:50.028034Z","level":"warning","event":"The `airflow.operators.python.BranchPythonOperator` attribute is deprecated. Please use `'airflow.providers.standard.operators.python.BranchPythonOperator'`.","category":"DeprecatedImportWarning","filename":"/opt/airflow/dags/branch_pipeline.py","lineno":2,"logger":"py.warnings"}
{"timestamp":"2026-02-08T05:18:50.028157Z","level":"warning","event":"The `airflow.operators.bash.BashOperator` attribute is deprecated. Please use `'airflow.providers.standard.operators.bash.BashOperator'`.","category":"DeprecatedImportWarning","filename":"/opt/airflow/dags/branch_pipeline.py","lineno":3,"logger":"py.warnings"}
{"timestamp":"2026-02-08T05:19:20.695985Z","level":"info","event":"Filling up the DagBag from /opt/airflow/dags/branch_pipeline.py","logger":"airflow.models.dagbag.BundleDagBag","filename":"dagbag.py","lineno":593}
{"timestamp":"2026-02-08T05:19:20.769659Z","level":"warning","event":"The `airflow.decorators.dag` attribute is deprecated. Please use `'airflow.sdk.dag'`.","category":"DeprecatedImportWarning","filename":"/opt/airflow/dags/branch_pipeline.py","lineno":1,"logger":"py.warnings"}
{"timestamp":"2026-02-08T05:19:20.770280Z","level":"warning","event":"The `airflow.decorators.task` attribute is deprecated. Please use `'airflow.sdk.task'`.","category":"DeprecatedImportWarning","filename":"/opt/airflow/dags/branch_pipeline.py","lineno":1,"logger":"py.warnings"}
{"timestamp":"2026-02-08T05:19:20.771971Z","level":"warning","event":"The `airflow.operators.python.BranchPythonOperator` attribute is deprecated. Please use `'airflow.providers.standard.operators.python.BranchPythonOperator'`.","category":"DeprecatedImportWarning","filename":"/opt/airflow/dags/branch_pipeline.py","lineno":2,"logger":"py.warnings"}
{"timestamp":"2026-02-08T05:19:20.772153Z","level":"warning","event":"The `airflow.operators.bash.BashOperator` attribute is deprecated. Please use `'airflow.providers.standard.operators.bash.BashOperator'`.","category":"DeprecatedImportWarning","filename":"/opt/airflow/dags/branch_pipeline.py","lineno":3,"logger":"py.warnings"}
{"timestamp":"2026-02-08T05:19:51.512418Z","level":"info","event":"Filling up the DagBag from /opt/airflow/dags/branch_pipeline.py","logger":"airflow.models.dagbag.BundleDagBag","filename":"dagbag.py","lineno":593}
{"timestamp":"2026-02-08T05:19:51.595697Z","level":"warning","event":"The `airflow.decorators.dag` attribute is deprecated. Please use `'airflow.sdk.dag'`.","category":"DeprecatedImportWarning","filename":"/opt/airflow/dags/branch_pipeline.py","lineno":1,"logger":"py.warnings"}
{"timestamp":"2026-02-08T05:19:51.596361Z","level":"warning","event":"The `airflow.decorators.task` attribute is deprecated. Please use `'airflow.sdk.task'`.","category":"DeprecatedImportWarning","filename":"/opt/airflow/dags/branch_pipeline.py","lineno":1,"logger":"py.warnings"}
{"timestamp":"2026-02-08T05:19:51.596738Z","level":"warning","event":"The `airflow.operators.python.BranchPythonOperator` attribute is deprecated. Please use `'airflow.providers.standard.operators.python.BranchPythonOperator'`.","category":"DeprecatedImportWarning","filename":"/opt/airflow/dags/branch_pipeline.py","lineno":2,"logger":"py.warnings"}
{"timestamp":"2026-02-08T05:19:51.597347Z","level":"warning","event":"The `airflow.operators.bash.BashOperator` attribute is deprecated. Please use `'airflow.providers.standard.operators.bash.BashOperator'`.","category":"DeprecatedImportWarning","filename":"/opt/airflow/dags/branch_pipeline.py","lineno":3,"logger":"py.warnings"}
{"timestamp":"2026-02-08T05:20:22.336529Z","level":"info","event":"Filling up the DagBag from /opt/airflow/dags/branch_pipeline.py","logger":"airflow.models.dagbag.BundleDagBag","filename":"dagbag.py","lineno":593}
{"timestamp":"2026-02-08T05:20:22.412458Z","level":"warning","event":"The `airflow.decorators.dag` attribute is deprecated. Please use `'airflow.sdk.dag'`.","category":"DeprecatedImportWarning","filename":"/opt/airflow/dags/branch_pipeline.py","lineno":1,"logger":"py.warnings"}
{"timestamp":"2026-02-08T05:20:22.412855Z","level":"warning","event":"The `airflow.decorators.task` attribute is deprecated. Please use `'airflow.sdk.task'`.","category":"DeprecatedImportWarning","filename":"/opt/airflow/dags/branch_pipeline.py","lineno":1,"logger":"py.warnings"}
{"timestamp":"2026-02-08T05:20:22.413076Z","level":"warning","event":"The `airflow.operators.python.BranchPythonOperator` attribute is deprecated. Please use `'airflow.providers.standard.operators.python.BranchPythonOperator'`.","category":"DeprecatedImportWarning","filename":"/opt/airflow/dags/branch_pipeline.py","lineno":2,"logger":"py.warnings"}
{"timestamp":"2026-02-08T05:20:22.413257Z","level":"warning","event":"The `airflow.operators.bash.BashOperator` attribute is deprecated. Please use `'airflow.providers.standard.operators.bash.BashOperator'`.","category":"DeprecatedImportWarning","filename":"/opt/airflow/dags/branch_pipeline.py","lineno":3,"logger":"py.warnings"}
{"timestamp":"2026-02-08T05:20:53.097646Z","level":"info","event":"Filling up the DagBag from /opt/airflow/dags/branch_pipeline.py","logger":"airflow.models.dagbag.BundleDagBag","filename":"dagbag.py","lineno":593}
{"timestamp":"2026-02-08T05:20:53.190518Z","level":"warning","event":"The `airflow.decorators.dag` attribute is deprecated. Please use `'airflow.sdk.dag'`.","category":"DeprecatedImportWarning","filename":"/opt/airflow/dags/branch_pipeline.py","lineno":1,"logger":"py.warnings"}
{"timestamp":"2026-02-08T05:20:53.191119Z","level":"warning","event":"The `airflow.decorators.task` attribute is deprecated. Please use `'airflow.sdk.task'`.","category":"DeprecatedImportWarning","filename":"/opt/airflow/dags/branch_pipeline.py","lineno":1,"logger":"py.warnings"}
{"timestamp":"2026-02-08T05:20:53.191344Z","level":"warning","event":"The `airflow.operators.python.BranchPythonOperator` attribute is deprecated. Please use `'airflow.providers.standard.operators.python.BranchPythonOperator'`.","category":"DeprecatedImportWarning","filename":"/opt/airflow/dags/branch_pipeline.py","lineno":2,"logger":"py.warnings"}
{"timestamp":"2026-02-08T05:20:53.191478Z","level":"warning","event":"The `airflow.operators.bash.BashOperator` attribute is deprecated. Please use `'airflow.providers.standard.operators.bash.BashOperator'`.","category":"DeprecatedImportWarning","filename":"/opt/airflow/dags/branch_pipeline.py","lineno":3,"logger":"py.warnings"}
{"timestamp":"2026-02-08T05:21:23.937497Z","level":"info","event":"Filling up the DagBag from /opt/airflow/dags/branch_pipeline.py","logger":"airflow.models.dagbag.BundleDagBag","filename":"dagbag.py","lineno":593}
{"timestamp":"2026-02-08T05:21:24.005298Z","level":"warning","event":"The `airflow.decorators.dag` attribute is deprecated. Please use `'airflow.sdk.dag'`.","category":"DeprecatedImportWarning","filename":"/opt/airflow/dags/branch_pipeline.py","lineno":1,"logger":"py.warnings"}
{"timestamp":"2026-02-08T05:21:24.005551Z","level":"warning","event":"The `airflow.decorators.task` attribute is deprecated. Please use `'airflow.sdk.task'`.","category":"DeprecatedImportWarning","filename":"/opt/airflow/dags/branch_pipeline.py","lineno":1,"logger":"py.warnings"}
{"timestamp":"2026-02-08T05:21:24.005684Z","level":"warning","event":"The `airflow.operators.python.BranchPythonOperator` attribute is deprecated. Please use `'airflow.providers.standard.operators.python.BranchPythonOperator'`.","category":"DeprecatedImportWarning","filename":"/opt/airflow/dags/branch_pipeline.py","lineno":2,"logger":"py.warnings"}
{"timestamp":"2026-02-08T05:21:24.005761Z","level":"warning","event":"The `airflow.operators.bash.BashOperator` attribute is deprecated. Please use `'airflow.providers.standard.operators.bash.BashOperator'`.","category":"DeprecatedImportWarning","filename":"/opt/airflow/dags/branch_pipeline.py","lineno":3,"logger":"py.warnings"}
{"timestamp":"2026-02-08T05:21:54.823100Z","level":"info","event":"Filling up the DagBag from /opt/airflow/dags/branch_pipeline.py","logger":"airflow.models.dagbag.BundleDagBag","filename":"dagbag.py","lineno":593}
{"timestamp":"2026-02-08T05:21:54.925197Z","level":"warning","event":"The `airflow.decorators.dag` attribute is deprecated. Please use `'airflow.sdk.dag'`.","category":"DeprecatedImportWarning","filename":"/opt/airflow/dags/branch_pipeline.py","lineno":1,"logger":"py.warnings"}
{"timestamp":"2026-02-08T05:21:54.925781Z","level":"warning","event":"The `airflow.decorators.task` attribute is deprecated. Please use `'airflow.sdk.task'`.","category":"DeprecatedImportWarning","filename":"/opt/airflow/dags/branch_pipeline.py","lineno":1,"logger":"py.warnings"}
{"timestamp":"2026-02-08T05:21:54.926384Z","level":"warning","event":"The `airflow.operators.python.BranchPythonOperator` attribute is deprecated. Please use `'airflow.providers.standard.operators.python.BranchPythonOperator'`.","category":"DeprecatedImportWarning","filename":"/opt/airflow/dags/branch_pipeline.py","lineno":2,"logger":"py.warnings"}
{"timestamp":"2026-02-08T05:21:54.926802Z","level":"warning","event":"The `airflow.operators.bash.BashOperator` attribute is deprecated. Please use `'airflow.providers.standard.operators.bash.BashOperator'`.","category":"DeprecatedImportWarning","filename":"/opt/airflow/dags/branch_pipeline.py","lineno":3,"logger":"py.warnings"}
{"timestamp":"2026-02-08T05:22:25.552045Z","level":"info","event":"Filling up the DagBag from /opt/airflow/dags/branch_pipeline.py","logger":"airflow.models.dagbag.BundleDagBag","filename":"dagbag.py","lineno":593}
{"timestamp":"2026-02-08T05:22:25.627460Z","level":"warning","event":"The `airflow.decorators.dag` attribute is deprecated. Please use `'airflow.sdk.dag'`.","category":"DeprecatedImportWarning","filename":"/opt/airflow/dags/branch_pipeline.py","lineno":1,"logger":"py.warnings"}
{"timestamp":"2026-02-08T05:22:25.627677Z","level":"warning","event":"The `airflow.decorators.task` attribute is deprecated. Please use `'airflow.sdk.task'`.","category":"DeprecatedImportWarning","filename":"/opt/airflow/dags/branch_pipeline.py","lineno":1,"logger":"py.warnings"}
{"timestamp":"2026-02-08T05:22:25.627782Z","level":"warning","event":"The `airflow.operators.python.BranchPythonOperator` attribute is deprecated. Please use `'airflow.providers.standard.operators.python.BranchPythonOperator'`.","category":"DeprecatedImportWarning","filename":"/opt/airflow/dags/branch_pipeline.py","lineno":2,"logger":"py.warnings"}
{"timestamp":"2026-02-08T05:22:25.627844Z","level":"warning","event":"The `airflow.operators.bash.BashOperator` attribute is deprecated. Please use `'airflow.providers.standard.operators.bash.BashOperator'`.","category":"DeprecatedImportWarning","filename":"/opt/airflow/dags/branch_pipeline.py","lineno":3,"logger":"py.warnings"}
{"timestamp":"2026-02-08T05:22:56.777141Z","level":"info","event":"Filling up the DagBag from /opt/airflow/dags/branch_pipeline.py","logger":"airflow.models.dagbag.BundleDagBag","filename":"dagbag.py","lineno":593}
{"timestamp":"2026-02-08T05:22:56.839356Z","level":"warning","event":"The `airflow.decorators.dag` attribute is deprecated. Please use `'airflow.sdk.dag'`.","category":"DeprecatedImportWarning","filename":"/opt/airflow/dags/branch_pipeline.py","lineno":1,"logger":"py.warnings"}
{"timestamp":"2026-02-08T05:22:56.839975Z","level":"warning","event":"The `airflow.decorators.task` attribute is deprecated. Please use `'airflow.sdk.task'`.","category":"DeprecatedImportWarning","filename":"/opt/airflow/dags/branch_pipeline.py","lineno":1,"logger":"py.warnings"}
{"timestamp":"2026-02-08T05:22:56.840089Z","level":"warning","event":"The `airflow.operators.python.BranchPythonOperator` attribute is deprecated. Please use `'airflow.providers.standard.operators.python.BranchPythonOperator'`.","category":"DeprecatedImportWarning","filename":"/opt/airflow/dags/branch_pipeline.py","lineno":2,"logger":"py.warnings"}
{"timestamp":"2026-02-08T05:22:56.840149Z","level":"warning","event":"The `airflow.operators.bash.BashOperator` attribute is deprecated. Please use `'airflow.providers.standard.operators.bash.BashOperator'`.","category":"DeprecatedImportWarning","filename":"/opt/airflow/dags/branch_pipeline.py","lineno":3,"logger":"py.warnings"}
{"timestamp":"2026-02-08T05:23:27.736697Z","level":"info","event":"Filling up the DagBag from /opt/airflow/dags/branch_pipeline.py","logger":"airflow.models.dagbag.BundleDagBag","filename":"dagbag.py","lineno":593}
{"timestamp":"2026-02-08T05:23:27.840818Z","level":"warning","event":"The `airflow.decorators.dag` attribute is deprecated. Please use `'airflow.sdk.dag'`.","category":"DeprecatedImportWarning","filename":"/opt/airflow/dags/branch_pipeline.py","lineno":1,"logger":"py.warnings"}
{"timestamp":"2026-02-08T05:23:27.841221Z","level":"warning","event":"The `airflow.decorators.task` attribute is deprecated. Please use `'airflow.sdk.task'`.","category":"DeprecatedImportWarning","filename":"/opt/airflow/dags/branch_pipeline.py","lineno":1,"logger":"py.warnings"}
{"timestamp":"2026-02-08T05:23:27.841379Z","level":"warning","event":"The `airflow.operators.python.BranchPythonOperator` attribute is deprecated. Please use `'airflow.providers.standard.operators.python.BranchPythonOperator'`.","category":"DeprecatedImportWarning","filename":"/opt/airflow/dags/branch_pipeline.py","lineno":2,"logger":"py.warnings"}
{"timestamp":"2026-02-08T05:23:27.841484Z","level":"warning","event":"The `airflow.operators.bash.BashOperator` attribute is deprecated. Please use `'airflow.providers.standard.operators.bash.BashOperator'`.","category":"DeprecatedImportWarning","filename":"/opt/airflow/dags/branch_pipeline.py","lineno":3,"logger":"py.warnings"}
{"timestamp":"2026-02-08T05:23:58.049574Z","level":"info","event":"Filling up the DagBag from /opt/airflow/dags/branch_pipeline.py","logger":"airflow.models.dagbag.BundleDagBag","filename":"dagbag.py","lineno":593}
{"timestamp":"2026-02-08T05:23:58.107693Z","level":"warning","event":"The `airflow.decorators.dag` attribute is deprecated. Please use `'airflow.sdk.dag'`.","category":"DeprecatedImportWarning","filename":"/opt/airflow/dags/branch_pipeline.py","lineno":1,"logger":"py.warnings"}
{"timestamp":"2026-02-08T05:23:58.108066Z","level":"warning","event":"The `airflow.decorators.task` attribute is deprecated. Please use `'airflow.sdk.task'`.","category":"DeprecatedImportWarning","filename":"/opt/airflow/dags/branch_pipeline.py","lineno":1,"logger":"py.warnings"}
{"timestamp":"2026-02-08T05:23:58.108247Z","level":"warning","event":"The `airflow.operators.python.BranchPythonOperator` attribute is deprecated. Please use `'airflow.providers.standard.operators.python.BranchPythonOperator'`.","category":"DeprecatedImportWarning","filename":"/opt/airflow/dags/branch_pipeline.py","lineno":2,"logger":"py.warnings"}
{"timestamp":"2026-02-08T05:23:58.108368Z","level":"warning","event":"The `airflow.operators.bash.BashOperator` attribute is deprecated. Please use `'airflow.providers.standard.operators.bash.BashOperator'`.","category":"DeprecatedImportWarning","filename":"/opt/airflow/dags/branch_pipeline.py","lineno":3,"logger":"py.warnings"}
{"timestamp":"2026-02-08T05:24:28.395671Z","level":"info","event":"Filling up the DagBag from /opt/airflow/dags/branch_pipeline.py","logger":"airflow.models.dagbag.BundleDagBag","filename":"dagbag.py","lineno":593}
{"timestamp":"2026-02-08T05:24:28.467922Z","level":"warning","event":"The `airflow.decorators.dag` attribute is deprecated. Please use `'airflow.sdk.dag'`.","category":"DeprecatedImportWarning","filename":"/opt/airflow/dags/branch_pipeline.py","lineno":1,"logger":"py.warnings"}
{"timestamp":"2026-02-08T05:24:28.468258Z","level":"warning","event":"The `airflow.decorators.task` attribute is deprecated. Please use `'airflow.sdk.task'`.","category":"DeprecatedImportWarning","filename":"/opt/airflow/dags/branch_pipeline.py","lineno":1,"logger":"py.warnings"}
{"timestamp":"2026-02-08T05:24:28.468464Z","level":"warning","event":"The `airflow.operators.python.BranchPythonOperator` attribute is deprecated. Please use `'airflow.providers.standard.operators.python.BranchPythonOperator'`.","category":"DeprecatedImportWarning","filename":"/opt/airflow/dags/branch_pipeline.py","lineno":2,"logger":"py.warnings"}
{"timestamp":"2026-02-08T05:24:28.468612Z","level":"warning","event":"The `airflow.operators.bash.BashOperator` attribute is deprecated. Please use `'airflow.providers.standard.operators.bash.BashOperator'`.","category":"DeprecatedImportWarning","filename":"/opt/airflow/dags/branch_pipeline.py","lineno":3,"logger":"py.warnings"}
{"timestamp":"2026-02-08T05:24:59.390929Z","level":"info","event":"Filling up the DagBag from /opt/airflow/dags/branch_pipeline.py","logger":"airflow.models.dagbag.BundleDagBag","filename":"dagbag.py","lineno":593}
{"timestamp":"2026-02-08T05:24:59.445210Z","level":"warning","event":"The `airflow.decorators.dag` attribute is deprecated. Please use `'airflow.sdk.dag'`.","category":"DeprecatedImportWarning","filename":"/opt/airflow/dags/branch_pipeline.py","lineno":1,"logger":"py.warnings"}
{"timestamp":"2026-02-08T05:24:59.445702Z","level":"warning","event":"The `airflow.decorators.task` attribute is deprecated. Please use `'airflow.sdk.task'`.","category":"DeprecatedImportWarning","filename":"/opt/airflow/dags/branch_pipeline.py","lineno":1,"logger":"py.warnings"}
{"timestamp":"2026-02-08T05:24:59.445863Z","level":"warning","event":"The `airflow.operators.python.BranchPythonOperator` attribute is deprecated. Please use `'airflow.providers.standard.operators.python.BranchPythonOperator'`.","category":"DeprecatedImportWarning","filename":"/opt/airflow/dags/branch_pipeline.py","lineno":2,"logger":"py.warnings"}
{"timestamp":"2026-02-08T05:24:59.445949Z","level":"warning","event":"The `airflow.operators.bash.BashOperator` attribute is deprecated. Please use `'airflow.providers.standard.operators.bash.BashOperator'`.","category":"DeprecatedImportWarning","filename":"/opt/airflow/dags/branch_pipeline.py","lineno":3,"logger":"py.warnings"}
{"timestamp":"2026-02-08T05:25:30.105229Z","level":"info","event":"Filling up the DagBag from /opt/airflow/dags/branch_pipeline.py","logger":"airflow.models.dagbag.BundleDagBag","filename":"dagbag.py","lineno":593}
{"timestamp":"2026-02-08T05:25:30.171316Z","level":"warning","event":"The `airflow.decorators.dag` attribute is deprecated. Please use `'airflow.sdk.dag'`.","category":"DeprecatedImportWarning","filename":"/opt/airflow/dags/branch_pipeline.py","lineno":1,"logger":"py.warnings"}
{"timestamp":"2026-02-08T05:25:30.171650Z","level":"warning","event":"The `airflow.decorators.task` attribute is deprecated. Please use `'airflow.sdk.task'`.","category":"DeprecatedImportWarning","filename":"/opt/airflow/dags/branch_pipeline.py","lineno":1,"logger":"py.warnings"}
{"timestamp":"2026-02-08T05:25:30.171834Z","level":"warning","event":"The `airflow.operators.python.BranchPythonOperator` attribute is deprecated. Please use `'airflow.providers.standard.operators.python.BranchPythonOperator'`.","category":"DeprecatedImportWarning","filename":"/opt/airflow/dags/branch_pipeline.py","lineno":2,"logger":"py.warnings"}
{"timestamp":"2026-02-08T05:25:30.171946Z","level":"warning","event":"The `airflow.operators.bash.BashOperator` attribute is deprecated. Please use `'airflow.providers.standard.operators.bash.BashOperator'`.","category":"DeprecatedImportWarning","filename":"/opt/airflow/dags/branch_pipeline.py","lineno":3,"logger":"py.warnings"}
{"timestamp":"2026-02-08T05:26:00.970222Z","level":"info","event":"Filling up the DagBag from /opt/airflow/dags/branch_pipeline.py","logger":"airflow.models.dagbag.BundleDagBag","filename":"dagbag.py","lineno":593}
{"timestamp":"2026-02-08T05:26:01.303813Z","level":"warning","event":"The `airflow.decorators.dag` attribute is deprecated. Please use `'airflow.sdk.dag'`.","category":"DeprecatedImportWarning","filename":"/opt/airflow/dags/branch_pipeline.py","lineno":1,"logger":"py.warnings"}
{"timestamp":"2026-02-08T05:26:01.304653Z","level":"warning","event":"The `airflow.decorators.task` attribute is deprecated. Please use `'airflow.sdk.task'`.","category":"DeprecatedImportWarning","filename":"/opt/airflow/dags/branch_pipeline.py","lineno":1,"logger":"py.warnings"}
{"timestamp":"2026-02-08T05:26:01.304888Z","level":"warning","event":"The `airflow.operators.python.BranchPythonOperator` attribute is deprecated. Please use `'airflow.providers.standard.operators.python.BranchPythonOperator'`.","category":"DeprecatedImportWarning","filename":"/opt/airflow/dags/branch_pipeline.py","lineno":2,"logger":"py.warnings"}
{"timestamp":"2026-02-08T05:26:01.305060Z","level":"warning","event":"The `airflow.operators.bash.BashOperator` attribute is deprecated. Please use `'airflow.providers.standard.operators.bash.BashOperator'`.","category":"DeprecatedImportWarning","filename":"/opt/airflow/dags/branch_pipeline.py","lineno":3,"logger":"py.warnings"}
{"timestamp":"2026-02-08T05:26:31.890122Z","level":"info","event":"Filling up the DagBag from /opt/airflow/dags/branch_pipeline.py","logger":"airflow.models.dagbag.BundleDagBag","filename":"dagbag.py","lineno":593}
{"timestamp":"2026-02-08T05:26:31.961474Z","level":"warning","event":"The `airflow.decorators.dag` attribute is deprecated. Please use `'airflow.sdk.dag'`.","category":"DeprecatedImportWarning","filename":"/opt/airflow/dags/branch_pipeline.py","lineno":1,"logger":"py.warnings"}
{"timestamp":"2026-02-08T05:26:31.961759Z","level":"warning","event":"The `airflow.decorators.task` attribute is deprecated. Please use `'airflow.sdk.task'`.","category":"DeprecatedImportWarning","filename":"/opt/airflow/dags/branch_pipeline.py","lineno":1,"logger":"py.warnings"}
{"timestamp":"2026-02-08T05:26:31.961903Z","level":"warning","event":"The `airflow.operators.python.BranchPythonOperator` attribute is deprecated. Please use `'airflow.providers.standard.operators.python.BranchPythonOperator'`.","category":"DeprecatedImportWarning","filename":"/opt/airflow/dags/branch_pipeline.py","lineno":2,"logger":"py.warnings"}
{"timestamp":"2026-02-08T05:26:31.962049Z","level":"warning","event":"The `airflow.operators.bash.BashOperator` attribute is deprecated. Please use `'airflow.providers.standard.operators.bash.BashOperator'`.","category":"DeprecatedImportWarning","filename":"/opt/airflow/dags/branch_pipeline.py","lineno":3,"logger":"py.warnings"}
{"timestamp":"2026-02-08T05:27:03.085897Z","level":"info","event":"Filling up the DagBag from /opt/airflow/dags/branch_pipeline.py","logger":"airflow.models.dagbag.BundleDagBag","filename":"dagbag.py","lineno":593}
{"timestamp":"2026-02-08T05:27:03.194458Z","level":"warning","event":"The `airflow.decorators.dag` attribute is deprecated. Please use `'airflow.sdk.dag'`.","category":"DeprecatedImportWarning","filename":"/opt/airflow/dags/branch_pipeline.py","lineno":1,"logger":"py.warnings"}
{"timestamp":"2026-02-08T05:27:03.194863Z","level":"warning","event":"The `airflow.decorators.task` attribute is deprecated. Please use `'airflow.sdk.task'`.","category":"DeprecatedImportWarning","filename":"/opt/airflow/dags/branch_pipeline.py","lineno":1,"logger":"py.warnings"}
{"timestamp":"2026-02-08T05:27:03.195048Z","level":"warning","event":"The `airflow.operators.python.BranchPythonOperator` attribute is deprecated. Please use `'airflow.providers.standard.operators.python.BranchPythonOperator'`.","category":"DeprecatedImportWarning","filename":"/opt/airflow/dags/branch_pipeline.py","lineno":2,"logger":"py.warnings"}
{"timestamp":"2026-02-08T05:27:03.195190Z","level":"warning","event":"The `airflow.operators.bash.BashOperator` attribute is deprecated. Please use `'airflow.providers.standard.operators.bash.BashOperator'`.","category":"DeprecatedImportWarning","filename":"/opt/airflow/dags/branch_pipeline.py","lineno":3,"logger":"py.warnings"}
{"timestamp":"2026-02-08T05:27:33.596482Z","level":"info","event":"Filling up the DagBag from /opt/airflow/dags/branch_pipeline.py","logger":"airflow.models.dagbag.BundleDagBag","filename":"dagbag.py","lineno":593}
{"timestamp":"2026-02-08T05:27:33.681406Z","level":"warning","event":"The `airflow.decorators.dag` attribute is deprecated. Please use `'airflow.sdk.dag'`.","category":"DeprecatedImportWarning","filename":"/opt/airflow/dags/branch_pipeline.py","lineno":1,"logger":"py.warnings"}
{"timestamp":"2026-02-08T05:27:33.684928Z","level":"warning","event":"The `airflow.decorators.task` attribute is deprecated. Please use `'airflow.sdk.task'`.","category":"DeprecatedImportWarning","filename":"/opt/airflow/dags/branch_pipeline.py","lineno":1,"logger":"py.warnings"}
{"timestamp":"2026-02-08T05:27:33.685206Z","level":"warning","event":"The `airflow.operators.python.BranchPythonOperator` attribute is deprecated. Please use `'airflow.providers.standard.operators.python.BranchPythonOperator'`.","category":"DeprecatedImportWarning","filename":"/opt/airflow/dags/branch_pipeline.py","lineno":2,"logger":"py.warnings"}
{"timestamp":"2026-02-08T05:27:33.685370Z","level":"warning","event":"The `airflow.operators.bash.BashOperator` attribute is deprecated. Please use `'airflow.providers.standard.operators.bash.BashOperator'`.","category":"DeprecatedImportWarning","filename":"/opt/airflow/dags/branch_pipeline.py","lineno":3,"logger":"py.warnings"}
{"timestamp":"2026-02-08T05:28:04.662626Z","level":"info","event":"Filling up the DagBag from /opt/airflow/dags/branch_pipeline.py","logger":"airflow.models.dagbag.BundleDagBag","filename":"dagbag.py","lineno":593}
{"timestamp":"2026-02-08T05:28:04.736546Z","level":"warning","event":"The `airflow.decorators.dag` attribute is deprecated. Please use `'airflow.sdk.dag'`.","category":"DeprecatedImportWarning","filename":"/opt/airflow/dags/branch_pipeline.py","lineno":1,"logger":"py.warnings"}
{"timestamp":"2026-02-08T05:28:04.736788Z","level":"warning","event":"The `airflow.decorators.task` attribute is deprecated. Please use `'airflow.sdk.task'`.","category":"DeprecatedImportWarning","filename":"/opt/airflow/dags/branch_pipeline.py","lineno":1,"logger":"py.warnings"}
{"timestamp":"2026-02-08T05:28:04.736916Z","level":"warning","event":"The `airflow.operators.python.BranchPythonOperator` attribute is deprecated. Please use `'airflow.providers.standard.operators.python.BranchPythonOperator'`.","category":"DeprecatedImportWarning","filename":"/opt/airflow/dags/branch_pipeline.py","lineno":2,"logger":"py.warnings"}
{"timestamp":"2026-02-08T05:28:04.736997Z","level":"warning","event":"The `airflow.operators.bash.BashOperator` attribute is deprecated. Please use `'airflow.providers.standard.operators.bash.BashOperator'`.","category":"DeprecatedImportWarning","filename":"/opt/airflow/dags/branch_pipeline.py","lineno":3,"logger":"py.warnings"}
{"timestamp":"2026-02-08T05:28:35.520250Z","level":"info","event":"Filling up the DagBag from /opt/airflow/dags/branch_pipeline.py","logger":"airflow.models.dagbag.BundleDagBag","filename":"dagbag.py","lineno":593}
{"timestamp":"2026-02-08T05:28:35.592941Z","level":"warning","event":"The `airflow.decorators.dag` attribute is deprecated. Please use `'airflow.sdk.dag'`.","category":"DeprecatedImportWarning","filename":"/opt/airflow/dags/branch_pipeline.py","lineno":1,"logger":"py.warnings"}
{"timestamp":"2026-02-08T05:28:35.593354Z","level":"warning","event":"The `airflow.decorators.task` attribute is deprecated. Please use `'airflow.sdk.task'`.","category":"DeprecatedImportWarning","filename":"/opt/airflow/dags/branch_pipeline.py","lineno":1,"logger":"py.warnings"}
{"timestamp":"2026-02-08T05:28:35.593510Z","level":"warning","event":"The `airflow.operators.python.BranchPythonOperator` attribute is deprecated. Please use `'airflow.providers.standard.operators.python.BranchPythonOperator'`.","category":"DeprecatedImportWarning","filename":"/opt/airflow/dags/branch_pipeline.py","lineno":2,"logger":"py.warnings"}
{"timestamp":"2026-02-08T05:28:35.593622Z","level":"warning","event":"The `airflow.operators.bash.BashOperator` attribute is deprecated. Please use `'airflow.providers.standard.operators.bash.BashOperator'`.","category":"DeprecatedImportWarning","filename":"/opt/airflow/dags/branch_pipeline.py","lineno":3,"logger":"py.warnings"}
{"timestamp":"2026-02-08T05:29:06.582391Z","level":"info","event":"Filling up the DagBag from /opt/airflow/dags/branch_pipeline.py","logger":"airflow.models.dagbag.BundleDagBag","filename":"dagbag.py","lineno":593}
{"timestamp":"2026-02-08T05:29:06.682083Z","level":"warning","event":"The `airflow.decorators.dag` attribute is deprecated. Please use `'airflow.sdk.dag'`.","category":"DeprecatedImportWarning","filename":"/opt/airflow/dags/branch_pipeline.py","lineno":1,"logger":"py.warnings"}
{"timestamp":"2026-02-08T05:29:06.682578Z","level":"warning","event":"The `airflow.decorators.task` attribute is deprecated. Please use `'airflow.sdk.task'`.","category":"DeprecatedImportWarning","filename":"/opt/airflow/dags/branch_pipeline.py","lineno":1,"logger":"py.warnings"}
{"timestamp":"2026-02-08T05:29:06.682771Z","level":"warning","event":"The `airflow.operators.python.BranchPythonOperator` attribute is deprecated. Please use `'airflow.providers.standard.operators.python.BranchPythonOperator'`.","category":"DeprecatedImportWarning","filename":"/opt/airflow/dags/branch_pipeline.py","lineno":2,"logger":"py.warnings"}
{"timestamp":"2026-02-08T05:29:06.682935Z","level":"warning","event":"The `airflow.operators.bash.BashOperator` attribute is deprecated. Please use `'airflow.providers.standard.operators.bash.BashOperator'`.","category":"DeprecatedImportWarning","filename":"/opt/airflow/dags/branch_pipeline.py","lineno":3,"logger":"py.warnings"}
{"timestamp":"2026-02-08T05:29:36.970371Z","level":"info","event":"Filling up the DagBag from /opt/airflow/dags/branch_pipeline.py","logger":"airflow.models.dagbag.BundleDagBag","filename":"dagbag.py","lineno":593}
{"timestamp":"2026-02-08T05:29:37.060182Z","level":"warning","event":"The `airflow.decorators.dag` attribute is deprecated. Please use `'airflow.sdk.dag'`.","category":"DeprecatedImportWarning","filename":"/opt/airflow/dags/branch_pipeline.py","lineno":1,"logger":"py.warnings"}
{"timestamp":"2026-02-08T05:29:37.060684Z","level":"warning","event":"The `airflow.decorators.task` attribute is deprecated. Please use `'airflow.sdk.task'`.","category":"DeprecatedImportWarning","filename":"/opt/airflow/dags/branch_pipeline.py","lineno":1,"logger":"py.warnings"}
{"timestamp":"2026-02-08T05:29:37.060833Z","level":"warning","event":"The `airflow.operators.python.BranchPythonOperator` attribute is deprecated. Please use `'airflow.providers.standard.operators.python.BranchPythonOperator'`.","category":"DeprecatedImportWarning","filename":"/opt/airflow/dags/branch_pipeline.py","lineno":2,"logger":"py.warnings"}
{"timestamp":"2026-02-08T05:29:37.060947Z","level":"warning","event":"The `airflow.operators.bash.BashOperator` attribute is deprecated. Please use `'airflow.providers.standard.operators.bash.BashOperator'`.","category":"DeprecatedImportWarning","filename":"/opt/airflow/dags/branch_pipeline.py","lineno":3,"logger":"py.warnings"}
{"timestamp":"2026-02-08T05:30:08.144336Z","level":"info","event":"Filling up the DagBag from /opt/airflow/dags/branch_pipeline.py","logger":"airflow.models.dagbag.BundleDagBag","filename":"dagbag.py","lineno":593}
{"timestamp":"2026-02-08T05:30:08.216267Z","level":"warning","event":"The `airflow.decorators.dag` attribute is deprecated. Please use `'airflow.sdk.dag'`.","category":"DeprecatedImportWarning","filename":"/opt/airflow/dags/branch_pipeline.py","lineno":1,"logger":"py.warnings"}
{"timestamp":"2026-02-08T05:30:08.216609Z","level":"warning","event":"The `airflow.decorators.task` attribute is deprecated. Please use `'airflow.sdk.task'`.","category":"DeprecatedImportWarning","filename":"/opt/airflow/dags/branch_pipeline.py","lineno":1,"logger":"py.warnings"}
{"timestamp":"2026-02-08T05:30:08.216806Z","level":"warning","event":"The `airflow.operators.python.BranchPythonOperator` attribute is deprecated. Please use `'airflow.providers.standard.operators.python.BranchPythonOperator'`.","category":"DeprecatedImportWarning","filename":"/opt/airflow/dags/branch_pipeline.py","lineno":2,"logger":"py.warnings"}
{"timestamp":"2026-02-08T05:30:08.216941Z","level":"warning","event":"The `airflow.operators.bash.BashOperator` attribute is deprecated. Please use `'airflow.providers.standard.operators.bash.BashOperator'`.","category":"DeprecatedImportWarning","filename":"/opt/airflow/dags/branch_pipeline.py","lineno":3,"logger":"py.warnings"}
{"timestamp":"2026-02-08T05:30:39.313902Z","level":"info","event":"Filling up the DagBag from /opt/airflow/dags/branch_pipeline.py","logger":"airflow.models.dagbag.BundleDagBag","filename":"dagbag.py","lineno":593}
{"timestamp":"2026-02-08T05:30:39.367305Z","level":"warning","event":"The `airflow.decorators.dag` attribute is deprecated. Please use `'airflow.sdk.dag'`.","category":"DeprecatedImportWarning","filename":"/opt/airflow/dags/branch_pipeline.py","lineno":1,"logger":"py.warnings"}
{"timestamp":"2026-02-08T05:30:39.367605Z","level":"warning","event":"The `airflow.decorators.task` attribute is deprecated. Please use `'airflow.sdk.task'`.","category":"DeprecatedImportWarning","filename":"/opt/airflow/dags/branch_pipeline.py","lineno":1,"logger":"py.warnings"}
{"timestamp":"2026-02-08T05:30:39.367750Z","level":"warning","event":"The `airflow.operators.python.BranchPythonOperator` attribute is deprecated. Please use `'airflow.providers.standard.operators.python.BranchPythonOperator'`.","category":"DeprecatedImportWarning","filename":"/opt/airflow/dags/branch_pipeline.py","lineno":2,"logger":"py.warnings"}
{"timestamp":"2026-02-08T05:30:39.367856Z","level":"warning","event":"The `airflow.operators.bash.BashOperator` attribute is deprecated. Please use `'airflow.providers.standard.operators.bash.BashOperator'`.","category":"DeprecatedImportWarning","filename":"/opt/airflow/dags/branch_pipeline.py","lineno":3,"logger":"py.warnings"}
{"timestamp":"2026-02-08T05:31:10.148610Z","level":"info","event":"Filling up the DagBag from /opt/airflow/dags/branch_pipeline.py","logger":"airflow.models.dagbag.BundleDagBag","filename":"dagbag.py","lineno":593}
{"timestamp":"2026-02-08T05:31:10.260149Z","level":"warning","event":"The `airflow.decorators.dag` attribute is deprecated. Please use `'airflow.sdk.dag'`.","category":"DeprecatedImportWarning","filename":"/opt/airflow/dags/branch_pipeline.py","lineno":1,"logger":"py.warnings"}
{"timestamp":"2026-02-08T05:31:10.260530Z","level":"warning","event":"The `airflow.decorators.task` attribute is deprecated. Please use `'airflow.sdk.task'`.","category":"DeprecatedImportWarning","filename":"/opt/airflow/dags/branch_pipeline.py","lineno":1,"logger":"py.warnings"}
{"timestamp":"2026-02-08T05:31:10.260703Z","level":"warning","event":"The `airflow.operators.python.BranchPythonOperator` attribute is deprecated. Please use `'airflow.providers.standard.operators.python.BranchPythonOperator'`.","category":"DeprecatedImportWarning","filename":"/opt/airflow/dags/branch_pipeline.py","lineno":2,"logger":"py.warnings"}
{"timestamp":"2026-02-08T05:31:10.261022Z","level":"warning","event":"The `airflow.operators.bash.BashOperator` attribute is deprecated. Please use `'airflow.providers.standard.operators.bash.BashOperator'`.","category":"DeprecatedImportWarning","filename":"/opt/airflow/dags/branch_pipeline.py","lineno":3,"logger":"py.warnings"}
{"timestamp":"2026-02-08T05:31:40.565953Z","level":"info","event":"Filling up the DagBag from /opt/airflow/dags/branch_pipeline.py","logger":"airflow.models.dagbag.BundleDagBag","filename":"dagbag.py","lineno":593}
{"timestamp":"2026-02-08T05:31:40.670576Z","level":"warning","event":"The `airflow.decorators.dag` attribute is deprecated. Please use `'airflow.sdk.dag'`.","category":"DeprecatedImportWarning","filename":"/opt/airflow/dags/branch_pipeline.py","lineno":1,"logger":"py.warnings"}
{"timestamp":"2026-02-08T05:31:40.670906Z","level":"warning","event":"The `airflow.decorators.task` attribute is deprecated. Please use `'airflow.sdk.task'`.","category":"DeprecatedImportWarning","filename":"/opt/airflow/dags/branch_pipeline.py","lineno":1,"logger":"py.warnings"}
{"timestamp":"2026-02-08T05:31:40.671013Z","level":"warning","event":"The `airflow.operators.python.BranchPythonOperator` attribute is deprecated. Please use `'airflow.providers.standard.operators.python.BranchPythonOperator'`.","category":"DeprecatedImportWarning","filename":"/opt/airflow/dags/branch_pipeline.py","lineno":2,"logger":"py.warnings"}
{"timestamp":"2026-02-08T05:31:40.671101Z","level":"warning","event":"The `airflow.operators.bash.BashOperator` attribute is deprecated. Please use `'airflow.providers.standard.operators.bash.BashOperator'`.","category":"DeprecatedImportWarning","filename":"/opt/airflow/dags/branch_pipeline.py","lineno":3,"logger":"py.warnings"}
{"timestamp":"2026-02-08T05:32:11.628694Z","level":"info","event":"Filling up the DagBag from /opt/airflow/dags/branch_pipeline.py","logger":"airflow.models.dagbag.BundleDagBag","filename":"dagbag.py","lineno":593}
{"timestamp":"2026-02-08T05:32:11.691630Z","level":"warning","event":"The `airflow.decorators.dag` attribute is deprecated. Please use `'airflow.sdk.dag'`.","category":"DeprecatedImportWarning","filename":"/opt/airflow/dags/branch_pipeline.py","lineno":1,"logger":"py.warnings"}
{"timestamp":"2026-02-08T05:32:11.691919Z","level":"warning","event":"The `airflow.decorators.task` attribute is deprecated. Please use `'airflow.sdk.task'`.","category":"DeprecatedImportWarning","filename":"/opt/airflow/dags/branch_pipeline.py","lineno":1,"logger":"py.warnings"}
{"timestamp":"2026-02-08T05:32:11.692050Z","level":"warning","event":"The `airflow.operators.python.BranchPythonOperator` attribute is deprecated. Please use `'airflow.providers.standard.operators.python.BranchPythonOperator'`.","category":"DeprecatedImportWarning","filename":"/opt/airflow/dags/branch_pipeline.py","lineno":2,"logger":"py.warnings"}
{"timestamp":"2026-02-08T05:32:11.692167Z","level":"warning","event":"The `airflow.operators.bash.BashOperator` attribute is deprecated. Please use `'airflow.providers.standard.operators.bash.BashOperator'`.","category":"DeprecatedImportWarning","filename":"/opt/airflow/dags/branch_pipeline.py","lineno":3,"logger":"py.warnings"}
{"timestamp":"2026-02-08T05:32:42.616349Z","level":"info","event":"Filling up the DagBag from /opt/airflow/dags/branch_pipeline.py","logger":"airflow.models.dagbag.BundleDagBag","filename":"dagbag.py","lineno":593}
{"timestamp":"2026-02-08T05:32:42.730862Z","level":"warning","event":"The `airflow.decorators.dag` attribute is deprecated. Please use `'airflow.sdk.dag'`.","category":"DeprecatedImportWarning","filename":"/opt/airflow/dags/branch_pipeline.py","lineno":1,"logger":"py.warnings"}
{"timestamp":"2026-02-08T05:32:42.731338Z","level":"warning","event":"The `airflow.decorators.task` attribute is deprecated. Please use `'airflow.sdk.task'`.","category":"DeprecatedImportWarning","filename":"/opt/airflow/dags/branch_pipeline.py","lineno":1,"logger":"py.warnings"}
{"timestamp":"2026-02-08T05:32:42.731549Z","level":"warning","event":"The `airflow.operators.python.BranchPythonOperator` attribute is deprecated. Please use `'airflow.providers.standard.operators.python.BranchPythonOperator'`.","category":"DeprecatedImportWarning","filename":"/opt/airflow/dags/branch_pipeline.py","lineno":2,"logger":"py.warnings"}
{"timestamp":"2026-02-08T05:32:42.731836Z","level":"warning","event":"The `airflow.operators.bash.BashOperator` attribute is deprecated. Please use `'airflow.providers.standard.operators.bash.BashOperator'`.","category":"DeprecatedImportWarning","filename":"/opt/airflow/dags/branch_pipeline.py","lineno":3,"logger":"py.warnings"}
{"timestamp":"2026-02-08T05:33:13.094446Z","level":"info","event":"Filling up the DagBag from /opt/airflow/dags/branch_pipeline.py","logger":"airflow.models.dagbag.BundleDagBag","filename":"dagbag.py","lineno":593}
{"timestamp":"2026-02-08T05:33:13.249749Z","level":"warning","event":"The `airflow.decorators.dag` attribute is deprecated. Please use `'airflow.sdk.dag'`.","category":"DeprecatedImportWarning","filename":"/opt/airflow/dags/branch_pipeline.py","lineno":1,"logger":"py.warnings"}
{"timestamp":"2026-02-08T05:33:13.252072Z","level":"warning","event":"The `airflow.decorators.task` attribute is deprecated. Please use `'airflow.sdk.task'`.","category":"DeprecatedImportWarning","filename":"/opt/airflow/dags/branch_pipeline.py","lineno":1,"logger":"py.warnings"}
{"timestamp":"2026-02-08T05:33:13.252426Z","level":"warning","event":"The `airflow.operators.python.BranchPythonOperator` attribute is deprecated. Please use `'airflow.providers.standard.operators.python.BranchPythonOperator'`.","category":"DeprecatedImportWarning","filename":"/opt/airflow/dags/branch_pipeline.py","lineno":2,"logger":"py.warnings"}
{"timestamp":"2026-02-08T05:33:13.252791Z","level":"warning","event":"The `airflow.operators.bash.BashOperator` attribute is deprecated. Please use `'airflow.providers.standard.operators.bash.BashOperator'`.","category":"DeprecatedImportWarning","filename":"/opt/airflow/dags/branch_pipeline.py","lineno":3,"logger":"py.warnings"}
{"timestamp":"2026-02-08T05:33:44.030499Z","level":"info","event":"Filling up the DagBag from /opt/airflow/dags/branch_pipeline.py","logger":"airflow.models.dagbag.BundleDagBag","filename":"dagbag.py","lineno":593}
{"timestamp":"2026-02-08T05:33:44.103479Z","level":"warning","event":"The `airflow.decorators.dag` attribute is deprecated. Please use `'airflow.sdk.dag'`.","category":"DeprecatedImportWarning","filename":"/opt/airflow/dags/branch_pipeline.py","lineno":1,"logger":"py.warnings"}
{"timestamp":"2026-02-08T05:33:44.103938Z","level":"warning","event":"The `airflow.decorators.task` attribute is deprecated. Please use `'airflow.sdk.task'`.","category":"DeprecatedImportWarning","filename":"/opt/airflow/dags/branch_pipeline.py","lineno":1,"logger":"py.warnings"}
{"timestamp":"2026-02-08T05:33:44.104131Z","level":"warning","event":"The `airflow.operators.python.BranchPythonOperator` attribute is deprecated. Please use `'airflow.providers.standard.operators.python.BranchPythonOperator'`.","category":"DeprecatedImportWarning","filename":"/opt/airflow/dags/branch_pipeline.py","lineno":2,"logger":"py.warnings"}
{"timestamp":"2026-02-08T05:33:44.104280Z","level":"warning","event":"The `airflow.operators.bash.BashOperator` attribute is deprecated. Please use `'airflow.providers.standard.operators.bash.BashOperator'`.","category":"DeprecatedImportWarning","filename":"/opt/airflow/dags/branch_pipeline.py","lineno":3,"logger":"py.warnings"}
{"timestamp":"2026-02-08T05:34:14.556876Z","level":"info","event":"Filling up the DagBag from /opt/airflow/dags/branch_pipeline.py","logger":"airflow.models.dagbag.BundleDagBag","filename":"dagbag.py","lineno":593}
{"timestamp":"2026-02-08T05:34:14.633873Z","level":"warning","event":"The `airflow.decorators.dag` attribute is deprecated. Please use `'airflow.sdk.dag'`.","category":"DeprecatedImportWarning","filename":"/opt/airflow/dags/branch_pipeline.py","lineno":1,"logger":"py.warnings"}
{"timestamp":"2026-02-08T05:34:14.634097Z","level":"warning","event":"The `airflow.decorators.task` attribute is deprecated. Please use `'airflow.sdk.task'`.","category":"DeprecatedImportWarning","filename":"/opt/airflow/dags/branch_pipeline.py","lineno":1,"logger":"py.warnings"}
{"timestamp":"2026-02-08T05:34:14.634213Z","level":"warning","event":"The `airflow.operators.python.BranchPythonOperator` attribute is deprecated. Please use `'airflow.providers.standard.operators.python.BranchPythonOperator'`.","category":"DeprecatedImportWarning","filename":"/opt/airflow/dags/branch_pipeline.py","lineno":2,"logger":"py.warnings"}
{"timestamp":"2026-02-08T05:34:14.634308Z","level":"warning","event":"The `airflow.operators.bash.BashOperator` attribute is deprecated. Please use `'airflow.providers.standard.operators.bash.BashOperator'`.","category":"DeprecatedImportWarning","filename":"/opt/airflow/dags/branch_pipeline.py","lineno":3,"logger":"py.warnings"}
{"timestamp":"2026-02-08T05:34:44.826676Z","level":"info","event":"Filling up the DagBag from /opt/airflow/dags/branch_pipeline.py","logger":"airflow.models.dagbag.BundleDagBag","filename":"dagbag.py","lineno":593}
{"timestamp":"2026-02-08T05:34:44.891584Z","level":"warning","event":"The `airflow.decorators.dag` attribute is deprecated. Please use `'airflow.sdk.dag'`.","category":"DeprecatedImportWarning","filename":"/opt/airflow/dags/branch_pipeline.py","lineno":1,"logger":"py.warnings"}
{"timestamp":"2026-02-08T05:34:44.892006Z","level":"warning","event":"The `airflow.decorators.task` attribute is deprecated. Please use `'airflow.sdk.task'`.","category":"DeprecatedImportWarning","filename":"/opt/airflow/dags/branch_pipeline.py","lineno":1,"logger":"py.warnings"}
{"timestamp":"2026-02-08T05:34:44.892200Z","level":"warning","event":"The `airflow.operators.python.BranchPythonOperator` attribute is deprecated. Please use `'airflow.providers.standard.operators.python.BranchPythonOperator'`.","category":"DeprecatedImportWarning","filename":"/opt/airflow/dags/branch_pipeline.py","lineno":2,"logger":"py.warnings"}
{"timestamp":"2026-02-08T05:34:44.893532Z","level":"warning","event":"The `airflow.operators.bash.BashOperator` attribute is deprecated. Please use `'airflow.providers.standard.operators.bash.BashOperator'`.","category":"DeprecatedImportWarning","filename":"/opt/airflow/dags/branch_pipeline.py","lineno":3,"logger":"py.warnings"}
{"timestamp":"2026-02-08T05:35:15.266051Z","level":"info","event":"Filling up the DagBag from /opt/airflow/dags/branch_pipeline.py","logger":"airflow.models.dagbag.BundleDagBag","filename":"dagbag.py","lineno":593}
{"timestamp":"2026-02-08T05:35:15.362386Z","level":"warning","event":"The `airflow.decorators.dag` attribute is deprecated. Please use `'airflow.sdk.dag'`.","category":"DeprecatedImportWarning","filename":"/opt/airflow/dags/branch_pipeline.py","lineno":1,"logger":"py.warnings"}
{"timestamp":"2026-02-08T05:35:15.363878Z","level":"warning","event":"The `airflow.decorators.task` attribute is deprecated. Please use `'airflow.sdk.task'`.","category":"DeprecatedImportWarning","filename":"/opt/airflow/dags/branch_pipeline.py","lineno":1,"logger":"py.warnings"}
{"timestamp":"2026-02-08T05:35:15.364642Z","level":"warning","event":"The `airflow.operators.python.BranchPythonOperator` attribute is deprecated. Please use `'airflow.providers.standard.operators.python.BranchPythonOperator'`.","category":"DeprecatedImportWarning","filename":"/opt/airflow/dags/branch_pipeline.py","lineno":2,"logger":"py.warnings"}
{"timestamp":"2026-02-08T05:35:15.364925Z","level":"warning","event":"The `airflow.operators.bash.BashOperator` attribute is deprecated. Please use `'airflow.providers.standard.operators.bash.BashOperator'`.","category":"DeprecatedImportWarning","filename":"/opt/airflow/dags/branch_pipeline.py","lineno":3,"logger":"py.warnings"}
{"timestamp":"2026-02-08T05:35:46.249374Z","level":"info","event":"Filling up the DagBag from /opt/airflow/dags/branch_pipeline.py","logger":"airflow.models.dagbag.BundleDagBag","filename":"dagbag.py","lineno":593}
{"timestamp":"2026-02-08T05:35:46.341613Z","level":"warning","event":"The `airflow.decorators.dag` attribute is deprecated. Please use `'airflow.sdk.dag'`.","category":"DeprecatedImportWarning","filename":"/opt/airflow/dags/branch_pipeline.py","lineno":1,"logger":"py.warnings"}
{"timestamp":"2026-02-08T05:35:46.341997Z","level":"warning","event":"The `airflow.decorators.task` attribute is deprecated. Please use `'airflow.sdk.task'`.","category":"DeprecatedImportWarning","filename":"/opt/airflow/dags/branch_pipeline.py","lineno":1,"logger":"py.warnings"}
{"timestamp":"2026-02-08T05:35:46.342142Z","level":"warning","event":"The `airflow.operators.python.BranchPythonOperator` attribute is deprecated. Please use `'airflow.providers.standard.operators.python.BranchPythonOperator'`.","category":"DeprecatedImportWarning","filename":"/opt/airflow/dags/branch_pipeline.py","lineno":2,"logger":"py.warnings"}
{"timestamp":"2026-02-08T05:35:46.342371Z","level":"warning","event":"The `airflow.operators.bash.BashOperator` attribute is deprecated. Please use `'airflow.providers.standard.operators.bash.BashOperator'`.","category":"DeprecatedImportWarning","filename":"/opt/airflow/dags/branch_pipeline.py","lineno":3,"logger":"py.warnings"}
{"timestamp":"2026-02-08T05:36:16.770490Z","level":"info","event":"Filling up the DagBag from /opt/airflow/dags/branch_pipeline.py","logger":"airflow.models.dagbag.BundleDagBag","filename":"dagbag.py","lineno":593}
{"timestamp":"2026-02-08T05:36:16.858641Z","level":"warning","event":"The `airflow.decorators.dag` attribute is deprecated. Please use `'airflow.sdk.dag'`.","category":"DeprecatedImportWarning","filename":"/opt/airflow/dags/branch_pipeline.py","lineno":1,"logger":"py.warnings"}
{"timestamp":"2026-02-08T05:36:16.859130Z","level":"warning","event":"The `airflow.decorators.task` attribute is deprecated. Please use `'airflow.sdk.task'`.","category":"DeprecatedImportWarning","filename":"/opt/airflow/dags/branch_pipeline.py","lineno":1,"logger":"py.warnings"}
{"timestamp":"2026-02-08T05:36:16.859336Z","level":"warning","event":"The `airflow.operators.python.BranchPythonOperator` attribute is deprecated. Please use `'airflow.providers.standard.operators.python.BranchPythonOperator'`.","category":"DeprecatedImportWarning","filename":"/opt/airflow/dags/branch_pipeline.py","lineno":2,"logger":"py.warnings"}
{"timestamp":"2026-02-08T05:36:16.859807Z","level":"warning","event":"The `airflow.operators.bash.BashOperator` attribute is deprecated. Please use `'airflow.providers.standard.operators.bash.BashOperator'`.","category":"DeprecatedImportWarning","filename":"/opt/airflow/dags/branch_pipeline.py","lineno":3,"logger":"py.warnings"}
{"timestamp":"2026-02-08T05:36:47.900356Z","level":"info","event":"Filling up the DagBag from /opt/airflow/dags/branch_pipeline.py","logger":"airflow.models.dagbag.BundleDagBag","filename":"dagbag.py","lineno":593}
{"timestamp":"2026-02-08T05:36:48.039454Z","level":"warning","event":"The `airflow.decorators.dag` attribute is deprecated. Please use `'airflow.sdk.dag'`.","category":"DeprecatedImportWarning","filename":"/opt/airflow/dags/branch_pipeline.py","lineno":1,"logger":"py.warnings"}
{"timestamp":"2026-02-08T05:36:48.040606Z","level":"warning","event":"The `airflow.decorators.task` attribute is deprecated. Please use `'airflow.sdk.task'`.","category":"DeprecatedImportWarning","filename":"/opt/airflow/dags/branch_pipeline.py","lineno":1,"logger":"py.warnings"}
{"timestamp":"2026-02-08T05:36:48.040842Z","level":"warning","event":"The `airflow.operators.python.BranchPythonOperator` attribute is deprecated. Please use `'airflow.providers.standard.operators.python.BranchPythonOperator'`.","category":"DeprecatedImportWarning","filename":"/opt/airflow/dags/branch_pipeline.py","lineno":2,"logger":"py.warnings"}
{"timestamp":"2026-02-08T05:36:48.041000Z","level":"warning","event":"The `airflow.operators.bash.BashOperator` attribute is deprecated. Please use `'airflow.providers.standard.operators.bash.BashOperator'`.","category":"DeprecatedImportWarning","filename":"/opt/airflow/dags/branch_pipeline.py","lineno":3,"logger":"py.warnings"}
{"timestamp":"2026-02-08T05:37:18.771760Z","level":"info","event":"Filling up the DagBag from /opt/airflow/dags/branch_pipeline.py","logger":"airflow.models.dagbag.BundleDagBag","filename":"dagbag.py","lineno":593}
{"timestamp":"2026-02-08T05:37:18.833599Z","level":"warning","event":"The `airflow.decorators.dag` attribute is deprecated. Please use `'airflow.sdk.dag'`.","category":"DeprecatedImportWarning","filename":"/opt/airflow/dags/branch_pipeline.py","lineno":1,"logger":"py.warnings"}
{"timestamp":"2026-02-08T05:37:18.833819Z","level":"warning","event":"The `airflow.decorators.task` attribute is deprecated. Please use `'airflow.sdk.task'`.","category":"DeprecatedImportWarning","filename":"/opt/airflow/dags/branch_pipeline.py","lineno":1,"logger":"py.warnings"}
{"timestamp":"2026-02-08T05:37:18.833907Z","level":"warning","event":"The `airflow.operators.python.BranchPythonOperator` attribute is deprecated. Please use `'airflow.providers.standard.operators.python.BranchPythonOperator'`.","category":"DeprecatedImportWarning","filename":"/opt/airflow/dags/branch_pipeline.py","lineno":2,"logger":"py.warnings"}
{"timestamp":"2026-02-08T05:37:18.833969Z","level":"warning","event":"The `airflow.operators.bash.BashOperator` attribute is deprecated. Please use `'airflow.providers.standard.operators.bash.BashOperator'`.","category":"DeprecatedImportWarning","filename":"/opt/airflow/dags/branch_pipeline.py","lineno":3,"logger":"py.warnings"}
{"timestamp":"2026-02-08T05:37:50.393015Z","level":"info","event":"Filling up the DagBag from /opt/airflow/dags/branch_pipeline.py","logger":"airflow.models.dagbag.BundleDagBag","filename":"dagbag.py","lineno":593}
{"timestamp":"2026-02-08T05:37:50.463430Z","level":"warning","event":"The `airflow.decorators.dag` attribute is deprecated. Please use `'airflow.sdk.dag'`.","category":"DeprecatedImportWarning","filename":"/opt/airflow/dags/branch_pipeline.py","lineno":1,"logger":"py.warnings"}
{"timestamp":"2026-02-08T05:37:50.463813Z","level":"warning","event":"The `airflow.decorators.task` attribute is deprecated. Please use `'airflow.sdk.task'`.","category":"DeprecatedImportWarning","filename":"/opt/airflow/dags/branch_pipeline.py","lineno":1,"logger":"py.warnings"}
{"timestamp":"2026-02-08T05:37:50.463955Z","level":"warning","event":"The `airflow.operators.python.BranchPythonOperator` attribute is deprecated. Please use `'airflow.providers.standard.operators.python.BranchPythonOperator'`.","category":"DeprecatedImportWarning","filename":"/opt/airflow/dags/branch_pipeline.py","lineno":2,"logger":"py.warnings"}
{"timestamp":"2026-02-08T05:37:50.464052Z","level":"warning","event":"The `airflow.operators.bash.BashOperator` attribute is deprecated. Please use `'airflow.providers.standard.operators.bash.BashOperator'`.","category":"DeprecatedImportWarning","filename":"/opt/airflow/dags/branch_pipeline.py","lineno":3,"logger":"py.warnings"}
{"timestamp":"2026-02-08T05:38:21.013436Z","level":"info","event":"Filling up the DagBag from /opt/airflow/dags/branch_pipeline.py","logger":"airflow.models.dagbag.BundleDagBag","filename":"dagbag.py","lineno":593}
{"timestamp":"2026-02-08T05:38:21.101065Z","level":"warning","event":"The `airflow.decorators.dag` attribute is deprecated. Please use `'airflow.sdk.dag'`.","category":"DeprecatedImportWarning","filename":"/opt/airflow/dags/branch_pipeline.py","lineno":1,"logger":"py.warnings"}
{"timestamp":"2026-02-08T05:38:21.101461Z","level":"warning","event":"The `airflow.decorators.task` attribute is deprecated. Please use `'airflow.sdk.task'`.","category":"DeprecatedImportWarning","filename":"/opt/airflow/dags/branch_pipeline.py","lineno":1,"logger":"py.warnings"}
{"timestamp":"2026-02-08T05:38:21.101701Z","level":"warning","event":"The `airflow.operators.python.BranchPythonOperator` attribute is deprecated. Please use `'airflow.providers.standard.operators.python.BranchPythonOperator'`.","category":"DeprecatedImportWarning","filename":"/opt/airflow/dags/branch_pipeline.py","lineno":2,"logger":"py.warnings"}
{"timestamp":"2026-02-08T05:38:21.101851Z","level":"warning","event":"The `airflow.operators.bash.BashOperator` attribute is deprecated. Please use `'airflow.providers.standard.operators.bash.BashOperator'`.","category":"DeprecatedImportWarning","filename":"/opt/airflow/dags/branch_pipeline.py","lineno":3,"logger":"py.warnings"}
{"timestamp":"2026-02-08T05:38:52.454006Z","level":"info","event":"Filling up the DagBag from /opt/airflow/dags/branch_pipeline.py","logger":"airflow.models.dagbag.BundleDagBag","filename":"dagbag.py","lineno":593}
{"timestamp":"2026-02-08T05:38:52.522781Z","level":"warning","event":"The `airflow.decorators.dag` attribute is deprecated. Please use `'airflow.sdk.dag'`.","category":"DeprecatedImportWarning","filename":"/opt/airflow/dags/branch_pipeline.py","lineno":1,"logger":"py.warnings"}
{"timestamp":"2026-02-08T05:38:52.528277Z","level":"warning","event":"The `airflow.decorators.task` attribute is deprecated. Please use `'airflow.sdk.task'`.","category":"DeprecatedImportWarning","filename":"/opt/airflow/dags/branch_pipeline.py","lineno":1,"logger":"py.warnings"}
{"timestamp":"2026-02-08T05:38:52.528479Z","level":"warning","event":"The `airflow.operators.python.BranchPythonOperator` attribute is deprecated. Please use `'airflow.providers.standard.operators.python.BranchPythonOperator'`.","category":"DeprecatedImportWarning","filename":"/opt/airflow/dags/branch_pipeline.py","lineno":2,"logger":"py.warnings"}
{"timestamp":"2026-02-08T05:38:52.528584Z","level":"warning","event":"The `airflow.operators.bash.BashOperator` attribute is deprecated. Please use `'airflow.providers.standard.operators.bash.BashOperator'`.","category":"DeprecatedImportWarning","filename":"/opt/airflow/dags/branch_pipeline.py","lineno":3,"logger":"py.warnings"}
{"timestamp":"2026-02-08T05:39:22.792210Z","level":"info","event":"Filling up the DagBag from /opt/airflow/dags/branch_pipeline.py","logger":"airflow.models.dagbag.BundleDagBag","filename":"dagbag.py","lineno":593}
{"timestamp":"2026-02-08T05:39:22.843592Z","level":"warning","event":"The `airflow.decorators.dag` attribute is deprecated. Please use `'airflow.sdk.dag'`.","category":"DeprecatedImportWarning","filename":"/opt/airflow/dags/branch_pipeline.py","lineno":1,"logger":"py.warnings"}
{"timestamp":"2026-02-08T05:39:22.844432Z","level":"warning","event":"The `airflow.decorators.task` attribute is deprecated. Please use `'airflow.sdk.task'`.","category":"DeprecatedImportWarning","filename":"/opt/airflow/dags/branch_pipeline.py","lineno":1,"logger":"py.warnings"}
{"timestamp":"2026-02-08T05:39:22.844598Z","level":"warning","event":"The `airflow.operators.python.BranchPythonOperator` attribute is deprecated. Please use `'airflow.providers.standard.operators.python.BranchPythonOperator'`.","category":"DeprecatedImportWarning","filename":"/opt/airflow/dags/branch_pipeline.py","lineno":2,"logger":"py.warnings"}
{"timestamp":"2026-02-08T05:39:22.844882Z","level":"warning","event":"The `airflow.operators.bash.BashOperator` attribute is deprecated. Please use `'airflow.providers.standard.operators.bash.BashOperator'`.","category":"DeprecatedImportWarning","filename":"/opt/airflow/dags/branch_pipeline.py","lineno":3,"logger":"py.warnings"}
{"timestamp":"2026-02-08T05:39:53.208862Z","level":"info","event":"Filling up the DagBag from /opt/airflow/dags/branch_pipeline.py","logger":"airflow.models.dagbag.BundleDagBag","filename":"dagbag.py","lineno":593}
{"timestamp":"2026-02-08T05:39:53.282667Z","level":"warning","event":"The `airflow.decorators.dag` attribute is deprecated. Please use `'airflow.sdk.dag'`.","category":"DeprecatedImportWarning","filename":"/opt/airflow/dags/branch_pipeline.py","lineno":1,"logger":"py.warnings"}
{"timestamp":"2026-02-08T05:39:53.283094Z","level":"warning","event":"The `airflow.decorators.task` attribute is deprecated. Please use `'airflow.sdk.task'`.","category":"DeprecatedImportWarning","filename":"/opt/airflow/dags/branch_pipeline.py","lineno":1,"logger":"py.warnings"}
{"timestamp":"2026-02-08T05:39:53.283254Z","level":"warning","event":"The `airflow.operators.python.BranchPythonOperator` attribute is deprecated. Please use `'airflow.providers.standard.operators.python.BranchPythonOperator'`.","category":"DeprecatedImportWarning","filename":"/opt/airflow/dags/branch_pipeline.py","lineno":2,"logger":"py.warnings"}
{"timestamp":"2026-02-08T05:39:53.283358Z","level":"warning","event":"The `airflow.operators.bash.BashOperator` attribute is deprecated. Please use `'airflow.providers.standard.operators.bash.BashOperator'`.","category":"DeprecatedImportWarning","filename":"/opt/airflow/dags/branch_pipeline.py","lineno":3,"logger":"py.warnings"}
{"timestamp":"2026-02-08T05:40:24.268330Z","level":"info","event":"Filling up the DagBag from /opt/airflow/dags/branch_pipeline.py","logger":"airflow.models.dagbag.BundleDagBag","filename":"dagbag.py","lineno":593}
{"timestamp":"2026-02-08T05:40:24.360304Z","level":"warning","event":"The `airflow.decorators.dag` attribute is deprecated. Please use `'airflow.sdk.dag'`.","category":"DeprecatedImportWarning","filename":"/opt/airflow/dags/branch_pipeline.py","lineno":1,"logger":"py.warnings"}
{"timestamp":"2026-02-08T05:40:24.360711Z","level":"warning","event":"The `airflow.decorators.task` attribute is deprecated. Please use `'airflow.sdk.task'`.","category":"DeprecatedImportWarning","filename":"/opt/airflow/dags/branch_pipeline.py","lineno":1,"logger":"py.warnings"}
{"timestamp":"2026-02-08T05:40:24.360997Z","level":"warning","event":"The `airflow.operators.python.BranchPythonOperator` attribute is deprecated. Please use `'airflow.providers.standard.operators.python.BranchPythonOperator'`.","category":"DeprecatedImportWarning","filename":"/opt/airflow/dags/branch_pipeline.py","lineno":2,"logger":"py.warnings"}
{"timestamp":"2026-02-08T05:40:24.361144Z","level":"warning","event":"The `airflow.operators.bash.BashOperator` attribute is deprecated. Please use `'airflow.providers.standard.operators.bash.BashOperator'`.","category":"DeprecatedImportWarning","filename":"/opt/airflow/dags/branch_pipeline.py","lineno":3,"logger":"py.warnings"}
{"timestamp":"2026-02-08T05:40:55.312329Z","level":"info","event":"Filling up the DagBag from /opt/airflow/dags/branch_pipeline.py","logger":"airflow.models.dagbag.BundleDagBag","filename":"dagbag.py","lineno":593}
{"timestamp":"2026-02-08T05:40:55.390648Z","level":"warning","event":"The `airflow.decorators.dag` attribute is deprecated. Please use `'airflow.sdk.dag'`.","category":"DeprecatedImportWarning","filename":"/opt/airflow/dags/branch_pipeline.py","lineno":1,"logger":"py.warnings"}
{"timestamp":"2026-02-08T05:40:55.391140Z","level":"warning","event":"The `airflow.decorators.task` attribute is deprecated. Please use `'airflow.sdk.task'`.","category":"DeprecatedImportWarning","filename":"/opt/airflow/dags/branch_pipeline.py","lineno":1,"logger":"py.warnings"}
{"timestamp":"2026-02-08T05:40:55.391415Z","level":"warning","event":"The `airflow.operators.python.BranchPythonOperator` attribute is deprecated. Please use `'airflow.providers.standard.operators.python.BranchPythonOperator'`.","category":"DeprecatedImportWarning","filename":"/opt/airflow/dags/branch_pipeline.py","lineno":2,"logger":"py.warnings"}
{"timestamp":"2026-02-08T05:40:55.391604Z","level":"warning","event":"The `airflow.operators.bash.BashOperator` attribute is deprecated. Please use `'airflow.providers.standard.operators.bash.BashOperator'`.","category":"DeprecatedImportWarning","filename":"/opt/airflow/dags/branch_pipeline.py","lineno":3,"logger":"py.warnings"}
{"timestamp":"2026-02-08T05:41:25.978565Z","level":"info","event":"Filling up the DagBag from /opt/airflow/dags/branch_pipeline.py","logger":"airflow.models.dagbag.BundleDagBag","filename":"dagbag.py","lineno":593}
{"timestamp":"2026-02-08T05:41:26.036260Z","level":"warning","event":"The `airflow.decorators.dag` attribute is deprecated. Please use `'airflow.sdk.dag'`.","category":"DeprecatedImportWarning","filename":"/opt/airflow/dags/branch_pipeline.py","lineno":1,"logger":"py.warnings"}
{"timestamp":"2026-02-08T05:41:26.036523Z","level":"warning","event":"The `airflow.decorators.task` attribute is deprecated. Please use `'airflow.sdk.task'`.","category":"DeprecatedImportWarning","filename":"/opt/airflow/dags/branch_pipeline.py","lineno":1,"logger":"py.warnings"}
{"timestamp":"2026-02-08T05:41:26.036662Z","level":"warning","event":"The `airflow.operators.python.BranchPythonOperator` attribute is deprecated. Please use `'airflow.providers.standard.operators.python.BranchPythonOperator'`.","category":"DeprecatedImportWarning","filename":"/opt/airflow/dags/branch_pipeline.py","lineno":2,"logger":"py.warnings"}
{"timestamp":"2026-02-08T05:41:26.036760Z","level":"warning","event":"The `airflow.operators.bash.BashOperator` attribute is deprecated. Please use `'airflow.providers.standard.operators.bash.BashOperator'`.","category":"DeprecatedImportWarning","filename":"/opt/airflow/dags/branch_pipeline.py","lineno":3,"logger":"py.warnings"}
{"timestamp":"2026-02-08T05:41:56.803214Z","level":"info","event":"Filling up the DagBag from /opt/airflow/dags/branch_pipeline.py","logger":"airflow.models.dagbag.BundleDagBag","filename":"dagbag.py","lineno":593}
{"timestamp":"2026-02-08T05:41:56.854422Z","level":"warning","event":"The `airflow.decorators.dag` attribute is deprecated. Please use `'airflow.sdk.dag'`.","category":"DeprecatedImportWarning","filename":"/opt/airflow/dags/branch_pipeline.py","lineno":1,"logger":"py.warnings"}
{"timestamp":"2026-02-08T05:41:56.854646Z","level":"warning","event":"The `airflow.decorators.task` attribute is deprecated. Please use `'airflow.sdk.task'`.","category":"DeprecatedImportWarning","filename":"/opt/airflow/dags/branch_pipeline.py","lineno":1,"logger":"py.warnings"}
{"timestamp":"2026-02-08T05:41:56.854785Z","level":"warning","event":"The `airflow.operators.python.BranchPythonOperator` attribute is deprecated. Please use `'airflow.providers.standard.operators.python.BranchPythonOperator'`.","category":"DeprecatedImportWarning","filename":"/opt/airflow/dags/branch_pipeline.py","lineno":2,"logger":"py.warnings"}
{"timestamp":"2026-02-08T05:41:56.854879Z","level":"warning","event":"The `airflow.operators.bash.BashOperator` attribute is deprecated. Please use `'airflow.providers.standard.operators.bash.BashOperator'`.","category":"DeprecatedImportWarning","filename":"/opt/airflow/dags/branch_pipeline.py","lineno":3,"logger":"py.warnings"}
{"timestamp":"2026-02-08T05:42:27.057233Z","level":"info","event":"Filling up the DagBag from /opt/airflow/dags/branch_pipeline.py","logger":"airflow.models.dagbag.BundleDagBag","filename":"dagbag.py","lineno":593}
{"timestamp":"2026-02-08T05:42:27.146729Z","level":"warning","event":"The `airflow.decorators.dag` attribute is deprecated. Please use `'airflow.sdk.dag'`.","category":"DeprecatedImportWarning","filename":"/opt/airflow/dags/branch_pipeline.py","lineno":1,"logger":"py.warnings"}
{"timestamp":"2026-02-08T05:42:27.147074Z","level":"warning","event":"The `airflow.decorators.task` attribute is deprecated. Please use `'airflow.sdk.task'`.","category":"DeprecatedImportWarning","filename":"/opt/airflow/dags/branch_pipeline.py","lineno":1,"logger":"py.warnings"}
{"timestamp":"2026-02-08T05:42:27.147228Z","level":"warning","event":"The `airflow.operators.python.BranchPythonOperator` attribute is deprecated. Please use `'airflow.providers.standard.operators.python.BranchPythonOperator'`.","category":"DeprecatedImportWarning","filename":"/opt/airflow/dags/branch_pipeline.py","lineno":2,"logger":"py.warnings"}
{"timestamp":"2026-02-08T05:42:27.147370Z","level":"warning","event":"The `airflow.operators.bash.BashOperator` attribute is deprecated. Please use `'airflow.providers.standard.operators.bash.BashOperator'`.","category":"DeprecatedImportWarning","filename":"/opt/airflow/dags/branch_pipeline.py","lineno":3,"logger":"py.warnings"}
{"timestamp":"2026-02-08T05:42:58.352453Z","level":"info","event":"Filling up the DagBag from /opt/airflow/dags/branch_pipeline.py","logger":"airflow.models.dagbag.BundleDagBag","filename":"dagbag.py","lineno":593}
{"timestamp":"2026-02-08T05:42:58.415381Z","level":"warning","event":"The `airflow.decorators.dag` attribute is deprecated. Please use `'airflow.sdk.dag'`.","category":"DeprecatedImportWarning","filename":"/opt/airflow/dags/branch_pipeline.py","lineno":1,"logger":"py.warnings"}
{"timestamp":"2026-02-08T05:42:58.415703Z","level":"warning","event":"The `airflow.decorators.task` attribute is deprecated. Please use `'airflow.sdk.task'`.","category":"DeprecatedImportWarning","filename":"/opt/airflow/dags/branch_pipeline.py","lineno":1,"logger":"py.warnings"}
{"timestamp":"2026-02-08T05:42:58.415855Z","level":"warning","event":"The `airflow.operators.python.BranchPythonOperator` attribute is deprecated. Please use `'airflow.providers.standard.operators.python.BranchPythonOperator'`.","category":"DeprecatedImportWarning","filename":"/opt/airflow/dags/branch_pipeline.py","lineno":2,"logger":"py.warnings"}
{"timestamp":"2026-02-08T05:42:58.415982Z","level":"warning","event":"The `airflow.operators.bash.BashOperator` attribute is deprecated. Please use `'airflow.providers.standard.operators.bash.BashOperator'`.","category":"DeprecatedImportWarning","filename":"/opt/airflow/dags/branch_pipeline.py","lineno":3,"logger":"py.warnings"}
{"timestamp":"2026-02-08T05:43:28.839022Z","level":"info","event":"Filling up the DagBag from /opt/airflow/dags/branch_pipeline.py","logger":"airflow.models.dagbag.BundleDagBag","filename":"dagbag.py","lineno":593}
{"timestamp":"2026-02-08T05:43:28.942536Z","level":"warning","event":"The `airflow.decorators.dag` attribute is deprecated. Please use `'airflow.sdk.dag'`.","category":"DeprecatedImportWarning","filename":"/opt/airflow/dags/branch_pipeline.py","lineno":1,"logger":"py.warnings"}
{"timestamp":"2026-02-08T05:43:28.942974Z","level":"warning","event":"The `airflow.decorators.task` attribute is deprecated. Please use `'airflow.sdk.task'`.","category":"DeprecatedImportWarning","filename":"/opt/airflow/dags/branch_pipeline.py","lineno":1,"logger":"py.warnings"}
{"timestamp":"2026-02-08T05:43:28.943095Z","level":"warning","event":"The `airflow.operators.python.BranchPythonOperator` attribute is deprecated. Please use `'airflow.providers.standard.operators.python.BranchPythonOperator'`.","category":"DeprecatedImportWarning","filename":"/opt/airflow/dags/branch_pipeline.py","lineno":2,"logger":"py.warnings"}
{"timestamp":"2026-02-08T05:43:28.943215Z","level":"warning","event":"The `airflow.operators.bash.BashOperator` attribute is deprecated. Please use `'airflow.providers.standard.operators.bash.BashOperator'`.","category":"DeprecatedImportWarning","filename":"/opt/airflow/dags/branch_pipeline.py","lineno":3,"logger":"py.warnings"}
{"timestamp":"2026-02-08T05:43:59.330303Z","level":"info","event":"Filling up the DagBag from /opt/airflow/dags/branch_pipeline.py","logger":"airflow.models.dagbag.BundleDagBag","filename":"dagbag.py","lineno":593}
{"timestamp":"2026-02-08T05:43:59.427008Z","level":"warning","event":"The `airflow.decorators.dag` attribute is deprecated. Please use `'airflow.sdk.dag'`.","category":"DeprecatedImportWarning","filename":"/opt/airflow/dags/branch_pipeline.py","lineno":1,"logger":"py.warnings"}
{"timestamp":"2026-02-08T05:43:59.427311Z","level":"warning","event":"The `airflow.decorators.task` attribute is deprecated. Please use `'airflow.sdk.task'`.","category":"DeprecatedImportWarning","filename":"/opt/airflow/dags/branch_pipeline.py","lineno":1,"logger":"py.warnings"}
{"timestamp":"2026-02-08T05:43:59.427504Z","level":"warning","event":"The `airflow.operators.python.BranchPythonOperator` attribute is deprecated. Please use `'airflow.providers.standard.operators.python.BranchPythonOperator'`.","category":"DeprecatedImportWarning","filename":"/opt/airflow/dags/branch_pipeline.py","lineno":2,"logger":"py.warnings"}
{"timestamp":"2026-02-08T05:43:59.427654Z","level":"warning","event":"The `airflow.operators.bash.BashOperator` attribute is deprecated. Please use `'airflow.providers.standard.operators.bash.BashOperator'`.","category":"DeprecatedImportWarning","filename":"/opt/airflow/dags/branch_pipeline.py","lineno":3,"logger":"py.warnings"}
{"timestamp":"2026-02-08T05:44:30.435776Z","level":"info","event":"Filling up the DagBag from /opt/airflow/dags/branch_pipeline.py","logger":"airflow.models.dagbag.BundleDagBag","filename":"dagbag.py","lineno":593}
{"timestamp":"2026-02-08T05:44:30.515288Z","level":"warning","event":"The `airflow.decorators.dag` attribute is deprecated. Please use `'airflow.sdk.dag'`.","category":"DeprecatedImportWarning","filename":"/opt/airflow/dags/branch_pipeline.py","lineno":1,"logger":"py.warnings"}
{"timestamp":"2026-02-08T05:44:30.515777Z","level":"warning","event":"The `airflow.decorators.task` attribute is deprecated. Please use `'airflow.sdk.task'`.","category":"DeprecatedImportWarning","filename":"/opt/airflow/dags/branch_pipeline.py","lineno":1,"logger":"py.warnings"}
{"timestamp":"2026-02-08T05:44:30.516006Z","level":"warning","event":"The `airflow.operators.python.BranchPythonOperator` attribute is deprecated. Please use `'airflow.providers.standard.operators.python.BranchPythonOperator'`.","category":"DeprecatedImportWarning","filename":"/opt/airflow/dags/branch_pipeline.py","lineno":2,"logger":"py.warnings"}
{"timestamp":"2026-02-08T05:44:30.516141Z","level":"warning","event":"The `airflow.operators.bash.BashOperator` attribute is deprecated. Please use `'airflow.providers.standard.operators.bash.BashOperator'`.","category":"DeprecatedImportWarning","filename":"/opt/airflow/dags/branch_pipeline.py","lineno":3,"logger":"py.warnings"}
{"timestamp":"2026-02-08T05:45:01.415203Z","level":"info","event":"Filling up the DagBag from /opt/airflow/dags/branch_pipeline.py","logger":"airflow.models.dagbag.BundleDagBag","filename":"dagbag.py","lineno":593}
{"timestamp":"2026-02-08T05:45:01.518087Z","level":"warning","event":"The `airflow.decorators.dag` attribute is deprecated. Please use `'airflow.sdk.dag'`.","category":"DeprecatedImportWarning","filename":"/opt/airflow/dags/branch_pipeline.py","lineno":1,"logger":"py.warnings"}
{"timestamp":"2026-02-08T05:45:01.518569Z","level":"warning","event":"The `airflow.decorators.task` attribute is deprecated. Please use `'airflow.sdk.task'`.","category":"DeprecatedImportWarning","filename":"/opt/airflow/dags/branch_pipeline.py","lineno":1,"logger":"py.warnings"}
{"timestamp":"2026-02-08T05:45:01.518726Z","level":"warning","event":"The `airflow.operators.python.BranchPythonOperator` attribute is deprecated. Please use `'airflow.providers.standard.operators.python.BranchPythonOperator'`.","category":"DeprecatedImportWarning","filename":"/opt/airflow/dags/branch_pipeline.py","lineno":2,"logger":"py.warnings"}
{"timestamp":"2026-02-08T05:45:01.518868Z","level":"warning","event":"The `airflow.operators.bash.BashOperator` attribute is deprecated. Please use `'airflow.providers.standard.operators.bash.BashOperator'`.","category":"DeprecatedImportWarning","filename":"/opt/airflow/dags/branch_pipeline.py","lineno":3,"logger":"py.warnings"}
{"timestamp":"2026-02-08T05:45:32.367777Z","level":"info","event":"Filling up the DagBag from /opt/airflow/dags/branch_pipeline.py","logger":"airflow.models.dagbag.BundleDagBag","filename":"dagbag.py","lineno":593}
{"timestamp":"2026-02-08T05:45:32.448428Z","level":"warning","event":"The `airflow.decorators.dag` attribute is deprecated. Please use `'airflow.sdk.dag'`.","category":"DeprecatedImportWarning","filename":"/opt/airflow/dags/branch_pipeline.py","lineno":1,"logger":"py.warnings"}
{"timestamp":"2026-02-08T05:45:32.448767Z","level":"warning","event":"The `airflow.decorators.task` attribute is deprecated. Please use `'airflow.sdk.task'`.","category":"DeprecatedImportWarning","filename":"/opt/airflow/dags/branch_pipeline.py","lineno":1,"logger":"py.warnings"}
{"timestamp":"2026-02-08T05:45:32.448931Z","level":"warning","event":"The `airflow.operators.python.BranchPythonOperator` attribute is deprecated. Please use `'airflow.providers.standard.operators.python.BranchPythonOperator'`.","category":"DeprecatedImportWarning","filename":"/opt/airflow/dags/branch_pipeline.py","lineno":2,"logger":"py.warnings"}
{"timestamp":"2026-02-08T05:45:32.449056Z","level":"warning","event":"The `airflow.operators.bash.BashOperator` attribute is deprecated. Please use `'airflow.providers.standard.operators.bash.BashOperator'`.","category":"DeprecatedImportWarning","filename":"/opt/airflow/dags/branch_pipeline.py","lineno":3,"logger":"py.warnings"}
{"timestamp":"2026-02-08T05:46:03.106627Z","level":"info","event":"Filling up the DagBag from /opt/airflow/dags/branch_pipeline.py","logger":"airflow.models.dagbag.BundleDagBag","filename":"dagbag.py","lineno":593}
{"timestamp":"2026-02-08T05:46:03.244999Z","level":"warning","event":"The `airflow.decorators.dag` attribute is deprecated. Please use `'airflow.sdk.dag'`.","category":"DeprecatedImportWarning","filename":"/opt/airflow/dags/branch_pipeline.py","lineno":1,"logger":"py.warnings"}
{"timestamp":"2026-02-08T05:46:03.245332Z","level":"warning","event":"The `airflow.decorators.task` attribute is deprecated. Please use `'airflow.sdk.task'`.","category":"DeprecatedImportWarning","filename":"/opt/airflow/dags/branch_pipeline.py","lineno":1,"logger":"py.warnings"}
{"timestamp":"2026-02-08T05:46:03.245463Z","level":"warning","event":"The `airflow.operators.python.BranchPythonOperator` attribute is deprecated. Please use `'airflow.providers.standard.operators.python.BranchPythonOperator'`.","category":"DeprecatedImportWarning","filename":"/opt/airflow/dags/branch_pipeline.py","lineno":2,"logger":"py.warnings"}
{"timestamp":"2026-02-08T05:46:03.245540Z","level":"warning","event":"The `airflow.operators.bash.BashOperator` attribute is deprecated. Please use `'airflow.providers.standard.operators.bash.BashOperator'`.","category":"DeprecatedImportWarning","filename":"/opt/airflow/dags/branch_pipeline.py","lineno":3,"logger":"py.warnings"}
{"timestamp":"2026-02-08T05:46:33.578035Z","level":"info","event":"Filling up the DagBag from /opt/airflow/dags/branch_pipeline.py","logger":"airflow.models.dagbag.BundleDagBag","filename":"dagbag.py","lineno":593}
{"timestamp":"2026-02-08T05:46:33.639374Z","level":"warning","event":"The `airflow.decorators.dag` attribute is deprecated. Please use `'airflow.sdk.dag'`.","category":"DeprecatedImportWarning","filename":"/opt/airflow/dags/branch_pipeline.py","lineno":1,"logger":"py.warnings"}
{"timestamp":"2026-02-08T05:46:33.639593Z","level":"warning","event":"The `airflow.decorators.task` attribute is deprecated. Please use `'airflow.sdk.task'`.","category":"DeprecatedImportWarning","filename":"/opt/airflow/dags/branch_pipeline.py","lineno":1,"logger":"py.warnings"}
{"timestamp":"2026-02-08T05:46:33.639705Z","level":"warning","event":"The `airflow.operators.python.BranchPythonOperator` attribute is deprecated. Please use `'airflow.providers.standard.operators.python.BranchPythonOperator'`.","category":"DeprecatedImportWarning","filename":"/opt/airflow/dags/branch_pipeline.py","lineno":2,"logger":"py.warnings"}
{"timestamp":"2026-02-08T05:46:33.639794Z","level":"warning","event":"The `airflow.operators.bash.BashOperator` attribute is deprecated. Please use `'airflow.providers.standard.operators.bash.BashOperator'`.","category":"DeprecatedImportWarning","filename":"/opt/airflow/dags/branch_pipeline.py","lineno":3,"logger":"py.warnings"}
{"timestamp":"2026-02-08T05:47:04.585631Z","level":"info","event":"Filling up the DagBag from /opt/airflow/dags/branch_pipeline.py","logger":"airflow.models.dagbag.BundleDagBag","filename":"dagbag.py","lineno":593}
{"timestamp":"2026-02-08T05:47:04.647091Z","level":"warning","event":"The `airflow.decorators.dag` attribute is deprecated. Please use `'airflow.sdk.dag'`.","category":"DeprecatedImportWarning","filename":"/opt/airflow/dags/branch_pipeline.py","lineno":1,"logger":"py.warnings"}
{"timestamp":"2026-02-08T05:47:04.648249Z","level":"warning","event":"The `airflow.decorators.task` attribute is deprecated. Please use `'airflow.sdk.task'`.","category":"DeprecatedImportWarning","filename":"/opt/airflow/dags/branch_pipeline.py","lineno":1,"logger":"py.warnings"}
{"timestamp":"2026-02-08T05:47:04.648524Z","level":"warning","event":"The `airflow.operators.python.BranchPythonOperator` attribute is deprecated. Please use `'airflow.providers.standard.operators.python.BranchPythonOperator'`.","category":"DeprecatedImportWarning","filename":"/opt/airflow/dags/branch_pipeline.py","lineno":2,"logger":"py.warnings"}
{"timestamp":"2026-02-08T05:47:04.648813Z","level":"warning","event":"The `airflow.operators.bash.BashOperator` attribute is deprecated. Please use `'airflow.providers.standard.operators.bash.BashOperator'`.","category":"DeprecatedImportWarning","filename":"/opt/airflow/dags/branch_pipeline.py","lineno":3,"logger":"py.warnings"}
{"timestamp":"2026-02-08T05:47:35.363357Z","level":"info","event":"Filling up the DagBag from /opt/airflow/dags/branch_pipeline.py","logger":"airflow.models.dagbag.BundleDagBag","filename":"dagbag.py","lineno":593}
{"timestamp":"2026-02-08T05:47:35.426734Z","level":"warning","event":"The `airflow.decorators.dag` attribute is deprecated. Please use `'airflow.sdk.dag'`.","category":"DeprecatedImportWarning","filename":"/opt/airflow/dags/branch_pipeline.py","lineno":1,"logger":"py.warnings"}
{"timestamp":"2026-02-08T05:47:35.427019Z","level":"warning","event":"The `airflow.decorators.task` attribute is deprecated. Please use `'airflow.sdk.task'`.","category":"DeprecatedImportWarning","filename":"/opt/airflow/dags/branch_pipeline.py","lineno":1,"logger":"py.warnings"}
{"timestamp":"2026-02-08T05:47:35.427155Z","level":"warning","event":"The `airflow.operators.python.BranchPythonOperator` attribute is deprecated. Please use `'airflow.providers.standard.operators.python.BranchPythonOperator'`.","category":"DeprecatedImportWarning","filename":"/opt/airflow/dags/branch_pipeline.py","lineno":2,"logger":"py.warnings"}
{"timestamp":"2026-02-08T05:47:35.427300Z","level":"warning","event":"The `airflow.operators.bash.BashOperator` attribute is deprecated. Please use `'airflow.providers.standard.operators.bash.BashOperator'`.","category":"DeprecatedImportWarning","filename":"/opt/airflow/dags/branch_pipeline.py","lineno":3,"logger":"py.warnings"}
{"timestamp":"2026-02-08T05:48:06.459528Z","level":"info","event":"Filling up the DagBag from /opt/airflow/dags/branch_pipeline.py","logger":"airflow.models.dagbag.BundleDagBag","filename":"dagbag.py","lineno":593}
{"timestamp":"2026-02-08T05:48:06.536912Z","level":"warning","event":"The `airflow.decorators.dag` attribute is deprecated. Please use `'airflow.sdk.dag'`.","category":"DeprecatedImportWarning","filename":"/opt/airflow/dags/branch_pipeline.py","lineno":1,"logger":"py.warnings"}
{"timestamp":"2026-02-08T05:48:06.537306Z","level":"warning","event":"The `airflow.decorators.task` attribute is deprecated. Please use `'airflow.sdk.task'`.","category":"DeprecatedImportWarning","filename":"/opt/airflow/dags/branch_pipeline.py","lineno":1,"logger":"py.warnings"}
{"timestamp":"2026-02-08T05:48:06.537537Z","level":"warning","event":"The `airflow.operators.python.BranchPythonOperator` attribute is deprecated. Please use `'airflow.providers.standard.operators.python.BranchPythonOperator'`.","category":"DeprecatedImportWarning","filename":"/opt/airflow/dags/branch_pipeline.py","lineno":2,"logger":"py.warnings"}
{"timestamp":"2026-02-08T05:48:06.537708Z","level":"warning","event":"The `airflow.operators.bash.BashOperator` attribute is deprecated. Please use `'airflow.providers.standard.operators.bash.BashOperator'`.","category":"DeprecatedImportWarning","filename":"/opt/airflow/dags/branch_pipeline.py","lineno":3,"logger":"py.warnings"}
{"timestamp":"2026-02-08T05:48:37.300915Z","level":"info","event":"Filling up the DagBag from /opt/airflow/dags/branch_pipeline.py","logger":"airflow.models.dagbag.BundleDagBag","filename":"dagbag.py","lineno":593}
{"timestamp":"2026-02-08T05:48:37.383417Z","level":"warning","event":"The `airflow.decorators.dag` attribute is deprecated. Please use `'airflow.sdk.dag'`.","category":"DeprecatedImportWarning","filename":"/opt/airflow/dags/branch_pipeline.py","lineno":1,"logger":"py.warnings"}
{"timestamp":"2026-02-08T05:48:37.383857Z","level":"warning","event":"The `airflow.decorators.task` attribute is deprecated. Please use `'airflow.sdk.task'`.","category":"DeprecatedImportWarning","filename":"/opt/airflow/dags/branch_pipeline.py","lineno":1,"logger":"py.warnings"}
{"timestamp":"2026-02-08T05:48:37.384078Z","level":"warning","event":"The `airflow.operators.python.BranchPythonOperator` attribute is deprecated. Please use `'airflow.providers.standard.operators.python.BranchPythonOperator'`.","category":"DeprecatedImportWarning","filename":"/opt/airflow/dags/branch_pipeline.py","lineno":2,"logger":"py.warnings"}
{"timestamp":"2026-02-08T05:48:37.384221Z","level":"warning","event":"The `airflow.operators.bash.BashOperator` attribute is deprecated. Please use `'airflow.providers.standard.operators.bash.BashOperator'`.","category":"DeprecatedImportWarning","filename":"/opt/airflow/dags/branch_pipeline.py","lineno":3,"logger":"py.warnings"}
{"timestamp":"2026-02-08T05:49:08.361707Z","level":"info","event":"Filling up the DagBag from /opt/airflow/dags/branch_pipeline.py","logger":"airflow.models.dagbag.BundleDagBag","filename":"dagbag.py","lineno":593}
{"timestamp":"2026-02-08T05:49:08.423891Z","level":"warning","event":"The `airflow.decorators.dag` attribute is deprecated. Please use `'airflow.sdk.dag'`.","category":"DeprecatedImportWarning","filename":"/opt/airflow/dags/branch_pipeline.py","lineno":1,"logger":"py.warnings"}
{"timestamp":"2026-02-08T05:49:08.424452Z","level":"warning","event":"The `airflow.decorators.task` attribute is deprecated. Please use `'airflow.sdk.task'`.","category":"DeprecatedImportWarning","filename":"/opt/airflow/dags/branch_pipeline.py","lineno":1,"logger":"py.warnings"}
{"timestamp":"2026-02-08T05:49:08.424677Z","level":"warning","event":"The `airflow.operators.python.BranchPythonOperator` attribute is deprecated. Please use `'airflow.providers.standard.operators.python.BranchPythonOperator'`.","category":"DeprecatedImportWarning","filename":"/opt/airflow/dags/branch_pipeline.py","lineno":2,"logger":"py.warnings"}
{"timestamp":"2026-02-08T05:49:08.424829Z","level":"warning","event":"The `airflow.operators.bash.BashOperator` attribute is deprecated. Please use `'airflow.providers.standard.operators.bash.BashOperator'`.","category":"DeprecatedImportWarning","filename":"/opt/airflow/dags/branch_pipeline.py","lineno":3,"logger":"py.warnings"}
{"timestamp":"2026-02-08T05:49:39.672856Z","level":"info","event":"Filling up the DagBag from /opt/airflow/dags/branch_pipeline.py","logger":"airflow.models.dagbag.BundleDagBag","filename":"dagbag.py","lineno":593}
{"timestamp":"2026-02-08T05:49:39.757993Z","level":"warning","event":"The `airflow.decorators.dag` attribute is deprecated. Please use `'airflow.sdk.dag'`.","category":"DeprecatedImportWarning","filename":"/opt/airflow/dags/branch_pipeline.py","lineno":1,"logger":"py.warnings"}
{"timestamp":"2026-02-08T05:49:39.758259Z","level":"warning","event":"The `airflow.decorators.task` attribute is deprecated. Please use `'airflow.sdk.task'`.","category":"DeprecatedImportWarning","filename":"/opt/airflow/dags/branch_pipeline.py","lineno":1,"logger":"py.warnings"}
{"timestamp":"2026-02-08T05:49:39.758375Z","level":"warning","event":"The `airflow.operators.python.BranchPythonOperator` attribute is deprecated. Please use `'airflow.providers.standard.operators.python.BranchPythonOperator'`.","category":"DeprecatedImportWarning","filename":"/opt/airflow/dags/branch_pipeline.py","lineno":2,"logger":"py.warnings"}
{"timestamp":"2026-02-08T05:49:39.758457Z","level":"warning","event":"The `airflow.operators.bash.BashOperator` attribute is deprecated. Please use `'airflow.providers.standard.operators.bash.BashOperator'`.","category":"DeprecatedImportWarning","filename":"/opt/airflow/dags/branch_pipeline.py","lineno":3,"logger":"py.warnings"}
{"timestamp":"2026-02-08T05:50:09.992094Z","level":"info","event":"Filling up the DagBag from /opt/airflow/dags/branch_pipeline.py","logger":"airflow.models.dagbag.BundleDagBag","filename":"dagbag.py","lineno":593}
{"timestamp":"2026-02-08T05:50:10.059648Z","level":"warning","event":"The `airflow.decorators.dag` attribute is deprecated. Please use `'airflow.sdk.dag'`.","category":"DeprecatedImportWarning","filename":"/opt/airflow/dags/branch_pipeline.py","lineno":1,"logger":"py.warnings"}
{"timestamp":"2026-02-08T05:50:10.059941Z","level":"warning","event":"The `airflow.decorators.task` attribute is deprecated. Please use `'airflow.sdk.task'`.","category":"DeprecatedImportWarning","filename":"/opt/airflow/dags/branch_pipeline.py","lineno":1,"logger":"py.warnings"}
{"timestamp":"2026-02-08T05:50:10.060099Z","level":"warning","event":"The `airflow.operators.python.BranchPythonOperator` attribute is deprecated. Please use `'airflow.providers.standard.operators.python.BranchPythonOperator'`.","category":"DeprecatedImportWarning","filename":"/opt/airflow/dags/branch_pipeline.py","lineno":2,"logger":"py.warnings"}
{"timestamp":"2026-02-08T05:50:10.060246Z","level":"warning","event":"The `airflow.operators.bash.BashOperator` attribute is deprecated. Please use `'airflow.providers.standard.operators.bash.BashOperator'`.","category":"DeprecatedImportWarning","filename":"/opt/airflow/dags/branch_pipeline.py","lineno":3,"logger":"py.warnings"}
{"timestamp":"2026-02-08T05:50:40.356009Z","level":"info","event":"Filling up the DagBag from /opt/airflow/dags/branch_pipeline.py","logger":"airflow.models.dagbag.BundleDagBag","filename":"dagbag.py","lineno":593}
{"timestamp":"2026-02-08T05:50:40.418683Z","level":"warning","event":"The `airflow.decorators.dag` attribute is deprecated. Please use `'airflow.sdk.dag'`.","category":"DeprecatedImportWarning","filename":"/opt/airflow/dags/branch_pipeline.py","lineno":1,"logger":"py.warnings"}
{"timestamp":"2026-02-08T05:50:40.418935Z","level":"warning","event":"The `airflow.decorators.task` attribute is deprecated. Please use `'airflow.sdk.task'`.","category":"DeprecatedImportWarning","filename":"/opt/airflow/dags/branch_pipeline.py","lineno":1,"logger":"py.warnings"}
{"timestamp":"2026-02-08T05:50:40.419115Z","level":"warning","event":"The `airflow.operators.python.BranchPythonOperator` attribute is deprecated. Please use `'airflow.providers.standard.operators.python.BranchPythonOperator'`.","category":"DeprecatedImportWarning","filename":"/opt/airflow/dags/branch_pipeline.py","lineno":2,"logger":"py.warnings"}
{"timestamp":"2026-02-08T05:50:40.419227Z","level":"warning","event":"The `airflow.operators.bash.BashOperator` attribute is deprecated. Please use `'airflow.providers.standard.operators.bash.BashOperator'`.","category":"DeprecatedImportWarning","filename":"/opt/airflow/dags/branch_pipeline.py","lineno":3,"logger":"py.warnings"}
{"timestamp":"2026-02-08T05:51:10.690264Z","level":"info","event":"Filling up the DagBag from /opt/airflow/dags/branch_pipeline.py","logger":"airflow.models.dagbag.BundleDagBag","filename":"dagbag.py","lineno":593}
{"timestamp":"2026-02-08T05:51:10.759330Z","level":"warning","event":"The `airflow.decorators.dag` attribute is deprecated. Please use `'airflow.sdk.dag'`.","category":"DeprecatedImportWarning","filename":"/opt/airflow/dags/branch_pipeline.py","lineno":1,"logger":"py.warnings"}
{"timestamp":"2026-02-08T05:51:10.759614Z","level":"warning","event":"The `airflow.decorators.task` attribute is deprecated. Please use `'airflow.sdk.task'`.","category":"DeprecatedImportWarning","filename":"/opt/airflow/dags/branch_pipeline.py","lineno":1,"logger":"py.warnings"}
{"timestamp":"2026-02-08T05:51:10.759763Z","level":"warning","event":"The `airflow.operators.python.BranchPythonOperator` attribute is deprecated. Please use `'airflow.providers.standard.operators.python.BranchPythonOperator'`.","category":"DeprecatedImportWarning","filename":"/opt/airflow/dags/branch_pipeline.py","lineno":2,"logger":"py.warnings"}
{"timestamp":"2026-02-08T05:51:10.759895Z","level":"warning","event":"The `airflow.operators.bash.BashOperator` attribute is deprecated. Please use `'airflow.providers.standard.operators.bash.BashOperator'`.","category":"DeprecatedImportWarning","filename":"/opt/airflow/dags/branch_pipeline.py","lineno":3,"logger":"py.warnings"}
{"timestamp":"2026-02-08T05:51:41.247191Z","level":"info","event":"Filling up the DagBag from /opt/airflow/dags/branch_pipeline.py","logger":"airflow.models.dagbag.BundleDagBag","filename":"dagbag.py","lineno":593}
{"timestamp":"2026-02-08T05:51:41.317292Z","level":"warning","event":"The `airflow.decorators.dag` attribute is deprecated. Please use `'airflow.sdk.dag'`.","category":"DeprecatedImportWarning","filename":"/opt/airflow/dags/branch_pipeline.py","lineno":1,"logger":"py.warnings"}
{"timestamp":"2026-02-08T05:51:41.317699Z","level":"warning","event":"The `airflow.decorators.task` attribute is deprecated. Please use `'airflow.sdk.task'`.","category":"DeprecatedImportWarning","filename":"/opt/airflow/dags/branch_pipeline.py","lineno":1,"logger":"py.warnings"}
{"timestamp":"2026-02-08T05:51:41.317897Z","level":"warning","event":"The `airflow.operators.python.BranchPythonOperator` attribute is deprecated. Please use `'airflow.providers.standard.operators.python.BranchPythonOperator'`.","category":"DeprecatedImportWarning","filename":"/opt/airflow/dags/branch_pipeline.py","lineno":2,"logger":"py.warnings"}
{"timestamp":"2026-02-08T05:51:41.318016Z","level":"warning","event":"The `airflow.operators.bash.BashOperator` attribute is deprecated. Please use `'airflow.providers.standard.operators.bash.BashOperator'`.","category":"DeprecatedImportWarning","filename":"/opt/airflow/dags/branch_pipeline.py","lineno":3,"logger":"py.warnings"}
{"timestamp":"2026-02-08T05:52:11.722672Z","level":"info","event":"Filling up the DagBag from /opt/airflow/dags/branch_pipeline.py","logger":"airflow.models.dagbag.BundleDagBag","filename":"dagbag.py","lineno":593}
{"timestamp":"2026-02-08T05:52:11.901664Z","level":"warning","event":"The `airflow.decorators.dag` attribute is deprecated. Please use `'airflow.sdk.dag'`.","category":"DeprecatedImportWarning","filename":"/opt/airflow/dags/branch_pipeline.py","lineno":1,"logger":"py.warnings"}
{"timestamp":"2026-02-08T05:52:11.902948Z","level":"warning","event":"The `airflow.decorators.task` attribute is deprecated. Please use `'airflow.sdk.task'`.","category":"DeprecatedImportWarning","filename":"/opt/airflow/dags/branch_pipeline.py","lineno":1,"logger":"py.warnings"}
{"timestamp":"2026-02-08T05:52:11.903366Z","level":"warning","event":"The `airflow.operators.python.BranchPythonOperator` attribute is deprecated. Please use `'airflow.providers.standard.operators.python.BranchPythonOperator'`.","category":"DeprecatedImportWarning","filename":"/opt/airflow/dags/branch_pipeline.py","lineno":2,"logger":"py.warnings"}
{"timestamp":"2026-02-08T05:52:11.903466Z","level":"warning","event":"The `airflow.operators.bash.BashOperator` attribute is deprecated. Please use `'airflow.providers.standard.operators.bash.BashOperator'`.","category":"DeprecatedImportWarning","filename":"/opt/airflow/dags/branch_pipeline.py","lineno":3,"logger":"py.warnings"}
{"timestamp":"2026-02-08T05:52:42.337495Z","level":"info","event":"Filling up the DagBag from /opt/airflow/dags/branch_pipeline.py","logger":"airflow.models.dagbag.BundleDagBag","filename":"dagbag.py","lineno":593}
{"timestamp":"2026-02-08T05:52:42.996222Z","level":"warning","event":"The `airflow.decorators.dag` attribute is deprecated. Please use `'airflow.sdk.dag'`.","category":"DeprecatedImportWarning","filename":"/opt/airflow/dags/branch_pipeline.py","lineno":1,"logger":"py.warnings"}
{"timestamp":"2026-02-08T05:52:42.998547Z","level":"warning","event":"The `airflow.decorators.task` attribute is deprecated. Please use `'airflow.sdk.task'`.","category":"DeprecatedImportWarning","filename":"/opt/airflow/dags/branch_pipeline.py","lineno":1,"logger":"py.warnings"}
{"timestamp":"2026-02-08T05:52:42.999868Z","level":"warning","event":"The `airflow.operators.python.BranchPythonOperator` attribute is deprecated. Please use `'airflow.providers.standard.operators.python.BranchPythonOperator'`.","category":"DeprecatedImportWarning","filename":"/opt/airflow/dags/branch_pipeline.py","lineno":2,"logger":"py.warnings"}
{"timestamp":"2026-02-08T05:52:43.001566Z","level":"warning","event":"The `airflow.operators.bash.BashOperator` attribute is deprecated. Please use `'airflow.providers.standard.operators.bash.BashOperator'`.","category":"DeprecatedImportWarning","filename":"/opt/airflow/dags/branch_pipeline.py","lineno":3,"logger":"py.warnings"}
{"timestamp":"2026-02-08T05:53:14.105532Z","level":"info","event":"Filling up the DagBag from /opt/airflow/dags/branch_pipeline.py","logger":"airflow.models.dagbag.BundleDagBag","filename":"dagbag.py","lineno":593}
{"timestamp":"2026-02-08T05:53:14.480093Z","level":"warning","event":"The `airflow.decorators.dag` attribute is deprecated. Please use `'airflow.sdk.dag'`.","category":"DeprecatedImportWarning","filename":"/opt/airflow/dags/branch_pipeline.py","lineno":1,"logger":"py.warnings"}
{"timestamp":"2026-02-08T05:53:14.480959Z","level":"warning","event":"The `airflow.decorators.task` attribute is deprecated. Please use `'airflow.sdk.task'`.","category":"DeprecatedImportWarning","filename":"/opt/airflow/dags/branch_pipeline.py","lineno":1,"logger":"py.warnings"}
{"timestamp":"2026-02-08T05:53:14.481247Z","level":"warning","event":"The `airflow.operators.python.BranchPythonOperator` attribute is deprecated. Please use `'airflow.providers.standard.operators.python.BranchPythonOperator'`.","category":"DeprecatedImportWarning","filename":"/opt/airflow/dags/branch_pipeline.py","lineno":2,"logger":"py.warnings"}
{"timestamp":"2026-02-08T05:53:14.490503Z","level":"warning","event":"The `airflow.operators.bash.BashOperator` attribute is deprecated. Please use `'airflow.providers.standard.operators.bash.BashOperator'`.","category":"DeprecatedImportWarning","filename":"/opt/airflow/dags/branch_pipeline.py","lineno":3,"logger":"py.warnings"}
{"timestamp":"2026-02-08T05:53:44.937473Z","level":"info","event":"Filling up the DagBag from /opt/airflow/dags/branch_pipeline.py","logger":"airflow.models.dagbag.BundleDagBag","filename":"dagbag.py","lineno":593}
{"timestamp":"2026-02-08T05:53:44.994194Z","level":"warning","event":"The `airflow.decorators.dag` attribute is deprecated. Please use `'airflow.sdk.dag'`.","category":"DeprecatedImportWarning","filename":"/opt/airflow/dags/branch_pipeline.py","lineno":1,"logger":"py.warnings"}
{"timestamp":"2026-02-08T05:53:44.994421Z","level":"warning","event":"The `airflow.decorators.task` attribute is deprecated. Please use `'airflow.sdk.task'`.","category":"DeprecatedImportWarning","filename":"/opt/airflow/dags/branch_pipeline.py","lineno":1,"logger":"py.warnings"}
{"timestamp":"2026-02-08T05:53:44.994527Z","level":"warning","event":"The `airflow.operators.python.BranchPythonOperator` attribute is deprecated. Please use `'airflow.providers.standard.operators.python.BranchPythonOperator'`.","category":"DeprecatedImportWarning","filename":"/opt/airflow/dags/branch_pipeline.py","lineno":2,"logger":"py.warnings"}
{"timestamp":"2026-02-08T05:53:44.994614Z","level":"warning","event":"The `airflow.operators.bash.BashOperator` attribute is deprecated. Please use `'airflow.providers.standard.operators.bash.BashOperator'`.","category":"DeprecatedImportWarning","filename":"/opt/airflow/dags/branch_pipeline.py","lineno":3,"logger":"py.warnings"}
{"timestamp":"2026-02-08T05:54:15.535850Z","level":"info","event":"Filling up the DagBag from /opt/airflow/dags/branch_pipeline.py","logger":"airflow.models.dagbag.BundleDagBag","filename":"dagbag.py","lineno":593}
{"timestamp":"2026-02-08T05:54:15.745377Z","level":"warning","event":"The `airflow.decorators.dag` attribute is deprecated. Please use `'airflow.sdk.dag'`.","category":"DeprecatedImportWarning","filename":"/opt/airflow/dags/branch_pipeline.py","lineno":1,"logger":"py.warnings"}
{"timestamp":"2026-02-08T05:54:15.745971Z","level":"warning","event":"The `airflow.decorators.task` attribute is deprecated. Please use `'airflow.sdk.task'`.","category":"DeprecatedImportWarning","filename":"/opt/airflow/dags/branch_pipeline.py","lineno":1,"logger":"py.warnings"}
{"timestamp":"2026-02-08T05:54:15.746162Z","level":"warning","event":"The `airflow.operators.python.BranchPythonOperator` attribute is deprecated. Please use `'airflow.providers.standard.operators.python.BranchPythonOperator'`.","category":"DeprecatedImportWarning","filename":"/opt/airflow/dags/branch_pipeline.py","lineno":2,"logger":"py.warnings"}
{"timestamp":"2026-02-08T05:54:15.746299Z","level":"warning","event":"The `airflow.operators.bash.BashOperator` attribute is deprecated. Please use `'airflow.providers.standard.operators.bash.BashOperator'`.","category":"DeprecatedImportWarning","filename":"/opt/airflow/dags/branch_pipeline.py","lineno":3,"logger":"py.warnings"}
{"timestamp":"2026-02-08T05:54:46.127736Z","level":"info","event":"Filling up the DagBag from /opt/airflow/dags/branch_pipeline.py","logger":"airflow.models.dagbag.BundleDagBag","filename":"dagbag.py","lineno":593}
{"timestamp":"2026-02-08T05:54:46.192949Z","level":"warning","event":"The `airflow.decorators.dag` attribute is deprecated. Please use `'airflow.sdk.dag'`.","category":"DeprecatedImportWarning","filename":"/opt/airflow/dags/branch_pipeline.py","lineno":1,"logger":"py.warnings"}
{"timestamp":"2026-02-08T05:54:46.193217Z","level":"warning","event":"The `airflow.decorators.task` attribute is deprecated. Please use `'airflow.sdk.task'`.","category":"DeprecatedImportWarning","filename":"/opt/airflow/dags/branch_pipeline.py","lineno":1,"logger":"py.warnings"}
{"timestamp":"2026-02-08T05:54:46.193315Z","level":"warning","event":"The `airflow.operators.python.BranchPythonOperator` attribute is deprecated. Please use `'airflow.providers.standard.operators.python.BranchPythonOperator'`.","category":"DeprecatedImportWarning","filename":"/opt/airflow/dags/branch_pipeline.py","lineno":2,"logger":"py.warnings"}
{"timestamp":"2026-02-08T05:54:46.193388Z","level":"warning","event":"The `airflow.operators.bash.BashOperator` attribute is deprecated. Please use `'airflow.providers.standard.operators.bash.BashOperator'`.","category":"DeprecatedImportWarning","filename":"/opt/airflow/dags/branch_pipeline.py","lineno":3,"logger":"py.warnings"}
{"timestamp":"2026-02-08T05:55:16.822887Z","level":"info","event":"Filling up the DagBag from /opt/airflow/dags/branch_pipeline.py","logger":"airflow.models.dagbag.BundleDagBag","filename":"dagbag.py","lineno":593}
{"timestamp":"2026-02-08T05:55:17.216765Z","level":"warning","event":"The `airflow.decorators.dag` attribute is deprecated. Please use `'airflow.sdk.dag'`.","category":"DeprecatedImportWarning","filename":"/opt/airflow/dags/branch_pipeline.py","lineno":1,"logger":"py.warnings"}
{"timestamp":"2026-02-08T05:55:17.217626Z","level":"warning","event":"The `airflow.decorators.task` attribute is deprecated. Please use `'airflow.sdk.task'`.","category":"DeprecatedImportWarning","filename":"/opt/airflow/dags/branch_pipeline.py","lineno":1,"logger":"py.warnings"}
{"timestamp":"2026-02-08T05:55:17.217940Z","level":"warning","event":"The `airflow.operators.python.BranchPythonOperator` attribute is deprecated. Please use `'airflow.providers.standard.operators.python.BranchPythonOperator'`.","category":"DeprecatedImportWarning","filename":"/opt/airflow/dags/branch_pipeline.py","lineno":2,"logger":"py.warnings"}
{"timestamp":"2026-02-08T05:55:17.218122Z","level":"warning","event":"The `airflow.operators.bash.BashOperator` attribute is deprecated. Please use `'airflow.providers.standard.operators.bash.BashOperator'`.","category":"DeprecatedImportWarning","filename":"/opt/airflow/dags/branch_pipeline.py","lineno":3,"logger":"py.warnings"}
{"timestamp":"2026-02-08T05:55:48.053950Z","level":"info","event":"Filling up the DagBag from /opt/airflow/dags/branch_pipeline.py","logger":"airflow.models.dagbag.BundleDagBag","filename":"dagbag.py","lineno":593}
{"timestamp":"2026-02-08T05:55:48.116274Z","level":"warning","event":"The `airflow.decorators.dag` attribute is deprecated. Please use `'airflow.sdk.dag'`.","category":"DeprecatedImportWarning","filename":"/opt/airflow/dags/branch_pipeline.py","lineno":1,"logger":"py.warnings"}
{"timestamp":"2026-02-08T05:55:48.116562Z","level":"warning","event":"The `airflow.decorators.task` attribute is deprecated. Please use `'airflow.sdk.task'`.","category":"DeprecatedImportWarning","filename":"/opt/airflow/dags/branch_pipeline.py","lineno":1,"logger":"py.warnings"}
{"timestamp":"2026-02-08T05:55:48.116675Z","level":"warning","event":"The `airflow.operators.python.BranchPythonOperator` attribute is deprecated. Please use `'airflow.providers.standard.operators.python.BranchPythonOperator'`.","category":"DeprecatedImportWarning","filename":"/opt/airflow/dags/branch_pipeline.py","lineno":2,"logger":"py.warnings"}
{"timestamp":"2026-02-08T05:55:48.116750Z","level":"warning","event":"The `airflow.operators.bash.BashOperator` attribute is deprecated. Please use `'airflow.providers.standard.operators.bash.BashOperator'`.","category":"DeprecatedImportWarning","filename":"/opt/airflow/dags/branch_pipeline.py","lineno":3,"logger":"py.warnings"}
{"timestamp":"2026-02-08T05:56:19.107708Z","level":"info","event":"Filling up the DagBag from /opt/airflow/dags/branch_pipeline.py","logger":"airflow.models.dagbag.BundleDagBag","filename":"dagbag.py","lineno":593}
{"timestamp":"2026-02-08T05:56:19.164846Z","level":"warning","event":"The `airflow.decorators.dag` attribute is deprecated. Please use `'airflow.sdk.dag'`.","category":"DeprecatedImportWarning","filename":"/opt/airflow/dags/branch_pipeline.py","lineno":1,"logger":"py.warnings"}
{"timestamp":"2026-02-08T05:56:19.165097Z","level":"warning","event":"The `airflow.decorators.task` attribute is deprecated. Please use `'airflow.sdk.task'`.","category":"DeprecatedImportWarning","filename":"/opt/airflow/dags/branch_pipeline.py","lineno":1,"logger":"py.warnings"}
{"timestamp":"2026-02-08T05:56:19.165186Z","level":"warning","event":"The `airflow.operators.python.BranchPythonOperator` attribute is deprecated. Please use `'airflow.providers.standard.operators.python.BranchPythonOperator'`.","category":"DeprecatedImportWarning","filename":"/opt/airflow/dags/branch_pipeline.py","lineno":2,"logger":"py.warnings"}
{"timestamp":"2026-02-08T05:56:19.165271Z","level":"warning","event":"The `airflow.operators.bash.BashOperator` attribute is deprecated. Please use `'airflow.providers.standard.operators.bash.BashOperator'`.","category":"DeprecatedImportWarning","filename":"/opt/airflow/dags/branch_pipeline.py","lineno":3,"logger":"py.warnings"}
{"timestamp":"2026-02-08T05:56:49.521623Z","level":"info","event":"Filling up the DagBag from /opt/airflow/dags/branch_pipeline.py","logger":"airflow.models.dagbag.BundleDagBag","filename":"dagbag.py","lineno":593}
{"timestamp":"2026-02-08T05:56:49.578814Z","level":"warning","event":"The `airflow.decorators.dag` attribute is deprecated. Please use `'airflow.sdk.dag'`.","category":"DeprecatedImportWarning","filename":"/opt/airflow/dags/branch_pipeline.py","lineno":1,"logger":"py.warnings"}
{"timestamp":"2026-02-08T05:56:49.579079Z","level":"warning","event":"The `airflow.decorators.task` attribute is deprecated. Please use `'airflow.sdk.task'`.","category":"DeprecatedImportWarning","filename":"/opt/airflow/dags/branch_pipeline.py","lineno":1,"logger":"py.warnings"}
{"timestamp":"2026-02-08T05:56:49.581631Z","level":"warning","event":"The `airflow.operators.python.BranchPythonOperator` attribute is deprecated. Please use `'airflow.providers.standard.operators.python.BranchPythonOperator'`.","category":"DeprecatedImportWarning","filename":"/opt/airflow/dags/branch_pipeline.py","lineno":2,"logger":"py.warnings"}
{"timestamp":"2026-02-08T05:56:49.581906Z","level":"warning","event":"The `airflow.operators.bash.BashOperator` attribute is deprecated. Please use `'airflow.providers.standard.operators.bash.BashOperator'`.","category":"DeprecatedImportWarning","filename":"/opt/airflow/dags/branch_pipeline.py","lineno":3,"logger":"py.warnings"}
{"timestamp":"2026-02-08T05:57:19.869176Z","level":"info","event":"Filling up the DagBag from /opt/airflow/dags/branch_pipeline.py","logger":"airflow.models.dagbag.BundleDagBag","filename":"dagbag.py","lineno":593}
{"timestamp":"2026-02-08T05:57:19.956608Z","level":"warning","event":"The `airflow.decorators.dag` attribute is deprecated. Please use `'airflow.sdk.dag'`.","category":"DeprecatedImportWarning","filename":"/opt/airflow/dags/branch_pipeline.py","lineno":1,"logger":"py.warnings"}
{"timestamp":"2026-02-08T05:57:19.956940Z","level":"warning","event":"The `airflow.decorators.task` attribute is deprecated. Please use `'airflow.sdk.task'`.","category":"DeprecatedImportWarning","filename":"/opt/airflow/dags/branch_pipeline.py","lineno":1,"logger":"py.warnings"}
{"timestamp":"2026-02-08T05:57:19.957102Z","level":"warning","event":"The `airflow.operators.python.BranchPythonOperator` attribute is deprecated. Please use `'airflow.providers.standard.operators.python.BranchPythonOperator'`.","category":"DeprecatedImportWarning","filename":"/opt/airflow/dags/branch_pipeline.py","lineno":2,"logger":"py.warnings"}
{"timestamp":"2026-02-08T05:57:19.957229Z","level":"warning","event":"The `airflow.operators.bash.BashOperator` attribute is deprecated. Please use `'airflow.providers.standard.operators.bash.BashOperator'`.","category":"DeprecatedImportWarning","filename":"/opt/airflow/dags/branch_pipeline.py","lineno":3,"logger":"py.warnings"}
{"timestamp":"2026-02-08T05:57:50.392113Z","level":"info","event":"Filling up the DagBag from /opt/airflow/dags/branch_pipeline.py","logger":"airflow.models.dagbag.BundleDagBag","filename":"dagbag.py","lineno":593}
{"timestamp":"2026-02-08T05:57:50.475230Z","level":"warning","event":"The `airflow.decorators.dag` attribute is deprecated. Please use `'airflow.sdk.dag'`.","category":"DeprecatedImportWarning","filename":"/opt/airflow/dags/branch_pipeline.py","lineno":1,"logger":"py.warnings"}
{"timestamp":"2026-02-08T05:57:50.475802Z","level":"warning","event":"The `airflow.decorators.task` attribute is deprecated. Please use `'airflow.sdk.task'`.","category":"DeprecatedImportWarning","filename":"/opt/airflow/dags/branch_pipeline.py","lineno":1,"logger":"py.warnings"}
{"timestamp":"2026-02-08T05:57:50.476010Z","level":"warning","event":"The `airflow.operators.python.BranchPythonOperator` attribute is deprecated. Please use `'airflow.providers.standard.operators.python.BranchPythonOperator'`.","category":"DeprecatedImportWarning","filename":"/opt/airflow/dags/branch_pipeline.py","lineno":2,"logger":"py.warnings"}
{"timestamp":"2026-02-08T05:57:50.476224Z","level":"warning","event":"The `airflow.operators.bash.BashOperator` attribute is deprecated. Please use `'airflow.providers.standard.operators.bash.BashOperator'`.","category":"DeprecatedImportWarning","filename":"/opt/airflow/dags/branch_pipeline.py","lineno":3,"logger":"py.warnings"}
{"timestamp":"2026-02-08T05:58:20.967543Z","level":"info","event":"Filling up the DagBag from /opt/airflow/dags/branch_pipeline.py","logger":"airflow.models.dagbag.BundleDagBag","filename":"dagbag.py","lineno":593}
{"timestamp":"2026-02-08T05:58:21.038980Z","level":"warning","event":"The `airflow.decorators.dag` attribute is deprecated. Please use `'airflow.sdk.dag'`.","category":"DeprecatedImportWarning","filename":"/opt/airflow/dags/branch_pipeline.py","lineno":1,"logger":"py.warnings"}
{"timestamp":"2026-02-08T05:58:21.039477Z","level":"warning","event":"The `airflow.decorators.task` attribute is deprecated. Please use `'airflow.sdk.task'`.","category":"DeprecatedImportWarning","filename":"/opt/airflow/dags/branch_pipeline.py","lineno":1,"logger":"py.warnings"}
{"timestamp":"2026-02-08T05:58:21.039919Z","level":"warning","event":"The `airflow.operators.python.BranchPythonOperator` attribute is deprecated. Please use `'airflow.providers.standard.operators.python.BranchPythonOperator'`.","category":"DeprecatedImportWarning","filename":"/opt/airflow/dags/branch_pipeline.py","lineno":2,"logger":"py.warnings"}
{"timestamp":"2026-02-08T05:58:21.040099Z","level":"warning","event":"The `airflow.operators.bash.BashOperator` attribute is deprecated. Please use `'airflow.providers.standard.operators.bash.BashOperator'`.","category":"DeprecatedImportWarning","filename":"/opt/airflow/dags/branch_pipeline.py","lineno":3,"logger":"py.warnings"}
{"timestamp":"2026-02-08T05:58:51.241145Z","level":"info","event":"Filling up the DagBag from /opt/airflow/dags/branch_pipeline.py","logger":"airflow.models.dagbag.BundleDagBag","filename":"dagbag.py","lineno":593}
{"timestamp":"2026-02-08T05:58:51.331708Z","level":"warning","event":"The `airflow.decorators.dag` attribute is deprecated. Please use `'airflow.sdk.dag'`.","category":"DeprecatedImportWarning","filename":"/opt/airflow/dags/branch_pipeline.py","lineno":1,"logger":"py.warnings"}
{"timestamp":"2026-02-08T05:58:51.331948Z","level":"warning","event":"The `airflow.decorators.task` attribute is deprecated. Please use `'airflow.sdk.task'`.","category":"DeprecatedImportWarning","filename":"/opt/airflow/dags/branch_pipeline.py","lineno":1,"logger":"py.warnings"}
{"timestamp":"2026-02-08T05:58:51.332035Z","level":"warning","event":"The `airflow.operators.python.BranchPythonOperator` attribute is deprecated. Please use `'airflow.providers.standard.operators.python.BranchPythonOperator'`.","category":"DeprecatedImportWarning","filename":"/opt/airflow/dags/branch_pipeline.py","lineno":2,"logger":"py.warnings"}
{"timestamp":"2026-02-08T05:58:51.332092Z","level":"warning","event":"The `airflow.operators.bash.BashOperator` attribute is deprecated. Please use `'airflow.providers.standard.operators.bash.BashOperator'`.","category":"DeprecatedImportWarning","filename":"/opt/airflow/dags/branch_pipeline.py","lineno":3,"logger":"py.warnings"}
{"timestamp":"2026-02-08T05:59:22.241207Z","level":"info","event":"Filling up the DagBag from /opt/airflow/dags/branch_pipeline.py","logger":"airflow.models.dagbag.BundleDagBag","filename":"dagbag.py","lineno":593}
{"timestamp":"2026-02-08T05:59:22.310603Z","level":"warning","event":"The `airflow.decorators.dag` attribute is deprecated. Please use `'airflow.sdk.dag'`.","category":"DeprecatedImportWarning","filename":"/opt/airflow/dags/branch_pipeline.py","lineno":1,"logger":"py.warnings"}
{"timestamp":"2026-02-08T05:59:22.310942Z","level":"warning","event":"The `airflow.decorators.task` attribute is deprecated. Please use `'airflow.sdk.task'`.","category":"DeprecatedImportWarning","filename":"/opt/airflow/dags/branch_pipeline.py","lineno":1,"logger":"py.warnings"}
{"timestamp":"2026-02-08T05:59:22.311121Z","level":"warning","event":"The `airflow.operators.python.BranchPythonOperator` attribute is deprecated. Please use `'airflow.providers.standard.operators.python.BranchPythonOperator'`.","category":"DeprecatedImportWarning","filename":"/opt/airflow/dags/branch_pipeline.py","lineno":2,"logger":"py.warnings"}
{"timestamp":"2026-02-08T05:59:22.311258Z","level":"warning","event":"The `airflow.operators.bash.BashOperator` attribute is deprecated. Please use `'airflow.providers.standard.operators.bash.BashOperator'`.","category":"DeprecatedImportWarning","filename":"/opt/airflow/dags/branch_pipeline.py","lineno":3,"logger":"py.warnings"}
{"timestamp":"2026-02-08T05:59:53.231013Z","level":"info","event":"Filling up the DagBag from /opt/airflow/dags/branch_pipeline.py","logger":"airflow.models.dagbag.BundleDagBag","filename":"dagbag.py","lineno":593}
{"timestamp":"2026-02-08T05:59:53.314771Z","level":"warning","event":"The `airflow.decorators.dag` attribute is deprecated. Please use `'airflow.sdk.dag'`.","category":"DeprecatedImportWarning","filename":"/opt/airflow/dags/branch_pipeline.py","lineno":1,"logger":"py.warnings"}
{"timestamp":"2026-02-08T05:59:53.315169Z","level":"warning","event":"The `airflow.decorators.task` attribute is deprecated. Please use `'airflow.sdk.task'`.","category":"DeprecatedImportWarning","filename":"/opt/airflow/dags/branch_pipeline.py","lineno":1,"logger":"py.warnings"}
{"timestamp":"2026-02-08T05:59:53.315314Z","level":"warning","event":"The `airflow.operators.python.BranchPythonOperator` attribute is deprecated. Please use `'airflow.providers.standard.operators.python.BranchPythonOperator'`.","category":"DeprecatedImportWarning","filename":"/opt/airflow/dags/branch_pipeline.py","lineno":2,"logger":"py.warnings"}
{"timestamp":"2026-02-08T05:59:53.315419Z","level":"warning","event":"The `airflow.operators.bash.BashOperator` attribute is deprecated. Please use `'airflow.providers.standard.operators.bash.BashOperator'`.","category":"DeprecatedImportWarning","filename":"/opt/airflow/dags/branch_pipeline.py","lineno":3,"logger":"py.warnings"}
{"timestamp":"2026-02-08T06:00:24.294167Z","level":"info","event":"Filling up the DagBag from /opt/airflow/dags/branch_pipeline.py","logger":"airflow.models.dagbag.BundleDagBag","filename":"dagbag.py","lineno":593}
{"timestamp":"2026-02-08T06:00:24.471756Z","level":"warning","event":"The `airflow.decorators.dag` attribute is deprecated. Please use `'airflow.sdk.dag'`.","category":"DeprecatedImportWarning","filename":"/opt/airflow/dags/branch_pipeline.py","lineno":1,"logger":"py.warnings"}
{"timestamp":"2026-02-08T06:00:24.472118Z","level":"warning","event":"The `airflow.decorators.task` attribute is deprecated. Please use `'airflow.sdk.task'`.","category":"DeprecatedImportWarning","filename":"/opt/airflow/dags/branch_pipeline.py","lineno":1,"logger":"py.warnings"}
{"timestamp":"2026-02-08T06:00:24.472228Z","level":"warning","event":"The `airflow.operators.python.BranchPythonOperator` attribute is deprecated. Please use `'airflow.providers.standard.operators.python.BranchPythonOperator'`.","category":"DeprecatedImportWarning","filename":"/opt/airflow/dags/branch_pipeline.py","lineno":2,"logger":"py.warnings"}
{"timestamp":"2026-02-08T06:00:24.472325Z","level":"warning","event":"The `airflow.operators.bash.BashOperator` attribute is deprecated. Please use `'airflow.providers.standard.operators.bash.BashOperator'`.","category":"DeprecatedImportWarning","filename":"/opt/airflow/dags/branch_pipeline.py","lineno":3,"logger":"py.warnings"}
{"timestamp":"2026-02-08T06:00:54.847925Z","level":"info","event":"Filling up the DagBag from /opt/airflow/dags/branch_pipeline.py","logger":"airflow.models.dagbag.BundleDagBag","filename":"dagbag.py","lineno":593}
{"timestamp":"2026-02-08T06:00:54.926311Z","level":"warning","event":"The `airflow.decorators.dag` attribute is deprecated. Please use `'airflow.sdk.dag'`.","category":"DeprecatedImportWarning","filename":"/opt/airflow/dags/branch_pipeline.py","lineno":1,"logger":"py.warnings"}
{"timestamp":"2026-02-08T06:00:54.926607Z","level":"warning","event":"The `airflow.decorators.task` attribute is deprecated. Please use `'airflow.sdk.task'`.","category":"DeprecatedImportWarning","filename":"/opt/airflow/dags/branch_pipeline.py","lineno":1,"logger":"py.warnings"}
{"timestamp":"2026-02-08T06:00:54.926768Z","level":"warning","event":"The `airflow.operators.python.BranchPythonOperator` attribute is deprecated. Please use `'airflow.providers.standard.operators.python.BranchPythonOperator'`.","category":"DeprecatedImportWarning","filename":"/opt/airflow/dags/branch_pipeline.py","lineno":2,"logger":"py.warnings"}
{"timestamp":"2026-02-08T06:00:54.926986Z","level":"warning","event":"The `airflow.operators.bash.BashOperator` attribute is deprecated. Please use `'airflow.providers.standard.operators.bash.BashOperator'`.","category":"DeprecatedImportWarning","filename":"/opt/airflow/dags/branch_pipeline.py","lineno":3,"logger":"py.warnings"}
{"timestamp":"2026-02-08T06:01:25.196252Z","level":"info","event":"Filling up the DagBag from /opt/airflow/dags/branch_pipeline.py","logger":"airflow.models.dagbag.BundleDagBag","filename":"dagbag.py","lineno":593}
{"timestamp":"2026-02-08T06:01:25.250803Z","level":"warning","event":"The `airflow.decorators.dag` attribute is deprecated. Please use `'airflow.sdk.dag'`.","category":"DeprecatedImportWarning","filename":"/opt/airflow/dags/branch_pipeline.py","lineno":1,"logger":"py.warnings"}
{"timestamp":"2026-02-08T06:01:25.251037Z","level":"warning","event":"The `airflow.decorators.task` attribute is deprecated. Please use `'airflow.sdk.task'`.","category":"DeprecatedImportWarning","filename":"/opt/airflow/dags/branch_pipeline.py","lineno":1,"logger":"py.warnings"}
{"timestamp":"2026-02-08T06:01:25.251143Z","level":"warning","event":"The `airflow.operators.python.BranchPythonOperator` attribute is deprecated. Please use `'airflow.providers.standard.operators.python.BranchPythonOperator'`.","category":"DeprecatedImportWarning","filename":"/opt/airflow/dags/branch_pipeline.py","lineno":2,"logger":"py.warnings"}
{"timestamp":"2026-02-08T06:01:25.251229Z","level":"warning","event":"The `airflow.operators.bash.BashOperator` attribute is deprecated. Please use `'airflow.providers.standard.operators.bash.BashOperator'`.","category":"DeprecatedImportWarning","filename":"/opt/airflow/dags/branch_pipeline.py","lineno":3,"logger":"py.warnings"}
{"timestamp":"2026-02-08T06:01:56.093459Z","level":"info","event":"Filling up the DagBag from /opt/airflow/dags/branch_pipeline.py","logger":"airflow.models.dagbag.BundleDagBag","filename":"dagbag.py","lineno":593}
{"timestamp":"2026-02-08T06:01:56.187343Z","level":"warning","event":"The `airflow.decorators.dag` attribute is deprecated. Please use `'airflow.sdk.dag'`.","category":"DeprecatedImportWarning","filename":"/opt/airflow/dags/branch_pipeline.py","lineno":1,"logger":"py.warnings"}
{"timestamp":"2026-02-08T06:01:56.187717Z","level":"warning","event":"The `airflow.decorators.task` attribute is deprecated. Please use `'airflow.sdk.task'`.","category":"DeprecatedImportWarning","filename":"/opt/airflow/dags/branch_pipeline.py","lineno":1,"logger":"py.warnings"}
{"timestamp":"2026-02-08T06:01:56.187907Z","level":"warning","event":"The `airflow.operators.python.BranchPythonOperator` attribute is deprecated. Please use `'airflow.providers.standard.operators.python.BranchPythonOperator'`.","category":"DeprecatedImportWarning","filename":"/opt/airflow/dags/branch_pipeline.py","lineno":2,"logger":"py.warnings"}
{"timestamp":"2026-02-08T06:01:56.188060Z","level":"warning","event":"The `airflow.operators.bash.BashOperator` attribute is deprecated. Please use `'airflow.providers.standard.operators.bash.BashOperator'`.","category":"DeprecatedImportWarning","filename":"/opt/airflow/dags/branch_pipeline.py","lineno":3,"logger":"py.warnings"}
{"timestamp":"2026-02-08T06:02:26.894305Z","level":"info","event":"Filling up the DagBag from /opt/airflow/dags/branch_pipeline.py","logger":"airflow.models.dagbag.BundleDagBag","filename":"dagbag.py","lineno":593}
{"timestamp":"2026-02-08T06:02:26.986219Z","level":"warning","event":"The `airflow.decorators.dag` attribute is deprecated. Please use `'airflow.sdk.dag'`.","category":"DeprecatedImportWarning","filename":"/opt/airflow/dags/branch_pipeline.py","lineno":1,"logger":"py.warnings"}
{"timestamp":"2026-02-08T06:02:26.986773Z","level":"warning","event":"The `airflow.decorators.task` attribute is deprecated. Please use `'airflow.sdk.task'`.","category":"DeprecatedImportWarning","filename":"/opt/airflow/dags/branch_pipeline.py","lineno":1,"logger":"py.warnings"}
{"timestamp":"2026-02-08T06:02:26.987034Z","level":"warning","event":"The `airflow.operators.python.BranchPythonOperator` attribute is deprecated. Please use `'airflow.providers.standard.operators.python.BranchPythonOperator'`.","category":"DeprecatedImportWarning","filename":"/opt/airflow/dags/branch_pipeline.py","lineno":2,"logger":"py.warnings"}
{"timestamp":"2026-02-08T06:02:26.987221Z","level":"warning","event":"The `airflow.operators.bash.BashOperator` attribute is deprecated. Please use `'airflow.providers.standard.operators.bash.BashOperator'`.","category":"DeprecatedImportWarning","filename":"/opt/airflow/dags/branch_pipeline.py","lineno":3,"logger":"py.warnings"}
{"timestamp":"2026-02-08T06:02:57.431864Z","level":"info","event":"Filling up the DagBag from /opt/airflow/dags/branch_pipeline.py","logger":"airflow.models.dagbag.BundleDagBag","filename":"dagbag.py","lineno":593}
{"timestamp":"2026-02-08T06:02:57.527742Z","level":"warning","event":"The `airflow.decorators.dag` attribute is deprecated. Please use `'airflow.sdk.dag'`.","category":"DeprecatedImportWarning","filename":"/opt/airflow/dags/branch_pipeline.py","lineno":1,"logger":"py.warnings"}
{"timestamp":"2026-02-08T06:02:57.528255Z","level":"warning","event":"The `airflow.decorators.task` attribute is deprecated. Please use `'airflow.sdk.task'`.","category":"DeprecatedImportWarning","filename":"/opt/airflow/dags/branch_pipeline.py","lineno":1,"logger":"py.warnings"}
{"timestamp":"2026-02-08T06:02:57.528495Z","level":"warning","event":"The `airflow.operators.python.BranchPythonOperator` attribute is deprecated. Please use `'airflow.providers.standard.operators.python.BranchPythonOperator'`.","category":"DeprecatedImportWarning","filename":"/opt/airflow/dags/branch_pipeline.py","lineno":2,"logger":"py.warnings"}
{"timestamp":"2026-02-08T06:02:57.528666Z","level":"warning","event":"The `airflow.operators.bash.BashOperator` attribute is deprecated. Please use `'airflow.providers.standard.operators.bash.BashOperator'`.","category":"DeprecatedImportWarning","filename":"/opt/airflow/dags/branch_pipeline.py","lineno":3,"logger":"py.warnings"}
{"timestamp":"2026-02-08T06:03:28.852117Z","level":"info","event":"Filling up the DagBag from /opt/airflow/dags/branch_pipeline.py","logger":"airflow.models.dagbag.BundleDagBag","filename":"dagbag.py","lineno":593}
{"timestamp":"2026-02-08T06:03:28.926013Z","level":"warning","event":"The `airflow.decorators.dag` attribute is deprecated. Please use `'airflow.sdk.dag'`.","category":"DeprecatedImportWarning","filename":"/opt/airflow/dags/branch_pipeline.py","lineno":1,"logger":"py.warnings"}
{"timestamp":"2026-02-08T06:03:28.926355Z","level":"warning","event":"The `airflow.decorators.task` attribute is deprecated. Please use `'airflow.sdk.task'`.","category":"DeprecatedImportWarning","filename":"/opt/airflow/dags/branch_pipeline.py","lineno":1,"logger":"py.warnings"}
{"timestamp":"2026-02-08T06:03:28.926485Z","level":"warning","event":"The `airflow.operators.python.BranchPythonOperator` attribute is deprecated. Please use `'airflow.providers.standard.operators.python.BranchPythonOperator'`.","category":"DeprecatedImportWarning","filename":"/opt/airflow/dags/branch_pipeline.py","lineno":2,"logger":"py.warnings"}
{"timestamp":"2026-02-08T06:03:28.926622Z","level":"warning","event":"The `airflow.operators.bash.BashOperator` attribute is deprecated. Please use `'airflow.providers.standard.operators.bash.BashOperator'`.","category":"DeprecatedImportWarning","filename":"/opt/airflow/dags/branch_pipeline.py","lineno":3,"logger":"py.warnings"}
{"timestamp":"2026-02-08T06:04:00.428145Z","level":"info","event":"Filling up the DagBag from /opt/airflow/dags/branch_pipeline.py","logger":"airflow.models.dagbag.BundleDagBag","filename":"dagbag.py","lineno":593}
{"timestamp":"2026-02-08T06:04:00.483677Z","level":"warning","event":"The `airflow.decorators.dag` attribute is deprecated. Please use `'airflow.sdk.dag'`.","category":"DeprecatedImportWarning","filename":"/opt/airflow/dags/branch_pipeline.py","lineno":1,"logger":"py.warnings"}
{"timestamp":"2026-02-08T06:04:00.484064Z","level":"warning","event":"The `airflow.decorators.task` attribute is deprecated. Please use `'airflow.sdk.task'`.","category":"DeprecatedImportWarning","filename":"/opt/airflow/dags/branch_pipeline.py","lineno":1,"logger":"py.warnings"}
{"timestamp":"2026-02-08T06:04:00.484186Z","level":"warning","event":"The `airflow.operators.python.BranchPythonOperator` attribute is deprecated. Please use `'airflow.providers.standard.operators.python.BranchPythonOperator'`.","category":"DeprecatedImportWarning","filename":"/opt/airflow/dags/branch_pipeline.py","lineno":2,"logger":"py.warnings"}
{"timestamp":"2026-02-08T06:04:00.484262Z","level":"warning","event":"The `airflow.operators.bash.BashOperator` attribute is deprecated. Please use `'airflow.providers.standard.operators.bash.BashOperator'`.","category":"DeprecatedImportWarning","filename":"/opt/airflow/dags/branch_pipeline.py","lineno":3,"logger":"py.warnings"}
{"timestamp":"2026-02-08T06:04:31.291826Z","level":"info","event":"Filling up the DagBag from /opt/airflow/dags/branch_pipeline.py","logger":"airflow.models.dagbag.BundleDagBag","filename":"dagbag.py","lineno":593}
{"timestamp":"2026-02-08T06:04:31.347912Z","level":"warning","event":"The `airflow.decorators.dag` attribute is deprecated. Please use `'airflow.sdk.dag'`.","category":"DeprecatedImportWarning","filename":"/opt/airflow/dags/branch_pipeline.py","lineno":1,"logger":"py.warnings"}
{"timestamp":"2026-02-08T06:04:31.348150Z","level":"warning","event":"The `airflow.decorators.task` attribute is deprecated. Please use `'airflow.sdk.task'`.","category":"DeprecatedImportWarning","filename":"/opt/airflow/dags/branch_pipeline.py","lineno":1,"logger":"py.warnings"}
{"timestamp":"2026-02-08T06:04:31.348236Z","level":"warning","event":"The `airflow.operators.python.BranchPythonOperator` attribute is deprecated. Please use `'airflow.providers.standard.operators.python.BranchPythonOperator'`.","category":"DeprecatedImportWarning","filename":"/opt/airflow/dags/branch_pipeline.py","lineno":2,"logger":"py.warnings"}
{"timestamp":"2026-02-08T06:04:31.348294Z","level":"warning","event":"The `airflow.operators.bash.BashOperator` attribute is deprecated. Please use `'airflow.providers.standard.operators.bash.BashOperator'`.","category":"DeprecatedImportWarning","filename":"/opt/airflow/dags/branch_pipeline.py","lineno":3,"logger":"py.warnings"}
{"timestamp":"2026-02-08T06:05:03.219936Z","level":"info","event":"Filling up the DagBag from /opt/airflow/dags/branch_pipeline.py","logger":"airflow.models.dagbag.BundleDagBag","filename":"dagbag.py","lineno":593}
{"timestamp":"2026-02-08T06:05:03.291942Z","level":"warning","event":"The `airflow.decorators.dag` attribute is deprecated. Please use `'airflow.sdk.dag'`.","category":"DeprecatedImportWarning","filename":"/opt/airflow/dags/branch_pipeline.py","lineno":1,"logger":"py.warnings"}
{"timestamp":"2026-02-08T06:05:03.292451Z","level":"warning","event":"The `airflow.decorators.task` attribute is deprecated. Please use `'airflow.sdk.task'`.","category":"DeprecatedImportWarning","filename":"/opt/airflow/dags/branch_pipeline.py","lineno":1,"logger":"py.warnings"}
{"timestamp":"2026-02-08T06:05:03.292719Z","level":"warning","event":"The `airflow.operators.python.BranchPythonOperator` attribute is deprecated. Please use `'airflow.providers.standard.operators.python.BranchPythonOperator'`.","category":"DeprecatedImportWarning","filename":"/opt/airflow/dags/branch_pipeline.py","lineno":2,"logger":"py.warnings"}
{"timestamp":"2026-02-08T06:05:03.292881Z","level":"warning","event":"The `airflow.operators.bash.BashOperator` attribute is deprecated. Please use `'airflow.providers.standard.operators.bash.BashOperator'`.","category":"DeprecatedImportWarning","filename":"/opt/airflow/dags/branch_pipeline.py","lineno":3,"logger":"py.warnings"}
{"timestamp":"2026-02-08T06:05:34.476481Z","level":"info","event":"Filling up the DagBag from /opt/airflow/dags/branch_pipeline.py","logger":"airflow.models.dagbag.BundleDagBag","filename":"dagbag.py","lineno":593}
{"timestamp":"2026-02-08T06:05:34.527900Z","level":"warning","event":"The `airflow.decorators.dag` attribute is deprecated. Please use `'airflow.sdk.dag'`.","category":"DeprecatedImportWarning","filename":"/opt/airflow/dags/branch_pipeline.py","lineno":1,"logger":"py.warnings"}
{"timestamp":"2026-02-08T06:05:34.528077Z","level":"warning","event":"The `airflow.decorators.task` attribute is deprecated. Please use `'airflow.sdk.task'`.","category":"DeprecatedImportWarning","filename":"/opt/airflow/dags/branch_pipeline.py","lineno":1,"logger":"py.warnings"}
{"timestamp":"2026-02-08T06:05:34.528144Z","level":"warning","event":"The `airflow.operators.python.BranchPythonOperator` attribute is deprecated. Please use `'airflow.providers.standard.operators.python.BranchPythonOperator'`.","category":"DeprecatedImportWarning","filename":"/opt/airflow/dags/branch_pipeline.py","lineno":2,"logger":"py.warnings"}
{"timestamp":"2026-02-08T06:05:34.528197Z","level":"warning","event":"The `airflow.operators.bash.BashOperator` attribute is deprecated. Please use `'airflow.providers.standard.operators.bash.BashOperator'`.","category":"DeprecatedImportWarning","filename":"/opt/airflow/dags/branch_pipeline.py","lineno":3,"logger":"py.warnings"}
{"timestamp":"2026-02-08T06:06:06.175463Z","level":"info","event":"Filling up the DagBag from /opt/airflow/dags/branch_pipeline.py","logger":"airflow.models.dagbag.BundleDagBag","filename":"dagbag.py","lineno":593}
{"timestamp":"2026-02-08T06:06:06.231620Z","level":"warning","event":"The `airflow.decorators.dag` attribute is deprecated. Please use `'airflow.sdk.dag'`.","category":"DeprecatedImportWarning","filename":"/opt/airflow/dags/branch_pipeline.py","lineno":1,"logger":"py.warnings"}
{"timestamp":"2026-02-08T06:06:06.231793Z","level":"warning","event":"The `airflow.decorators.task` attribute is deprecated. Please use `'airflow.sdk.task'`.","category":"DeprecatedImportWarning","filename":"/opt/airflow/dags/branch_pipeline.py","lineno":1,"logger":"py.warnings"}
{"timestamp":"2026-02-08T06:06:06.231861Z","level":"warning","event":"The `airflow.operators.python.BranchPythonOperator` attribute is deprecated. Please use `'airflow.providers.standard.operators.python.BranchPythonOperator'`.","category":"DeprecatedImportWarning","filename":"/opt/airflow/dags/branch_pipeline.py","lineno":2,"logger":"py.warnings"}
{"timestamp":"2026-02-08T06:06:06.231910Z","level":"warning","event":"The `airflow.operators.bash.BashOperator` attribute is deprecated. Please use `'airflow.providers.standard.operators.bash.BashOperator'`.","category":"DeprecatedImportWarning","filename":"/opt/airflow/dags/branch_pipeline.py","lineno":3,"logger":"py.warnings"}
{"timestamp":"2026-02-08T06:06:37.827268Z","level":"info","event":"Filling up the DagBag from /opt/airflow/dags/branch_pipeline.py","logger":"airflow.models.dagbag.BundleDagBag","filename":"dagbag.py","lineno":593}
{"timestamp":"2026-02-08T06:06:37.884451Z","level":"warning","event":"The `airflow.decorators.dag` attribute is deprecated. Please use `'airflow.sdk.dag'`.","category":"DeprecatedImportWarning","filename":"/opt/airflow/dags/branch_pipeline.py","lineno":1,"logger":"py.warnings"}
{"timestamp":"2026-02-08T06:06:37.884663Z","level":"warning","event":"The `airflow.decorators.task` attribute is deprecated. Please use `'airflow.sdk.task'`.","category":"DeprecatedImportWarning","filename":"/opt/airflow/dags/branch_pipeline.py","lineno":1,"logger":"py.warnings"}
{"timestamp":"2026-02-08T06:06:37.884737Z","level":"warning","event":"The `airflow.operators.python.BranchPythonOperator` attribute is deprecated. Please use `'airflow.providers.standard.operators.python.BranchPythonOperator'`.","category":"DeprecatedImportWarning","filename":"/opt/airflow/dags/branch_pipeline.py","lineno":2,"logger":"py.warnings"}
{"timestamp":"2026-02-08T06:06:37.884898Z","level":"warning","event":"The `airflow.operators.bash.BashOperator` attribute is deprecated. Please use `'airflow.providers.standard.operators.bash.BashOperator'`.","category":"DeprecatedImportWarning","filename":"/opt/airflow/dags/branch_pipeline.py","lineno":3,"logger":"py.warnings"}
{"timestamp":"2026-02-08T06:07:08.545686Z","level":"info","event":"Filling up the DagBag from /opt/airflow/dags/branch_pipeline.py","logger":"airflow.models.dagbag.BundleDagBag","filename":"dagbag.py","lineno":593}
{"timestamp":"2026-02-08T06:07:08.596425Z","level":"warning","event":"The `airflow.decorators.dag` attribute is deprecated. Please use `'airflow.sdk.dag'`.","category":"DeprecatedImportWarning","filename":"/opt/airflow/dags/branch_pipeline.py","lineno":1,"logger":"py.warnings"}
{"timestamp":"2026-02-08T06:07:08.596633Z","level":"warning","event":"The `airflow.decorators.task` attribute is deprecated. Please use `'airflow.sdk.task'`.","category":"DeprecatedImportWarning","filename":"/opt/airflow/dags/branch_pipeline.py","lineno":1,"logger":"py.warnings"}
{"timestamp":"2026-02-08T06:07:08.596710Z","level":"warning","event":"The `airflow.operators.python.BranchPythonOperator` attribute is deprecated. Please use `'airflow.providers.standard.operators.python.BranchPythonOperator'`.","category":"DeprecatedImportWarning","filename":"/opt/airflow/dags/branch_pipeline.py","lineno":2,"logger":"py.warnings"}
{"timestamp":"2026-02-08T06:07:08.596763Z","level":"warning","event":"The `airflow.operators.bash.BashOperator` attribute is deprecated. Please use `'airflow.providers.standard.operators.bash.BashOperator'`.","category":"DeprecatedImportWarning","filename":"/opt/airflow/dags/branch_pipeline.py","lineno":3,"logger":"py.warnings"}
{"timestamp":"2026-02-08T06:07:40.213094Z","level":"info","event":"Filling up the DagBag from /opt/airflow/dags/branch_pipeline.py","logger":"airflow.models.dagbag.BundleDagBag","filename":"dagbag.py","lineno":593}
{"timestamp":"2026-02-08T06:07:40.268424Z","level":"warning","event":"The `airflow.decorators.dag` attribute is deprecated. Please use `'airflow.sdk.dag'`.","category":"DeprecatedImportWarning","filename":"/opt/airflow/dags/branch_pipeline.py","lineno":1,"logger":"py.warnings"}
{"timestamp":"2026-02-08T06:07:40.268620Z","level":"warning","event":"The `airflow.decorators.task` attribute is deprecated. Please use `'airflow.sdk.task'`.","category":"DeprecatedImportWarning","filename":"/opt/airflow/dags/branch_pipeline.py","lineno":1,"logger":"py.warnings"}
{"timestamp":"2026-02-08T06:07:40.268692Z","level":"warning","event":"The `airflow.operators.python.BranchPythonOperator` attribute is deprecated. Please use `'airflow.providers.standard.operators.python.BranchPythonOperator'`.","category":"DeprecatedImportWarning","filename":"/opt/airflow/dags/branch_pipeline.py","lineno":2,"logger":"py.warnings"}
{"timestamp":"2026-02-08T06:07:40.268774Z","level":"warning","event":"The `airflow.operators.bash.BashOperator` attribute is deprecated. Please use `'airflow.providers.standard.operators.bash.BashOperator'`.","category":"DeprecatedImportWarning","filename":"/opt/airflow/dags/branch_pipeline.py","lineno":3,"logger":"py.warnings"}
{"timestamp":"2026-02-08T06:08:11.991440Z","level":"info","event":"Filling up the DagBag from /opt/airflow/dags/branch_pipeline.py","logger":"airflow.models.dagbag.BundleDagBag","filename":"dagbag.py","lineno":593}
{"timestamp":"2026-02-08T06:08:12.032186Z","level":"warning","event":"The `airflow.decorators.dag` attribute is deprecated. Please use `'airflow.sdk.dag'`.","category":"DeprecatedImportWarning","filename":"/opt/airflow/dags/branch_pipeline.py","lineno":1,"logger":"py.warnings"}
{"timestamp":"2026-02-08T06:08:12.032346Z","level":"warning","event":"The `airflow.decorators.task` attribute is deprecated. Please use `'airflow.sdk.task'`.","category":"DeprecatedImportWarning","filename":"/opt/airflow/dags/branch_pipeline.py","lineno":1,"logger":"py.warnings"}
{"timestamp":"2026-02-08T06:08:12.032412Z","level":"warning","event":"The `airflow.operators.python.BranchPythonOperator` attribute is deprecated. Please use `'airflow.providers.standard.operators.python.BranchPythonOperator'`.","category":"DeprecatedImportWarning","filename":"/opt/airflow/dags/branch_pipeline.py","lineno":2,"logger":"py.warnings"}
{"timestamp":"2026-02-08T06:08:12.032458Z","level":"warning","event":"The `airflow.operators.bash.BashOperator` attribute is deprecated. Please use `'airflow.providers.standard.operators.bash.BashOperator'`.","category":"DeprecatedImportWarning","filename":"/opt/airflow/dags/branch_pipeline.py","lineno":3,"logger":"py.warnings"}
{"timestamp":"2026-02-08T06:08:43.495759Z","level":"info","event":"Filling up the DagBag from /opt/airflow/dags/branch_pipeline.py","logger":"airflow.models.dagbag.BundleDagBag","filename":"dagbag.py","lineno":593}
{"timestamp":"2026-02-08T06:08:43.533134Z","level":"warning","event":"The `airflow.decorators.dag` attribute is deprecated. Please use `'airflow.sdk.dag'`.","category":"DeprecatedImportWarning","filename":"/opt/airflow/dags/branch_pipeline.py","lineno":1,"logger":"py.warnings"}
{"timestamp":"2026-02-08T06:08:43.533302Z","level":"warning","event":"The `airflow.decorators.task` attribute is deprecated. Please use `'airflow.sdk.task'`.","category":"DeprecatedImportWarning","filename":"/opt/airflow/dags/branch_pipeline.py","lineno":1,"logger":"py.warnings"}
{"timestamp":"2026-02-08T06:08:43.533373Z","level":"warning","event":"The `airflow.operators.python.BranchPythonOperator` attribute is deprecated. Please use `'airflow.providers.standard.operators.python.BranchPythonOperator'`.","category":"DeprecatedImportWarning","filename":"/opt/airflow/dags/branch_pipeline.py","lineno":2,"logger":"py.warnings"}
{"timestamp":"2026-02-08T06:08:43.533429Z","level":"warning","event":"The `airflow.operators.bash.BashOperator` attribute is deprecated. Please use `'airflow.providers.standard.operators.bash.BashOperator'`.","category":"DeprecatedImportWarning","filename":"/opt/airflow/dags/branch_pipeline.py","lineno":3,"logger":"py.warnings"}
{"timestamp":"2026-02-08T06:09:15.027880Z","level":"info","event":"Filling up the DagBag from /opt/airflow/dags/branch_pipeline.py","logger":"airflow.models.dagbag.BundleDagBag","filename":"dagbag.py","lineno":593}
{"timestamp":"2026-02-08T06:09:15.068320Z","level":"warning","event":"The `airflow.decorators.dag` attribute is deprecated. Please use `'airflow.sdk.dag'`.","category":"DeprecatedImportWarning","filename":"/opt/airflow/dags/branch_pipeline.py","lineno":1,"logger":"py.warnings"}
{"timestamp":"2026-02-08T06:09:15.068490Z","level":"warning","event":"The `airflow.decorators.task` attribute is deprecated. Please use `'airflow.sdk.task'`.","category":"DeprecatedImportWarning","filename":"/opt/airflow/dags/branch_pipeline.py","lineno":1,"logger":"py.warnings"}
{"timestamp":"2026-02-08T06:09:15.068558Z","level":"warning","event":"The `airflow.operators.python.BranchPythonOperator` attribute is deprecated. Please use `'airflow.providers.standard.operators.python.BranchPythonOperator'`.","category":"DeprecatedImportWarning","filename":"/opt/airflow/dags/branch_pipeline.py","lineno":2,"logger":"py.warnings"}
{"timestamp":"2026-02-08T06:09:15.068627Z","level":"warning","event":"The `airflow.operators.bash.BashOperator` attribute is deprecated. Please use `'airflow.providers.standard.operators.bash.BashOperator'`.","category":"DeprecatedImportWarning","filename":"/opt/airflow/dags/branch_pipeline.py","lineno":3,"logger":"py.warnings"}
{"timestamp":"2026-02-08T06:09:45.711200Z","level":"info","event":"Filling up the DagBag from /opt/airflow/dags/branch_pipeline.py","logger":"airflow.models.dagbag.BundleDagBag","filename":"dagbag.py","lineno":593}
{"timestamp":"2026-02-08T06:09:45.761728Z","level":"warning","event":"The `airflow.decorators.dag` attribute is deprecated. Please use `'airflow.sdk.dag'`.","category":"DeprecatedImportWarning","filename":"/opt/airflow/dags/branch_pipeline.py","lineno":1,"logger":"py.warnings"}
{"timestamp":"2026-02-08T06:09:45.761948Z","level":"warning","event":"The `airflow.decorators.task` attribute is deprecated. Please use `'airflow.sdk.task'`.","category":"DeprecatedImportWarning","filename":"/opt/airflow/dags/branch_pipeline.py","lineno":1,"logger":"py.warnings"}
{"timestamp":"2026-02-08T06:09:45.762035Z","level":"warning","event":"The `airflow.operators.python.BranchPythonOperator` attribute is deprecated. Please use `'airflow.providers.standard.operators.python.BranchPythonOperator'`.","category":"DeprecatedImportWarning","filename":"/opt/airflow/dags/branch_pipeline.py","lineno":2,"logger":"py.warnings"}
{"timestamp":"2026-02-08T06:09:45.762084Z","level":"warning","event":"The `airflow.operators.bash.BashOperator` attribute is deprecated. Please use `'airflow.providers.standard.operators.bash.BashOperator'`.","category":"DeprecatedImportWarning","filename":"/opt/airflow/dags/branch_pipeline.py","lineno":3,"logger":"py.warnings"}
{"timestamp":"2026-02-08T06:16:21.983043Z","level":"info","event":"Filling up the DagBag from /opt/airflow/dags/branch_pipeline.py","logger":"airflow.models.dagbag.BundleDagBag","filename":"dagbag.py","lineno":593}
{"timestamp":"2026-02-08T06:16:22.689981Z","level":"warning","event":"The `airflow.decorators.dag` attribute is deprecated. Please use `'airflow.sdk.dag'`.","category":"DeprecatedImportWarning","filename":"/opt/airflow/dags/branch_pipeline.py","lineno":1,"logger":"py.warnings"}
{"timestamp":"2026-02-08T06:16:22.690788Z","level":"warning","event":"The `airflow.decorators.task` attribute is deprecated. Please use `'airflow.sdk.task'`.","category":"DeprecatedImportWarning","filename":"/opt/airflow/dags/branch_pipeline.py","lineno":1,"logger":"py.warnings"}
{"timestamp":"2026-02-08T06:16:22.691048Z","level":"warning","event":"The `airflow.operators.python.BranchPythonOperator` attribute is deprecated. Please use `'airflow.providers.standard.operators.python.BranchPythonOperator'`.","category":"DeprecatedImportWarning","filename":"/opt/airflow/dags/branch_pipeline.py","lineno":2,"logger":"py.warnings"}
{"timestamp":"2026-02-08T06:16:22.691156Z","level":"warning","event":"The `airflow.operators.bash.BashOperator` attribute is deprecated. Please use `'airflow.providers.standard.operators.bash.BashOperator'`.","category":"DeprecatedImportWarning","filename":"/opt/airflow/dags/branch_pipeline.py","lineno":3,"logger":"py.warnings"}
{"timestamp":"2026-02-08T06:18:31.613716Z","level":"info","event":"Filling up the DagBag from /opt/airflow/dags/branch_pipeline.py","logger":"airflow.models.dagbag.BundleDagBag","filename":"dagbag.py","lineno":593}
{"timestamp":"2026-02-08T06:18:31.837894Z","level":"warning","event":"The `airflow.decorators.dag` attribute is deprecated. Please use `'airflow.sdk.dag'`.","category":"DeprecatedImportWarning","filename":"/opt/airflow/dags/branch_pipeline.py","lineno":1,"logger":"py.warnings"}
{"timestamp":"2026-02-08T06:18:31.838749Z","level":"warning","event":"The `airflow.decorators.task` attribute is deprecated. Please use `'airflow.sdk.task'`.","category":"DeprecatedImportWarning","filename":"/opt/airflow/dags/branch_pipeline.py","lineno":1,"logger":"py.warnings"}
{"timestamp":"2026-02-08T06:18:31.839256Z","level":"warning","event":"The `airflow.operators.python.BranchPythonOperator` attribute is deprecated. Please use `'airflow.providers.standard.operators.python.BranchPythonOperator'`.","category":"DeprecatedImportWarning","filename":"/opt/airflow/dags/branch_pipeline.py","lineno":2,"logger":"py.warnings"}
{"timestamp":"2026-02-08T06:18:31.839414Z","level":"warning","event":"The `airflow.operators.bash.BashOperator` attribute is deprecated. Please use `'airflow.providers.standard.operators.bash.BashOperator'`.","category":"DeprecatedImportWarning","filename":"/opt/airflow/dags/branch_pipeline.py","lineno":3,"logger":"py.warnings"}
{"timestamp":"2026-02-08T06:19:02.477449Z","level":"info","event":"Filling up the DagBag from /opt/airflow/dags/branch_pipeline.py","logger":"airflow.models.dagbag.BundleDagBag","filename":"dagbag.py","lineno":593}
{"timestamp":"2026-02-08T06:19:02.538830Z","level":"warning","event":"The `airflow.decorators.dag` attribute is deprecated. Please use `'airflow.sdk.dag'`.","category":"DeprecatedImportWarning","filename":"/opt/airflow/dags/branch_pipeline.py","lineno":1,"logger":"py.warnings"}
{"timestamp":"2026-02-08T06:19:02.538998Z","level":"warning","event":"The `airflow.decorators.task` attribute is deprecated. Please use `'airflow.sdk.task'`.","category":"DeprecatedImportWarning","filename":"/opt/airflow/dags/branch_pipeline.py","lineno":1,"logger":"py.warnings"}
{"timestamp":"2026-02-08T06:19:02.539063Z","level":"warning","event":"The `airflow.operators.python.BranchPythonOperator` attribute is deprecated. Please use `'airflow.providers.standard.operators.python.BranchPythonOperator'`.","category":"DeprecatedImportWarning","filename":"/opt/airflow/dags/branch_pipeline.py","lineno":2,"logger":"py.warnings"}
{"timestamp":"2026-02-08T06:19:02.539111Z","level":"warning","event":"The `airflow.operators.bash.BashOperator` attribute is deprecated. Please use `'airflow.providers.standard.operators.bash.BashOperator'`.","category":"DeprecatedImportWarning","filename":"/opt/airflow/dags/branch_pipeline.py","lineno":3,"logger":"py.warnings"}
{"timestamp":"2026-02-08T06:19:33.421597Z","level":"info","event":"Filling up the DagBag from /opt/airflow/dags/branch_pipeline.py","logger":"airflow.models.dagbag.BundleDagBag","filename":"dagbag.py","lineno":593}
{"timestamp":"2026-02-08T06:19:33.499483Z","level":"warning","event":"The `airflow.decorators.dag` attribute is deprecated. Please use `'airflow.sdk.dag'`.","category":"DeprecatedImportWarning","filename":"/opt/airflow/dags/branch_pipeline.py","lineno":1,"logger":"py.warnings"}
{"timestamp":"2026-02-08T06:19:33.499886Z","level":"warning","event":"The `airflow.decorators.task` attribute is deprecated. Please use `'airflow.sdk.task'`.","category":"DeprecatedImportWarning","filename":"/opt/airflow/dags/branch_pipeline.py","lineno":1,"logger":"py.warnings"}
{"timestamp":"2026-02-08T06:19:33.499990Z","level":"warning","event":"The `airflow.operators.python.BranchPythonOperator` attribute is deprecated. Please use `'airflow.providers.standard.operators.python.BranchPythonOperator'`.","category":"DeprecatedImportWarning","filename":"/opt/airflow/dags/branch_pipeline.py","lineno":2,"logger":"py.warnings"}
{"timestamp":"2026-02-08T06:19:33.500052Z","level":"warning","event":"The `airflow.operators.bash.BashOperator` attribute is deprecated. Please use `'airflow.providers.standard.operators.bash.BashOperator'`.","category":"DeprecatedImportWarning","filename":"/opt/airflow/dags/branch_pipeline.py","lineno":3,"logger":"py.warnings"}
{"timestamp":"2026-02-08T06:20:03.975946Z","level":"info","event":"Filling up the DagBag from /opt/airflow/dags/branch_pipeline.py","logger":"airflow.models.dagbag.BundleDagBag","filename":"dagbag.py","lineno":593}
{"timestamp":"2026-02-08T06:20:04.031493Z","level":"warning","event":"The `airflow.decorators.dag` attribute is deprecated. Please use `'airflow.sdk.dag'`.","category":"DeprecatedImportWarning","filename":"/opt/airflow/dags/branch_pipeline.py","lineno":1,"logger":"py.warnings"}
{"timestamp":"2026-02-08T06:20:04.031664Z","level":"warning","event":"The `airflow.decorators.task` attribute is deprecated. Please use `'airflow.sdk.task'`.","category":"DeprecatedImportWarning","filename":"/opt/airflow/dags/branch_pipeline.py","lineno":1,"logger":"py.warnings"}
{"timestamp":"2026-02-08T06:20:04.031725Z","level":"warning","event":"The `airflow.operators.python.BranchPythonOperator` attribute is deprecated. Please use `'airflow.providers.standard.operators.python.BranchPythonOperator'`.","category":"DeprecatedImportWarning","filename":"/opt/airflow/dags/branch_pipeline.py","lineno":2,"logger":"py.warnings"}
{"timestamp":"2026-02-08T06:20:04.031772Z","level":"warning","event":"The `airflow.operators.bash.BashOperator` attribute is deprecated. Please use `'airflow.providers.standard.operators.bash.BashOperator'`.","category":"DeprecatedImportWarning","filename":"/opt/airflow/dags/branch_pipeline.py","lineno":3,"logger":"py.warnings"}
{"timestamp":"2026-02-08T06:20:35.885798Z","level":"info","event":"Filling up the DagBag from /opt/airflow/dags/branch_pipeline.py","logger":"airflow.models.dagbag.BundleDagBag","filename":"dagbag.py","lineno":593}
{"timestamp":"2026-02-08T06:20:35.942446Z","level":"warning","event":"The `airflow.decorators.dag` attribute is deprecated. Please use `'airflow.sdk.dag'`.","category":"DeprecatedImportWarning","filename":"/opt/airflow/dags/branch_pipeline.py","lineno":1,"logger":"py.warnings"}
{"timestamp":"2026-02-08T06:20:35.942799Z","level":"warning","event":"The `airflow.decorators.task` attribute is deprecated. Please use `'airflow.sdk.task'`.","category":"DeprecatedImportWarning","filename":"/opt/airflow/dags/branch_pipeline.py","lineno":1,"logger":"py.warnings"}
{"timestamp":"2026-02-08T06:20:35.942884Z","level":"warning","event":"The `airflow.operators.python.BranchPythonOperator` attribute is deprecated. Please use `'airflow.providers.standard.operators.python.BranchPythonOperator'`.","category":"DeprecatedImportWarning","filename":"/opt/airflow/dags/branch_pipeline.py","lineno":2,"logger":"py.warnings"}
{"timestamp":"2026-02-08T06:20:35.942938Z","level":"warning","event":"The `airflow.operators.bash.BashOperator` attribute is deprecated. Please use `'airflow.providers.standard.operators.bash.BashOperator'`.","category":"DeprecatedImportWarning","filename":"/opt/airflow/dags/branch_pipeline.py","lineno":3,"logger":"py.warnings"}
{"timestamp":"2026-02-08T06:21:06.570668Z","level":"info","event":"Filling up the DagBag from /opt/airflow/dags/branch_pipeline.py","logger":"airflow.models.dagbag.BundleDagBag","filename":"dagbag.py","lineno":593}
{"timestamp":"2026-02-08T06:21:06.626061Z","level":"warning","event":"The `airflow.decorators.dag` attribute is deprecated. Please use `'airflow.sdk.dag'`.","category":"DeprecatedImportWarning","filename":"/opt/airflow/dags/branch_pipeline.py","lineno":1,"logger":"py.warnings"}
{"timestamp":"2026-02-08T06:21:06.626280Z","level":"warning","event":"The `airflow.decorators.task` attribute is deprecated. Please use `'airflow.sdk.task'`.","category":"DeprecatedImportWarning","filename":"/opt/airflow/dags/branch_pipeline.py","lineno":1,"logger":"py.warnings"}
{"timestamp":"2026-02-08T06:21:06.626384Z","level":"warning","event":"The `airflow.operators.python.BranchPythonOperator` attribute is deprecated. Please use `'airflow.providers.standard.operators.python.BranchPythonOperator'`.","category":"DeprecatedImportWarning","filename":"/opt/airflow/dags/branch_pipeline.py","lineno":2,"logger":"py.warnings"}
{"timestamp":"2026-02-08T06:21:06.626455Z","level":"warning","event":"The `airflow.operators.bash.BashOperator` attribute is deprecated. Please use `'airflow.providers.standard.operators.bash.BashOperator'`.","category":"DeprecatedImportWarning","filename":"/opt/airflow/dags/branch_pipeline.py","lineno":3,"logger":"py.warnings"}
{"timestamp":"2026-02-08T06:21:38.366098Z","level":"info","event":"Filling up the DagBag from /opt/airflow/dags/branch_pipeline.py","logger":"airflow.models.dagbag.BundleDagBag","filename":"dagbag.py","lineno":593}
{"timestamp":"2026-02-08T06:21:38.430093Z","level":"warning","event":"The `airflow.decorators.dag` attribute is deprecated. Please use `'airflow.sdk.dag'`.","category":"DeprecatedImportWarning","filename":"/opt/airflow/dags/branch_pipeline.py","lineno":1,"logger":"py.warnings"}
{"timestamp":"2026-02-08T06:21:38.430314Z","level":"warning","event":"The `airflow.decorators.task` attribute is deprecated. Please use `'airflow.sdk.task'`.","category":"DeprecatedImportWarning","filename":"/opt/airflow/dags/branch_pipeline.py","lineno":1,"logger":"py.warnings"}
{"timestamp":"2026-02-08T06:21:38.430391Z","level":"warning","event":"The `airflow.operators.python.BranchPythonOperator` attribute is deprecated. Please use `'airflow.providers.standard.operators.python.BranchPythonOperator'`.","category":"DeprecatedImportWarning","filename":"/opt/airflow/dags/branch_pipeline.py","lineno":2,"logger":"py.warnings"}
{"timestamp":"2026-02-08T06:21:38.430440Z","level":"warning","event":"The `airflow.operators.bash.BashOperator` attribute is deprecated. Please use `'airflow.providers.standard.operators.bash.BashOperator'`.","category":"DeprecatedImportWarning","filename":"/opt/airflow/dags/branch_pipeline.py","lineno":3,"logger":"py.warnings"}
{"timestamp":"2026-02-08T06:22:09.377628Z","level":"info","event":"Filling up the DagBag from /opt/airflow/dags/branch_pipeline.py","logger":"airflow.models.dagbag.BundleDagBag","filename":"dagbag.py","lineno":593}
{"timestamp":"2026-02-08T06:22:09.444408Z","level":"warning","event":"The `airflow.decorators.dag` attribute is deprecated. Please use `'airflow.sdk.dag'`.","category":"DeprecatedImportWarning","filename":"/opt/airflow/dags/branch_pipeline.py","lineno":1,"logger":"py.warnings"}
{"timestamp":"2026-02-08T06:22:09.444651Z","level":"warning","event":"The `airflow.decorators.task` attribute is deprecated. Please use `'airflow.sdk.task'`.","category":"DeprecatedImportWarning","filename":"/opt/airflow/dags/branch_pipeline.py","lineno":1,"logger":"py.warnings"}
{"timestamp":"2026-02-08T06:22:09.444745Z","level":"warning","event":"The `airflow.operators.python.BranchPythonOperator` attribute is deprecated. Please use `'airflow.providers.standard.operators.python.BranchPythonOperator'`.","category":"DeprecatedImportWarning","filename":"/opt/airflow/dags/branch_pipeline.py","lineno":2,"logger":"py.warnings"}
{"timestamp":"2026-02-08T06:22:09.444836Z","level":"warning","event":"The `airflow.operators.bash.BashOperator` attribute is deprecated. Please use `'airflow.providers.standard.operators.bash.BashOperator'`.","category":"DeprecatedImportWarning","filename":"/opt/airflow/dags/branch_pipeline.py","lineno":3,"logger":"py.warnings"}
{"timestamp":"2026-02-08T06:22:41.114197Z","level":"info","event":"Filling up the DagBag from /opt/airflow/dags/branch_pipeline.py","logger":"airflow.models.dagbag.BundleDagBag","filename":"dagbag.py","lineno":593}
{"timestamp":"2026-02-08T06:22:41.162979Z","level":"warning","event":"The `airflow.decorators.dag` attribute is deprecated. Please use `'airflow.sdk.dag'`.","category":"DeprecatedImportWarning","filename":"/opt/airflow/dags/branch_pipeline.py","lineno":1,"logger":"py.warnings"}
{"timestamp":"2026-02-08T06:22:41.163164Z","level":"warning","event":"The `airflow.decorators.task` attribute is deprecated. Please use `'airflow.sdk.task'`.","category":"DeprecatedImportWarning","filename":"/opt/airflow/dags/branch_pipeline.py","lineno":1,"logger":"py.warnings"}
{"timestamp":"2026-02-08T06:22:41.163243Z","level":"warning","event":"The `airflow.operators.python.BranchPythonOperator` attribute is deprecated. Please use `'airflow.providers.standard.operators.python.BranchPythonOperator'`.","category":"DeprecatedImportWarning","filename":"/opt/airflow/dags/branch_pipeline.py","lineno":2,"logger":"py.warnings"}
{"timestamp":"2026-02-08T06:22:41.163292Z","level":"warning","event":"The `airflow.operators.bash.BashOperator` attribute is deprecated. Please use `'airflow.providers.standard.operators.bash.BashOperator'`.","category":"DeprecatedImportWarning","filename":"/opt/airflow/dags/branch_pipeline.py","lineno":3,"logger":"py.warnings"}
{"timestamp":"2026-02-08T06:23:12.761069Z","level":"info","event":"Filling up the DagBag from /opt/airflow/dags/branch_pipeline.py","logger":"airflow.models.dagbag.BundleDagBag","filename":"dagbag.py","lineno":593}
{"timestamp":"2026-02-08T06:23:12.806106Z","level":"warning","event":"The `airflow.decorators.dag` attribute is deprecated. Please use `'airflow.sdk.dag'`.","category":"DeprecatedImportWarning","filename":"/opt/airflow/dags/branch_pipeline.py","lineno":1,"logger":"py.warnings"}
{"timestamp":"2026-02-08T06:23:12.806280Z","level":"warning","event":"The `airflow.decorators.task` attribute is deprecated. Please use `'airflow.sdk.task'`.","category":"DeprecatedImportWarning","filename":"/opt/airflow/dags/branch_pipeline.py","lineno":1,"logger":"py.warnings"}
{"timestamp":"2026-02-08T06:23:12.806358Z","level":"warning","event":"The `airflow.operators.python.BranchPythonOperator` attribute is deprecated. Please use `'airflow.providers.standard.operators.python.BranchPythonOperator'`.","category":"DeprecatedImportWarning","filename":"/opt/airflow/dags/branch_pipeline.py","lineno":2,"logger":"py.warnings"}
{"timestamp":"2026-02-08T06:23:12.806404Z","level":"warning","event":"The `airflow.operators.bash.BashOperator` attribute is deprecated. Please use `'airflow.providers.standard.operators.bash.BashOperator'`.","category":"DeprecatedImportWarning","filename":"/opt/airflow/dags/branch_pipeline.py","lineno":3,"logger":"py.warnings"}
{"timestamp":"2026-02-08T06:23:43.399574Z","level":"info","event":"Filling up the DagBag from /opt/airflow/dags/branch_pipeline.py","logger":"airflow.models.dagbag.BundleDagBag","filename":"dagbag.py","lineno":593}
{"timestamp":"2026-02-08T06:23:43.484703Z","level":"warning","event":"The `airflow.decorators.dag` attribute is deprecated. Please use `'airflow.sdk.dag'`.","category":"DeprecatedImportWarning","filename":"/opt/airflow/dags/branch_pipeline.py","lineno":1,"logger":"py.warnings"}
{"timestamp":"2026-02-08T06:23:43.484897Z","level":"warning","event":"The `airflow.decorators.task` attribute is deprecated. Please use `'airflow.sdk.task'`.","category":"DeprecatedImportWarning","filename":"/opt/airflow/dags/branch_pipeline.py","lineno":1,"logger":"py.warnings"}
{"timestamp":"2026-02-08T06:23:43.484992Z","level":"warning","event":"The `airflow.operators.python.BranchPythonOperator` attribute is deprecated. Please use `'airflow.providers.standard.operators.python.BranchPythonOperator'`.","category":"DeprecatedImportWarning","filename":"/opt/airflow/dags/branch_pipeline.py","lineno":2,"logger":"py.warnings"}
{"timestamp":"2026-02-08T06:23:43.485041Z","level":"warning","event":"The `airflow.operators.bash.BashOperator` attribute is deprecated. Please use `'airflow.providers.standard.operators.bash.BashOperator'`.","category":"DeprecatedImportWarning","filename":"/opt/airflow/dags/branch_pipeline.py","lineno":3,"logger":"py.warnings"}
{"timestamp":"2026-02-08T06:24:15.209589Z","level":"info","event":"Filling up the DagBag from /opt/airflow/dags/branch_pipeline.py","logger":"airflow.models.dagbag.BundleDagBag","filename":"dagbag.py","lineno":593}
{"timestamp":"2026-02-08T06:24:15.271938Z","level":"warning","event":"The `airflow.decorators.dag` attribute is deprecated. Please use `'airflow.sdk.dag'`.","category":"DeprecatedImportWarning","filename":"/opt/airflow/dags/branch_pipeline.py","lineno":1,"logger":"py.warnings"}
{"timestamp":"2026-02-08T06:24:15.272149Z","level":"warning","event":"The `airflow.decorators.task` attribute is deprecated. Please use `'airflow.sdk.task'`.","category":"DeprecatedImportWarning","filename":"/opt/airflow/dags/branch_pipeline.py","lineno":1,"logger":"py.warnings"}
{"timestamp":"2026-02-08T06:24:15.272221Z","level":"warning","event":"The `airflow.operators.python.BranchPythonOperator` attribute is deprecated. Please use `'airflow.providers.standard.operators.python.BranchPythonOperator'`.","category":"DeprecatedImportWarning","filename":"/opt/airflow/dags/branch_pipeline.py","lineno":2,"logger":"py.warnings"}
{"timestamp":"2026-02-08T06:24:15.272271Z","level":"warning","event":"The `airflow.operators.bash.BashOperator` attribute is deprecated. Please use `'airflow.providers.standard.operators.bash.BashOperator'`.","category":"DeprecatedImportWarning","filename":"/opt/airflow/dags/branch_pipeline.py","lineno":3,"logger":"py.warnings"}
{"timestamp":"2026-02-08T06:24:46.888063Z","level":"info","event":"Filling up the DagBag from /opt/airflow/dags/branch_pipeline.py","logger":"airflow.models.dagbag.BundleDagBag","filename":"dagbag.py","lineno":593}
{"timestamp":"2026-02-08T06:24:46.934786Z","level":"warning","event":"The `airflow.decorators.dag` attribute is deprecated. Please use `'airflow.sdk.dag'`.","category":"DeprecatedImportWarning","filename":"/opt/airflow/dags/branch_pipeline.py","lineno":1,"logger":"py.warnings"}
{"timestamp":"2026-02-08T06:24:46.934967Z","level":"warning","event":"The `airflow.decorators.task` attribute is deprecated. Please use `'airflow.sdk.task'`.","category":"DeprecatedImportWarning","filename":"/opt/airflow/dags/branch_pipeline.py","lineno":1,"logger":"py.warnings"}
{"timestamp":"2026-02-08T06:24:46.935053Z","level":"warning","event":"The `airflow.operators.python.BranchPythonOperator` attribute is deprecated. Please use `'airflow.providers.standard.operators.python.BranchPythonOperator'`.","category":"DeprecatedImportWarning","filename":"/opt/airflow/dags/branch_pipeline.py","lineno":2,"logger":"py.warnings"}
{"timestamp":"2026-02-08T06:24:46.935103Z","level":"warning","event":"The `airflow.operators.bash.BashOperator` attribute is deprecated. Please use `'airflow.providers.standard.operators.bash.BashOperator'`.","category":"DeprecatedImportWarning","filename":"/opt/airflow/dags/branch_pipeline.py","lineno":3,"logger":"py.warnings"}
{"timestamp":"2026-02-08T06:25:17.645438Z","level":"info","event":"Filling up the DagBag from /opt/airflow/dags/branch_pipeline.py","logger":"airflow.models.dagbag.BundleDagBag","filename":"dagbag.py","lineno":593}
{"timestamp":"2026-02-08T06:25:17.695480Z","level":"warning","event":"The `airflow.decorators.dag` attribute is deprecated. Please use `'airflow.sdk.dag'`.","category":"DeprecatedImportWarning","filename":"/opt/airflow/dags/branch_pipeline.py","lineno":1,"logger":"py.warnings"}
{"timestamp":"2026-02-08T06:25:17.695677Z","level":"warning","event":"The `airflow.decorators.task` attribute is deprecated. Please use `'airflow.sdk.task'`.","category":"DeprecatedImportWarning","filename":"/opt/airflow/dags/branch_pipeline.py","lineno":1,"logger":"py.warnings"}
{"timestamp":"2026-02-08T06:25:17.695749Z","level":"warning","event":"The `airflow.operators.python.BranchPythonOperator` attribute is deprecated. Please use `'airflow.providers.standard.operators.python.BranchPythonOperator'`.","category":"DeprecatedImportWarning","filename":"/opt/airflow/dags/branch_pipeline.py","lineno":2,"logger":"py.warnings"}
{"timestamp":"2026-02-08T06:25:17.695799Z","level":"warning","event":"The `airflow.operators.bash.BashOperator` attribute is deprecated. Please use `'airflow.providers.standard.operators.bash.BashOperator'`.","category":"DeprecatedImportWarning","filename":"/opt/airflow/dags/branch_pipeline.py","lineno":3,"logger":"py.warnings"}
{"timestamp":"2026-02-08T06:25:49.396115Z","level":"info","event":"Filling up the DagBag from /opt/airflow/dags/branch_pipeline.py","logger":"airflow.models.dagbag.BundleDagBag","filename":"dagbag.py","lineno":593}
{"timestamp":"2026-02-08T06:25:49.494246Z","level":"warning","event":"The `airflow.decorators.dag` attribute is deprecated. Please use `'airflow.sdk.dag'`.","category":"DeprecatedImportWarning","filename":"/opt/airflow/dags/branch_pipeline.py","lineno":1,"logger":"py.warnings"}
{"timestamp":"2026-02-08T06:25:49.494642Z","level":"warning","event":"The `airflow.decorators.task` attribute is deprecated. Please use `'airflow.sdk.task'`.","category":"DeprecatedImportWarning","filename":"/opt/airflow/dags/branch_pipeline.py","lineno":1,"logger":"py.warnings"}
{"timestamp":"2026-02-08T06:25:49.494752Z","level":"warning","event":"The `airflow.operators.python.BranchPythonOperator` attribute is deprecated. Please use `'airflow.providers.standard.operators.python.BranchPythonOperator'`.","category":"DeprecatedImportWarning","filename":"/opt/airflow/dags/branch_pipeline.py","lineno":2,"logger":"py.warnings"}
{"timestamp":"2026-02-08T06:25:49.494830Z","level":"warning","event":"The `airflow.operators.bash.BashOperator` attribute is deprecated. Please use `'airflow.providers.standard.operators.bash.BashOperator'`.","category":"DeprecatedImportWarning","filename":"/opt/airflow/dags/branch_pipeline.py","lineno":3,"logger":"py.warnings"}
{"timestamp":"2026-02-08T06:26:20.907947Z","level":"info","event":"Filling up the DagBag from /opt/airflow/dags/branch_pipeline.py","logger":"airflow.models.dagbag.BundleDagBag","filename":"dagbag.py","lineno":593}
{"timestamp":"2026-02-08T06:26:21.196408Z","level":"warning","event":"The `airflow.decorators.dag` attribute is deprecated. Please use `'airflow.sdk.dag'`.","category":"DeprecatedImportWarning","filename":"/opt/airflow/dags/branch_pipeline.py","lineno":1,"logger":"py.warnings"}
{"timestamp":"2026-02-08T06:26:21.196771Z","level":"warning","event":"The `airflow.decorators.task` attribute is deprecated. Please use `'airflow.sdk.task'`.","category":"DeprecatedImportWarning","filename":"/opt/airflow/dags/branch_pipeline.py","lineno":1,"logger":"py.warnings"}
{"timestamp":"2026-02-08T06:26:21.196941Z","level":"warning","event":"The `airflow.operators.python.BranchPythonOperator` attribute is deprecated. Please use `'airflow.providers.standard.operators.python.BranchPythonOperator'`.","category":"DeprecatedImportWarning","filename":"/opt/airflow/dags/branch_pipeline.py","lineno":2,"logger":"py.warnings"}
{"timestamp":"2026-02-08T06:26:21.197075Z","level":"warning","event":"The `airflow.operators.bash.BashOperator` attribute is deprecated. Please use `'airflow.providers.standard.operators.bash.BashOperator'`.","category":"DeprecatedImportWarning","filename":"/opt/airflow/dags/branch_pipeline.py","lineno":3,"logger":"py.warnings"}
{"timestamp":"2026-02-08T06:26:52.204082Z","level":"info","event":"Filling up the DagBag from /opt/airflow/dags/branch_pipeline.py","logger":"airflow.models.dagbag.BundleDagBag","filename":"dagbag.py","lineno":593}
{"timestamp":"2026-02-08T06:26:52.249054Z","level":"warning","event":"The `airflow.decorators.dag` attribute is deprecated. Please use `'airflow.sdk.dag'`.","category":"DeprecatedImportWarning","filename":"/opt/airflow/dags/branch_pipeline.py","lineno":1,"logger":"py.warnings"}
{"timestamp":"2026-02-08T06:26:52.249340Z","level":"warning","event":"The `airflow.decorators.task` attribute is deprecated. Please use `'airflow.sdk.task'`.","category":"DeprecatedImportWarning","filename":"/opt/airflow/dags/branch_pipeline.py","lineno":1,"logger":"py.warnings"}
{"timestamp":"2026-02-08T06:26:52.249439Z","level":"warning","event":"The `airflow.operators.python.BranchPythonOperator` attribute is deprecated. Please use `'airflow.providers.standard.operators.python.BranchPythonOperator'`.","category":"DeprecatedImportWarning","filename":"/opt/airflow/dags/branch_pipeline.py","lineno":2,"logger":"py.warnings"}
{"timestamp":"2026-02-08T06:26:52.249500Z","level":"warning","event":"The `airflow.operators.bash.BashOperator` attribute is deprecated. Please use `'airflow.providers.standard.operators.bash.BashOperator'`.","category":"DeprecatedImportWarning","filename":"/opt/airflow/dags/branch_pipeline.py","lineno":3,"logger":"py.warnings"}
{"timestamp":"2026-02-08T06:27:22.953652Z","level":"info","event":"Filling up the DagBag from /opt/airflow/dags/branch_pipeline.py","logger":"airflow.models.dagbag.BundleDagBag","filename":"dagbag.py","lineno":593}
{"timestamp":"2026-02-08T06:27:23.032174Z","level":"warning","event":"The `airflow.decorators.dag` attribute is deprecated. Please use `'airflow.sdk.dag'`.","category":"DeprecatedImportWarning","filename":"/opt/airflow/dags/branch_pipeline.py","lineno":1,"logger":"py.warnings"}
{"timestamp":"2026-02-08T06:27:23.032609Z","level":"warning","event":"The `airflow.decorators.task` attribute is deprecated. Please use `'airflow.sdk.task'`.","category":"DeprecatedImportWarning","filename":"/opt/airflow/dags/branch_pipeline.py","lineno":1,"logger":"py.warnings"}
{"timestamp":"2026-02-08T06:27:23.032724Z","level":"warning","event":"The `airflow.operators.python.BranchPythonOperator` attribute is deprecated. Please use `'airflow.providers.standard.operators.python.BranchPythonOperator'`.","category":"DeprecatedImportWarning","filename":"/opt/airflow/dags/branch_pipeline.py","lineno":2,"logger":"py.warnings"}
{"timestamp":"2026-02-08T06:27:23.032795Z","level":"warning","event":"The `airflow.operators.bash.BashOperator` attribute is deprecated. Please use `'airflow.providers.standard.operators.bash.BashOperator'`.","category":"DeprecatedImportWarning","filename":"/opt/airflow/dags/branch_pipeline.py","lineno":3,"logger":"py.warnings"}
{"timestamp":"2026-02-08T06:27:54.898116Z","level":"info","event":"Filling up the DagBag from /opt/airflow/dags/branch_pipeline.py","logger":"airflow.models.dagbag.BundleDagBag","filename":"dagbag.py","lineno":593}
{"timestamp":"2026-02-08T06:27:54.945903Z","level":"warning","event":"The `airflow.decorators.dag` attribute is deprecated. Please use `'airflow.sdk.dag'`.","category":"DeprecatedImportWarning","filename":"/opt/airflow/dags/branch_pipeline.py","lineno":1,"logger":"py.warnings"}
{"timestamp":"2026-02-08T06:27:54.946087Z","level":"warning","event":"The `airflow.decorators.task` attribute is deprecated. Please use `'airflow.sdk.task'`.","category":"DeprecatedImportWarning","filename":"/opt/airflow/dags/branch_pipeline.py","lineno":1,"logger":"py.warnings"}
{"timestamp":"2026-02-08T06:27:54.946154Z","level":"warning","event":"The `airflow.operators.python.BranchPythonOperator` attribute is deprecated. Please use `'airflow.providers.standard.operators.python.BranchPythonOperator'`.","category":"DeprecatedImportWarning","filename":"/opt/airflow/dags/branch_pipeline.py","lineno":2,"logger":"py.warnings"}
{"timestamp":"2026-02-08T06:27:54.946199Z","level":"warning","event":"The `airflow.operators.bash.BashOperator` attribute is deprecated. Please use `'airflow.providers.standard.operators.bash.BashOperator'`.","category":"DeprecatedImportWarning","filename":"/opt/airflow/dags/branch_pipeline.py","lineno":3,"logger":"py.warnings"}
{"timestamp":"2026-02-08T06:28:25.631450Z","level":"info","event":"Filling up the DagBag from /opt/airflow/dags/branch_pipeline.py","logger":"airflow.models.dagbag.BundleDagBag","filename":"dagbag.py","lineno":593}
{"timestamp":"2026-02-08T06:28:25.679630Z","level":"warning","event":"The `airflow.decorators.dag` attribute is deprecated. Please use `'airflow.sdk.dag'`.","category":"DeprecatedImportWarning","filename":"/opt/airflow/dags/branch_pipeline.py","lineno":1,"logger":"py.warnings"}
{"timestamp":"2026-02-08T06:28:25.679818Z","level":"warning","event":"The `airflow.decorators.task` attribute is deprecated. Please use `'airflow.sdk.task'`.","category":"DeprecatedImportWarning","filename":"/opt/airflow/dags/branch_pipeline.py","lineno":1,"logger":"py.warnings"}
{"timestamp":"2026-02-08T06:28:25.679912Z","level":"warning","event":"The `airflow.operators.python.BranchPythonOperator` attribute is deprecated. Please use `'airflow.providers.standard.operators.python.BranchPythonOperator'`.","category":"DeprecatedImportWarning","filename":"/opt/airflow/dags/branch_pipeline.py","lineno":2,"logger":"py.warnings"}
{"timestamp":"2026-02-08T06:28:25.679982Z","level":"warning","event":"The `airflow.operators.bash.BashOperator` attribute is deprecated. Please use `'airflow.providers.standard.operators.bash.BashOperator'`.","category":"DeprecatedImportWarning","filename":"/opt/airflow/dags/branch_pipeline.py","lineno":3,"logger":"py.warnings"}
{"timestamp":"2026-02-08T06:28:57.392286Z","level":"info","event":"Filling up the DagBag from /opt/airflow/dags/branch_pipeline.py","logger":"airflow.models.dagbag.BundleDagBag","filename":"dagbag.py","lineno":593}
{"timestamp":"2026-02-08T06:28:57.447105Z","level":"warning","event":"The `airflow.decorators.dag` attribute is deprecated. Please use `'airflow.sdk.dag'`.","category":"DeprecatedImportWarning","filename":"/opt/airflow/dags/branch_pipeline.py","lineno":1,"logger":"py.warnings"}
{"timestamp":"2026-02-08T06:28:57.447290Z","level":"warning","event":"The `airflow.decorators.task` attribute is deprecated. Please use `'airflow.sdk.task'`.","category":"DeprecatedImportWarning","filename":"/opt/airflow/dags/branch_pipeline.py","lineno":1,"logger":"py.warnings"}
{"timestamp":"2026-02-08T06:28:57.447357Z","level":"warning","event":"The `airflow.operators.python.BranchPythonOperator` attribute is deprecated. Please use `'airflow.providers.standard.operators.python.BranchPythonOperator'`.","category":"DeprecatedImportWarning","filename":"/opt/airflow/dags/branch_pipeline.py","lineno":2,"logger":"py.warnings"}
{"timestamp":"2026-02-08T06:28:57.447403Z","level":"warning","event":"The `airflow.operators.bash.BashOperator` attribute is deprecated. Please use `'airflow.providers.standard.operators.bash.BashOperator'`.","category":"DeprecatedImportWarning","filename":"/opt/airflow/dags/branch_pipeline.py","lineno":3,"logger":"py.warnings"}
{"timestamp":"2026-02-08T06:29:28.330392Z","level":"info","event":"Filling up the DagBag from /opt/airflow/dags/branch_pipeline.py","logger":"airflow.models.dagbag.BundleDagBag","filename":"dagbag.py","lineno":593}
{"timestamp":"2026-02-08T06:29:28.392586Z","level":"warning","event":"The `airflow.decorators.dag` attribute is deprecated. Please use `'airflow.sdk.dag'`.","category":"DeprecatedImportWarning","filename":"/opt/airflow/dags/branch_pipeline.py","lineno":1,"logger":"py.warnings"}
{"timestamp":"2026-02-08T06:29:28.392889Z","level":"warning","event":"The `airflow.decorators.task` attribute is deprecated. Please use `'airflow.sdk.task'`.","category":"DeprecatedImportWarning","filename":"/opt/airflow/dags/branch_pipeline.py","lineno":1,"logger":"py.warnings"}
{"timestamp":"2026-02-08T06:29:28.393022Z","level":"warning","event":"The `airflow.operators.python.BranchPythonOperator` attribute is deprecated. Please use `'airflow.providers.standard.operators.python.BranchPythonOperator'`.","category":"DeprecatedImportWarning","filename":"/opt/airflow/dags/branch_pipeline.py","lineno":2,"logger":"py.warnings"}
{"timestamp":"2026-02-08T06:29:28.393111Z","level":"warning","event":"The `airflow.operators.bash.BashOperator` attribute is deprecated. Please use `'airflow.providers.standard.operators.bash.BashOperator'`.","category":"DeprecatedImportWarning","filename":"/opt/airflow/dags/branch_pipeline.py","lineno":3,"logger":"py.warnings"}
{"timestamp":"2026-02-08T06:30:00.130381Z","level":"info","event":"Filling up the DagBag from /opt/airflow/dags/branch_pipeline.py","logger":"airflow.models.dagbag.BundleDagBag","filename":"dagbag.py","lineno":593}
{"timestamp":"2026-02-08T06:30:00.177547Z","level":"warning","event":"The `airflow.decorators.dag` attribute is deprecated. Please use `'airflow.sdk.dag'`.","category":"DeprecatedImportWarning","filename":"/opt/airflow/dags/branch_pipeline.py","lineno":1,"logger":"py.warnings"}
{"timestamp":"2026-02-08T06:30:00.177715Z","level":"warning","event":"The `airflow.decorators.task` attribute is deprecated. Please use `'airflow.sdk.task'`.","category":"DeprecatedImportWarning","filename":"/opt/airflow/dags/branch_pipeline.py","lineno":1,"logger":"py.warnings"}
{"timestamp":"2026-02-08T06:30:00.177782Z","level":"warning","event":"The `airflow.operators.python.BranchPythonOperator` attribute is deprecated. Please use `'airflow.providers.standard.operators.python.BranchPythonOperator'`.","category":"DeprecatedImportWarning","filename":"/opt/airflow/dags/branch_pipeline.py","lineno":2,"logger":"py.warnings"}
{"timestamp":"2026-02-08T06:30:00.177828Z","level":"warning","event":"The `airflow.operators.bash.BashOperator` attribute is deprecated. Please use `'airflow.providers.standard.operators.bash.BashOperator'`.","category":"DeprecatedImportWarning","filename":"/opt/airflow/dags/branch_pipeline.py","lineno":3,"logger":"py.warnings"}
{"timestamp":"2026-02-08T06:30:31.722014Z","level":"info","event":"Filling up the DagBag from /opt/airflow/dags/branch_pipeline.py","logger":"airflow.models.dagbag.BundleDagBag","filename":"dagbag.py","lineno":593}
{"timestamp":"2026-02-08T06:30:31.765364Z","level":"warning","event":"The `airflow.decorators.dag` attribute is deprecated. Please use `'airflow.sdk.dag'`.","category":"DeprecatedImportWarning","filename":"/opt/airflow/dags/branch_pipeline.py","lineno":1,"logger":"py.warnings"}
{"timestamp":"2026-02-08T06:30:31.765605Z","level":"warning","event":"The `airflow.decorators.task` attribute is deprecated. Please use `'airflow.sdk.task'`.","category":"DeprecatedImportWarning","filename":"/opt/airflow/dags/branch_pipeline.py","lineno":1,"logger":"py.warnings"}
{"timestamp":"2026-02-08T06:30:31.765680Z","level":"warning","event":"The `airflow.operators.python.BranchPythonOperator` attribute is deprecated. Please use `'airflow.providers.standard.operators.python.BranchPythonOperator'`.","category":"DeprecatedImportWarning","filename":"/opt/airflow/dags/branch_pipeline.py","lineno":2,"logger":"py.warnings"}
{"timestamp":"2026-02-08T06:30:31.765729Z","level":"warning","event":"The `airflow.operators.bash.BashOperator` attribute is deprecated. Please use `'airflow.providers.standard.operators.bash.BashOperator'`.","category":"DeprecatedImportWarning","filename":"/opt/airflow/dags/branch_pipeline.py","lineno":3,"logger":"py.warnings"}
{"timestamp":"2026-02-08T06:31:03.278488Z","level":"info","event":"Filling up the DagBag from /opt/airflow/dags/branch_pipeline.py","logger":"airflow.models.dagbag.BundleDagBag","filename":"dagbag.py","lineno":593}
{"timestamp":"2026-02-08T06:31:03.314705Z","level":"warning","event":"The `airflow.decorators.dag` attribute is deprecated. Please use `'airflow.sdk.dag'`.","category":"DeprecatedImportWarning","filename":"/opt/airflow/dags/branch_pipeline.py","lineno":1,"logger":"py.warnings"}
{"timestamp":"2026-02-08T06:31:03.315004Z","level":"warning","event":"The `airflow.decorators.task` attribute is deprecated. Please use `'airflow.sdk.task'`.","category":"DeprecatedImportWarning","filename":"/opt/airflow/dags/branch_pipeline.py","lineno":1,"logger":"py.warnings"}
{"timestamp":"2026-02-08T06:31:03.315127Z","level":"warning","event":"The `airflow.operators.python.BranchPythonOperator` attribute is deprecated. Please use `'airflow.providers.standard.operators.python.BranchPythonOperator'`.","category":"DeprecatedImportWarning","filename":"/opt/airflow/dags/branch_pipeline.py","lineno":2,"logger":"py.warnings"}
{"timestamp":"2026-02-08T06:31:03.315222Z","level":"warning","event":"The `airflow.operators.bash.BashOperator` attribute is deprecated. Please use `'airflow.providers.standard.operators.bash.BashOperator'`.","category":"DeprecatedImportWarning","filename":"/opt/airflow/dags/branch_pipeline.py","lineno":3,"logger":"py.warnings"}
{"timestamp":"2026-02-08T06:31:33.798358Z","level":"info","event":"Filling up the DagBag from /opt/airflow/dags/branch_pipeline.py","logger":"airflow.models.dagbag.BundleDagBag","filename":"dagbag.py","lineno":593}
{"timestamp":"2026-02-08T06:31:33.847667Z","level":"warning","event":"The `airflow.decorators.dag` attribute is deprecated. Please use `'airflow.sdk.dag'`.","category":"DeprecatedImportWarning","filename":"/opt/airflow/dags/branch_pipeline.py","lineno":1,"logger":"py.warnings"}
{"timestamp":"2026-02-08T06:31:33.847873Z","level":"warning","event":"The `airflow.decorators.task` attribute is deprecated. Please use `'airflow.sdk.task'`.","category":"DeprecatedImportWarning","filename":"/opt/airflow/dags/branch_pipeline.py","lineno":1,"logger":"py.warnings"}
{"timestamp":"2026-02-08T06:31:33.847963Z","level":"warning","event":"The `airflow.operators.python.BranchPythonOperator` attribute is deprecated. Please use `'airflow.providers.standard.operators.python.BranchPythonOperator'`.","category":"DeprecatedImportWarning","filename":"/opt/airflow/dags/branch_pipeline.py","lineno":2,"logger":"py.warnings"}
{"timestamp":"2026-02-08T06:31:33.848036Z","level":"warning","event":"The `airflow.operators.bash.BashOperator` attribute is deprecated. Please use `'airflow.providers.standard.operators.bash.BashOperator'`.","category":"DeprecatedImportWarning","filename":"/opt/airflow/dags/branch_pipeline.py","lineno":3,"logger":"py.warnings"}
{"timestamp":"2026-02-08T06:32:05.567631Z","level":"info","event":"Filling up the DagBag from /opt/airflow/dags/branch_pipeline.py","logger":"airflow.models.dagbag.BundleDagBag","filename":"dagbag.py","lineno":593}
{"timestamp":"2026-02-08T06:32:05.616737Z","level":"warning","event":"The `airflow.decorators.dag` attribute is deprecated. Please use `'airflow.sdk.dag'`.","category":"DeprecatedImportWarning","filename":"/opt/airflow/dags/branch_pipeline.py","lineno":1,"logger":"py.warnings"}
{"timestamp":"2026-02-08T06:32:05.616980Z","level":"warning","event":"The `airflow.decorators.task` attribute is deprecated. Please use `'airflow.sdk.task'`.","category":"DeprecatedImportWarning","filename":"/opt/airflow/dags/branch_pipeline.py","lineno":1,"logger":"py.warnings"}
{"timestamp":"2026-02-08T06:32:05.617057Z","level":"warning","event":"The `airflow.operators.python.BranchPythonOperator` attribute is deprecated. Please use `'airflow.providers.standard.operators.python.BranchPythonOperator'`.","category":"DeprecatedImportWarning","filename":"/opt/airflow/dags/branch_pipeline.py","lineno":2,"logger":"py.warnings"}
{"timestamp":"2026-02-08T06:32:05.617106Z","level":"warning","event":"The `airflow.operators.bash.BashOperator` attribute is deprecated. Please use `'airflow.providers.standard.operators.bash.BashOperator'`.","category":"DeprecatedImportWarning","filename":"/opt/airflow/dags/branch_pipeline.py","lineno":3,"logger":"py.warnings"}
{"timestamp":"2026-02-08T06:32:37.211848Z","level":"info","event":"Filling up the DagBag from /opt/airflow/dags/branch_pipeline.py","logger":"airflow.models.dagbag.BundleDagBag","filename":"dagbag.py","lineno":593}
{"timestamp":"2026-02-08T06:32:37.334777Z","level":"warning","event":"The `airflow.decorators.dag` attribute is deprecated. Please use `'airflow.sdk.dag'`.","category":"DeprecatedImportWarning","filename":"/opt/airflow/dags/branch_pipeline.py","lineno":1,"logger":"py.warnings"}
{"timestamp":"2026-02-08T06:32:37.334977Z","level":"warning","event":"The `airflow.decorators.task` attribute is deprecated. Please use `'airflow.sdk.task'`.","category":"DeprecatedImportWarning","filename":"/opt/airflow/dags/branch_pipeline.py","lineno":1,"logger":"py.warnings"}
{"timestamp":"2026-02-08T06:32:37.335054Z","level":"warning","event":"The `airflow.operators.python.BranchPythonOperator` attribute is deprecated. Please use `'airflow.providers.standard.operators.python.BranchPythonOperator'`.","category":"DeprecatedImportWarning","filename":"/opt/airflow/dags/branch_pipeline.py","lineno":2,"logger":"py.warnings"}
{"timestamp":"2026-02-08T06:32:37.335117Z","level":"warning","event":"The `airflow.operators.bash.BashOperator` attribute is deprecated. Please use `'airflow.providers.standard.operators.bash.BashOperator'`.","category":"DeprecatedImportWarning","filename":"/opt/airflow/dags/branch_pipeline.py","lineno":3,"logger":"py.warnings"}
{"timestamp":"2026-02-08T06:33:08.009855Z","level":"info","event":"Filling up the DagBag from /opt/airflow/dags/branch_pipeline.py","logger":"airflow.models.dagbag.BundleDagBag","filename":"dagbag.py","lineno":593}
{"timestamp":"2026-02-08T06:33:08.048934Z","level":"warning","event":"The `airflow.decorators.dag` attribute is deprecated. Please use `'airflow.sdk.dag'`.","category":"DeprecatedImportWarning","filename":"/opt/airflow/dags/branch_pipeline.py","lineno":1,"logger":"py.warnings"}
{"timestamp":"2026-02-08T06:33:08.049114Z","level":"warning","event":"The `airflow.decorators.task` attribute is deprecated. Please use `'airflow.sdk.task'`.","category":"DeprecatedImportWarning","filename":"/opt/airflow/dags/branch_pipeline.py","lineno":1,"logger":"py.warnings"}
{"timestamp":"2026-02-08T06:33:08.049182Z","level":"warning","event":"The `airflow.operators.python.BranchPythonOperator` attribute is deprecated. Please use `'airflow.providers.standard.operators.python.BranchPythonOperator'`.","category":"DeprecatedImportWarning","filename":"/opt/airflow/dags/branch_pipeline.py","lineno":2,"logger":"py.warnings"}
{"timestamp":"2026-02-08T06:33:08.049242Z","level":"warning","event":"The `airflow.operators.bash.BashOperator` attribute is deprecated. Please use `'airflow.providers.standard.operators.bash.BashOperator'`.","category":"DeprecatedImportWarning","filename":"/opt/airflow/dags/branch_pipeline.py","lineno":3,"logger":"py.warnings"}
{"timestamp":"2026-02-08T06:33:39.416204Z","level":"info","event":"Filling up the DagBag from /opt/airflow/dags/branch_pipeline.py","logger":"airflow.models.dagbag.BundleDagBag","filename":"dagbag.py","lineno":593}
{"timestamp":"2026-02-08T06:33:39.453720Z","level":"warning","event":"The `airflow.decorators.dag` attribute is deprecated. Please use `'airflow.sdk.dag'`.","category":"DeprecatedImportWarning","filename":"/opt/airflow/dags/branch_pipeline.py","lineno":1,"logger":"py.warnings"}
{"timestamp":"2026-02-08T06:33:39.453901Z","level":"warning","event":"The `airflow.decorators.task` attribute is deprecated. Please use `'airflow.sdk.task'`.","category":"DeprecatedImportWarning","filename":"/opt/airflow/dags/branch_pipeline.py","lineno":1,"logger":"py.warnings"}
{"timestamp":"2026-02-08T06:33:39.453966Z","level":"warning","event":"The `airflow.operators.python.BranchPythonOperator` attribute is deprecated. Please use `'airflow.providers.standard.operators.python.BranchPythonOperator'`.","category":"DeprecatedImportWarning","filename":"/opt/airflow/dags/branch_pipeline.py","lineno":2,"logger":"py.warnings"}
{"timestamp":"2026-02-08T06:33:39.454009Z","level":"warning","event":"The `airflow.operators.bash.BashOperator` attribute is deprecated. Please use `'airflow.providers.standard.operators.bash.BashOperator'`.","category":"DeprecatedImportWarning","filename":"/opt/airflow/dags/branch_pipeline.py","lineno":3,"logger":"py.warnings"}
{"timestamp":"2026-02-08T06:34:11.016383Z","level":"info","event":"Filling up the DagBag from /opt/airflow/dags/branch_pipeline.py","logger":"airflow.models.dagbag.BundleDagBag","filename":"dagbag.py","lineno":593}
{"timestamp":"2026-02-08T06:34:11.075480Z","level":"warning","event":"The `airflow.decorators.dag` attribute is deprecated. Please use `'airflow.sdk.dag'`.","category":"DeprecatedImportWarning","filename":"/opt/airflow/dags/branch_pipeline.py","lineno":1,"logger":"py.warnings"}
{"timestamp":"2026-02-08T06:34:11.075838Z","level":"warning","event":"The `airflow.decorators.task` attribute is deprecated. Please use `'airflow.sdk.task'`.","category":"DeprecatedImportWarning","filename":"/opt/airflow/dags/branch_pipeline.py","lineno":1,"logger":"py.warnings"}
{"timestamp":"2026-02-08T06:34:11.076061Z","level":"warning","event":"The `airflow.operators.python.BranchPythonOperator` attribute is deprecated. Please use `'airflow.providers.standard.operators.python.BranchPythonOperator'`.","category":"DeprecatedImportWarning","filename":"/opt/airflow/dags/branch_pipeline.py","lineno":2,"logger":"py.warnings"}
{"timestamp":"2026-02-08T06:34:11.076191Z","level":"warning","event":"The `airflow.operators.bash.BashOperator` attribute is deprecated. Please use `'airflow.providers.standard.operators.bash.BashOperator'`.","category":"DeprecatedImportWarning","filename":"/opt/airflow/dags/branch_pipeline.py","lineno":3,"logger":"py.warnings"}
{"timestamp":"2026-02-08T06:34:42.694816Z","level":"info","event":"Filling up the DagBag from /opt/airflow/dags/branch_pipeline.py","logger":"airflow.models.dagbag.BundleDagBag","filename":"dagbag.py","lineno":593}
{"timestamp":"2026-02-08T06:34:42.746943Z","level":"warning","event":"The `airflow.decorators.dag` attribute is deprecated. Please use `'airflow.sdk.dag'`.","category":"DeprecatedImportWarning","filename":"/opt/airflow/dags/branch_pipeline.py","lineno":1,"logger":"py.warnings"}
{"timestamp":"2026-02-08T06:34:42.747222Z","level":"warning","event":"The `airflow.decorators.task` attribute is deprecated. Please use `'airflow.sdk.task'`.","category":"DeprecatedImportWarning","filename":"/opt/airflow/dags/branch_pipeline.py","lineno":1,"logger":"py.warnings"}
{"timestamp":"2026-02-08T06:34:42.747307Z","level":"warning","event":"The `airflow.operators.python.BranchPythonOperator` attribute is deprecated. Please use `'airflow.providers.standard.operators.python.BranchPythonOperator'`.","category":"DeprecatedImportWarning","filename":"/opt/airflow/dags/branch_pipeline.py","lineno":2,"logger":"py.warnings"}
{"timestamp":"2026-02-08T06:34:42.747422Z","level":"warning","event":"The `airflow.operators.bash.BashOperator` attribute is deprecated. Please use `'airflow.providers.standard.operators.bash.BashOperator'`.","category":"DeprecatedImportWarning","filename":"/opt/airflow/dags/branch_pipeline.py","lineno":3,"logger":"py.warnings"}
{"timestamp":"2026-02-08T06:35:14.380274Z","level":"info","event":"Filling up the DagBag from /opt/airflow/dags/branch_pipeline.py","logger":"airflow.models.dagbag.BundleDagBag","filename":"dagbag.py","lineno":593}
{"timestamp":"2026-02-08T06:35:14.443046Z","level":"warning","event":"The `airflow.decorators.dag` attribute is deprecated. Please use `'airflow.sdk.dag'`.","category":"DeprecatedImportWarning","filename":"/opt/airflow/dags/branch_pipeline.py","lineno":1,"logger":"py.warnings"}
{"timestamp":"2026-02-08T06:35:14.443471Z","level":"warning","event":"The `airflow.decorators.task` attribute is deprecated. Please use `'airflow.sdk.task'`.","category":"DeprecatedImportWarning","filename":"/opt/airflow/dags/branch_pipeline.py","lineno":1,"logger":"py.warnings"}
{"timestamp":"2026-02-08T06:35:14.443697Z","level":"warning","event":"The `airflow.operators.python.BranchPythonOperator` attribute is deprecated. Please use `'airflow.providers.standard.operators.python.BranchPythonOperator'`.","category":"DeprecatedImportWarning","filename":"/opt/airflow/dags/branch_pipeline.py","lineno":2,"logger":"py.warnings"}
{"timestamp":"2026-02-08T06:35:14.443777Z","level":"warning","event":"The `airflow.operators.bash.BashOperator` attribute is deprecated. Please use `'airflow.providers.standard.operators.bash.BashOperator'`.","category":"DeprecatedImportWarning","filename":"/opt/airflow/dags/branch_pipeline.py","lineno":3,"logger":"py.warnings"}
{"timestamp":"2026-02-08T06:47:52.935274Z","level":"info","event":"Filling up the DagBag from /opt/airflow/dags/branch_pipeline.py","logger":"airflow.models.dagbag.BundleDagBag","filename":"dagbag.py","lineno":593}
{"timestamp":"2026-02-08T06:47:53.172840Z","level":"warning","event":"The `airflow.decorators.dag` attribute is deprecated. Please use `'airflow.sdk.dag'`.","category":"DeprecatedImportWarning","filename":"/opt/airflow/dags/branch_pipeline.py","lineno":1,"logger":"py.warnings"}
{"timestamp":"2026-02-08T06:47:53.173776Z","level":"warning","event":"The `airflow.decorators.task` attribute is deprecated. Please use `'airflow.sdk.task'`.","category":"DeprecatedImportWarning","filename":"/opt/airflow/dags/branch_pipeline.py","lineno":1,"logger":"py.warnings"}
{"timestamp":"2026-02-08T06:47:53.174104Z","level":"warning","event":"The `airflow.operators.python.BranchPythonOperator` attribute is deprecated. Please use `'airflow.providers.standard.operators.python.BranchPythonOperator'`.","category":"DeprecatedImportWarning","filename":"/opt/airflow/dags/branch_pipeline.py","lineno":2,"logger":"py.warnings"}
{"timestamp":"2026-02-08T06:47:53.174362Z","level":"warning","event":"The `airflow.operators.bash.BashOperator` attribute is deprecated. Please use `'airflow.providers.standard.operators.bash.BashOperator'`.","category":"DeprecatedImportWarning","filename":"/opt/airflow/dags/branch_pipeline.py","lineno":3,"logger":"py.warnings"}
{"timestamp":"2026-02-08T06:48:24.412809Z","level":"info","event":"Filling up the DagBag from /opt/airflow/dags/branch_pipeline.py","logger":"airflow.models.dagbag.BundleDagBag","filename":"dagbag.py","lineno":593}
{"timestamp":"2026-02-08T06:48:24.580701Z","level":"warning","event":"The `airflow.decorators.dag` attribute is deprecated. Please use `'airflow.sdk.dag'`.","category":"DeprecatedImportWarning","filename":"/opt/airflow/dags/branch_pipeline.py","lineno":1,"logger":"py.warnings"}
{"timestamp":"2026-02-08T06:48:24.581218Z","level":"warning","event":"The `airflow.decorators.task` attribute is deprecated. Please use `'airflow.sdk.task'`.","category":"DeprecatedImportWarning","filename":"/opt/airflow/dags/branch_pipeline.py","lineno":1,"logger":"py.warnings"}
{"timestamp":"2026-02-08T06:48:24.581403Z","level":"warning","event":"The `airflow.operators.python.BranchPythonOperator` attribute is deprecated. Please use `'airflow.providers.standard.operators.python.BranchPythonOperator'`.","category":"DeprecatedImportWarning","filename":"/opt/airflow/dags/branch_pipeline.py","lineno":2,"logger":"py.warnings"}
{"timestamp":"2026-02-08T06:48:24.581534Z","level":"warning","event":"The `airflow.operators.bash.BashOperator` attribute is deprecated. Please use `'airflow.providers.standard.operators.bash.BashOperator'`.","category":"DeprecatedImportWarning","filename":"/opt/airflow/dags/branch_pipeline.py","lineno":3,"logger":"py.warnings"}
{"timestamp":"2026-02-08T06:48:54.845900Z","level":"info","event":"Filling up the DagBag from /opt/airflow/dags/branch_pipeline.py","logger":"airflow.models.dagbag.BundleDagBag","filename":"dagbag.py","lineno":593}
{"timestamp":"2026-02-08T06:48:54.902702Z","level":"warning","event":"The `airflow.decorators.dag` attribute is deprecated. Please use `'airflow.sdk.dag'`.","category":"DeprecatedImportWarning","filename":"/opt/airflow/dags/branch_pipeline.py","lineno":1,"logger":"py.warnings"}
{"timestamp":"2026-02-08T06:48:54.902890Z","level":"warning","event":"The `airflow.decorators.task` attribute is deprecated. Please use `'airflow.sdk.task'`.","category":"DeprecatedImportWarning","filename":"/opt/airflow/dags/branch_pipeline.py","lineno":1,"logger":"py.warnings"}
{"timestamp":"2026-02-08T06:48:54.902959Z","level":"warning","event":"The `airflow.operators.python.BranchPythonOperator` attribute is deprecated. Please use `'airflow.providers.standard.operators.python.BranchPythonOperator'`.","category":"DeprecatedImportWarning","filename":"/opt/airflow/dags/branch_pipeline.py","lineno":2,"logger":"py.warnings"}
{"timestamp":"2026-02-08T06:48:54.903006Z","level":"warning","event":"The `airflow.operators.bash.BashOperator` attribute is deprecated. Please use `'airflow.providers.standard.operators.bash.BashOperator'`.","category":"DeprecatedImportWarning","filename":"/opt/airflow/dags/branch_pipeline.py","lineno":3,"logger":"py.warnings"}
{"timestamp":"2026-02-08T06:49:25.667272Z","level":"info","event":"Filling up the DagBag from /opt/airflow/dags/branch_pipeline.py","logger":"airflow.models.dagbag.BundleDagBag","filename":"dagbag.py","lineno":593}
{"timestamp":"2026-02-08T06:49:25.731291Z","level":"warning","event":"The `airflow.decorators.dag` attribute is deprecated. Please use `'airflow.sdk.dag'`.","category":"DeprecatedImportWarning","filename":"/opt/airflow/dags/branch_pipeline.py","lineno":1,"logger":"py.warnings"}
{"timestamp":"2026-02-08T06:49:25.731466Z","level":"warning","event":"The `airflow.decorators.task` attribute is deprecated. Please use `'airflow.sdk.task'`.","category":"DeprecatedImportWarning","filename":"/opt/airflow/dags/branch_pipeline.py","lineno":1,"logger":"py.warnings"}
{"timestamp":"2026-02-08T06:49:25.731534Z","level":"warning","event":"The `airflow.operators.python.BranchPythonOperator` attribute is deprecated. Please use `'airflow.providers.standard.operators.python.BranchPythonOperator'`.","category":"DeprecatedImportWarning","filename":"/opt/airflow/dags/branch_pipeline.py","lineno":2,"logger":"py.warnings"}
{"timestamp":"2026-02-08T06:49:25.731581Z","level":"warning","event":"The `airflow.operators.bash.BashOperator` attribute is deprecated. Please use `'airflow.providers.standard.operators.bash.BashOperator'`.","category":"DeprecatedImportWarning","filename":"/opt/airflow/dags/branch_pipeline.py","lineno":3,"logger":"py.warnings"}
{"timestamp":"2026-02-08T06:49:57.162862Z","level":"info","event":"Filling up the DagBag from /opt/airflow/dags/branch_pipeline.py","logger":"airflow.models.dagbag.BundleDagBag","filename":"dagbag.py","lineno":593}
{"timestamp":"2026-02-08T06:49:57.234688Z","level":"warning","event":"The `airflow.decorators.dag` attribute is deprecated. Please use `'airflow.sdk.dag'`.","category":"DeprecatedImportWarning","filename":"/opt/airflow/dags/branch_pipeline.py","lineno":1,"logger":"py.warnings"}
{"timestamp":"2026-02-08T06:49:57.235031Z","level":"warning","event":"The `airflow.decorators.task` attribute is deprecated. Please use `'airflow.sdk.task'`.","category":"DeprecatedImportWarning","filename":"/opt/airflow/dags/branch_pipeline.py","lineno":1,"logger":"py.warnings"}
{"timestamp":"2026-02-08T06:49:57.235192Z","level":"warning","event":"The `airflow.operators.python.BranchPythonOperator` attribute is deprecated. Please use `'airflow.providers.standard.operators.python.BranchPythonOperator'`.","category":"DeprecatedImportWarning","filename":"/opt/airflow/dags/branch_pipeline.py","lineno":2,"logger":"py.warnings"}
{"timestamp":"2026-02-08T06:49:57.235390Z","level":"warning","event":"The `airflow.operators.bash.BashOperator` attribute is deprecated. Please use `'airflow.providers.standard.operators.bash.BashOperator'`.","category":"DeprecatedImportWarning","filename":"/opt/airflow/dags/branch_pipeline.py","lineno":3,"logger":"py.warnings"}
{"timestamp":"2026-02-08T06:50:27.911280Z","level":"info","event":"Filling up the DagBag from /opt/airflow/dags/branch_pipeline.py","logger":"airflow.models.dagbag.BundleDagBag","filename":"dagbag.py","lineno":593}
{"timestamp":"2026-02-08T06:50:27.958010Z","level":"warning","event":"The `airflow.decorators.dag` attribute is deprecated. Please use `'airflow.sdk.dag'`.","category":"DeprecatedImportWarning","filename":"/opt/airflow/dags/branch_pipeline.py","lineno":1,"logger":"py.warnings"}
{"timestamp":"2026-02-08T06:50:27.958205Z","level":"warning","event":"The `airflow.decorators.task` attribute is deprecated. Please use `'airflow.sdk.task'`.","category":"DeprecatedImportWarning","filename":"/opt/airflow/dags/branch_pipeline.py","lineno":1,"logger":"py.warnings"}
{"timestamp":"2026-02-08T06:50:27.958285Z","level":"warning","event":"The `airflow.operators.python.BranchPythonOperator` attribute is deprecated. Please use `'airflow.providers.standard.operators.python.BranchPythonOperator'`.","category":"DeprecatedImportWarning","filename":"/opt/airflow/dags/branch_pipeline.py","lineno":2,"logger":"py.warnings"}
{"timestamp":"2026-02-08T06:50:27.958337Z","level":"warning","event":"The `airflow.operators.bash.BashOperator` attribute is deprecated. Please use `'airflow.providers.standard.operators.bash.BashOperator'`.","category":"DeprecatedImportWarning","filename":"/opt/airflow/dags/branch_pipeline.py","lineno":3,"logger":"py.warnings"}
{"timestamp":"2026-02-08T06:50:58.357945Z","level":"info","event":"Filling up the DagBag from /opt/airflow/dags/branch_pipeline.py","logger":"airflow.models.dagbag.BundleDagBag","filename":"dagbag.py","lineno":593}
{"timestamp":"2026-02-08T06:50:58.412952Z","level":"warning","event":"The `airflow.decorators.dag` attribute is deprecated. Please use `'airflow.sdk.dag'`.","category":"DeprecatedImportWarning","filename":"/opt/airflow/dags/branch_pipeline.py","lineno":1,"logger":"py.warnings"}
{"timestamp":"2026-02-08T06:50:58.413137Z","level":"warning","event":"The `airflow.decorators.task` attribute is deprecated. Please use `'airflow.sdk.task'`.","category":"DeprecatedImportWarning","filename":"/opt/airflow/dags/branch_pipeline.py","lineno":1,"logger":"py.warnings"}
{"timestamp":"2026-02-08T06:50:58.413211Z","level":"warning","event":"The `airflow.operators.python.BranchPythonOperator` attribute is deprecated. Please use `'airflow.providers.standard.operators.python.BranchPythonOperator'`.","category":"DeprecatedImportWarning","filename":"/opt/airflow/dags/branch_pipeline.py","lineno":2,"logger":"py.warnings"}
{"timestamp":"2026-02-08T06:50:58.413264Z","level":"warning","event":"The `airflow.operators.bash.BashOperator` attribute is deprecated. Please use `'airflow.providers.standard.operators.bash.BashOperator'`.","category":"DeprecatedImportWarning","filename":"/opt/airflow/dags/branch_pipeline.py","lineno":3,"logger":"py.warnings"}
{"timestamp":"2026-02-08T06:51:29.717390Z","level":"info","event":"Filling up the DagBag from /opt/airflow/dags/branch_pipeline.py","logger":"airflow.models.dagbag.BundleDagBag","filename":"dagbag.py","lineno":593}
{"timestamp":"2026-02-08T06:51:29.761385Z","level":"warning","event":"The `airflow.decorators.dag` attribute is deprecated. Please use `'airflow.sdk.dag'`.","category":"DeprecatedImportWarning","filename":"/opt/airflow/dags/branch_pipeline.py","lineno":1,"logger":"py.warnings"}
{"timestamp":"2026-02-08T06:51:29.761575Z","level":"warning","event":"The `airflow.decorators.task` attribute is deprecated. Please use `'airflow.sdk.task'`.","category":"DeprecatedImportWarning","filename":"/opt/airflow/dags/branch_pipeline.py","lineno":1,"logger":"py.warnings"}
{"timestamp":"2026-02-08T06:51:29.761649Z","level":"warning","event":"The `airflow.operators.python.BranchPythonOperator` attribute is deprecated. Please use `'airflow.providers.standard.operators.python.BranchPythonOperator'`.","category":"DeprecatedImportWarning","filename":"/opt/airflow/dags/branch_pipeline.py","lineno":2,"logger":"py.warnings"}
{"timestamp":"2026-02-08T06:51:29.761696Z","level":"warning","event":"The `airflow.operators.bash.BashOperator` attribute is deprecated. Please use `'airflow.providers.standard.operators.bash.BashOperator'`.","category":"DeprecatedImportWarning","filename":"/opt/airflow/dags/branch_pipeline.py","lineno":3,"logger":"py.warnings"}
{"timestamp":"2026-02-08T06:52:01.160720Z","level":"info","event":"Filling up the DagBag from /opt/airflow/dags/branch_pipeline.py","logger":"airflow.models.dagbag.BundleDagBag","filename":"dagbag.py","lineno":593}
{"timestamp":"2026-02-08T06:52:01.218165Z","level":"warning","event":"The `airflow.decorators.dag` attribute is deprecated. Please use `'airflow.sdk.dag'`.","category":"DeprecatedImportWarning","filename":"/opt/airflow/dags/branch_pipeline.py","lineno":1,"logger":"py.warnings"}
{"timestamp":"2026-02-08T06:52:01.218358Z","level":"warning","event":"The `airflow.decorators.task` attribute is deprecated. Please use `'airflow.sdk.task'`.","category":"DeprecatedImportWarning","filename":"/opt/airflow/dags/branch_pipeline.py","lineno":1,"logger":"py.warnings"}
{"timestamp":"2026-02-08T06:52:01.218431Z","level":"warning","event":"The `airflow.operators.python.BranchPythonOperator` attribute is deprecated. Please use `'airflow.providers.standard.operators.python.BranchPythonOperator'`.","category":"DeprecatedImportWarning","filename":"/opt/airflow/dags/branch_pipeline.py","lineno":2,"logger":"py.warnings"}
{"timestamp":"2026-02-08T06:52:01.218489Z","level":"warning","event":"The `airflow.operators.bash.BashOperator` attribute is deprecated. Please use `'airflow.providers.standard.operators.bash.BashOperator'`.","category":"DeprecatedImportWarning","filename":"/opt/airflow/dags/branch_pipeline.py","lineno":3,"logger":"py.warnings"}
{"timestamp":"2026-02-08T06:52:31.518457Z","level":"info","event":"Filling up the DagBag from /opt/airflow/dags/branch_pipeline.py","logger":"airflow.models.dagbag.BundleDagBag","filename":"dagbag.py","lineno":593}
{"timestamp":"2026-02-08T06:52:31.559838Z","level":"warning","event":"The `airflow.decorators.dag` attribute is deprecated. Please use `'airflow.sdk.dag'`.","category":"DeprecatedImportWarning","filename":"/opt/airflow/dags/branch_pipeline.py","lineno":1,"logger":"py.warnings"}
{"timestamp":"2026-02-08T06:52:31.560020Z","level":"warning","event":"The `airflow.decorators.task` attribute is deprecated. Please use `'airflow.sdk.task'`.","category":"DeprecatedImportWarning","filename":"/opt/airflow/dags/branch_pipeline.py","lineno":1,"logger":"py.warnings"}
{"timestamp":"2026-02-08T06:52:31.560088Z","level":"warning","event":"The `airflow.operators.python.BranchPythonOperator` attribute is deprecated. Please use `'airflow.providers.standard.operators.python.BranchPythonOperator'`.","category":"DeprecatedImportWarning","filename":"/opt/airflow/dags/branch_pipeline.py","lineno":2,"logger":"py.warnings"}
{"timestamp":"2026-02-08T06:52:31.560146Z","level":"warning","event":"The `airflow.operators.bash.BashOperator` attribute is deprecated. Please use `'airflow.providers.standard.operators.bash.BashOperator'`.","category":"DeprecatedImportWarning","filename":"/opt/airflow/dags/branch_pipeline.py","lineno":3,"logger":"py.warnings"}
{"timestamp":"2026-02-08T06:53:02.855128Z","level":"info","event":"Filling up the DagBag from /opt/airflow/dags/branch_pipeline.py","logger":"airflow.models.dagbag.BundleDagBag","filename":"dagbag.py","lineno":593}
{"timestamp":"2026-02-08T06:53:02.989983Z","level":"warning","event":"The `airflow.decorators.dag` attribute is deprecated. Please use `'airflow.sdk.dag'`.","category":"DeprecatedImportWarning","filename":"/opt/airflow/dags/branch_pipeline.py","lineno":1,"logger":"py.warnings"}
{"timestamp":"2026-02-08T06:53:02.990225Z","level":"warning","event":"The `airflow.decorators.task` attribute is deprecated. Please use `'airflow.sdk.task'`.","category":"DeprecatedImportWarning","filename":"/opt/airflow/dags/branch_pipeline.py","lineno":1,"logger":"py.warnings"}
{"timestamp":"2026-02-08T06:53:02.990307Z","level":"warning","event":"The `airflow.operators.python.BranchPythonOperator` attribute is deprecated. Please use `'airflow.providers.standard.operators.python.BranchPythonOperator'`.","category":"DeprecatedImportWarning","filename":"/opt/airflow/dags/branch_pipeline.py","lineno":2,"logger":"py.warnings"}
{"timestamp":"2026-02-08T06:53:02.990365Z","level":"warning","event":"The `airflow.operators.bash.BashOperator` attribute is deprecated. Please use `'airflow.providers.standard.operators.bash.BashOperator'`.","category":"DeprecatedImportWarning","filename":"/opt/airflow/dags/branch_pipeline.py","lineno":3,"logger":"py.warnings"}
{"timestamp":"2026-02-08T06:53:33.749773Z","level":"info","event":"Filling up the DagBag from /opt/airflow/dags/branch_pipeline.py","logger":"airflow.models.dagbag.BundleDagBag","filename":"dagbag.py","lineno":593}
{"timestamp":"2026-02-08T06:53:33.806565Z","level":"warning","event":"The `airflow.decorators.dag` attribute is deprecated. Please use `'airflow.sdk.dag'`.","category":"DeprecatedImportWarning","filename":"/opt/airflow/dags/branch_pipeline.py","lineno":1,"logger":"py.warnings"}
{"timestamp":"2026-02-08T06:53:33.806773Z","level":"warning","event":"The `airflow.decorators.task` attribute is deprecated. Please use `'airflow.sdk.task'`.","category":"DeprecatedImportWarning","filename":"/opt/airflow/dags/branch_pipeline.py","lineno":1,"logger":"py.warnings"}
{"timestamp":"2026-02-08T06:53:33.806842Z","level":"warning","event":"The `airflow.operators.python.BranchPythonOperator` attribute is deprecated. Please use `'airflow.providers.standard.operators.python.BranchPythonOperator'`.","category":"DeprecatedImportWarning","filename":"/opt/airflow/dags/branch_pipeline.py","lineno":2,"logger":"py.warnings"}
{"timestamp":"2026-02-08T06:53:33.806891Z","level":"warning","event":"The `airflow.operators.bash.BashOperator` attribute is deprecated. Please use `'airflow.providers.standard.operators.bash.BashOperator'`.","category":"DeprecatedImportWarning","filename":"/opt/airflow/dags/branch_pipeline.py","lineno":3,"logger":"py.warnings"}
{"timestamp":"2026-02-08T06:54:05.186072Z","level":"info","event":"Filling up the DagBag from /opt/airflow/dags/branch_pipeline.py","logger":"airflow.models.dagbag.BundleDagBag","filename":"dagbag.py","lineno":593}
{"timestamp":"2026-02-08T06:54:05.280272Z","level":"warning","event":"The `airflow.decorators.dag` attribute is deprecated. Please use `'airflow.sdk.dag'`.","category":"DeprecatedImportWarning","filename":"/opt/airflow/dags/branch_pipeline.py","lineno":1,"logger":"py.warnings"}
{"timestamp":"2026-02-08T06:54:05.280653Z","level":"warning","event":"The `airflow.decorators.task` attribute is deprecated. Please use `'airflow.sdk.task'`.","category":"DeprecatedImportWarning","filename":"/opt/airflow/dags/branch_pipeline.py","lineno":1,"logger":"py.warnings"}
{"timestamp":"2026-02-08T06:54:05.280745Z","level":"warning","event":"The `airflow.operators.python.BranchPythonOperator` attribute is deprecated. Please use `'airflow.providers.standard.operators.python.BranchPythonOperator'`.","category":"DeprecatedImportWarning","filename":"/opt/airflow/dags/branch_pipeline.py","lineno":2,"logger":"py.warnings"}
{"timestamp":"2026-02-08T06:54:05.280808Z","level":"warning","event":"The `airflow.operators.bash.BashOperator` attribute is deprecated. Please use `'airflow.providers.standard.operators.bash.BashOperator'`.","category":"DeprecatedImportWarning","filename":"/opt/airflow/dags/branch_pipeline.py","lineno":3,"logger":"py.warnings"}
{"timestamp":"2026-02-08T06:54:35.972161Z","level":"info","event":"Filling up the DagBag from /opt/airflow/dags/branch_pipeline.py","logger":"airflow.models.dagbag.BundleDagBag","filename":"dagbag.py","lineno":593}
{"timestamp":"2026-02-08T06:54:36.041507Z","level":"warning","event":"The `airflow.decorators.dag` attribute is deprecated. Please use `'airflow.sdk.dag'`.","category":"DeprecatedImportWarning","filename":"/opt/airflow/dags/branch_pipeline.py","lineno":1,"logger":"py.warnings"}
{"timestamp":"2026-02-08T06:54:36.041873Z","level":"warning","event":"The `airflow.decorators.task` attribute is deprecated. Please use `'airflow.sdk.task'`.","category":"DeprecatedImportWarning","filename":"/opt/airflow/dags/branch_pipeline.py","lineno":1,"logger":"py.warnings"}
{"timestamp":"2026-02-08T06:54:36.042025Z","level":"warning","event":"The `airflow.operators.python.BranchPythonOperator` attribute is deprecated. Please use `'airflow.providers.standard.operators.python.BranchPythonOperator'`.","category":"DeprecatedImportWarning","filename":"/opt/airflow/dags/branch_pipeline.py","lineno":2,"logger":"py.warnings"}
{"timestamp":"2026-02-08T06:54:36.042124Z","level":"warning","event":"The `airflow.operators.bash.BashOperator` attribute is deprecated. Please use `'airflow.providers.standard.operators.bash.BashOperator'`.","category":"DeprecatedImportWarning","filename":"/opt/airflow/dags/branch_pipeline.py","lineno":3,"logger":"py.warnings"}
{"timestamp":"2026-02-08T06:55:07.468717Z","level":"info","event":"Filling up the DagBag from /opt/airflow/dags/branch_pipeline.py","logger":"airflow.models.dagbag.BundleDagBag","filename":"dagbag.py","lineno":593}
{"timestamp":"2026-02-08T06:55:07.519441Z","level":"warning","event":"The `airflow.decorators.dag` attribute is deprecated. Please use `'airflow.sdk.dag'`.","category":"DeprecatedImportWarning","filename":"/opt/airflow/dags/branch_pipeline.py","lineno":1,"logger":"py.warnings"}
{"timestamp":"2026-02-08T06:55:07.519646Z","level":"warning","event":"The `airflow.decorators.task` attribute is deprecated. Please use `'airflow.sdk.task'`.","category":"DeprecatedImportWarning","filename":"/opt/airflow/dags/branch_pipeline.py","lineno":1,"logger":"py.warnings"}
{"timestamp":"2026-02-08T06:55:07.519726Z","level":"warning","event":"The `airflow.operators.python.BranchPythonOperator` attribute is deprecated. Please use `'airflow.providers.standard.operators.python.BranchPythonOperator'`.","category":"DeprecatedImportWarning","filename":"/opt/airflow/dags/branch_pipeline.py","lineno":2,"logger":"py.warnings"}
{"timestamp":"2026-02-08T06:55:07.519774Z","level":"warning","event":"The `airflow.operators.bash.BashOperator` attribute is deprecated. Please use `'airflow.providers.standard.operators.bash.BashOperator'`.","category":"DeprecatedImportWarning","filename":"/opt/airflow/dags/branch_pipeline.py","lineno":3,"logger":"py.warnings"}
{"timestamp":"2026-02-08T06:55:37.908069Z","level":"info","event":"Filling up the DagBag from /opt/airflow/dags/branch_pipeline.py","logger":"airflow.models.dagbag.BundleDagBag","filename":"dagbag.py","lineno":593}
{"timestamp":"2026-02-08T06:55:37.970539Z","level":"warning","event":"The `airflow.decorators.dag` attribute is deprecated. Please use `'airflow.sdk.dag'`.","category":"DeprecatedImportWarning","filename":"/opt/airflow/dags/branch_pipeline.py","lineno":1,"logger":"py.warnings"}
{"timestamp":"2026-02-08T06:55:37.970760Z","level":"warning","event":"The `airflow.decorators.task` attribute is deprecated. Please use `'airflow.sdk.task'`.","category":"DeprecatedImportWarning","filename":"/opt/airflow/dags/branch_pipeline.py","lineno":1,"logger":"py.warnings"}
{"timestamp":"2026-02-08T06:55:37.970848Z","level":"warning","event":"The `airflow.operators.python.BranchPythonOperator` attribute is deprecated. Please use `'airflow.providers.standard.operators.python.BranchPythonOperator'`.","category":"DeprecatedImportWarning","filename":"/opt/airflow/dags/branch_pipeline.py","lineno":2,"logger":"py.warnings"}
{"timestamp":"2026-02-08T06:55:37.970930Z","level":"warning","event":"The `airflow.operators.bash.BashOperator` attribute is deprecated. Please use `'airflow.providers.standard.operators.bash.BashOperator'`.","category":"DeprecatedImportWarning","filename":"/opt/airflow/dags/branch_pipeline.py","lineno":3,"logger":"py.warnings"}
{"timestamp":"2026-02-08T06:56:08.628526Z","level":"info","event":"Filling up the DagBag from /opt/airflow/dags/branch_pipeline.py","logger":"airflow.models.dagbag.BundleDagBag","filename":"dagbag.py","lineno":593}
{"timestamp":"2026-02-08T06:56:08.681044Z","level":"warning","event":"The `airflow.decorators.dag` attribute is deprecated. Please use `'airflow.sdk.dag'`.","category":"DeprecatedImportWarning","filename":"/opt/airflow/dags/branch_pipeline.py","lineno":1,"logger":"py.warnings"}
{"timestamp":"2026-02-08T06:56:08.681368Z","level":"warning","event":"The `airflow.decorators.task` attribute is deprecated. Please use `'airflow.sdk.task'`.","category":"DeprecatedImportWarning","filename":"/opt/airflow/dags/branch_pipeline.py","lineno":1,"logger":"py.warnings"}
{"timestamp":"2026-02-08T06:56:08.681458Z","level":"warning","event":"The `airflow.operators.python.BranchPythonOperator` attribute is deprecated. Please use `'airflow.providers.standard.operators.python.BranchPythonOperator'`.","category":"DeprecatedImportWarning","filename":"/opt/airflow/dags/branch_pipeline.py","lineno":2,"logger":"py.warnings"}
{"timestamp":"2026-02-08T06:56:08.681532Z","level":"warning","event":"The `airflow.operators.bash.BashOperator` attribute is deprecated. Please use `'airflow.providers.standard.operators.bash.BashOperator'`.","category":"DeprecatedImportWarning","filename":"/opt/airflow/dags/branch_pipeline.py","lineno":3,"logger":"py.warnings"}
{"timestamp":"2026-02-08T06:56:40.282628Z","level":"info","event":"Filling up the DagBag from /opt/airflow/dags/branch_pipeline.py","logger":"airflow.models.dagbag.BundleDagBag","filename":"dagbag.py","lineno":593}
{"timestamp":"2026-02-08T06:56:40.326221Z","level":"warning","event":"The `airflow.decorators.dag` attribute is deprecated. Please use `'airflow.sdk.dag'`.","category":"DeprecatedImportWarning","filename":"/opt/airflow/dags/branch_pipeline.py","lineno":1,"logger":"py.warnings"}
{"timestamp":"2026-02-08T06:56:40.326410Z","level":"warning","event":"The `airflow.decorators.task` attribute is deprecated. Please use `'airflow.sdk.task'`.","category":"DeprecatedImportWarning","filename":"/opt/airflow/dags/branch_pipeline.py","lineno":1,"logger":"py.warnings"}
{"timestamp":"2026-02-08T06:56:40.326481Z","level":"warning","event":"The `airflow.operators.python.BranchPythonOperator` attribute is deprecated. Please use `'airflow.providers.standard.operators.python.BranchPythonOperator'`.","category":"DeprecatedImportWarning","filename":"/opt/airflow/dags/branch_pipeline.py","lineno":2,"logger":"py.warnings"}
{"timestamp":"2026-02-08T06:56:40.326540Z","level":"warning","event":"The `airflow.operators.bash.BashOperator` attribute is deprecated. Please use `'airflow.providers.standard.operators.bash.BashOperator'`.","category":"DeprecatedImportWarning","filename":"/opt/airflow/dags/branch_pipeline.py","lineno":3,"logger":"py.warnings"}
{"timestamp":"2026-02-08T06:57:11.547266Z","level":"info","event":"Filling up the DagBag from /opt/airflow/dags/branch_pipeline.py","logger":"airflow.models.dagbag.BundleDagBag","filename":"dagbag.py","lineno":593}
{"timestamp":"2026-02-08T06:57:11.594202Z","level":"warning","event":"The `airflow.decorators.dag` attribute is deprecated. Please use `'airflow.sdk.dag'`.","category":"DeprecatedImportWarning","filename":"/opt/airflow/dags/branch_pipeline.py","lineno":1,"logger":"py.warnings"}
{"timestamp":"2026-02-08T06:57:11.594471Z","level":"warning","event":"The `airflow.decorators.task` attribute is deprecated. Please use `'airflow.sdk.task'`.","category":"DeprecatedImportWarning","filename":"/opt/airflow/dags/branch_pipeline.py","lineno":1,"logger":"py.warnings"}
{"timestamp":"2026-02-08T06:57:11.594548Z","level":"warning","event":"The `airflow.operators.python.BranchPythonOperator` attribute is deprecated. Please use `'airflow.providers.standard.operators.python.BranchPythonOperator'`.","category":"DeprecatedImportWarning","filename":"/opt/airflow/dags/branch_pipeline.py","lineno":2,"logger":"py.warnings"}
{"timestamp":"2026-02-08T06:57:11.594614Z","level":"warning","event":"The `airflow.operators.bash.BashOperator` attribute is deprecated. Please use `'airflow.providers.standard.operators.bash.BashOperator'`.","category":"DeprecatedImportWarning","filename":"/opt/airflow/dags/branch_pipeline.py","lineno":3,"logger":"py.warnings"}
{"timestamp":"2026-02-08T06:57:41.833031Z","level":"info","event":"Filling up the DagBag from /opt/airflow/dags/branch_pipeline.py","logger":"airflow.models.dagbag.BundleDagBag","filename":"dagbag.py","lineno":593}
{"timestamp":"2026-02-08T06:57:41.886557Z","level":"warning","event":"The `airflow.decorators.dag` attribute is deprecated. Please use `'airflow.sdk.dag'`.","category":"DeprecatedImportWarning","filename":"/opt/airflow/dags/branch_pipeline.py","lineno":1,"logger":"py.warnings"}
{"timestamp":"2026-02-08T06:57:41.886724Z","level":"warning","event":"The `airflow.decorators.task` attribute is deprecated. Please use `'airflow.sdk.task'`.","category":"DeprecatedImportWarning","filename":"/opt/airflow/dags/branch_pipeline.py","lineno":1,"logger":"py.warnings"}
{"timestamp":"2026-02-08T06:57:41.886781Z","level":"warning","event":"The `airflow.operators.python.BranchPythonOperator` attribute is deprecated. Please use `'airflow.providers.standard.operators.python.BranchPythonOperator'`.","category":"DeprecatedImportWarning","filename":"/opt/airflow/dags/branch_pipeline.py","lineno":2,"logger":"py.warnings"}
{"timestamp":"2026-02-08T06:57:41.886902Z","level":"warning","event":"The `airflow.operators.bash.BashOperator` attribute is deprecated. Please use `'airflow.providers.standard.operators.bash.BashOperator'`.","category":"DeprecatedImportWarning","filename":"/opt/airflow/dags/branch_pipeline.py","lineno":3,"logger":"py.warnings"}
{"timestamp":"2026-02-08T06:58:12.941427Z","level":"info","event":"Filling up the DagBag from /opt/airflow/dags/branch_pipeline.py","logger":"airflow.models.dagbag.BundleDagBag","filename":"dagbag.py","lineno":593}
{"timestamp":"2026-02-08T06:58:12.989105Z","level":"warning","event":"The `airflow.decorators.dag` attribute is deprecated. Please use `'airflow.sdk.dag'`.","category":"DeprecatedImportWarning","filename":"/opt/airflow/dags/branch_pipeline.py","lineno":1,"logger":"py.warnings"}
{"timestamp":"2026-02-08T06:58:12.989280Z","level":"warning","event":"The `airflow.decorators.task` attribute is deprecated. Please use `'airflow.sdk.task'`.","category":"DeprecatedImportWarning","filename":"/opt/airflow/dags/branch_pipeline.py","lineno":1,"logger":"py.warnings"}
{"timestamp":"2026-02-08T06:58:12.989349Z","level":"warning","event":"The `airflow.operators.python.BranchPythonOperator` attribute is deprecated. Please use `'airflow.providers.standard.operators.python.BranchPythonOperator'`.","category":"DeprecatedImportWarning","filename":"/opt/airflow/dags/branch_pipeline.py","lineno":2,"logger":"py.warnings"}
{"timestamp":"2026-02-08T06:58:12.989398Z","level":"warning","event":"The `airflow.operators.bash.BashOperator` attribute is deprecated. Please use `'airflow.providers.standard.operators.bash.BashOperator'`.","category":"DeprecatedImportWarning","filename":"/opt/airflow/dags/branch_pipeline.py","lineno":3,"logger":"py.warnings"}
{"timestamp":"2026-02-08T06:58:44.566744Z","level":"info","event":"Filling up the DagBag from /opt/airflow/dags/branch_pipeline.py","logger":"airflow.models.dagbag.BundleDagBag","filename":"dagbag.py","lineno":593}
{"timestamp":"2026-02-08T06:58:44.610407Z","level":"warning","event":"The `airflow.decorators.dag` attribute is deprecated. Please use `'airflow.sdk.dag'`.","category":"DeprecatedImportWarning","filename":"/opt/airflow/dags/branch_pipeline.py","lineno":1,"logger":"py.warnings"}
{"timestamp":"2026-02-08T06:58:44.610581Z","level":"warning","event":"The `airflow.decorators.task` attribute is deprecated. Please use `'airflow.sdk.task'`.","category":"DeprecatedImportWarning","filename":"/opt/airflow/dags/branch_pipeline.py","lineno":1,"logger":"py.warnings"}
{"timestamp":"2026-02-08T06:58:44.610646Z","level":"warning","event":"The `airflow.operators.python.BranchPythonOperator` attribute is deprecated. Please use `'airflow.providers.standard.operators.python.BranchPythonOperator'`.","category":"DeprecatedImportWarning","filename":"/opt/airflow/dags/branch_pipeline.py","lineno":2,"logger":"py.warnings"}
{"timestamp":"2026-02-08T06:58:44.610700Z","level":"warning","event":"The `airflow.operators.bash.BashOperator` attribute is deprecated. Please use `'airflow.providers.standard.operators.bash.BashOperator'`.","category":"DeprecatedImportWarning","filename":"/opt/airflow/dags/branch_pipeline.py","lineno":3,"logger":"py.warnings"}
{"timestamp":"2026-02-08T06:59:16.025358Z","level":"info","event":"Filling up the DagBag from /opt/airflow/dags/branch_pipeline.py","logger":"airflow.models.dagbag.BundleDagBag","filename":"dagbag.py","lineno":593}
{"timestamp":"2026-02-08T06:59:16.077359Z","level":"warning","event":"The `airflow.decorators.dag` attribute is deprecated. Please use `'airflow.sdk.dag'`.","category":"DeprecatedImportWarning","filename":"/opt/airflow/dags/branch_pipeline.py","lineno":1,"logger":"py.warnings"}
{"timestamp":"2026-02-08T06:59:16.077539Z","level":"warning","event":"The `airflow.decorators.task` attribute is deprecated. Please use `'airflow.sdk.task'`.","category":"DeprecatedImportWarning","filename":"/opt/airflow/dags/branch_pipeline.py","lineno":1,"logger":"py.warnings"}
{"timestamp":"2026-02-08T06:59:16.077608Z","level":"warning","event":"The `airflow.operators.python.BranchPythonOperator` attribute is deprecated. Please use `'airflow.providers.standard.operators.python.BranchPythonOperator'`.","category":"DeprecatedImportWarning","filename":"/opt/airflow/dags/branch_pipeline.py","lineno":2,"logger":"py.warnings"}
{"timestamp":"2026-02-08T06:59:16.077682Z","level":"warning","event":"The `airflow.operators.bash.BashOperator` attribute is deprecated. Please use `'airflow.providers.standard.operators.bash.BashOperator'`.","category":"DeprecatedImportWarning","filename":"/opt/airflow/dags/branch_pipeline.py","lineno":3,"logger":"py.warnings"}
{"timestamp":"2026-02-08T06:59:46.471919Z","level":"info","event":"Filling up the DagBag from /opt/airflow/dags/branch_pipeline.py","logger":"airflow.models.dagbag.BundleDagBag","filename":"dagbag.py","lineno":593}
{"timestamp":"2026-02-08T06:59:46.589454Z","level":"warning","event":"The `airflow.decorators.dag` attribute is deprecated. Please use `'airflow.sdk.dag'`.","category":"DeprecatedImportWarning","filename":"/opt/airflow/dags/branch_pipeline.py","lineno":1,"logger":"py.warnings"}
{"timestamp":"2026-02-08T06:59:46.589654Z","level":"warning","event":"The `airflow.decorators.task` attribute is deprecated. Please use `'airflow.sdk.task'`.","category":"DeprecatedImportWarning","filename":"/opt/airflow/dags/branch_pipeline.py","lineno":1,"logger":"py.warnings"}
{"timestamp":"2026-02-08T06:59:46.589736Z","level":"warning","event":"The `airflow.operators.python.BranchPythonOperator` attribute is deprecated. Please use `'airflow.providers.standard.operators.python.BranchPythonOperator'`.","category":"DeprecatedImportWarning","filename":"/opt/airflow/dags/branch_pipeline.py","lineno":2,"logger":"py.warnings"}
{"timestamp":"2026-02-08T06:59:46.589788Z","level":"warning","event":"The `airflow.operators.bash.BashOperator` attribute is deprecated. Please use `'airflow.providers.standard.operators.bash.BashOperator'`.","category":"DeprecatedImportWarning","filename":"/opt/airflow/dags/branch_pipeline.py","lineno":3,"logger":"py.warnings"}
{"timestamp":"2026-02-08T07:00:18.304205Z","level":"info","event":"Filling up the DagBag from /opt/airflow/dags/branch_pipeline.py","logger":"airflow.models.dagbag.BundleDagBag","filename":"dagbag.py","lineno":593}
{"timestamp":"2026-02-08T07:00:18.361646Z","level":"warning","event":"The `airflow.decorators.dag` attribute is deprecated. Please use `'airflow.sdk.dag'`.","category":"DeprecatedImportWarning","filename":"/opt/airflow/dags/branch_pipeline.py","lineno":1,"logger":"py.warnings"}
{"timestamp":"2026-02-08T07:00:18.361842Z","level":"warning","event":"The `airflow.decorators.task` attribute is deprecated. Please use `'airflow.sdk.task'`.","category":"DeprecatedImportWarning","filename":"/opt/airflow/dags/branch_pipeline.py","lineno":1,"logger":"py.warnings"}
{"timestamp":"2026-02-08T07:00:18.361915Z","level":"warning","event":"The `airflow.operators.python.BranchPythonOperator` attribute is deprecated. Please use `'airflow.providers.standard.operators.python.BranchPythonOperator'`.","category":"DeprecatedImportWarning","filename":"/opt/airflow/dags/branch_pipeline.py","lineno":2,"logger":"py.warnings"}
{"timestamp":"2026-02-08T07:00:18.361965Z","level":"warning","event":"The `airflow.operators.bash.BashOperator` attribute is deprecated. Please use `'airflow.providers.standard.operators.bash.BashOperator'`.","category":"DeprecatedImportWarning","filename":"/opt/airflow/dags/branch_pipeline.py","lineno":3,"logger":"py.warnings"}
{"timestamp":"2026-02-08T07:00:48.926992Z","level":"info","event":"Filling up the DagBag from /opt/airflow/dags/branch_pipeline.py","logger":"airflow.models.dagbag.BundleDagBag","filename":"dagbag.py","lineno":593}
{"timestamp":"2026-02-08T07:00:48.988148Z","level":"warning","event":"The `airflow.decorators.dag` attribute is deprecated. Please use `'airflow.sdk.dag'`.","category":"DeprecatedImportWarning","filename":"/opt/airflow/dags/branch_pipeline.py","lineno":1,"logger":"py.warnings"}
{"timestamp":"2026-02-08T07:00:48.988686Z","level":"warning","event":"The `airflow.decorators.task` attribute is deprecated. Please use `'airflow.sdk.task'`.","category":"DeprecatedImportWarning","filename":"/opt/airflow/dags/branch_pipeline.py","lineno":1,"logger":"py.warnings"}
{"timestamp":"2026-02-08T07:00:48.989329Z","level":"warning","event":"The `airflow.operators.python.BranchPythonOperator` attribute is deprecated. Please use `'airflow.providers.standard.operators.python.BranchPythonOperator'`.","category":"DeprecatedImportWarning","filename":"/opt/airflow/dags/branch_pipeline.py","lineno":2,"logger":"py.warnings"}
{"timestamp":"2026-02-08T07:00:48.989650Z","level":"warning","event":"The `airflow.operators.bash.BashOperator` attribute is deprecated. Please use `'airflow.providers.standard.operators.bash.BashOperator'`.","category":"DeprecatedImportWarning","filename":"/opt/airflow/dags/branch_pipeline.py","lineno":3,"logger":"py.warnings"}
{"timestamp":"2026-02-08T07:01:20.632371Z","level":"info","event":"Filling up the DagBag from /opt/airflow/dags/branch_pipeline.py","logger":"airflow.models.dagbag.BundleDagBag","filename":"dagbag.py","lineno":593}
{"timestamp":"2026-02-08T07:01:20.681882Z","level":"warning","event":"The `airflow.decorators.dag` attribute is deprecated. Please use `'airflow.sdk.dag'`.","category":"DeprecatedImportWarning","filename":"/opt/airflow/dags/branch_pipeline.py","lineno":1,"logger":"py.warnings"}
{"timestamp":"2026-02-08T07:01:20.682183Z","level":"warning","event":"The `airflow.decorators.task` attribute is deprecated. Please use `'airflow.sdk.task'`.","category":"DeprecatedImportWarning","filename":"/opt/airflow/dags/branch_pipeline.py","lineno":1,"logger":"py.warnings"}
{"timestamp":"2026-02-08T07:01:20.682264Z","level":"warning","event":"The `airflow.operators.python.BranchPythonOperator` attribute is deprecated. Please use `'airflow.providers.standard.operators.python.BranchPythonOperator'`.","category":"DeprecatedImportWarning","filename":"/opt/airflow/dags/branch_pipeline.py","lineno":2,"logger":"py.warnings"}
{"timestamp":"2026-02-08T07:01:20.682315Z","level":"warning","event":"The `airflow.operators.bash.BashOperator` attribute is deprecated. Please use `'airflow.providers.standard.operators.bash.BashOperator'`.","category":"DeprecatedImportWarning","filename":"/opt/airflow/dags/branch_pipeline.py","lineno":3,"logger":"py.warnings"}
{"timestamp":"2026-02-08T07:01:51.151686Z","level":"info","event":"Filling up the DagBag from /opt/airflow/dags/branch_pipeline.py","logger":"airflow.models.dagbag.BundleDagBag","filename":"dagbag.py","lineno":593}
{"timestamp":"2026-02-08T07:01:51.211874Z","level":"warning","event":"The `airflow.decorators.dag` attribute is deprecated. Please use `'airflow.sdk.dag'`.","category":"DeprecatedImportWarning","filename":"/opt/airflow/dags/branch_pipeline.py","lineno":1,"logger":"py.warnings"}
{"timestamp":"2026-02-08T07:01:51.212041Z","level":"warning","event":"The `airflow.decorators.task` attribute is deprecated. Please use `'airflow.sdk.task'`.","category":"DeprecatedImportWarning","filename":"/opt/airflow/dags/branch_pipeline.py","lineno":1,"logger":"py.warnings"}
{"timestamp":"2026-02-08T07:01:51.212108Z","level":"warning","event":"The `airflow.operators.python.BranchPythonOperator` attribute is deprecated. Please use `'airflow.providers.standard.operators.python.BranchPythonOperator'`.","category":"DeprecatedImportWarning","filename":"/opt/airflow/dags/branch_pipeline.py","lineno":2,"logger":"py.warnings"}
{"timestamp":"2026-02-08T07:01:51.212203Z","level":"warning","event":"The `airflow.operators.bash.BashOperator` attribute is deprecated. Please use `'airflow.providers.standard.operators.bash.BashOperator'`.","category":"DeprecatedImportWarning","filename":"/opt/airflow/dags/branch_pipeline.py","lineno":3,"logger":"py.warnings"}
{"timestamp":"2026-02-08T07:02:22.961608Z","level":"info","event":"Filling up the DagBag from /opt/airflow/dags/branch_pipeline.py","logger":"airflow.models.dagbag.BundleDagBag","filename":"dagbag.py","lineno":593}
{"timestamp":"2026-02-08T07:02:23.007920Z","level":"warning","event":"The `airflow.decorators.dag` attribute is deprecated. Please use `'airflow.sdk.dag'`.","category":"DeprecatedImportWarning","filename":"/opt/airflow/dags/branch_pipeline.py","lineno":1,"logger":"py.warnings"}
{"timestamp":"2026-02-08T07:02:23.008149Z","level":"warning","event":"The `airflow.decorators.task` attribute is deprecated. Please use `'airflow.sdk.task'`.","category":"DeprecatedImportWarning","filename":"/opt/airflow/dags/branch_pipeline.py","lineno":1,"logger":"py.warnings"}
{"timestamp":"2026-02-08T07:02:23.008220Z","level":"warning","event":"The `airflow.operators.python.BranchPythonOperator` attribute is deprecated. Please use `'airflow.providers.standard.operators.python.BranchPythonOperator'`.","category":"DeprecatedImportWarning","filename":"/opt/airflow/dags/branch_pipeline.py","lineno":2,"logger":"py.warnings"}
{"timestamp":"2026-02-08T07:02:23.008267Z","level":"warning","event":"The `airflow.operators.bash.BashOperator` attribute is deprecated. Please use `'airflow.providers.standard.operators.bash.BashOperator'`.","category":"DeprecatedImportWarning","filename":"/opt/airflow/dags/branch_pipeline.py","lineno":3,"logger":"py.warnings"}
{"timestamp":"2026-02-08T07:02:53.675857Z","level":"info","event":"Filling up the DagBag from /opt/airflow/dags/branch_pipeline.py","logger":"airflow.models.dagbag.BundleDagBag","filename":"dagbag.py","lineno":593}
{"timestamp":"2026-02-08T07:02:53.730639Z","level":"warning","event":"The `airflow.decorators.dag` attribute is deprecated. Please use `'airflow.sdk.dag'`.","category":"DeprecatedImportWarning","filename":"/opt/airflow/dags/branch_pipeline.py","lineno":1,"logger":"py.warnings"}
{"timestamp":"2026-02-08T07:02:53.730829Z","level":"warning","event":"The `airflow.decorators.task` attribute is deprecated. Please use `'airflow.sdk.task'`.","category":"DeprecatedImportWarning","filename":"/opt/airflow/dags/branch_pipeline.py","lineno":1,"logger":"py.warnings"}
{"timestamp":"2026-02-08T07:02:53.730897Z","level":"warning","event":"The `airflow.operators.python.BranchPythonOperator` attribute is deprecated. Please use `'airflow.providers.standard.operators.python.BranchPythonOperator'`.","category":"DeprecatedImportWarning","filename":"/opt/airflow/dags/branch_pipeline.py","lineno":2,"logger":"py.warnings"}
{"timestamp":"2026-02-08T07:02:53.730945Z","level":"warning","event":"The `airflow.operators.bash.BashOperator` attribute is deprecated. Please use `'airflow.providers.standard.operators.bash.BashOperator'`.","category":"DeprecatedImportWarning","filename":"/opt/airflow/dags/branch_pipeline.py","lineno":3,"logger":"py.warnings"}
{"timestamp":"2026-02-08T07:03:24.770021Z","level":"info","event":"Filling up the DagBag from /opt/airflow/dags/branch_pipeline.py","logger":"airflow.models.dagbag.BundleDagBag","filename":"dagbag.py","lineno":593}
{"timestamp":"2026-02-08T07:03:24.825213Z","level":"warning","event":"The `airflow.decorators.dag` attribute is deprecated. Please use `'airflow.sdk.dag'`.","category":"DeprecatedImportWarning","filename":"/opt/airflow/dags/branch_pipeline.py","lineno":1,"logger":"py.warnings"}
{"timestamp":"2026-02-08T07:03:24.825491Z","level":"warning","event":"The `airflow.decorators.task` attribute is deprecated. Please use `'airflow.sdk.task'`.","category":"DeprecatedImportWarning","filename":"/opt/airflow/dags/branch_pipeline.py","lineno":1,"logger":"py.warnings"}
{"timestamp":"2026-02-08T07:03:24.825594Z","level":"warning","event":"The `airflow.operators.python.BranchPythonOperator` attribute is deprecated. Please use `'airflow.providers.standard.operators.python.BranchPythonOperator'`.","category":"DeprecatedImportWarning","filename":"/opt/airflow/dags/branch_pipeline.py","lineno":2,"logger":"py.warnings"}
{"timestamp":"2026-02-08T07:03:24.825695Z","level":"warning","event":"The `airflow.operators.bash.BashOperator` attribute is deprecated. Please use `'airflow.providers.standard.operators.bash.BashOperator'`.","category":"DeprecatedImportWarning","filename":"/opt/airflow/dags/branch_pipeline.py","lineno":3,"logger":"py.warnings"}
{"timestamp":"2026-02-08T07:03:54.982149Z","level":"info","event":"Filling up the DagBag from /opt/airflow/dags/branch_pipeline.py","logger":"airflow.models.dagbag.BundleDagBag","filename":"dagbag.py","lineno":593}
{"timestamp":"2026-02-08T07:03:55.034623Z","level":"warning","event":"The `airflow.decorators.dag` attribute is deprecated. Please use `'airflow.sdk.dag'`.","category":"DeprecatedImportWarning","filename":"/opt/airflow/dags/branch_pipeline.py","lineno":1,"logger":"py.warnings"}
{"timestamp":"2026-02-08T07:03:55.034868Z","level":"warning","event":"The `airflow.decorators.task` attribute is deprecated. Please use `'airflow.sdk.task'`.","category":"DeprecatedImportWarning","filename":"/opt/airflow/dags/branch_pipeline.py","lineno":1,"logger":"py.warnings"}
{"timestamp":"2026-02-08T07:03:55.035039Z","level":"warning","event":"The `airflow.operators.python.BranchPythonOperator` attribute is deprecated. Please use `'airflow.providers.standard.operators.python.BranchPythonOperator'`.","category":"DeprecatedImportWarning","filename":"/opt/airflow/dags/branch_pipeline.py","lineno":2,"logger":"py.warnings"}
{"timestamp":"2026-02-08T07:03:55.035163Z","level":"warning","event":"The `airflow.operators.bash.BashOperator` attribute is deprecated. Please use `'airflow.providers.standard.operators.bash.BashOperator'`.","category":"DeprecatedImportWarning","filename":"/opt/airflow/dags/branch_pipeline.py","lineno":3,"logger":"py.warnings"}
{"timestamp":"2026-02-08T07:04:27.494674Z","level":"info","event":"Filling up the DagBag from /opt/airflow/dags/branch_pipeline.py","logger":"airflow.models.dagbag.BundleDagBag","filename":"dagbag.py","lineno":593}
{"timestamp":"2026-02-08T07:04:27.546102Z","level":"warning","event":"The `airflow.decorators.dag` attribute is deprecated. Please use `'airflow.sdk.dag'`.","category":"DeprecatedImportWarning","filename":"/opt/airflow/dags/branch_pipeline.py","lineno":1,"logger":"py.warnings"}
{"timestamp":"2026-02-08T07:04:27.546362Z","level":"warning","event":"The `airflow.decorators.task` attribute is deprecated. Please use `'airflow.sdk.task'`.","category":"DeprecatedImportWarning","filename":"/opt/airflow/dags/branch_pipeline.py","lineno":1,"logger":"py.warnings"}
{"timestamp":"2026-02-08T07:04:27.546464Z","level":"warning","event":"The `airflow.operators.python.BranchPythonOperator` attribute is deprecated. Please use `'airflow.providers.standard.operators.python.BranchPythonOperator'`.","category":"DeprecatedImportWarning","filename":"/opt/airflow/dags/branch_pipeline.py","lineno":2,"logger":"py.warnings"}
{"timestamp":"2026-02-08T07:04:27.546541Z","level":"warning","event":"The `airflow.operators.bash.BashOperator` attribute is deprecated. Please use `'airflow.providers.standard.operators.bash.BashOperator'`.","category":"DeprecatedImportWarning","filename":"/opt/airflow/dags/branch_pipeline.py","lineno":3,"logger":"py.warnings"}
{"timestamp":"2026-02-08T07:04:59.451020Z","level":"info","event":"Filling up the DagBag from /opt/airflow/dags/branch_pipeline.py","logger":"airflow.models.dagbag.BundleDagBag","filename":"dagbag.py","lineno":593}
{"timestamp":"2026-02-08T07:04:59.649201Z","level":"warning","event":"The `airflow.decorators.dag` attribute is deprecated. Please use `'airflow.sdk.dag'`.","category":"DeprecatedImportWarning","filename":"/opt/airflow/dags/branch_pipeline.py","lineno":1,"logger":"py.warnings"}
{"timestamp":"2026-02-08T07:04:59.649694Z","level":"warning","event":"The `airflow.decorators.task` attribute is deprecated. Please use `'airflow.sdk.task'`.","category":"DeprecatedImportWarning","filename":"/opt/airflow/dags/branch_pipeline.py","lineno":1,"logger":"py.warnings"}
{"timestamp":"2026-02-08T07:04:59.649890Z","level":"warning","event":"The `airflow.operators.python.BranchPythonOperator` attribute is deprecated. Please use `'airflow.providers.standard.operators.python.BranchPythonOperator'`.","category":"DeprecatedImportWarning","filename":"/opt/airflow/dags/branch_pipeline.py","lineno":2,"logger":"py.warnings"}
{"timestamp":"2026-02-08T07:04:59.650045Z","level":"warning","event":"The `airflow.operators.bash.BashOperator` attribute is deprecated. Please use `'airflow.providers.standard.operators.bash.BashOperator'`.","category":"DeprecatedImportWarning","filename":"/opt/airflow/dags/branch_pipeline.py","lineno":3,"logger":"py.warnings"}
{"timestamp":"2026-02-08T07:05:30.146410Z","level":"info","event":"Filling up the DagBag from /opt/airflow/dags/branch_pipeline.py","logger":"airflow.models.dagbag.BundleDagBag","filename":"dagbag.py","lineno":593}
{"timestamp":"2026-02-08T07:05:30.267458Z","level":"warning","event":"The `airflow.decorators.dag` attribute is deprecated. Please use `'airflow.sdk.dag'`.","category":"DeprecatedImportWarning","filename":"/opt/airflow/dags/branch_pipeline.py","lineno":1,"logger":"py.warnings"}
{"timestamp":"2026-02-08T07:05:30.268626Z","level":"warning","event":"The `airflow.decorators.task` attribute is deprecated. Please use `'airflow.sdk.task'`.","category":"DeprecatedImportWarning","filename":"/opt/airflow/dags/branch_pipeline.py","lineno":1,"logger":"py.warnings"}
{"timestamp":"2026-02-08T07:05:30.269123Z","level":"warning","event":"The `airflow.operators.python.BranchPythonOperator` attribute is deprecated. Please use `'airflow.providers.standard.operators.python.BranchPythonOperator'`.","category":"DeprecatedImportWarning","filename":"/opt/airflow/dags/branch_pipeline.py","lineno":2,"logger":"py.warnings"}
{"timestamp":"2026-02-08T07:05:30.269422Z","level":"warning","event":"The `airflow.operators.bash.BashOperator` attribute is deprecated. Please use `'airflow.providers.standard.operators.bash.BashOperator'`.","category":"DeprecatedImportWarning","filename":"/opt/airflow/dags/branch_pipeline.py","lineno":3,"logger":"py.warnings"}
{"timestamp":"2026-02-08T07:06:00.958704Z","level":"info","event":"Filling up the DagBag from /opt/airflow/dags/branch_pipeline.py","logger":"airflow.models.dagbag.BundleDagBag","filename":"dagbag.py","lineno":593}
{"timestamp":"2026-02-08T07:06:01.032586Z","level":"warning","event":"The `airflow.decorators.dag` attribute is deprecated. Please use `'airflow.sdk.dag'`.","category":"DeprecatedImportWarning","filename":"/opt/airflow/dags/branch_pipeline.py","lineno":1,"logger":"py.warnings"}
{"timestamp":"2026-02-08T07:06:01.032890Z","level":"warning","event":"The `airflow.decorators.task` attribute is deprecated. Please use `'airflow.sdk.task'`.","category":"DeprecatedImportWarning","filename":"/opt/airflow/dags/branch_pipeline.py","lineno":1,"logger":"py.warnings"}
{"timestamp":"2026-02-08T07:06:01.033093Z","level":"warning","event":"The `airflow.operators.python.BranchPythonOperator` attribute is deprecated. Please use `'airflow.providers.standard.operators.python.BranchPythonOperator'`.","category":"DeprecatedImportWarning","filename":"/opt/airflow/dags/branch_pipeline.py","lineno":2,"logger":"py.warnings"}
{"timestamp":"2026-02-08T07:06:01.033168Z","level":"warning","event":"The `airflow.operators.bash.BashOperator` attribute is deprecated. Please use `'airflow.providers.standard.operators.bash.BashOperator'`.","category":"DeprecatedImportWarning","filename":"/opt/airflow/dags/branch_pipeline.py","lineno":3,"logger":"py.warnings"}
{"timestamp":"2026-02-08T07:06:32.492925Z","level":"info","event":"Filling up the DagBag from /opt/airflow/dags/branch_pipeline.py","logger":"airflow.models.dagbag.BundleDagBag","filename":"dagbag.py","lineno":593}
{"timestamp":"2026-02-08T07:06:32.547408Z","level":"warning","event":"The `airflow.decorators.dag` attribute is deprecated. Please use `'airflow.sdk.dag'`.","category":"DeprecatedImportWarning","filename":"/opt/airflow/dags/branch_pipeline.py","lineno":1,"logger":"py.warnings"}
{"timestamp":"2026-02-08T07:06:32.547697Z","level":"warning","event":"The `airflow.decorators.task` attribute is deprecated. Please use `'airflow.sdk.task'`.","category":"DeprecatedImportWarning","filename":"/opt/airflow/dags/branch_pipeline.py","lineno":1,"logger":"py.warnings"}
{"timestamp":"2026-02-08T07:06:32.547845Z","level":"warning","event":"The `airflow.operators.python.BranchPythonOperator` attribute is deprecated. Please use `'airflow.providers.standard.operators.python.BranchPythonOperator'`.","category":"DeprecatedImportWarning","filename":"/opt/airflow/dags/branch_pipeline.py","lineno":2,"logger":"py.warnings"}
{"timestamp":"2026-02-08T07:06:32.547957Z","level":"warning","event":"The `airflow.operators.bash.BashOperator` attribute is deprecated. Please use `'airflow.providers.standard.operators.bash.BashOperator'`.","category":"DeprecatedImportWarning","filename":"/opt/airflow/dags/branch_pipeline.py","lineno":3,"logger":"py.warnings"}
{"timestamp":"2026-02-08T07:59:15.165483Z","level":"info","event":"Filling up the DagBag from /opt/airflow/dags/branch_pipeline.py","logger":"airflow.models.dagbag.BundleDagBag","filename":"dagbag.py","lineno":593}
{"timestamp":"2026-02-08T07:59:15.544223Z","level":"warning","event":"The `airflow.decorators.dag` attribute is deprecated. Please use `'airflow.sdk.dag'`.","category":"DeprecatedImportWarning","filename":"/opt/airflow/dags/branch_pipeline.py","lineno":1,"logger":"py.warnings"}
{"timestamp":"2026-02-08T07:59:15.545105Z","level":"warning","event":"The `airflow.decorators.task` attribute is deprecated. Please use `'airflow.sdk.task'`.","category":"DeprecatedImportWarning","filename":"/opt/airflow/dags/branch_pipeline.py","lineno":1,"logger":"py.warnings"}
{"timestamp":"2026-02-08T07:59:15.545504Z","level":"warning","event":"The `airflow.operators.python.BranchPythonOperator` attribute is deprecated. Please use `'airflow.providers.standard.operators.python.BranchPythonOperator'`.","category":"DeprecatedImportWarning","filename":"/opt/airflow/dags/branch_pipeline.py","lineno":2,"logger":"py.warnings"}
{"timestamp":"2026-02-08T07:59:15.545781Z","level":"warning","event":"The `airflow.operators.bash.BashOperator` attribute is deprecated. Please use `'airflow.providers.standard.operators.bash.BashOperator'`.","category":"DeprecatedImportWarning","filename":"/opt/airflow/dags/branch_pipeline.py","lineno":3,"logger":"py.warnings"}
{"timestamp":"2026-02-08T11:11:42.666460Z","level":"info","event":"Filling up the DagBag from /opt/airflow/dags/branch_pipeline.py","logger":"airflow.models.dagbag.BundleDagBag","filename":"dagbag.py","lineno":593}
{"timestamp":"2026-02-08T11:11:42.919292Z","level":"warning","event":"The `airflow.decorators.dag` attribute is deprecated. Please use `'airflow.sdk.dag'`.","category":"DeprecatedImportWarning","filename":"/opt/airflow/dags/branch_pipeline.py","lineno":1,"logger":"py.warnings"}
{"timestamp":"2026-02-08T11:11:42.920246Z","level":"warning","event":"The `airflow.decorators.task` attribute is deprecated. Please use `'airflow.sdk.task'`.","category":"DeprecatedImportWarning","filename":"/opt/airflow/dags/branch_pipeline.py","lineno":1,"logger":"py.warnings"}
{"timestamp":"2026-02-08T11:11:42.920689Z","level":"warning","event":"The `airflow.operators.python.BranchPythonOperator` attribute is deprecated. Please use `'airflow.providers.standard.operators.python.BranchPythonOperator'`.","category":"DeprecatedImportWarning","filename":"/opt/airflow/dags/branch_pipeline.py","lineno":2,"logger":"py.warnings"}
{"timestamp":"2026-02-08T11:11:42.920861Z","level":"warning","event":"The `airflow.operators.bash.BashOperator` attribute is deprecated. Please use `'airflow.providers.standard.operators.bash.BashOperator'`.","category":"DeprecatedImportWarning","filename":"/opt/airflow/dags/branch_pipeline.py","lineno":3,"logger":"py.warnings"}
{"timestamp":"2026-02-08T14:03:08.088139Z","level":"info","event":"Filling up the DagBag from /opt/airflow/dags/branch_pipeline.py","logger":"airflow.models.dagbag.BundleDagBag","filename":"dagbag.py","lineno":593}
{"timestamp":"2026-02-08T14:03:10.134621Z","level":"warning","event":"The `airflow.decorators.dag` attribute is deprecated. Please use `'airflow.sdk.dag'`.","category":"DeprecatedImportWarning","filename":"/opt/airflow/dags/branch_pipeline.py","lineno":1,"logger":"py.warnings"}
{"timestamp":"2026-02-08T14:03:10.147239Z","level":"warning","event":"The `airflow.decorators.task` attribute is deprecated. Please use `'airflow.sdk.task'`.","category":"DeprecatedImportWarning","filename":"/opt/airflow/dags/branch_pipeline.py","lineno":1,"logger":"py.warnings"}
{"timestamp":"2026-02-08T14:03:10.147690Z","level":"warning","event":"The `airflow.operators.python.BranchPythonOperator` attribute is deprecated. Please use `'airflow.providers.standard.operators.python.BranchPythonOperator'`.","category":"DeprecatedImportWarning","filename":"/opt/airflow/dags/branch_pipeline.py","lineno":2,"logger":"py.warnings"}
{"timestamp":"2026-02-08T14:03:10.147913Z","level":"warning","event":"The `airflow.operators.bash.BashOperator` attribute is deprecated. Please use `'airflow.providers.standard.operators.bash.BashOperator'`.","category":"DeprecatedImportWarning","filename":"/opt/airflow/dags/branch_pipeline.py","lineno":3,"logger":"py.warnings"}
{"timestamp":"2026-02-08T14:03:45.465500Z","level":"info","event":"Filling up the DagBag from /opt/airflow/dags/branch_pipeline.py","logger":"airflow.models.dagbag.BundleDagBag","filename":"dagbag.py","lineno":593}
{"timestamp":"2026-02-08T14:03:48.776968Z","level":"warning","event":"The `airflow.decorators.dag` attribute is deprecated. Please use `'airflow.sdk.dag'`.","category":"DeprecatedImportWarning","filename":"/opt/airflow/dags/branch_pipeline.py","lineno":1,"logger":"py.warnings"}
{"timestamp":"2026-02-08T14:03:48.778763Z","level":"warning","event":"The `airflow.decorators.task` attribute is deprecated. Please use `'airflow.sdk.task'`.","category":"DeprecatedImportWarning","filename":"/opt/airflow/dags/branch_pipeline.py","lineno":1,"logger":"py.warnings"}
{"timestamp":"2026-02-08T14:03:48.779227Z","level":"warning","event":"The `airflow.operators.python.BranchPythonOperator` attribute is deprecated. Please use `'airflow.providers.standard.operators.python.BranchPythonOperator'`.","category":"DeprecatedImportWarning","filename":"/opt/airflow/dags/branch_pipeline.py","lineno":2,"logger":"py.warnings"}
{"timestamp":"2026-02-08T14:03:48.780950Z","level":"warning","event":"The `airflow.operators.bash.BashOperator` attribute is deprecated. Please use `'airflow.providers.standard.operators.bash.BashOperator'`.","category":"DeprecatedImportWarning","filename":"/opt/airflow/dags/branch_pipeline.py","lineno":3,"logger":"py.warnings"}
{"timestamp":"2026-02-08T14:04:22.921733Z","level":"info","event":"Filling up the DagBag from /opt/airflow/dags/branch_pipeline.py","logger":"airflow.models.dagbag.BundleDagBag","filename":"dagbag.py","lineno":593}
{"timestamp":"2026-02-08T14:04:23.045024Z","level":"warning","event":"The `airflow.decorators.dag` attribute is deprecated. Please use `'airflow.sdk.dag'`.","category":"DeprecatedImportWarning","filename":"/opt/airflow/dags/branch_pipeline.py","lineno":1,"logger":"py.warnings"}
{"timestamp":"2026-02-08T14:04:23.045434Z","level":"warning","event":"The `airflow.decorators.task` attribute is deprecated. Please use `'airflow.sdk.task'`.","category":"DeprecatedImportWarning","filename":"/opt/airflow/dags/branch_pipeline.py","lineno":1,"logger":"py.warnings"}
{"timestamp":"2026-02-08T14:04:23.045669Z","level":"warning","event":"The `airflow.operators.python.BranchPythonOperator` attribute is deprecated. Please use `'airflow.providers.standard.operators.python.BranchPythonOperator'`.","category":"DeprecatedImportWarning","filename":"/opt/airflow/dags/branch_pipeline.py","lineno":2,"logger":"py.warnings"}
{"timestamp":"2026-02-08T14:04:23.046061Z","level":"warning","event":"The `airflow.operators.bash.BashOperator` attribute is deprecated. Please use `'airflow.providers.standard.operators.bash.BashOperator'`.","category":"DeprecatedImportWarning","filename":"/opt/airflow/dags/branch_pipeline.py","lineno":3,"logger":"py.warnings"}
{"timestamp":"2026-02-08T14:04:54.173757Z","level":"info","event":"Filling up the DagBag from /opt/airflow/dags/branch_pipeline.py","logger":"airflow.models.dagbag.BundleDagBag","filename":"dagbag.py","lineno":593}
{"timestamp":"2026-02-08T14:04:54.362772Z","level":"warning","event":"The `airflow.decorators.dag` attribute is deprecated. Please use `'airflow.sdk.dag'`.","category":"DeprecatedImportWarning","filename":"/opt/airflow/dags/branch_pipeline.py","lineno":1,"logger":"py.warnings"}
{"timestamp":"2026-02-08T14:04:54.364099Z","level":"warning","event":"The `airflow.decorators.task` attribute is deprecated. Please use `'airflow.sdk.task'`.","category":"DeprecatedImportWarning","filename":"/opt/airflow/dags/branch_pipeline.py","lineno":1,"logger":"py.warnings"}
{"timestamp":"2026-02-08T14:04:54.364452Z","level":"warning","event":"The `airflow.operators.python.BranchPythonOperator` attribute is deprecated. Please use `'airflow.providers.standard.operators.python.BranchPythonOperator'`.","category":"DeprecatedImportWarning","filename":"/opt/airflow/dags/branch_pipeline.py","lineno":2,"logger":"py.warnings"}
{"timestamp":"2026-02-08T14:04:54.364740Z","level":"warning","event":"The `airflow.operators.bash.BashOperator` attribute is deprecated. Please use `'airflow.providers.standard.operators.bash.BashOperator'`.","category":"DeprecatedImportWarning","filename":"/opt/airflow/dags/branch_pipeline.py","lineno":3,"logger":"py.warnings"}
{"timestamp":"2026-02-08T14:05:25.391415Z","level":"info","event":"Filling up the DagBag from /opt/airflow/dags/branch_pipeline.py","logger":"airflow.models.dagbag.BundleDagBag","filename":"dagbag.py","lineno":593}
{"timestamp":"2026-02-08T14:05:25.535857Z","level":"warning","event":"The `airflow.decorators.dag` attribute is deprecated. Please use `'airflow.sdk.dag'`.","category":"DeprecatedImportWarning","filename":"/opt/airflow/dags/branch_pipeline.py","lineno":1,"logger":"py.warnings"}
{"timestamp":"2026-02-08T14:05:25.537995Z","level":"warning","event":"The `airflow.decorators.task` attribute is deprecated. Please use `'airflow.sdk.task'`.","category":"DeprecatedImportWarning","filename":"/opt/airflow/dags/branch_pipeline.py","lineno":1,"logger":"py.warnings"}
{"timestamp":"2026-02-08T14:05:25.538387Z","level":"warning","event":"The `airflow.operators.python.BranchPythonOperator` attribute is deprecated. Please use `'airflow.providers.standard.operators.python.BranchPythonOperator'`.","category":"DeprecatedImportWarning","filename":"/opt/airflow/dags/branch_pipeline.py","lineno":2,"logger":"py.warnings"}
{"timestamp":"2026-02-08T14:05:25.538616Z","level":"warning","event":"The `airflow.operators.bash.BashOperator` attribute is deprecated. Please use `'airflow.providers.standard.operators.bash.BashOperator'`.","category":"DeprecatedImportWarning","filename":"/opt/airflow/dags/branch_pipeline.py","lineno":3,"logger":"py.warnings"}
{"timestamp":"2026-02-08T14:05:56.249576Z","level":"info","event":"Filling up the DagBag from /opt/airflow/dags/branch_pipeline.py","logger":"airflow.models.dagbag.BundleDagBag","filename":"dagbag.py","lineno":593}
{"timestamp":"2026-02-08T14:05:56.368027Z","level":"warning","event":"The `airflow.decorators.dag` attribute is deprecated. Please use `'airflow.sdk.dag'`.","category":"DeprecatedImportWarning","filename":"/opt/airflow/dags/branch_pipeline.py","lineno":1,"logger":"py.warnings"}
{"timestamp":"2026-02-08T14:05:56.368523Z","level":"warning","event":"The `airflow.decorators.task` attribute is deprecated. Please use `'airflow.sdk.task'`.","category":"DeprecatedImportWarning","filename":"/opt/airflow/dags/branch_pipeline.py","lineno":1,"logger":"py.warnings"}
{"timestamp":"2026-02-08T14:05:56.368679Z","level":"warning","event":"The `airflow.operators.python.BranchPythonOperator` attribute is deprecated. Please use `'airflow.providers.standard.operators.python.BranchPythonOperator'`.","category":"DeprecatedImportWarning","filename":"/opt/airflow/dags/branch_pipeline.py","lineno":2,"logger":"py.warnings"}
{"timestamp":"2026-02-08T14:05:56.368830Z","level":"warning","event":"The `airflow.operators.bash.BashOperator` attribute is deprecated. Please use `'airflow.providers.standard.operators.bash.BashOperator'`.","category":"DeprecatedImportWarning","filename":"/opt/airflow/dags/branch_pipeline.py","lineno":3,"logger":"py.warnings"}
{"timestamp":"2026-02-08T14:06:27.300874Z","level":"info","event":"Filling up the DagBag from /opt/airflow/dags/branch_pipeline.py","logger":"airflow.models.dagbag.BundleDagBag","filename":"dagbag.py","lineno":593}
{"timestamp":"2026-02-08T14:06:27.370418Z","level":"warning","event":"The `airflow.decorators.dag` attribute is deprecated. Please use `'airflow.sdk.dag'`.","category":"DeprecatedImportWarning","filename":"/opt/airflow/dags/branch_pipeline.py","lineno":1,"logger":"py.warnings"}
{"timestamp":"2026-02-08T14:06:27.370817Z","level":"warning","event":"The `airflow.decorators.task` attribute is deprecated. Please use `'airflow.sdk.task'`.","category":"DeprecatedImportWarning","filename":"/opt/airflow/dags/branch_pipeline.py","lineno":1,"logger":"py.warnings"}
{"timestamp":"2026-02-08T14:06:27.370999Z","level":"warning","event":"The `airflow.operators.python.BranchPythonOperator` attribute is deprecated. Please use `'airflow.providers.standard.operators.python.BranchPythonOperator'`.","category":"DeprecatedImportWarning","filename":"/opt/airflow/dags/branch_pipeline.py","lineno":2,"logger":"py.warnings"}
{"timestamp":"2026-02-08T14:06:27.371255Z","level":"warning","event":"The `airflow.operators.bash.BashOperator` attribute is deprecated. Please use `'airflow.providers.standard.operators.bash.BashOperator'`.","category":"DeprecatedImportWarning","filename":"/opt/airflow/dags/branch_pipeline.py","lineno":3,"logger":"py.warnings"}
{"timestamp":"2026-02-08T14:06:58.212923Z","level":"info","event":"Filling up the DagBag from /opt/airflow/dags/branch_pipeline.py","logger":"airflow.models.dagbag.BundleDagBag","filename":"dagbag.py","lineno":593}
{"timestamp":"2026-02-08T14:06:58.273237Z","level":"warning","event":"The `airflow.decorators.dag` attribute is deprecated. Please use `'airflow.sdk.dag'`.","category":"DeprecatedImportWarning","filename":"/opt/airflow/dags/branch_pipeline.py","lineno":1,"logger":"py.warnings"}
{"timestamp":"2026-02-08T14:06:58.273616Z","level":"warning","event":"The `airflow.decorators.task` attribute is deprecated. Please use `'airflow.sdk.task'`.","category":"DeprecatedImportWarning","filename":"/opt/airflow/dags/branch_pipeline.py","lineno":1,"logger":"py.warnings"}
{"timestamp":"2026-02-08T14:06:58.273913Z","level":"warning","event":"The `airflow.operators.python.BranchPythonOperator` attribute is deprecated. Please use `'airflow.providers.standard.operators.python.BranchPythonOperator'`.","category":"DeprecatedImportWarning","filename":"/opt/airflow/dags/branch_pipeline.py","lineno":2,"logger":"py.warnings"}
{"timestamp":"2026-02-08T14:06:58.274121Z","level":"warning","event":"The `airflow.operators.bash.BashOperator` attribute is deprecated. Please use `'airflow.providers.standard.operators.bash.BashOperator'`.","category":"DeprecatedImportWarning","filename":"/opt/airflow/dags/branch_pipeline.py","lineno":3,"logger":"py.warnings"}
{"timestamp":"2026-02-08T14:07:29.245434Z","level":"info","event":"Filling up the DagBag from /opt/airflow/dags/branch_pipeline.py","logger":"airflow.models.dagbag.BundleDagBag","filename":"dagbag.py","lineno":593}
{"timestamp":"2026-02-08T14:07:29.684474Z","level":"warning","event":"The `airflow.decorators.dag` attribute is deprecated. Please use `'airflow.sdk.dag'`.","category":"DeprecatedImportWarning","filename":"/opt/airflow/dags/branch_pipeline.py","lineno":1,"logger":"py.warnings"}
{"timestamp":"2026-02-08T14:07:29.685249Z","level":"warning","event":"The `airflow.decorators.task` attribute is deprecated. Please use `'airflow.sdk.task'`.","category":"DeprecatedImportWarning","filename":"/opt/airflow/dags/branch_pipeline.py","lineno":1,"logger":"py.warnings"}
{"timestamp":"2026-02-08T14:07:29.685511Z","level":"warning","event":"The `airflow.operators.python.BranchPythonOperator` attribute is deprecated. Please use `'airflow.providers.standard.operators.python.BranchPythonOperator'`.","category":"DeprecatedImportWarning","filename":"/opt/airflow/dags/branch_pipeline.py","lineno":2,"logger":"py.warnings"}
{"timestamp":"2026-02-08T14:07:29.685780Z","level":"warning","event":"The `airflow.operators.bash.BashOperator` attribute is deprecated. Please use `'airflow.providers.standard.operators.bash.BashOperator'`.","category":"DeprecatedImportWarning","filename":"/opt/airflow/dags/branch_pipeline.py","lineno":3,"logger":"py.warnings"}
{"timestamp":"2026-02-08T14:08:01.547213Z","level":"info","event":"Filling up the DagBag from /opt/airflow/dags/branch_pipeline.py","logger":"airflow.models.dagbag.BundleDagBag","filename":"dagbag.py","lineno":593}
{"timestamp":"2026-02-08T14:08:01.638195Z","level":"warning","event":"The `airflow.decorators.dag` attribute is deprecated. Please use `'airflow.sdk.dag'`.","category":"DeprecatedImportWarning","filename":"/opt/airflow/dags/branch_pipeline.py","lineno":1,"logger":"py.warnings"}
{"timestamp":"2026-02-08T14:08:01.638586Z","level":"warning","event":"The `airflow.decorators.task` attribute is deprecated. Please use `'airflow.sdk.task'`.","category":"DeprecatedImportWarning","filename":"/opt/airflow/dags/branch_pipeline.py","lineno":1,"logger":"py.warnings"}
{"timestamp":"2026-02-08T14:08:01.638729Z","level":"warning","event":"The `airflow.operators.python.BranchPythonOperator` attribute is deprecated. Please use `'airflow.providers.standard.operators.python.BranchPythonOperator'`.","category":"DeprecatedImportWarning","filename":"/opt/airflow/dags/branch_pipeline.py","lineno":2,"logger":"py.warnings"}
{"timestamp":"2026-02-08T14:08:01.638832Z","level":"warning","event":"The `airflow.operators.bash.BashOperator` attribute is deprecated. Please use `'airflow.providers.standard.operators.bash.BashOperator'`.","category":"DeprecatedImportWarning","filename":"/opt/airflow/dags/branch_pipeline.py","lineno":3,"logger":"py.warnings"}
{"timestamp":"2026-02-08T14:08:32.064055Z","level":"info","event":"Filling up the DagBag from /opt/airflow/dags/branch_pipeline.py","logger":"airflow.models.dagbag.BundleDagBag","filename":"dagbag.py","lineno":593}
{"timestamp":"2026-02-08T14:08:32.147687Z","level":"warning","event":"The `airflow.decorators.dag` attribute is deprecated. Please use `'airflow.sdk.dag'`.","category":"DeprecatedImportWarning","filename":"/opt/airflow/dags/branch_pipeline.py","lineno":1,"logger":"py.warnings"}
{"timestamp":"2026-02-08T14:08:32.148524Z","level":"warning","event":"The `airflow.decorators.task` attribute is deprecated. Please use `'airflow.sdk.task'`.","category":"DeprecatedImportWarning","filename":"/opt/airflow/dags/branch_pipeline.py","lineno":1,"logger":"py.warnings"}
{"timestamp":"2026-02-08T14:08:32.148839Z","level":"warning","event":"The `airflow.operators.python.BranchPythonOperator` attribute is deprecated. Please use `'airflow.providers.standard.operators.python.BranchPythonOperator'`.","category":"DeprecatedImportWarning","filename":"/opt/airflow/dags/branch_pipeline.py","lineno":2,"logger":"py.warnings"}
{"timestamp":"2026-02-08T14:08:32.149185Z","level":"warning","event":"The `airflow.operators.bash.BashOperator` attribute is deprecated. Please use `'airflow.providers.standard.operators.bash.BashOperator'`.","category":"DeprecatedImportWarning","filename":"/opt/airflow/dags/branch_pipeline.py","lineno":3,"logger":"py.warnings"}
{"timestamp":"2026-02-08T14:09:03.091003Z","level":"info","event":"Filling up the DagBag from /opt/airflow/dags/branch_pipeline.py","logger":"airflow.models.dagbag.BundleDagBag","filename":"dagbag.py","lineno":593}
{"timestamp":"2026-02-08T14:09:03.174291Z","level":"warning","event":"The `airflow.decorators.dag` attribute is deprecated. Please use `'airflow.sdk.dag'`.","category":"DeprecatedImportWarning","filename":"/opt/airflow/dags/branch_pipeline.py","lineno":1,"logger":"py.warnings"}
{"timestamp":"2026-02-08T14:09:03.174811Z","level":"warning","event":"The `airflow.decorators.task` attribute is deprecated. Please use `'airflow.sdk.task'`.","category":"DeprecatedImportWarning","filename":"/opt/airflow/dags/branch_pipeline.py","lineno":1,"logger":"py.warnings"}
{"timestamp":"2026-02-08T14:09:03.175031Z","level":"warning","event":"The `airflow.operators.python.BranchPythonOperator` attribute is deprecated. Please use `'airflow.providers.standard.operators.python.BranchPythonOperator'`.","category":"DeprecatedImportWarning","filename":"/opt/airflow/dags/branch_pipeline.py","lineno":2,"logger":"py.warnings"}
{"timestamp":"2026-02-08T14:09:03.175199Z","level":"warning","event":"The `airflow.operators.bash.BashOperator` attribute is deprecated. Please use `'airflow.providers.standard.operators.bash.BashOperator'`.","category":"DeprecatedImportWarning","filename":"/opt/airflow/dags/branch_pipeline.py","lineno":3,"logger":"py.warnings"}
{"timestamp":"2026-02-08T14:09:33.513883Z","level":"info","event":"Filling up the DagBag from /opt/airflow/dags/branch_pipeline.py","logger":"airflow.models.dagbag.BundleDagBag","filename":"dagbag.py","lineno":593}
{"timestamp":"2026-02-08T14:09:33.565867Z","level":"warning","event":"The `airflow.decorators.dag` attribute is deprecated. Please use `'airflow.sdk.dag'`.","category":"DeprecatedImportWarning","filename":"/opt/airflow/dags/branch_pipeline.py","lineno":1,"logger":"py.warnings"}
{"timestamp":"2026-02-08T14:09:33.566688Z","level":"warning","event":"The `airflow.decorators.task` attribute is deprecated. Please use `'airflow.sdk.task'`.","category":"DeprecatedImportWarning","filename":"/opt/airflow/dags/branch_pipeline.py","lineno":1,"logger":"py.warnings"}
{"timestamp":"2026-02-08T14:09:33.567014Z","level":"warning","event":"The `airflow.operators.python.BranchPythonOperator` attribute is deprecated. Please use `'airflow.providers.standard.operators.python.BranchPythonOperator'`.","category":"DeprecatedImportWarning","filename":"/opt/airflow/dags/branch_pipeline.py","lineno":2,"logger":"py.warnings"}
{"timestamp":"2026-02-08T14:09:33.567362Z","level":"warning","event":"The `airflow.operators.bash.BashOperator` attribute is deprecated. Please use `'airflow.providers.standard.operators.bash.BashOperator'`.","category":"DeprecatedImportWarning","filename":"/opt/airflow/dags/branch_pipeline.py","lineno":3,"logger":"py.warnings"}
{"timestamp":"2026-02-08T14:10:04.711966Z","level":"info","event":"Filling up the DagBag from /opt/airflow/dags/branch_pipeline.py","logger":"airflow.models.dagbag.BundleDagBag","filename":"dagbag.py","lineno":593}
{"timestamp":"2026-02-08T14:10:04.779038Z","level":"warning","event":"The `airflow.decorators.dag` attribute is deprecated. Please use `'airflow.sdk.dag'`.","category":"DeprecatedImportWarning","filename":"/opt/airflow/dags/branch_pipeline.py","lineno":1,"logger":"py.warnings"}
{"timestamp":"2026-02-08T14:10:04.779281Z","level":"warning","event":"The `airflow.decorators.task` attribute is deprecated. Please use `'airflow.sdk.task'`.","category":"DeprecatedImportWarning","filename":"/opt/airflow/dags/branch_pipeline.py","lineno":1,"logger":"py.warnings"}
{"timestamp":"2026-02-08T14:10:04.779450Z","level":"warning","event":"The `airflow.operators.python.BranchPythonOperator` attribute is deprecated. Please use `'airflow.providers.standard.operators.python.BranchPythonOperator'`.","category":"DeprecatedImportWarning","filename":"/opt/airflow/dags/branch_pipeline.py","lineno":2,"logger":"py.warnings"}
{"timestamp":"2026-02-08T14:10:04.779556Z","level":"warning","event":"The `airflow.operators.bash.BashOperator` attribute is deprecated. Please use `'airflow.providers.standard.operators.bash.BashOperator'`.","category":"DeprecatedImportWarning","filename":"/opt/airflow/dags/branch_pipeline.py","lineno":3,"logger":"py.warnings"}
{"timestamp":"2026-02-08T14:10:35.193890Z","level":"info","event":"Filling up the DagBag from /opt/airflow/dags/branch_pipeline.py","logger":"airflow.models.dagbag.BundleDagBag","filename":"dagbag.py","lineno":593}
{"timestamp":"2026-02-08T14:10:35.296743Z","level":"warning","event":"The `airflow.decorators.dag` attribute is deprecated. Please use `'airflow.sdk.dag'`.","category":"DeprecatedImportWarning","filename":"/opt/airflow/dags/branch_pipeline.py","lineno":1,"logger":"py.warnings"}
{"timestamp":"2026-02-08T14:10:35.297527Z","level":"warning","event":"The `airflow.decorators.task` attribute is deprecated. Please use `'airflow.sdk.task'`.","category":"DeprecatedImportWarning","filename":"/opt/airflow/dags/branch_pipeline.py","lineno":1,"logger":"py.warnings"}
{"timestamp":"2026-02-08T14:10:35.297978Z","level":"warning","event":"The `airflow.operators.python.BranchPythonOperator` attribute is deprecated. Please use `'airflow.providers.standard.operators.python.BranchPythonOperator'`.","category":"DeprecatedImportWarning","filename":"/opt/airflow/dags/branch_pipeline.py","lineno":2,"logger":"py.warnings"}
{"timestamp":"2026-02-08T14:10:35.298218Z","level":"warning","event":"The `airflow.operators.bash.BashOperator` attribute is deprecated. Please use `'airflow.providers.standard.operators.bash.BashOperator'`.","category":"DeprecatedImportWarning","filename":"/opt/airflow/dags/branch_pipeline.py","lineno":3,"logger":"py.warnings"}
{"timestamp":"2026-02-08T14:11:06.087229Z","level":"info","event":"Filling up the DagBag from /opt/airflow/dags/branch_pipeline.py","logger":"airflow.models.dagbag.BundleDagBag","filename":"dagbag.py","lineno":593}
{"timestamp":"2026-02-08T14:11:06.173340Z","level":"warning","event":"The `airflow.decorators.dag` attribute is deprecated. Please use `'airflow.sdk.dag'`.","category":"DeprecatedImportWarning","filename":"/opt/airflow/dags/branch_pipeline.py","lineno":1,"logger":"py.warnings"}
{"timestamp":"2026-02-08T14:11:06.173800Z","level":"warning","event":"The `airflow.decorators.task` attribute is deprecated. Please use `'airflow.sdk.task'`.","category":"DeprecatedImportWarning","filename":"/opt/airflow/dags/branch_pipeline.py","lineno":1,"logger":"py.warnings"}
{"timestamp":"2026-02-08T14:11:06.174017Z","level":"warning","event":"The `airflow.operators.python.BranchPythonOperator` attribute is deprecated. Please use `'airflow.providers.standard.operators.python.BranchPythonOperator'`.","category":"DeprecatedImportWarning","filename":"/opt/airflow/dags/branch_pipeline.py","lineno":2,"logger":"py.warnings"}
{"timestamp":"2026-02-08T14:11:06.174166Z","level":"warning","event":"The `airflow.operators.bash.BashOperator` attribute is deprecated. Please use `'airflow.providers.standard.operators.bash.BashOperator'`.","category":"DeprecatedImportWarning","filename":"/opt/airflow/dags/branch_pipeline.py","lineno":3,"logger":"py.warnings"}
{"timestamp":"2026-02-08T14:11:36.855431Z","level":"info","event":"Filling up the DagBag from /opt/airflow/dags/branch_pipeline.py","logger":"airflow.models.dagbag.BundleDagBag","filename":"dagbag.py","lineno":593}
{"timestamp":"2026-02-08T14:11:36.957112Z","level":"warning","event":"The `airflow.decorators.dag` attribute is deprecated. Please use `'airflow.sdk.dag'`.","category":"DeprecatedImportWarning","filename":"/opt/airflow/dags/branch_pipeline.py","lineno":1,"logger":"py.warnings"}
{"timestamp":"2026-02-08T14:11:36.957490Z","level":"warning","event":"The `airflow.decorators.task` attribute is deprecated. Please use `'airflow.sdk.task'`.","category":"DeprecatedImportWarning","filename":"/opt/airflow/dags/branch_pipeline.py","lineno":1,"logger":"py.warnings"}
{"timestamp":"2026-02-08T14:11:36.957842Z","level":"warning","event":"The `airflow.operators.python.BranchPythonOperator` attribute is deprecated. Please use `'airflow.providers.standard.operators.python.BranchPythonOperator'`.","category":"DeprecatedImportWarning","filename":"/opt/airflow/dags/branch_pipeline.py","lineno":2,"logger":"py.warnings"}
{"timestamp":"2026-02-08T14:11:36.958534Z","level":"warning","event":"The `airflow.operators.bash.BashOperator` attribute is deprecated. Please use `'airflow.providers.standard.operators.bash.BashOperator'`.","category":"DeprecatedImportWarning","filename":"/opt/airflow/dags/branch_pipeline.py","lineno":3,"logger":"py.warnings"}
{"timestamp":"2026-02-08T14:12:07.604321Z","level":"info","event":"Filling up the DagBag from /opt/airflow/dags/branch_pipeline.py","logger":"airflow.models.dagbag.BundleDagBag","filename":"dagbag.py","lineno":593}
{"timestamp":"2026-02-08T14:12:07.711218Z","level":"warning","event":"The `airflow.decorators.dag` attribute is deprecated. Please use `'airflow.sdk.dag'`.","category":"DeprecatedImportWarning","filename":"/opt/airflow/dags/branch_pipeline.py","lineno":1,"logger":"py.warnings"}
{"timestamp":"2026-02-08T14:12:07.711621Z","level":"warning","event":"The `airflow.decorators.task` attribute is deprecated. Please use `'airflow.sdk.task'`.","category":"DeprecatedImportWarning","filename":"/opt/airflow/dags/branch_pipeline.py","lineno":1,"logger":"py.warnings"}
{"timestamp":"2026-02-08T14:12:07.711772Z","level":"warning","event":"The `airflow.operators.python.BranchPythonOperator` attribute is deprecated. Please use `'airflow.providers.standard.operators.python.BranchPythonOperator'`.","category":"DeprecatedImportWarning","filename":"/opt/airflow/dags/branch_pipeline.py","lineno":2,"logger":"py.warnings"}
{"timestamp":"2026-02-08T14:12:07.711854Z","level":"warning","event":"The `airflow.operators.bash.BashOperator` attribute is deprecated. Please use `'airflow.providers.standard.operators.bash.BashOperator'`.","category":"DeprecatedImportWarning","filename":"/opt/airflow/dags/branch_pipeline.py","lineno":3,"logger":"py.warnings"}
{"timestamp":"2026-02-08T14:12:38.506079Z","level":"info","event":"Filling up the DagBag from /opt/airflow/dags/branch_pipeline.py","logger":"airflow.models.dagbag.BundleDagBag","filename":"dagbag.py","lineno":593}
{"timestamp":"2026-02-08T14:12:38.579695Z","level":"warning","event":"The `airflow.decorators.dag` attribute is deprecated. Please use `'airflow.sdk.dag'`.","category":"DeprecatedImportWarning","filename":"/opt/airflow/dags/branch_pipeline.py","lineno":1,"logger":"py.warnings"}
{"timestamp":"2026-02-08T14:12:38.581707Z","level":"warning","event":"The `airflow.decorators.task` attribute is deprecated. Please use `'airflow.sdk.task'`.","category":"DeprecatedImportWarning","filename":"/opt/airflow/dags/branch_pipeline.py","lineno":1,"logger":"py.warnings"}
{"timestamp":"2026-02-08T14:12:38.581961Z","level":"warning","event":"The `airflow.operators.python.BranchPythonOperator` attribute is deprecated. Please use `'airflow.providers.standard.operators.python.BranchPythonOperator'`.","category":"DeprecatedImportWarning","filename":"/opt/airflow/dags/branch_pipeline.py","lineno":2,"logger":"py.warnings"}
{"timestamp":"2026-02-08T14:12:38.582115Z","level":"warning","event":"The `airflow.operators.bash.BashOperator` attribute is deprecated. Please use `'airflow.providers.standard.operators.bash.BashOperator'`.","category":"DeprecatedImportWarning","filename":"/opt/airflow/dags/branch_pipeline.py","lineno":3,"logger":"py.warnings"}
{"timestamp":"2026-02-08T14:13:09.318754Z","level":"info","event":"Filling up the DagBag from /opt/airflow/dags/branch_pipeline.py","logger":"airflow.models.dagbag.BundleDagBag","filename":"dagbag.py","lineno":593}
{"timestamp":"2026-02-08T14:13:09.373433Z","level":"warning","event":"The `airflow.decorators.dag` attribute is deprecated. Please use `'airflow.sdk.dag'`.","category":"DeprecatedImportWarning","filename":"/opt/airflow/dags/branch_pipeline.py","lineno":1,"logger":"py.warnings"}
{"timestamp":"2026-02-08T14:13:09.373691Z","level":"warning","event":"The `airflow.decorators.task` attribute is deprecated. Please use `'airflow.sdk.task'`.","category":"DeprecatedImportWarning","filename":"/opt/airflow/dags/branch_pipeline.py","lineno":1,"logger":"py.warnings"}
{"timestamp":"2026-02-08T14:13:09.373830Z","level":"warning","event":"The `airflow.operators.python.BranchPythonOperator` attribute is deprecated. Please use `'airflow.providers.standard.operators.python.BranchPythonOperator'`.","category":"DeprecatedImportWarning","filename":"/opt/airflow/dags/branch_pipeline.py","lineno":2,"logger":"py.warnings"}
{"timestamp":"2026-02-08T14:13:09.373931Z","level":"warning","event":"The `airflow.operators.bash.BashOperator` attribute is deprecated. Please use `'airflow.providers.standard.operators.bash.BashOperator'`.","category":"DeprecatedImportWarning","filename":"/opt/airflow/dags/branch_pipeline.py","lineno":3,"logger":"py.warnings"}
{"timestamp":"2026-02-08T14:13:39.892588Z","level":"info","event":"Filling up the DagBag from /opt/airflow/dags/branch_pipeline.py","logger":"airflow.models.dagbag.BundleDagBag","filename":"dagbag.py","lineno":593}
{"timestamp":"2026-02-08T14:13:39.956500Z","level":"warning","event":"The `airflow.decorators.dag` attribute is deprecated. Please use `'airflow.sdk.dag'`.","category":"DeprecatedImportWarning","filename":"/opt/airflow/dags/branch_pipeline.py","lineno":1,"logger":"py.warnings"}
{"timestamp":"2026-02-08T14:13:39.956818Z","level":"warning","event":"The `airflow.decorators.task` attribute is deprecated. Please use `'airflow.sdk.task'`.","category":"DeprecatedImportWarning","filename":"/opt/airflow/dags/branch_pipeline.py","lineno":1,"logger":"py.warnings"}
{"timestamp":"2026-02-08T14:13:39.956947Z","level":"warning","event":"The `airflow.operators.python.BranchPythonOperator` attribute is deprecated. Please use `'airflow.providers.standard.operators.python.BranchPythonOperator'`.","category":"DeprecatedImportWarning","filename":"/opt/airflow/dags/branch_pipeline.py","lineno":2,"logger":"py.warnings"}
{"timestamp":"2026-02-08T14:13:39.957034Z","level":"warning","event":"The `airflow.operators.bash.BashOperator` attribute is deprecated. Please use `'airflow.providers.standard.operators.bash.BashOperator'`.","category":"DeprecatedImportWarning","filename":"/opt/airflow/dags/branch_pipeline.py","lineno":3,"logger":"py.warnings"}
{"timestamp":"2026-02-08T14:14:10.764591Z","level":"info","event":"Filling up the DagBag from /opt/airflow/dags/branch_pipeline.py","logger":"airflow.models.dagbag.BundleDagBag","filename":"dagbag.py","lineno":593}
{"timestamp":"2026-02-08T14:14:10.837026Z","level":"warning","event":"The `airflow.decorators.dag` attribute is deprecated. Please use `'airflow.sdk.dag'`.","category":"DeprecatedImportWarning","filename":"/opt/airflow/dags/branch_pipeline.py","lineno":1,"logger":"py.warnings"}
{"timestamp":"2026-02-08T14:14:10.837333Z","level":"warning","event":"The `airflow.decorators.task` attribute is deprecated. Please use `'airflow.sdk.task'`.","category":"DeprecatedImportWarning","filename":"/opt/airflow/dags/branch_pipeline.py","lineno":1,"logger":"py.warnings"}
{"timestamp":"2026-02-08T14:14:10.837484Z","level":"warning","event":"The `airflow.operators.python.BranchPythonOperator` attribute is deprecated. Please use `'airflow.providers.standard.operators.python.BranchPythonOperator'`.","category":"DeprecatedImportWarning","filename":"/opt/airflow/dags/branch_pipeline.py","lineno":2,"logger":"py.warnings"}
{"timestamp":"2026-02-08T14:14:10.837612Z","level":"warning","event":"The `airflow.operators.bash.BashOperator` attribute is deprecated. Please use `'airflow.providers.standard.operators.bash.BashOperator'`.","category":"DeprecatedImportWarning","filename":"/opt/airflow/dags/branch_pipeline.py","lineno":3,"logger":"py.warnings"}
{"timestamp":"2026-02-08T14:14:41.583926Z","level":"info","event":"Filling up the DagBag from /opt/airflow/dags/branch_pipeline.py","logger":"airflow.models.dagbag.BundleDagBag","filename":"dagbag.py","lineno":593}
{"timestamp":"2026-02-08T14:14:41.666572Z","level":"warning","event":"The `airflow.decorators.dag` attribute is deprecated. Please use `'airflow.sdk.dag'`.","category":"DeprecatedImportWarning","filename":"/opt/airflow/dags/branch_pipeline.py","lineno":1,"logger":"py.warnings"}
{"timestamp":"2026-02-08T14:14:41.667006Z","level":"warning","event":"The `airflow.decorators.task` attribute is deprecated. Please use `'airflow.sdk.task'`.","category":"DeprecatedImportWarning","filename":"/opt/airflow/dags/branch_pipeline.py","lineno":1,"logger":"py.warnings"}
{"timestamp":"2026-02-08T14:14:41.667191Z","level":"warning","event":"The `airflow.operators.python.BranchPythonOperator` attribute is deprecated. Please use `'airflow.providers.standard.operators.python.BranchPythonOperator'`.","category":"DeprecatedImportWarning","filename":"/opt/airflow/dags/branch_pipeline.py","lineno":2,"logger":"py.warnings"}
{"timestamp":"2026-02-08T14:14:41.667345Z","level":"warning","event":"The `airflow.operators.bash.BashOperator` attribute is deprecated. Please use `'airflow.providers.standard.operators.bash.BashOperator'`.","category":"DeprecatedImportWarning","filename":"/opt/airflow/dags/branch_pipeline.py","lineno":3,"logger":"py.warnings"}
{"timestamp":"2026-02-08T14:15:12.109249Z","level":"info","event":"Filling up the DagBag from /opt/airflow/dags/branch_pipeline.py","logger":"airflow.models.dagbag.BundleDagBag","filename":"dagbag.py","lineno":593}
{"timestamp":"2026-02-08T14:15:12.283380Z","level":"warning","event":"The `airflow.decorators.dag` attribute is deprecated. Please use `'airflow.sdk.dag'`.","category":"DeprecatedImportWarning","filename":"/opt/airflow/dags/branch_pipeline.py","lineno":1,"logger":"py.warnings"}
{"timestamp":"2026-02-08T14:15:12.284755Z","level":"warning","event":"The `airflow.decorators.task` attribute is deprecated. Please use `'airflow.sdk.task'`.","category":"DeprecatedImportWarning","filename":"/opt/airflow/dags/branch_pipeline.py","lineno":1,"logger":"py.warnings"}
{"timestamp":"2026-02-08T14:15:12.287476Z","level":"warning","event":"The `airflow.operators.python.BranchPythonOperator` attribute is deprecated. Please use `'airflow.providers.standard.operators.python.BranchPythonOperator'`.","category":"DeprecatedImportWarning","filename":"/opt/airflow/dags/branch_pipeline.py","lineno":2,"logger":"py.warnings"}
{"timestamp":"2026-02-08T14:15:12.288832Z","level":"warning","event":"The `airflow.operators.bash.BashOperator` attribute is deprecated. Please use `'airflow.providers.standard.operators.bash.BashOperator'`.","category":"DeprecatedImportWarning","filename":"/opt/airflow/dags/branch_pipeline.py","lineno":3,"logger":"py.warnings"}
{"timestamp":"2026-02-08T14:15:42.942272Z","level":"info","event":"Filling up the DagBag from /opt/airflow/dags/branch_pipeline.py","logger":"airflow.models.dagbag.BundleDagBag","filename":"dagbag.py","lineno":593}
{"timestamp":"2026-02-08T14:15:43.025108Z","level":"warning","event":"The `airflow.decorators.dag` attribute is deprecated. Please use `'airflow.sdk.dag'`.","category":"DeprecatedImportWarning","filename":"/opt/airflow/dags/branch_pipeline.py","lineno":1,"logger":"py.warnings"}
{"timestamp":"2026-02-08T14:15:43.025459Z","level":"warning","event":"The `airflow.decorators.task` attribute is deprecated. Please use `'airflow.sdk.task'`.","category":"DeprecatedImportWarning","filename":"/opt/airflow/dags/branch_pipeline.py","lineno":1,"logger":"py.warnings"}
{"timestamp":"2026-02-08T14:15:43.025612Z","level":"warning","event":"The `airflow.operators.python.BranchPythonOperator` attribute is deprecated. Please use `'airflow.providers.standard.operators.python.BranchPythonOperator'`.","category":"DeprecatedImportWarning","filename":"/opt/airflow/dags/branch_pipeline.py","lineno":2,"logger":"py.warnings"}
{"timestamp":"2026-02-08T14:15:43.025777Z","level":"warning","event":"The `airflow.operators.bash.BashOperator` attribute is deprecated. Please use `'airflow.providers.standard.operators.bash.BashOperator'`.","category":"DeprecatedImportWarning","filename":"/opt/airflow/dags/branch_pipeline.py","lineno":3,"logger":"py.warnings"}
{"timestamp":"2026-02-08T14:16:13.543000Z","level":"info","event":"Filling up the DagBag from /opt/airflow/dags/branch_pipeline.py","logger":"airflow.models.dagbag.BundleDagBag","filename":"dagbag.py","lineno":593}
{"timestamp":"2026-02-08T14:16:13.627723Z","level":"warning","event":"The `airflow.decorators.dag` attribute is deprecated. Please use `'airflow.sdk.dag'`.","category":"DeprecatedImportWarning","filename":"/opt/airflow/dags/branch_pipeline.py","lineno":1,"logger":"py.warnings"}
{"timestamp":"2026-02-08T14:16:13.628147Z","level":"warning","event":"The `airflow.decorators.task` attribute is deprecated. Please use `'airflow.sdk.task'`.","category":"DeprecatedImportWarning","filename":"/opt/airflow/dags/branch_pipeline.py","lineno":1,"logger":"py.warnings"}
{"timestamp":"2026-02-08T14:16:13.628345Z","level":"warning","event":"The `airflow.operators.python.BranchPythonOperator` attribute is deprecated. Please use `'airflow.providers.standard.operators.python.BranchPythonOperator'`.","category":"DeprecatedImportWarning","filename":"/opt/airflow/dags/branch_pipeline.py","lineno":2,"logger":"py.warnings"}
{"timestamp":"2026-02-08T14:16:13.628497Z","level":"warning","event":"The `airflow.operators.bash.BashOperator` attribute is deprecated. Please use `'airflow.providers.standard.operators.bash.BashOperator'`.","category":"DeprecatedImportWarning","filename":"/opt/airflow/dags/branch_pipeline.py","lineno":3,"logger":"py.warnings"}
{"timestamp":"2026-02-08T14:16:44.245017Z","level":"info","event":"Filling up the DagBag from /opt/airflow/dags/branch_pipeline.py","logger":"airflow.models.dagbag.BundleDagBag","filename":"dagbag.py","lineno":593}
{"timestamp":"2026-02-08T14:16:44.311978Z","level":"warning","event":"The `airflow.decorators.dag` attribute is deprecated. Please use `'airflow.sdk.dag'`.","category":"DeprecatedImportWarning","filename":"/opt/airflow/dags/branch_pipeline.py","lineno":1,"logger":"py.warnings"}
{"timestamp":"2026-02-08T14:16:44.312339Z","level":"warning","event":"The `airflow.decorators.task` attribute is deprecated. Please use `'airflow.sdk.task'`.","category":"DeprecatedImportWarning","filename":"/opt/airflow/dags/branch_pipeline.py","lineno":1,"logger":"py.warnings"}
{"timestamp":"2026-02-08T14:16:44.312507Z","level":"warning","event":"The `airflow.operators.python.BranchPythonOperator` attribute is deprecated. Please use `'airflow.providers.standard.operators.python.BranchPythonOperator'`.","category":"DeprecatedImportWarning","filename":"/opt/airflow/dags/branch_pipeline.py","lineno":2,"logger":"py.warnings"}
{"timestamp":"2026-02-08T14:16:44.312661Z","level":"warning","event":"The `airflow.operators.bash.BashOperator` attribute is deprecated. Please use `'airflow.providers.standard.operators.bash.BashOperator'`.","category":"DeprecatedImportWarning","filename":"/opt/airflow/dags/branch_pipeline.py","lineno":3,"logger":"py.warnings"}
{"timestamp":"2026-02-08T14:17:14.922810Z","level":"info","event":"Filling up the DagBag from /opt/airflow/dags/branch_pipeline.py","logger":"airflow.models.dagbag.BundleDagBag","filename":"dagbag.py","lineno":593}
{"timestamp":"2026-02-08T14:17:15.012345Z","level":"warning","event":"The `airflow.decorators.dag` attribute is deprecated. Please use `'airflow.sdk.dag'`.","category":"DeprecatedImportWarning","filename":"/opt/airflow/dags/branch_pipeline.py","lineno":1,"logger":"py.warnings"}
{"timestamp":"2026-02-08T14:17:15.012641Z","level":"warning","event":"The `airflow.decorators.task` attribute is deprecated. Please use `'airflow.sdk.task'`.","category":"DeprecatedImportWarning","filename":"/opt/airflow/dags/branch_pipeline.py","lineno":1,"logger":"py.warnings"}
{"timestamp":"2026-02-08T14:17:15.012767Z","level":"warning","event":"The `airflow.operators.python.BranchPythonOperator` attribute is deprecated. Please use `'airflow.providers.standard.operators.python.BranchPythonOperator'`.","category":"DeprecatedImportWarning","filename":"/opt/airflow/dags/branch_pipeline.py","lineno":2,"logger":"py.warnings"}
{"timestamp":"2026-02-08T14:17:15.012872Z","level":"warning","event":"The `airflow.operators.bash.BashOperator` attribute is deprecated. Please use `'airflow.providers.standard.operators.bash.BashOperator'`.","category":"DeprecatedImportWarning","filename":"/opt/airflow/dags/branch_pipeline.py","lineno":3,"logger":"py.warnings"}
{"timestamp":"2026-02-08T14:17:45.674759Z","level":"info","event":"Filling up the DagBag from /opt/airflow/dags/branch_pipeline.py","logger":"airflow.models.dagbag.BundleDagBag","filename":"dagbag.py","lineno":593}
{"timestamp":"2026-02-08T14:17:45.790354Z","level":"warning","event":"The `airflow.decorators.dag` attribute is deprecated. Please use `'airflow.sdk.dag'`.","category":"DeprecatedImportWarning","filename":"/opt/airflow/dags/branch_pipeline.py","lineno":1,"logger":"py.warnings"}
{"timestamp":"2026-02-08T14:17:45.790919Z","level":"warning","event":"The `airflow.decorators.task` attribute is deprecated. Please use `'airflow.sdk.task'`.","category":"DeprecatedImportWarning","filename":"/opt/airflow/dags/branch_pipeline.py","lineno":1,"logger":"py.warnings"}
{"timestamp":"2026-02-08T14:17:45.791203Z","level":"warning","event":"The `airflow.operators.python.BranchPythonOperator` attribute is deprecated. Please use `'airflow.providers.standard.operators.python.BranchPythonOperator'`.","category":"DeprecatedImportWarning","filename":"/opt/airflow/dags/branch_pipeline.py","lineno":2,"logger":"py.warnings"}
{"timestamp":"2026-02-08T14:17:45.791376Z","level":"warning","event":"The `airflow.operators.bash.BashOperator` attribute is deprecated. Please use `'airflow.providers.standard.operators.bash.BashOperator'`.","category":"DeprecatedImportWarning","filename":"/opt/airflow/dags/branch_pipeline.py","lineno":3,"logger":"py.warnings"}
{"timestamp":"2026-02-08T14:18:16.278997Z","level":"info","event":"Filling up the DagBag from /opt/airflow/dags/branch_pipeline.py","logger":"airflow.models.dagbag.BundleDagBag","filename":"dagbag.py","lineno":593}
{"timestamp":"2026-02-08T14:18:16.362787Z","level":"warning","event":"The `airflow.decorators.dag` attribute is deprecated. Please use `'airflow.sdk.dag'`.","category":"DeprecatedImportWarning","filename":"/opt/airflow/dags/branch_pipeline.py","lineno":1,"logger":"py.warnings"}
{"timestamp":"2026-02-08T14:18:16.363166Z","level":"warning","event":"The `airflow.decorators.task` attribute is deprecated. Please use `'airflow.sdk.task'`.","category":"DeprecatedImportWarning","filename":"/opt/airflow/dags/branch_pipeline.py","lineno":1,"logger":"py.warnings"}
{"timestamp":"2026-02-08T14:18:16.363325Z","level":"warning","event":"The `airflow.operators.python.BranchPythonOperator` attribute is deprecated. Please use `'airflow.providers.standard.operators.python.BranchPythonOperator'`.","category":"DeprecatedImportWarning","filename":"/opt/airflow/dags/branch_pipeline.py","lineno":2,"logger":"py.warnings"}
{"timestamp":"2026-02-08T14:18:16.363477Z","level":"warning","event":"The `airflow.operators.bash.BashOperator` attribute is deprecated. Please use `'airflow.providers.standard.operators.bash.BashOperator'`.","category":"DeprecatedImportWarning","filename":"/opt/airflow/dags/branch_pipeline.py","lineno":3,"logger":"py.warnings"}
{"timestamp":"2026-02-08T14:18:46.860387Z","level":"info","event":"Filling up the DagBag from /opt/airflow/dags/branch_pipeline.py","logger":"airflow.models.dagbag.BundleDagBag","filename":"dagbag.py","lineno":593}
{"timestamp":"2026-02-08T14:18:46.945006Z","level":"warning","event":"The `airflow.decorators.dag` attribute is deprecated. Please use `'airflow.sdk.dag'`.","category":"DeprecatedImportWarning","filename":"/opt/airflow/dags/branch_pipeline.py","lineno":1,"logger":"py.warnings"}
{"timestamp":"2026-02-08T14:18:46.945348Z","level":"warning","event":"The `airflow.decorators.task` attribute is deprecated. Please use `'airflow.sdk.task'`.","category":"DeprecatedImportWarning","filename":"/opt/airflow/dags/branch_pipeline.py","lineno":1,"logger":"py.warnings"}
{"timestamp":"2026-02-08T14:18:46.945507Z","level":"warning","event":"The `airflow.operators.python.BranchPythonOperator` attribute is deprecated. Please use `'airflow.providers.standard.operators.python.BranchPythonOperator'`.","category":"DeprecatedImportWarning","filename":"/opt/airflow/dags/branch_pipeline.py","lineno":2,"logger":"py.warnings"}
{"timestamp":"2026-02-08T14:18:46.945615Z","level":"warning","event":"The `airflow.operators.bash.BashOperator` attribute is deprecated. Please use `'airflow.providers.standard.operators.bash.BashOperator'`.","category":"DeprecatedImportWarning","filename":"/opt/airflow/dags/branch_pipeline.py","lineno":3,"logger":"py.warnings"}
{"timestamp":"2026-02-08T14:19:17.357264Z","level":"info","event":"Filling up the DagBag from /opt/airflow/dags/branch_pipeline.py","logger":"airflow.models.dagbag.BundleDagBag","filename":"dagbag.py","lineno":593}
{"timestamp":"2026-02-08T14:19:17.438164Z","level":"warning","event":"The `airflow.decorators.dag` attribute is deprecated. Please use `'airflow.sdk.dag'`.","category":"DeprecatedImportWarning","filename":"/opt/airflow/dags/branch_pipeline.py","lineno":1,"logger":"py.warnings"}
{"timestamp":"2026-02-08T14:19:17.438379Z","level":"warning","event":"The `airflow.decorators.task` attribute is deprecated. Please use `'airflow.sdk.task'`.","category":"DeprecatedImportWarning","filename":"/opt/airflow/dags/branch_pipeline.py","lineno":1,"logger":"py.warnings"}
{"timestamp":"2026-02-08T14:19:17.438462Z","level":"warning","event":"The `airflow.operators.python.BranchPythonOperator` attribute is deprecated. Please use `'airflow.providers.standard.operators.python.BranchPythonOperator'`.","category":"DeprecatedImportWarning","filename":"/opt/airflow/dags/branch_pipeline.py","lineno":2,"logger":"py.warnings"}
{"timestamp":"2026-02-08T14:19:17.438532Z","level":"warning","event":"The `airflow.operators.bash.BashOperator` attribute is deprecated. Please use `'airflow.providers.standard.operators.bash.BashOperator'`.","category":"DeprecatedImportWarning","filename":"/opt/airflow/dags/branch_pipeline.py","lineno":3,"logger":"py.warnings"}
{"timestamp":"2026-02-08T14:19:47.858533Z","level":"info","event":"Filling up the DagBag from /opt/airflow/dags/branch_pipeline.py","logger":"airflow.models.dagbag.BundleDagBag","filename":"dagbag.py","lineno":593}
{"timestamp":"2026-02-08T14:19:47.938044Z","level":"warning","event":"The `airflow.decorators.dag` attribute is deprecated. Please use `'airflow.sdk.dag'`.","category":"DeprecatedImportWarning","filename":"/opt/airflow/dags/branch_pipeline.py","lineno":1,"logger":"py.warnings"}
{"timestamp":"2026-02-08T14:19:47.938396Z","level":"warning","event":"The `airflow.decorators.task` attribute is deprecated. Please use `'airflow.sdk.task'`.","category":"DeprecatedImportWarning","filename":"/opt/airflow/dags/branch_pipeline.py","lineno":1,"logger":"py.warnings"}
{"timestamp":"2026-02-08T14:19:47.938508Z","level":"warning","event":"The `airflow.operators.python.BranchPythonOperator` attribute is deprecated. Please use `'airflow.providers.standard.operators.python.BranchPythonOperator'`.","category":"DeprecatedImportWarning","filename":"/opt/airflow/dags/branch_pipeline.py","lineno":2,"logger":"py.warnings"}
{"timestamp":"2026-02-08T14:19:47.938595Z","level":"warning","event":"The `airflow.operators.bash.BashOperator` attribute is deprecated. Please use `'airflow.providers.standard.operators.bash.BashOperator'`.","category":"DeprecatedImportWarning","filename":"/opt/airflow/dags/branch_pipeline.py","lineno":3,"logger":"py.warnings"}
{"timestamp":"2026-02-08T14:20:18.930245Z","level":"info","event":"Filling up the DagBag from /opt/airflow/dags/branch_pipeline.py","logger":"airflow.models.dagbag.BundleDagBag","filename":"dagbag.py","lineno":593}
{"timestamp":"2026-02-08T14:20:19.021094Z","level":"warning","event":"The `airflow.decorators.dag` attribute is deprecated. Please use `'airflow.sdk.dag'`.","category":"DeprecatedImportWarning","filename":"/opt/airflow/dags/branch_pipeline.py","lineno":1,"logger":"py.warnings"}
{"timestamp":"2026-02-08T14:20:19.021391Z","level":"warning","event":"The `airflow.decorators.task` attribute is deprecated. Please use `'airflow.sdk.task'`.","category":"DeprecatedImportWarning","filename":"/opt/airflow/dags/branch_pipeline.py","lineno":1,"logger":"py.warnings"}
{"timestamp":"2026-02-08T14:20:19.021480Z","level":"warning","event":"The `airflow.operators.python.BranchPythonOperator` attribute is deprecated. Please use `'airflow.providers.standard.operators.python.BranchPythonOperator'`.","category":"DeprecatedImportWarning","filename":"/opt/airflow/dags/branch_pipeline.py","lineno":2,"logger":"py.warnings"}
{"timestamp":"2026-02-08T14:20:19.021579Z","level":"warning","event":"The `airflow.operators.bash.BashOperator` attribute is deprecated. Please use `'airflow.providers.standard.operators.bash.BashOperator'`.","category":"DeprecatedImportWarning","filename":"/opt/airflow/dags/branch_pipeline.py","lineno":3,"logger":"py.warnings"}
{"timestamp":"2026-02-08T14:20:49.796040Z","level":"info","event":"Filling up the DagBag from /opt/airflow/dags/branch_pipeline.py","logger":"airflow.models.dagbag.BundleDagBag","filename":"dagbag.py","lineno":593}
{"timestamp":"2026-02-08T14:20:49.888333Z","level":"warning","event":"The `airflow.decorators.dag` attribute is deprecated. Please use `'airflow.sdk.dag'`.","category":"DeprecatedImportWarning","filename":"/opt/airflow/dags/branch_pipeline.py","lineno":1,"logger":"py.warnings"}
{"timestamp":"2026-02-08T14:20:49.888664Z","level":"warning","event":"The `airflow.decorators.task` attribute is deprecated. Please use `'airflow.sdk.task'`.","category":"DeprecatedImportWarning","filename":"/opt/airflow/dags/branch_pipeline.py","lineno":1,"logger":"py.warnings"}
{"timestamp":"2026-02-08T14:20:49.888822Z","level":"warning","event":"The `airflow.operators.python.BranchPythonOperator` attribute is deprecated. Please use `'airflow.providers.standard.operators.python.BranchPythonOperator'`.","category":"DeprecatedImportWarning","filename":"/opt/airflow/dags/branch_pipeline.py","lineno":2,"logger":"py.warnings"}
{"timestamp":"2026-02-08T14:20:49.888956Z","level":"warning","event":"The `airflow.operators.bash.BashOperator` attribute is deprecated. Please use `'airflow.providers.standard.operators.bash.BashOperator'`.","category":"DeprecatedImportWarning","filename":"/opt/airflow/dags/branch_pipeline.py","lineno":3,"logger":"py.warnings"}
{"timestamp":"2026-02-08T14:21:20.698707Z","level":"info","event":"Filling up the DagBag from /opt/airflow/dags/branch_pipeline.py","logger":"airflow.models.dagbag.BundleDagBag","filename":"dagbag.py","lineno":593}
{"timestamp":"2026-02-08T14:21:20.774348Z","level":"warning","event":"The `airflow.decorators.dag` attribute is deprecated. Please use `'airflow.sdk.dag'`.","category":"DeprecatedImportWarning","filename":"/opt/airflow/dags/branch_pipeline.py","lineno":1,"logger":"py.warnings"}
{"timestamp":"2026-02-08T14:21:20.774610Z","level":"warning","event":"The `airflow.decorators.task` attribute is deprecated. Please use `'airflow.sdk.task'`.","category":"DeprecatedImportWarning","filename":"/opt/airflow/dags/branch_pipeline.py","lineno":1,"logger":"py.warnings"}
{"timestamp":"2026-02-08T14:21:20.774790Z","level":"warning","event":"The `airflow.operators.python.BranchPythonOperator` attribute is deprecated. Please use `'airflow.providers.standard.operators.python.BranchPythonOperator'`.","category":"DeprecatedImportWarning","filename":"/opt/airflow/dags/branch_pipeline.py","lineno":2,"logger":"py.warnings"}
{"timestamp":"2026-02-08T14:21:20.774971Z","level":"warning","event":"The `airflow.operators.bash.BashOperator` attribute is deprecated. Please use `'airflow.providers.standard.operators.bash.BashOperator'`.","category":"DeprecatedImportWarning","filename":"/opt/airflow/dags/branch_pipeline.py","lineno":3,"logger":"py.warnings"}
{"timestamp":"2026-02-08T14:21:51.218989Z","level":"info","event":"Filling up the DagBag from /opt/airflow/dags/branch_pipeline.py","logger":"airflow.models.dagbag.BundleDagBag","filename":"dagbag.py","lineno":593}
{"timestamp":"2026-02-08T14:21:51.326442Z","level":"warning","event":"The `airflow.decorators.dag` attribute is deprecated. Please use `'airflow.sdk.dag'`.","category":"DeprecatedImportWarning","filename":"/opt/airflow/dags/branch_pipeline.py","lineno":1,"logger":"py.warnings"}
{"timestamp":"2026-02-08T14:21:51.327112Z","level":"warning","event":"The `airflow.decorators.task` attribute is deprecated. Please use `'airflow.sdk.task'`.","category":"DeprecatedImportWarning","filename":"/opt/airflow/dags/branch_pipeline.py","lineno":1,"logger":"py.warnings"}
{"timestamp":"2026-02-08T14:21:51.328904Z","level":"warning","event":"The `airflow.operators.python.BranchPythonOperator` attribute is deprecated. Please use `'airflow.providers.standard.operators.python.BranchPythonOperator'`.","category":"DeprecatedImportWarning","filename":"/opt/airflow/dags/branch_pipeline.py","lineno":2,"logger":"py.warnings"}
{"timestamp":"2026-02-08T14:21:51.329201Z","level":"warning","event":"The `airflow.operators.bash.BashOperator` attribute is deprecated. Please use `'airflow.providers.standard.operators.bash.BashOperator'`.","category":"DeprecatedImportWarning","filename":"/opt/airflow/dags/branch_pipeline.py","lineno":3,"logger":"py.warnings"}
{"timestamp":"2026-02-08T14:22:22.038721Z","level":"info","event":"Filling up the DagBag from /opt/airflow/dags/branch_pipeline.py","logger":"airflow.models.dagbag.BundleDagBag","filename":"dagbag.py","lineno":593}
{"timestamp":"2026-02-08T14:22:22.106784Z","level":"warning","event":"The `airflow.decorators.dag` attribute is deprecated. Please use `'airflow.sdk.dag'`.","category":"DeprecatedImportWarning","filename":"/opt/airflow/dags/branch_pipeline.py","lineno":1,"logger":"py.warnings"}
{"timestamp":"2026-02-08T14:22:22.107653Z","level":"warning","event":"The `airflow.decorators.task` attribute is deprecated. Please use `'airflow.sdk.task'`.","category":"DeprecatedImportWarning","filename":"/opt/airflow/dags/branch_pipeline.py","lineno":1,"logger":"py.warnings"}
{"timestamp":"2026-02-08T14:22:22.107839Z","level":"warning","event":"The `airflow.operators.python.BranchPythonOperator` attribute is deprecated. Please use `'airflow.providers.standard.operators.python.BranchPythonOperator'`.","category":"DeprecatedImportWarning","filename":"/opt/airflow/dags/branch_pipeline.py","lineno":2,"logger":"py.warnings"}
{"timestamp":"2026-02-08T14:22:22.108750Z","level":"warning","event":"The `airflow.operators.bash.BashOperator` attribute is deprecated. Please use `'airflow.providers.standard.operators.bash.BashOperator'`.","category":"DeprecatedImportWarning","filename":"/opt/airflow/dags/branch_pipeline.py","lineno":3,"logger":"py.warnings"}
{"timestamp":"2026-02-08T14:22:52.677368Z","level":"info","event":"Filling up the DagBag from /opt/airflow/dags/branch_pipeline.py","logger":"airflow.models.dagbag.BundleDagBag","filename":"dagbag.py","lineno":593}
{"timestamp":"2026-02-08T14:22:52.741884Z","level":"warning","event":"The `airflow.decorators.dag` attribute is deprecated. Please use `'airflow.sdk.dag'`.","category":"DeprecatedImportWarning","filename":"/opt/airflow/dags/branch_pipeline.py","lineno":1,"logger":"py.warnings"}
{"timestamp":"2026-02-08T14:22:52.742291Z","level":"warning","event":"The `airflow.decorators.task` attribute is deprecated. Please use `'airflow.sdk.task'`.","category":"DeprecatedImportWarning","filename":"/opt/airflow/dags/branch_pipeline.py","lineno":1,"logger":"py.warnings"}
{"timestamp":"2026-02-08T14:22:52.742460Z","level":"warning","event":"The `airflow.operators.python.BranchPythonOperator` attribute is deprecated. Please use `'airflow.providers.standard.operators.python.BranchPythonOperator'`.","category":"DeprecatedImportWarning","filename":"/opt/airflow/dags/branch_pipeline.py","lineno":2,"logger":"py.warnings"}
{"timestamp":"2026-02-08T14:22:52.742613Z","level":"warning","event":"The `airflow.operators.bash.BashOperator` attribute is deprecated. Please use `'airflow.providers.standard.operators.bash.BashOperator'`.","category":"DeprecatedImportWarning","filename":"/opt/airflow/dags/branch_pipeline.py","lineno":3,"logger":"py.warnings"}
{"timestamp":"2026-02-08T14:23:22.969539Z","level":"info","event":"Filling up the DagBag from /opt/airflow/dags/branch_pipeline.py","logger":"airflow.models.dagbag.BundleDagBag","filename":"dagbag.py","lineno":593}
{"timestamp":"2026-02-08T14:23:23.056861Z","level":"warning","event":"The `airflow.decorators.dag` attribute is deprecated. Please use `'airflow.sdk.dag'`.","category":"DeprecatedImportWarning","filename":"/opt/airflow/dags/branch_pipeline.py","lineno":1,"logger":"py.warnings"}
{"timestamp":"2026-02-08T14:23:23.057224Z","level":"warning","event":"The `airflow.decorators.task` attribute is deprecated. Please use `'airflow.sdk.task'`.","category":"DeprecatedImportWarning","filename":"/opt/airflow/dags/branch_pipeline.py","lineno":1,"logger":"py.warnings"}
{"timestamp":"2026-02-08T14:23:23.057408Z","level":"warning","event":"The `airflow.operators.python.BranchPythonOperator` attribute is deprecated. Please use `'airflow.providers.standard.operators.python.BranchPythonOperator'`.","category":"DeprecatedImportWarning","filename":"/opt/airflow/dags/branch_pipeline.py","lineno":2,"logger":"py.warnings"}
{"timestamp":"2026-02-08T14:23:23.057576Z","level":"warning","event":"The `airflow.operators.bash.BashOperator` attribute is deprecated. Please use `'airflow.providers.standard.operators.bash.BashOperator'`.","category":"DeprecatedImportWarning","filename":"/opt/airflow/dags/branch_pipeline.py","lineno":3,"logger":"py.warnings"}
{"timestamp":"2026-02-08T14:23:53.845312Z","level":"info","event":"Filling up the DagBag from /opt/airflow/dags/branch_pipeline.py","logger":"airflow.models.dagbag.BundleDagBag","filename":"dagbag.py","lineno":593}
{"timestamp":"2026-02-08T14:23:53.927998Z","level":"warning","event":"The `airflow.decorators.dag` attribute is deprecated. Please use `'airflow.sdk.dag'`.","category":"DeprecatedImportWarning","filename":"/opt/airflow/dags/branch_pipeline.py","lineno":1,"logger":"py.warnings"}
{"timestamp":"2026-02-08T14:23:53.928352Z","level":"warning","event":"The `airflow.decorators.task` attribute is deprecated. Please use `'airflow.sdk.task'`.","category":"DeprecatedImportWarning","filename":"/opt/airflow/dags/branch_pipeline.py","lineno":1,"logger":"py.warnings"}
{"timestamp":"2026-02-08T14:23:53.928529Z","level":"warning","event":"The `airflow.operators.python.BranchPythonOperator` attribute is deprecated. Please use `'airflow.providers.standard.operators.python.BranchPythonOperator'`.","category":"DeprecatedImportWarning","filename":"/opt/airflow/dags/branch_pipeline.py","lineno":2,"logger":"py.warnings"}
{"timestamp":"2026-02-08T14:23:53.928616Z","level":"warning","event":"The `airflow.operators.bash.BashOperator` attribute is deprecated. Please use `'airflow.providers.standard.operators.bash.BashOperator'`.","category":"DeprecatedImportWarning","filename":"/opt/airflow/dags/branch_pipeline.py","lineno":3,"logger":"py.warnings"}
{"timestamp":"2026-02-08T14:24:24.409354Z","level":"info","event":"Filling up the DagBag from /opt/airflow/dags/branch_pipeline.py","logger":"airflow.models.dagbag.BundleDagBag","filename":"dagbag.py","lineno":593}
{"timestamp":"2026-02-08T14:24:24.500986Z","level":"warning","event":"The `airflow.decorators.dag` attribute is deprecated. Please use `'airflow.sdk.dag'`.","category":"DeprecatedImportWarning","filename":"/opt/airflow/dags/branch_pipeline.py","lineno":1,"logger":"py.warnings"}
{"timestamp":"2026-02-08T14:24:24.501410Z","level":"warning","event":"The `airflow.decorators.task` attribute is deprecated. Please use `'airflow.sdk.task'`.","category":"DeprecatedImportWarning","filename":"/opt/airflow/dags/branch_pipeline.py","lineno":1,"logger":"py.warnings"}
{"timestamp":"2026-02-08T14:24:24.501747Z","level":"warning","event":"The `airflow.operators.python.BranchPythonOperator` attribute is deprecated. Please use `'airflow.providers.standard.operators.python.BranchPythonOperator'`.","category":"DeprecatedImportWarning","filename":"/opt/airflow/dags/branch_pipeline.py","lineno":2,"logger":"py.warnings"}
{"timestamp":"2026-02-08T14:24:24.502070Z","level":"warning","event":"The `airflow.operators.bash.BashOperator` attribute is deprecated. Please use `'airflow.providers.standard.operators.bash.BashOperator'`.","category":"DeprecatedImportWarning","filename":"/opt/airflow/dags/branch_pipeline.py","lineno":3,"logger":"py.warnings"}
{"timestamp":"2026-02-08T14:24:55.347611Z","level":"info","event":"Filling up the DagBag from /opt/airflow/dags/branch_pipeline.py","logger":"airflow.models.dagbag.BundleDagBag","filename":"dagbag.py","lineno":593}
{"timestamp":"2026-02-08T14:24:55.439294Z","level":"warning","event":"The `airflow.decorators.dag` attribute is deprecated. Please use `'airflow.sdk.dag'`.","category":"DeprecatedImportWarning","filename":"/opt/airflow/dags/branch_pipeline.py","lineno":1,"logger":"py.warnings"}
{"timestamp":"2026-02-08T14:24:55.439605Z","level":"warning","event":"The `airflow.decorators.task` attribute is deprecated. Please use `'airflow.sdk.task'`.","category":"DeprecatedImportWarning","filename":"/opt/airflow/dags/branch_pipeline.py","lineno":1,"logger":"py.warnings"}
{"timestamp":"2026-02-08T14:24:55.439753Z","level":"warning","event":"The `airflow.operators.python.BranchPythonOperator` attribute is deprecated. Please use `'airflow.providers.standard.operators.python.BranchPythonOperator'`.","category":"DeprecatedImportWarning","filename":"/opt/airflow/dags/branch_pipeline.py","lineno":2,"logger":"py.warnings"}
{"timestamp":"2026-02-08T14:24:55.439862Z","level":"warning","event":"The `airflow.operators.bash.BashOperator` attribute is deprecated. Please use `'airflow.providers.standard.operators.bash.BashOperator'`.","category":"DeprecatedImportWarning","filename":"/opt/airflow/dags/branch_pipeline.py","lineno":3,"logger":"py.warnings"}
{"timestamp":"2026-02-08T14:25:25.978938Z","level":"info","event":"Filling up the DagBag from /opt/airflow/dags/branch_pipeline.py","logger":"airflow.models.dagbag.BundleDagBag","filename":"dagbag.py","lineno":593}
{"timestamp":"2026-02-08T14:25:26.040017Z","level":"warning","event":"The `airflow.decorators.dag` attribute is deprecated. Please use `'airflow.sdk.dag'`.","category":"DeprecatedImportWarning","filename":"/opt/airflow/dags/branch_pipeline.py","lineno":1,"logger":"py.warnings"}
{"timestamp":"2026-02-08T14:25:26.040335Z","level":"warning","event":"The `airflow.decorators.task` attribute is deprecated. Please use `'airflow.sdk.task'`.","category":"DeprecatedImportWarning","filename":"/opt/airflow/dags/branch_pipeline.py","lineno":1,"logger":"py.warnings"}
{"timestamp":"2026-02-08T14:25:26.040467Z","level":"warning","event":"The `airflow.operators.python.BranchPythonOperator` attribute is deprecated. Please use `'airflow.providers.standard.operators.python.BranchPythonOperator'`.","category":"DeprecatedImportWarning","filename":"/opt/airflow/dags/branch_pipeline.py","lineno":2,"logger":"py.warnings"}
{"timestamp":"2026-02-08T14:25:26.040580Z","level":"warning","event":"The `airflow.operators.bash.BashOperator` attribute is deprecated. Please use `'airflow.providers.standard.operators.bash.BashOperator'`.","category":"DeprecatedImportWarning","filename":"/opt/airflow/dags/branch_pipeline.py","lineno":3,"logger":"py.warnings"}
{"timestamp":"2026-02-08T14:25:56.894920Z","level":"info","event":"Filling up the DagBag from /opt/airflow/dags/branch_pipeline.py","logger":"airflow.models.dagbag.BundleDagBag","filename":"dagbag.py","lineno":593}
{"timestamp":"2026-02-08T14:25:57.020057Z","level":"warning","event":"The `airflow.decorators.dag` attribute is deprecated. Please use `'airflow.sdk.dag'`.","category":"DeprecatedImportWarning","filename":"/opt/airflow/dags/branch_pipeline.py","lineno":1,"logger":"py.warnings"}
{"timestamp":"2026-02-08T14:25:57.020676Z","level":"warning","event":"The `airflow.decorators.task` attribute is deprecated. Please use `'airflow.sdk.task'`.","category":"DeprecatedImportWarning","filename":"/opt/airflow/dags/branch_pipeline.py","lineno":1,"logger":"py.warnings"}
{"timestamp":"2026-02-08T14:25:57.020895Z","level":"warning","event":"The `airflow.operators.python.BranchPythonOperator` attribute is deprecated. Please use `'airflow.providers.standard.operators.python.BranchPythonOperator'`.","category":"DeprecatedImportWarning","filename":"/opt/airflow/dags/branch_pipeline.py","lineno":2,"logger":"py.warnings"}
{"timestamp":"2026-02-08T14:25:57.021206Z","level":"warning","event":"The `airflow.operators.bash.BashOperator` attribute is deprecated. Please use `'airflow.providers.standard.operators.bash.BashOperator'`.","category":"DeprecatedImportWarning","filename":"/opt/airflow/dags/branch_pipeline.py","lineno":3,"logger":"py.warnings"}
{"timestamp":"2026-02-08T14:26:28.036793Z","level":"info","event":"Filling up the DagBag from /opt/airflow/dags/branch_pipeline.py","logger":"airflow.models.dagbag.BundleDagBag","filename":"dagbag.py","lineno":593}
{"timestamp":"2026-02-08T14:26:28.103509Z","level":"warning","event":"The `airflow.decorators.dag` attribute is deprecated. Please use `'airflow.sdk.dag'`.","category":"DeprecatedImportWarning","filename":"/opt/airflow/dags/branch_pipeline.py","lineno":1,"logger":"py.warnings"}
{"timestamp":"2026-02-08T14:26:28.103804Z","level":"warning","event":"The `airflow.decorators.task` attribute is deprecated. Please use `'airflow.sdk.task'`.","category":"DeprecatedImportWarning","filename":"/opt/airflow/dags/branch_pipeline.py","lineno":1,"logger":"py.warnings"}
{"timestamp":"2026-02-08T14:26:28.103954Z","level":"warning","event":"The `airflow.operators.python.BranchPythonOperator` attribute is deprecated. Please use `'airflow.providers.standard.operators.python.BranchPythonOperator'`.","category":"DeprecatedImportWarning","filename":"/opt/airflow/dags/branch_pipeline.py","lineno":2,"logger":"py.warnings"}
{"timestamp":"2026-02-08T14:26:28.104082Z","level":"warning","event":"The `airflow.operators.bash.BashOperator` attribute is deprecated. Please use `'airflow.providers.standard.operators.bash.BashOperator'`.","category":"DeprecatedImportWarning","filename":"/opt/airflow/dags/branch_pipeline.py","lineno":3,"logger":"py.warnings"}
{"timestamp":"2026-02-08T14:26:58.492402Z","level":"info","event":"Filling up the DagBag from /opt/airflow/dags/branch_pipeline.py","logger":"airflow.models.dagbag.BundleDagBag","filename":"dagbag.py","lineno":593}
{"timestamp":"2026-02-08T14:26:58.587046Z","level":"warning","event":"The `airflow.decorators.dag` attribute is deprecated. Please use `'airflow.sdk.dag'`.","category":"DeprecatedImportWarning","filename":"/opt/airflow/dags/branch_pipeline.py","lineno":1,"logger":"py.warnings"}
{"timestamp":"2026-02-08T14:26:58.587355Z","level":"warning","event":"The `airflow.decorators.task` attribute is deprecated. Please use `'airflow.sdk.task'`.","category":"DeprecatedImportWarning","filename":"/opt/airflow/dags/branch_pipeline.py","lineno":1,"logger":"py.warnings"}
{"timestamp":"2026-02-08T14:26:58.587492Z","level":"warning","event":"The `airflow.operators.python.BranchPythonOperator` attribute is deprecated. Please use `'airflow.providers.standard.operators.python.BranchPythonOperator'`.","category":"DeprecatedImportWarning","filename":"/opt/airflow/dags/branch_pipeline.py","lineno":2,"logger":"py.warnings"}
{"timestamp":"2026-02-08T14:26:58.587602Z","level":"warning","event":"The `airflow.operators.bash.BashOperator` attribute is deprecated. Please use `'airflow.providers.standard.operators.bash.BashOperator'`.","category":"DeprecatedImportWarning","filename":"/opt/airflow/dags/branch_pipeline.py","lineno":3,"logger":"py.warnings"}
{"timestamp":"2026-02-08T14:27:28.745776Z","level":"info","event":"Filling up the DagBag from /opt/airflow/dags/branch_pipeline.py","logger":"airflow.models.dagbag.BundleDagBag","filename":"dagbag.py","lineno":593}
{"timestamp":"2026-02-08T14:27:28.807367Z","level":"warning","event":"The `airflow.decorators.dag` attribute is deprecated. Please use `'airflow.sdk.dag'`.","category":"DeprecatedImportWarning","filename":"/opt/airflow/dags/branch_pipeline.py","lineno":1,"logger":"py.warnings"}
{"timestamp":"2026-02-08T14:27:28.807970Z","level":"warning","event":"The `airflow.decorators.task` attribute is deprecated. Please use `'airflow.sdk.task'`.","category":"DeprecatedImportWarning","filename":"/opt/airflow/dags/branch_pipeline.py","lineno":1,"logger":"py.warnings"}
{"timestamp":"2026-02-08T14:27:28.808174Z","level":"warning","event":"The `airflow.operators.python.BranchPythonOperator` attribute is deprecated. Please use `'airflow.providers.standard.operators.python.BranchPythonOperator'`.","category":"DeprecatedImportWarning","filename":"/opt/airflow/dags/branch_pipeline.py","lineno":2,"logger":"py.warnings"}
{"timestamp":"2026-02-08T14:27:28.808316Z","level":"warning","event":"The `airflow.operators.bash.BashOperator` attribute is deprecated. Please use `'airflow.providers.standard.operators.bash.BashOperator'`.","category":"DeprecatedImportWarning","filename":"/opt/airflow/dags/branch_pipeline.py","lineno":3,"logger":"py.warnings"}
{"timestamp":"2026-02-08T14:27:59.416141Z","level":"info","event":"Filling up the DagBag from /opt/airflow/dags/branch_pipeline.py","logger":"airflow.models.dagbag.BundleDagBag","filename":"dagbag.py","lineno":593}
{"timestamp":"2026-02-08T14:27:59.488280Z","level":"warning","event":"The `airflow.decorators.dag` attribute is deprecated. Please use `'airflow.sdk.dag'`.","category":"DeprecatedImportWarning","filename":"/opt/airflow/dags/branch_pipeline.py","lineno":1,"logger":"py.warnings"}
{"timestamp":"2026-02-08T14:27:59.488715Z","level":"warning","event":"The `airflow.decorators.task` attribute is deprecated. Please use `'airflow.sdk.task'`.","category":"DeprecatedImportWarning","filename":"/opt/airflow/dags/branch_pipeline.py","lineno":1,"logger":"py.warnings"}
{"timestamp":"2026-02-08T14:27:59.488865Z","level":"warning","event":"The `airflow.operators.python.BranchPythonOperator` attribute is deprecated. Please use `'airflow.providers.standard.operators.python.BranchPythonOperator'`.","category":"DeprecatedImportWarning","filename":"/opt/airflow/dags/branch_pipeline.py","lineno":2,"logger":"py.warnings"}
{"timestamp":"2026-02-08T14:27:59.488991Z","level":"warning","event":"The `airflow.operators.bash.BashOperator` attribute is deprecated. Please use `'airflow.providers.standard.operators.bash.BashOperator'`.","category":"DeprecatedImportWarning","filename":"/opt/airflow/dags/branch_pipeline.py","lineno":3,"logger":"py.warnings"}
{"timestamp":"2026-02-08T14:28:30.087136Z","level":"info","event":"Filling up the DagBag from /opt/airflow/dags/branch_pipeline.py","logger":"airflow.models.dagbag.BundleDagBag","filename":"dagbag.py","lineno":593}
{"timestamp":"2026-02-08T14:28:30.226288Z","level":"warning","event":"The `airflow.decorators.dag` attribute is deprecated. Please use `'airflow.sdk.dag'`.","category":"DeprecatedImportWarning","filename":"/opt/airflow/dags/branch_pipeline.py","lineno":1,"logger":"py.warnings"}
{"timestamp":"2026-02-08T14:28:30.226863Z","level":"warning","event":"The `airflow.decorators.task` attribute is deprecated. Please use `'airflow.sdk.task'`.","category":"DeprecatedImportWarning","filename":"/opt/airflow/dags/branch_pipeline.py","lineno":1,"logger":"py.warnings"}
{"timestamp":"2026-02-08T14:28:30.227152Z","level":"warning","event":"The `airflow.operators.python.BranchPythonOperator` attribute is deprecated. Please use `'airflow.providers.standard.operators.python.BranchPythonOperator'`.","category":"DeprecatedImportWarning","filename":"/opt/airflow/dags/branch_pipeline.py","lineno":2,"logger":"py.warnings"}
{"timestamp":"2026-02-08T14:28:30.227483Z","level":"warning","event":"The `airflow.operators.bash.BashOperator` attribute is deprecated. Please use `'airflow.providers.standard.operators.bash.BashOperator'`.","category":"DeprecatedImportWarning","filename":"/opt/airflow/dags/branch_pipeline.py","lineno":3,"logger":"py.warnings"}
{"timestamp":"2026-02-08T14:29:00.728789Z","level":"info","event":"Filling up the DagBag from /opt/airflow/dags/branch_pipeline.py","logger":"airflow.models.dagbag.BundleDagBag","filename":"dagbag.py","lineno":593}
{"timestamp":"2026-02-08T14:29:00.826850Z","level":"warning","event":"The `airflow.decorators.dag` attribute is deprecated. Please use `'airflow.sdk.dag'`.","category":"DeprecatedImportWarning","filename":"/opt/airflow/dags/branch_pipeline.py","lineno":1,"logger":"py.warnings"}
{"timestamp":"2026-02-08T14:29:00.827195Z","level":"warning","event":"The `airflow.decorators.task` attribute is deprecated. Please use `'airflow.sdk.task'`.","category":"DeprecatedImportWarning","filename":"/opt/airflow/dags/branch_pipeline.py","lineno":1,"logger":"py.warnings"}
{"timestamp":"2026-02-08T14:29:00.827370Z","level":"warning","event":"The `airflow.operators.python.BranchPythonOperator` attribute is deprecated. Please use `'airflow.providers.standard.operators.python.BranchPythonOperator'`.","category":"DeprecatedImportWarning","filename":"/opt/airflow/dags/branch_pipeline.py","lineno":2,"logger":"py.warnings"}
{"timestamp":"2026-02-08T14:29:00.827713Z","level":"warning","event":"The `airflow.operators.bash.BashOperator` attribute is deprecated. Please use `'airflow.providers.standard.operators.bash.BashOperator'`.","category":"DeprecatedImportWarning","filename":"/opt/airflow/dags/branch_pipeline.py","lineno":3,"logger":"py.warnings"}
{"timestamp":"2026-02-08T14:29:31.621603Z","level":"info","event":"Filling up the DagBag from /opt/airflow/dags/branch_pipeline.py","logger":"airflow.models.dagbag.BundleDagBag","filename":"dagbag.py","lineno":593}
{"timestamp":"2026-02-08T14:29:31.718343Z","level":"warning","event":"The `airflow.decorators.dag` attribute is deprecated. Please use `'airflow.sdk.dag'`.","category":"DeprecatedImportWarning","filename":"/opt/airflow/dags/branch_pipeline.py","lineno":1,"logger":"py.warnings"}
{"timestamp":"2026-02-08T14:29:31.718840Z","level":"warning","event":"The `airflow.decorators.task` attribute is deprecated. Please use `'airflow.sdk.task'`.","category":"DeprecatedImportWarning","filename":"/opt/airflow/dags/branch_pipeline.py","lineno":1,"logger":"py.warnings"}
{"timestamp":"2026-02-08T14:29:31.719079Z","level":"warning","event":"The `airflow.operators.python.BranchPythonOperator` attribute is deprecated. Please use `'airflow.providers.standard.operators.python.BranchPythonOperator'`.","category":"DeprecatedImportWarning","filename":"/opt/airflow/dags/branch_pipeline.py","lineno":2,"logger":"py.warnings"}
{"timestamp":"2026-02-08T14:29:31.719250Z","level":"warning","event":"The `airflow.operators.bash.BashOperator` attribute is deprecated. Please use `'airflow.providers.standard.operators.bash.BashOperator'`.","category":"DeprecatedImportWarning","filename":"/opt/airflow/dags/branch_pipeline.py","lineno":3,"logger":"py.warnings"}
{"timestamp":"2026-02-08T14:30:02.377431Z","level":"info","event":"Filling up the DagBag from /opt/airflow/dags/branch_pipeline.py","logger":"airflow.models.dagbag.BundleDagBag","filename":"dagbag.py","lineno":593}
{"timestamp":"2026-02-08T14:30:02.479432Z","level":"warning","event":"The `airflow.decorators.dag` attribute is deprecated. Please use `'airflow.sdk.dag'`.","category":"DeprecatedImportWarning","filename":"/opt/airflow/dags/branch_pipeline.py","lineno":1,"logger":"py.warnings"}
{"timestamp":"2026-02-08T14:30:02.479815Z","level":"warning","event":"The `airflow.decorators.task` attribute is deprecated. Please use `'airflow.sdk.task'`.","category":"DeprecatedImportWarning","filename":"/opt/airflow/dags/branch_pipeline.py","lineno":1,"logger":"py.warnings"}
{"timestamp":"2026-02-08T14:30:02.479987Z","level":"warning","event":"The `airflow.operators.python.BranchPythonOperator` attribute is deprecated. Please use `'airflow.providers.standard.operators.python.BranchPythonOperator'`.","category":"DeprecatedImportWarning","filename":"/opt/airflow/dags/branch_pipeline.py","lineno":2,"logger":"py.warnings"}
{"timestamp":"2026-02-08T14:30:02.480183Z","level":"warning","event":"The `airflow.operators.bash.BashOperator` attribute is deprecated. Please use `'airflow.providers.standard.operators.bash.BashOperator'`.","category":"DeprecatedImportWarning","filename":"/opt/airflow/dags/branch_pipeline.py","lineno":3,"logger":"py.warnings"}
{"timestamp":"2026-02-08T14:30:33.184936Z","level":"info","event":"Filling up the DagBag from /opt/airflow/dags/branch_pipeline.py","logger":"airflow.models.dagbag.BundleDagBag","filename":"dagbag.py","lineno":593}
{"timestamp":"2026-02-08T14:30:33.245200Z","level":"warning","event":"The `airflow.decorators.dag` attribute is deprecated. Please use `'airflow.sdk.dag'`.","category":"DeprecatedImportWarning","filename":"/opt/airflow/dags/branch_pipeline.py","lineno":1,"logger":"py.warnings"}
{"timestamp":"2026-02-08T14:30:33.245476Z","level":"warning","event":"The `airflow.decorators.task` attribute is deprecated. Please use `'airflow.sdk.task'`.","category":"DeprecatedImportWarning","filename":"/opt/airflow/dags/branch_pipeline.py","lineno":1,"logger":"py.warnings"}
{"timestamp":"2026-02-08T14:30:33.245632Z","level":"warning","event":"The `airflow.operators.python.BranchPythonOperator` attribute is deprecated. Please use `'airflow.providers.standard.operators.python.BranchPythonOperator'`.","category":"DeprecatedImportWarning","filename":"/opt/airflow/dags/branch_pipeline.py","lineno":2,"logger":"py.warnings"}
{"timestamp":"2026-02-08T14:30:33.245985Z","level":"warning","event":"The `airflow.operators.bash.BashOperator` attribute is deprecated. Please use `'airflow.providers.standard.operators.bash.BashOperator'`.","category":"DeprecatedImportWarning","filename":"/opt/airflow/dags/branch_pipeline.py","lineno":3,"logger":"py.warnings"}
{"timestamp":"2026-02-08T14:31:03.820723Z","level":"info","event":"Filling up the DagBag from /opt/airflow/dags/branch_pipeline.py","logger":"airflow.models.dagbag.BundleDagBag","filename":"dagbag.py","lineno":593}
{"timestamp":"2026-02-08T14:31:03.880856Z","level":"warning","event":"The `airflow.decorators.dag` attribute is deprecated. Please use `'airflow.sdk.dag'`.","category":"DeprecatedImportWarning","filename":"/opt/airflow/dags/branch_pipeline.py","lineno":1,"logger":"py.warnings"}
{"timestamp":"2026-02-08T14:31:03.881157Z","level":"warning","event":"The `airflow.decorators.task` attribute is deprecated. Please use `'airflow.sdk.task'`.","category":"DeprecatedImportWarning","filename":"/opt/airflow/dags/branch_pipeline.py","lineno":1,"logger":"py.warnings"}
{"timestamp":"2026-02-08T14:31:03.881288Z","level":"warning","event":"The `airflow.operators.python.BranchPythonOperator` attribute is deprecated. Please use `'airflow.providers.standard.operators.python.BranchPythonOperator'`.","category":"DeprecatedImportWarning","filename":"/opt/airflow/dags/branch_pipeline.py","lineno":2,"logger":"py.warnings"}
{"timestamp":"2026-02-08T14:31:03.881362Z","level":"warning","event":"The `airflow.operators.bash.BashOperator` attribute is deprecated. Please use `'airflow.providers.standard.operators.bash.BashOperator'`.","category":"DeprecatedImportWarning","filename":"/opt/airflow/dags/branch_pipeline.py","lineno":3,"logger":"py.warnings"}
{"timestamp":"2026-02-08T14:31:34.497886Z","level":"info","event":"Filling up the DagBag from /opt/airflow/dags/branch_pipeline.py","logger":"airflow.models.dagbag.BundleDagBag","filename":"dagbag.py","lineno":593}
{"timestamp":"2026-02-08T14:31:34.603630Z","level":"warning","event":"The `airflow.decorators.dag` attribute is deprecated. Please use `'airflow.sdk.dag'`.","category":"DeprecatedImportWarning","filename":"/opt/airflow/dags/branch_pipeline.py","lineno":1,"logger":"py.warnings"}
{"timestamp":"2026-02-08T14:31:34.604099Z","level":"warning","event":"The `airflow.decorators.task` attribute is deprecated. Please use `'airflow.sdk.task'`.","category":"DeprecatedImportWarning","filename":"/opt/airflow/dags/branch_pipeline.py","lineno":1,"logger":"py.warnings"}
{"timestamp":"2026-02-08T14:31:34.604328Z","level":"warning","event":"The `airflow.operators.python.BranchPythonOperator` attribute is deprecated. Please use `'airflow.providers.standard.operators.python.BranchPythonOperator'`.","category":"DeprecatedImportWarning","filename":"/opt/airflow/dags/branch_pipeline.py","lineno":2,"logger":"py.warnings"}
{"timestamp":"2026-02-08T14:31:34.604475Z","level":"warning","event":"The `airflow.operators.bash.BashOperator` attribute is deprecated. Please use `'airflow.providers.standard.operators.bash.BashOperator'`.","category":"DeprecatedImportWarning","filename":"/opt/airflow/dags/branch_pipeline.py","lineno":3,"logger":"py.warnings"}
{"timestamp":"2026-02-08T14:32:05.646354Z","level":"info","event":"Filling up the DagBag from /opt/airflow/dags/branch_pipeline.py","logger":"airflow.models.dagbag.BundleDagBag","filename":"dagbag.py","lineno":593}
{"timestamp":"2026-02-08T14:32:05.719760Z","level":"warning","event":"The `airflow.decorators.dag` attribute is deprecated. Please use `'airflow.sdk.dag'`.","category":"DeprecatedImportWarning","filename":"/opt/airflow/dags/branch_pipeline.py","lineno":1,"logger":"py.warnings"}
{"timestamp":"2026-02-08T14:32:05.721088Z","level":"warning","event":"The `airflow.decorators.task` attribute is deprecated. Please use `'airflow.sdk.task'`.","category":"DeprecatedImportWarning","filename":"/opt/airflow/dags/branch_pipeline.py","lineno":1,"logger":"py.warnings"}
{"timestamp":"2026-02-08T14:32:05.721835Z","level":"warning","event":"The `airflow.operators.python.BranchPythonOperator` attribute is deprecated. Please use `'airflow.providers.standard.operators.python.BranchPythonOperator'`.","category":"DeprecatedImportWarning","filename":"/opt/airflow/dags/branch_pipeline.py","lineno":2,"logger":"py.warnings"}
{"timestamp":"2026-02-08T14:32:05.722012Z","level":"warning","event":"The `airflow.operators.bash.BashOperator` attribute is deprecated. Please use `'airflow.providers.standard.operators.bash.BashOperator'`.","category":"DeprecatedImportWarning","filename":"/opt/airflow/dags/branch_pipeline.py","lineno":3,"logger":"py.warnings"}
{"timestamp":"2026-02-08T14:32:36.201415Z","level":"info","event":"Filling up the DagBag from /opt/airflow/dags/branch_pipeline.py","logger":"airflow.models.dagbag.BundleDagBag","filename":"dagbag.py","lineno":593}
{"timestamp":"2026-02-08T14:32:36.290856Z","level":"warning","event":"The `airflow.decorators.dag` attribute is deprecated. Please use `'airflow.sdk.dag'`.","category":"DeprecatedImportWarning","filename":"/opt/airflow/dags/branch_pipeline.py","lineno":1,"logger":"py.warnings"}
{"timestamp":"2026-02-08T14:32:36.291193Z","level":"warning","event":"The `airflow.decorators.task` attribute is deprecated. Please use `'airflow.sdk.task'`.","category":"DeprecatedImportWarning","filename":"/opt/airflow/dags/branch_pipeline.py","lineno":1,"logger":"py.warnings"}
{"timestamp":"2026-02-08T14:32:36.291331Z","level":"warning","event":"The `airflow.operators.python.BranchPythonOperator` attribute is deprecated. Please use `'airflow.providers.standard.operators.python.BranchPythonOperator'`.","category":"DeprecatedImportWarning","filename":"/opt/airflow/dags/branch_pipeline.py","lineno":2,"logger":"py.warnings"}
{"timestamp":"2026-02-08T14:32:36.291431Z","level":"warning","event":"The `airflow.operators.bash.BashOperator` attribute is deprecated. Please use `'airflow.providers.standard.operators.bash.BashOperator'`.","category":"DeprecatedImportWarning","filename":"/opt/airflow/dags/branch_pipeline.py","lineno":3,"logger":"py.warnings"}
{"timestamp":"2026-02-08T14:33:07.037147Z","level":"info","event":"Filling up the DagBag from /opt/airflow/dags/branch_pipeline.py","logger":"airflow.models.dagbag.BundleDagBag","filename":"dagbag.py","lineno":593}
{"timestamp":"2026-02-08T14:33:07.103123Z","level":"warning","event":"The `airflow.decorators.dag` attribute is deprecated. Please use `'airflow.sdk.dag'`.","category":"DeprecatedImportWarning","filename":"/opt/airflow/dags/branch_pipeline.py","lineno":1,"logger":"py.warnings"}
{"timestamp":"2026-02-08T14:33:07.103639Z","level":"warning","event":"The `airflow.decorators.task` attribute is deprecated. Please use `'airflow.sdk.task'`.","category":"DeprecatedImportWarning","filename":"/opt/airflow/dags/branch_pipeline.py","lineno":1,"logger":"py.warnings"}
{"timestamp":"2026-02-08T14:33:07.104259Z","level":"warning","event":"The `airflow.operators.python.BranchPythonOperator` attribute is deprecated. Please use `'airflow.providers.standard.operators.python.BranchPythonOperator'`.","category":"DeprecatedImportWarning","filename":"/opt/airflow/dags/branch_pipeline.py","lineno":2,"logger":"py.warnings"}
{"timestamp":"2026-02-08T14:33:07.104632Z","level":"warning","event":"The `airflow.operators.bash.BashOperator` attribute is deprecated. Please use `'airflow.providers.standard.operators.bash.BashOperator'`.","category":"DeprecatedImportWarning","filename":"/opt/airflow/dags/branch_pipeline.py","lineno":3,"logger":"py.warnings"}
{"timestamp":"2026-02-08T14:33:37.649639Z","level":"info","event":"Filling up the DagBag from /opt/airflow/dags/branch_pipeline.py","logger":"airflow.models.dagbag.BundleDagBag","filename":"dagbag.py","lineno":593}
{"timestamp":"2026-02-08T14:33:37.767539Z","level":"warning","event":"The `airflow.decorators.dag` attribute is deprecated. Please use `'airflow.sdk.dag'`.","category":"DeprecatedImportWarning","filename":"/opt/airflow/dags/branch_pipeline.py","lineno":1,"logger":"py.warnings"}
{"timestamp":"2026-02-08T14:33:37.767848Z","level":"warning","event":"The `airflow.decorators.task` attribute is deprecated. Please use `'airflow.sdk.task'`.","category":"DeprecatedImportWarning","filename":"/opt/airflow/dags/branch_pipeline.py","lineno":1,"logger":"py.warnings"}
{"timestamp":"2026-02-08T14:33:37.767969Z","level":"warning","event":"The `airflow.operators.python.BranchPythonOperator` attribute is deprecated. Please use `'airflow.providers.standard.operators.python.BranchPythonOperator'`.","category":"DeprecatedImportWarning","filename":"/opt/airflow/dags/branch_pipeline.py","lineno":2,"logger":"py.warnings"}
{"timestamp":"2026-02-08T14:33:37.768044Z","level":"warning","event":"The `airflow.operators.bash.BashOperator` attribute is deprecated. Please use `'airflow.providers.standard.operators.bash.BashOperator'`.","category":"DeprecatedImportWarning","filename":"/opt/airflow/dags/branch_pipeline.py","lineno":3,"logger":"py.warnings"}
{"timestamp":"2026-02-08T14:34:08.559311Z","level":"info","event":"Filling up the DagBag from /opt/airflow/dags/branch_pipeline.py","logger":"airflow.models.dagbag.BundleDagBag","filename":"dagbag.py","lineno":593}
{"timestamp":"2026-02-08T14:34:08.626685Z","level":"warning","event":"The `airflow.decorators.dag` attribute is deprecated. Please use `'airflow.sdk.dag'`.","category":"DeprecatedImportWarning","filename":"/opt/airflow/dags/branch_pipeline.py","lineno":1,"logger":"py.warnings"}
{"timestamp":"2026-02-08T14:34:08.627119Z","level":"warning","event":"The `airflow.decorators.task` attribute is deprecated. Please use `'airflow.sdk.task'`.","category":"DeprecatedImportWarning","filename":"/opt/airflow/dags/branch_pipeline.py","lineno":1,"logger":"py.warnings"}
{"timestamp":"2026-02-08T14:34:08.627301Z","level":"warning","event":"The `airflow.operators.python.BranchPythonOperator` attribute is deprecated. Please use `'airflow.providers.standard.operators.python.BranchPythonOperator'`.","category":"DeprecatedImportWarning","filename":"/opt/airflow/dags/branch_pipeline.py","lineno":2,"logger":"py.warnings"}
{"timestamp":"2026-02-08T14:34:08.631437Z","level":"warning","event":"The `airflow.operators.bash.BashOperator` attribute is deprecated. Please use `'airflow.providers.standard.operators.bash.BashOperator'`.","category":"DeprecatedImportWarning","filename":"/opt/airflow/dags/branch_pipeline.py","lineno":3,"logger":"py.warnings"}
{"timestamp":"2026-02-08T14:34:39.176089Z","level":"info","event":"Filling up the DagBag from /opt/airflow/dags/branch_pipeline.py","logger":"airflow.models.dagbag.BundleDagBag","filename":"dagbag.py","lineno":593}
{"timestamp":"2026-02-08T14:34:39.286006Z","level":"warning","event":"The `airflow.decorators.dag` attribute is deprecated. Please use `'airflow.sdk.dag'`.","category":"DeprecatedImportWarning","filename":"/opt/airflow/dags/branch_pipeline.py","lineno":1,"logger":"py.warnings"}
{"timestamp":"2026-02-08T14:34:39.287514Z","level":"warning","event":"The `airflow.decorators.task` attribute is deprecated. Please use `'airflow.sdk.task'`.","category":"DeprecatedImportWarning","filename":"/opt/airflow/dags/branch_pipeline.py","lineno":1,"logger":"py.warnings"}
{"timestamp":"2026-02-08T14:34:39.288823Z","level":"warning","event":"The `airflow.operators.python.BranchPythonOperator` attribute is deprecated. Please use `'airflow.providers.standard.operators.python.BranchPythonOperator'`.","category":"DeprecatedImportWarning","filename":"/opt/airflow/dags/branch_pipeline.py","lineno":2,"logger":"py.warnings"}
{"timestamp":"2026-02-08T14:34:39.289156Z","level":"warning","event":"The `airflow.operators.bash.BashOperator` attribute is deprecated. Please use `'airflow.providers.standard.operators.bash.BashOperator'`.","category":"DeprecatedImportWarning","filename":"/opt/airflow/dags/branch_pipeline.py","lineno":3,"logger":"py.warnings"}
{"timestamp":"2026-02-08T14:35:10.076533Z","level":"info","event":"Filling up the DagBag from /opt/airflow/dags/branch_pipeline.py","logger":"airflow.models.dagbag.BundleDagBag","filename":"dagbag.py","lineno":593}
{"timestamp":"2026-02-08T14:35:10.156126Z","level":"warning","event":"The `airflow.decorators.dag` attribute is deprecated. Please use `'airflow.sdk.dag'`.","category":"DeprecatedImportWarning","filename":"/opt/airflow/dags/branch_pipeline.py","lineno":1,"logger":"py.warnings"}
{"timestamp":"2026-02-08T14:35:10.156382Z","level":"warning","event":"The `airflow.decorators.task` attribute is deprecated. Please use `'airflow.sdk.task'`.","category":"DeprecatedImportWarning","filename":"/opt/airflow/dags/branch_pipeline.py","lineno":1,"logger":"py.warnings"}
{"timestamp":"2026-02-08T14:35:10.156478Z","level":"warning","event":"The `airflow.operators.python.BranchPythonOperator` attribute is deprecated. Please use `'airflow.providers.standard.operators.python.BranchPythonOperator'`.","category":"DeprecatedImportWarning","filename":"/opt/airflow/dags/branch_pipeline.py","lineno":2,"logger":"py.warnings"}
{"timestamp":"2026-02-08T14:35:10.156544Z","level":"warning","event":"The `airflow.operators.bash.BashOperator` attribute is deprecated. Please use `'airflow.providers.standard.operators.bash.BashOperator'`.","category":"DeprecatedImportWarning","filename":"/opt/airflow/dags/branch_pipeline.py","lineno":3,"logger":"py.warnings"}
{"timestamp":"2026-02-08T14:35:40.683728Z","level":"info","event":"Filling up the DagBag from /opt/airflow/dags/branch_pipeline.py","logger":"airflow.models.dagbag.BundleDagBag","filename":"dagbag.py","lineno":593}
{"timestamp":"2026-02-08T14:35:40.773262Z","level":"warning","event":"The `airflow.decorators.dag` attribute is deprecated. Please use `'airflow.sdk.dag'`.","category":"DeprecatedImportWarning","filename":"/opt/airflow/dags/branch_pipeline.py","lineno":1,"logger":"py.warnings"}
{"timestamp":"2026-02-08T14:35:40.773739Z","level":"warning","event":"The `airflow.decorators.task` attribute is deprecated. Please use `'airflow.sdk.task'`.","category":"DeprecatedImportWarning","filename":"/opt/airflow/dags/branch_pipeline.py","lineno":1,"logger":"py.warnings"}
{"timestamp":"2026-02-08T14:35:40.773929Z","level":"warning","event":"The `airflow.operators.python.BranchPythonOperator` attribute is deprecated. Please use `'airflow.providers.standard.operators.python.BranchPythonOperator'`.","category":"DeprecatedImportWarning","filename":"/opt/airflow/dags/branch_pipeline.py","lineno":2,"logger":"py.warnings"}
{"timestamp":"2026-02-08T14:35:40.774142Z","level":"warning","event":"The `airflow.operators.bash.BashOperator` attribute is deprecated. Please use `'airflow.providers.standard.operators.bash.BashOperator'`.","category":"DeprecatedImportWarning","filename":"/opt/airflow/dags/branch_pipeline.py","lineno":3,"logger":"py.warnings"}
{"timestamp":"2026-02-08T14:36:11.446388Z","level":"info","event":"Filling up the DagBag from /opt/airflow/dags/branch_pipeline.py","logger":"airflow.models.dagbag.BundleDagBag","filename":"dagbag.py","lineno":593}
{"timestamp":"2026-02-08T14:36:11.521752Z","level":"warning","event":"The `airflow.decorators.dag` attribute is deprecated. Please use `'airflow.sdk.dag'`.","category":"DeprecatedImportWarning","filename":"/opt/airflow/dags/branch_pipeline.py","lineno":1,"logger":"py.warnings"}
{"timestamp":"2026-02-08T14:36:11.522203Z","level":"warning","event":"The `airflow.decorators.task` attribute is deprecated. Please use `'airflow.sdk.task'`.","category":"DeprecatedImportWarning","filename":"/opt/airflow/dags/branch_pipeline.py","lineno":1,"logger":"py.warnings"}
{"timestamp":"2026-02-08T14:36:11.522384Z","level":"warning","event":"The `airflow.operators.python.BranchPythonOperator` attribute is deprecated. Please use `'airflow.providers.standard.operators.python.BranchPythonOperator'`.","category":"DeprecatedImportWarning","filename":"/opt/airflow/dags/branch_pipeline.py","lineno":2,"logger":"py.warnings"}
{"timestamp":"2026-02-08T14:36:11.522491Z","level":"warning","event":"The `airflow.operators.bash.BashOperator` attribute is deprecated. Please use `'airflow.providers.standard.operators.bash.BashOperator'`.","category":"DeprecatedImportWarning","filename":"/opt/airflow/dags/branch_pipeline.py","lineno":3,"logger":"py.warnings"}
{"timestamp":"2026-02-08T14:36:42.004742Z","level":"info","event":"Filling up the DagBag from /opt/airflow/dags/branch_pipeline.py","logger":"airflow.models.dagbag.BundleDagBag","filename":"dagbag.py","lineno":593}
{"timestamp":"2026-02-08T14:36:42.075784Z","level":"warning","event":"The `airflow.decorators.dag` attribute is deprecated. Please use `'airflow.sdk.dag'`.","category":"DeprecatedImportWarning","filename":"/opt/airflow/dags/branch_pipeline.py","lineno":1,"logger":"py.warnings"}
{"timestamp":"2026-02-08T14:36:42.076067Z","level":"warning","event":"The `airflow.decorators.task` attribute is deprecated. Please use `'airflow.sdk.task'`.","category":"DeprecatedImportWarning","filename":"/opt/airflow/dags/branch_pipeline.py","lineno":1,"logger":"py.warnings"}
{"timestamp":"2026-02-08T14:36:42.076333Z","level":"warning","event":"The `airflow.operators.python.BranchPythonOperator` attribute is deprecated. Please use `'airflow.providers.standard.operators.python.BranchPythonOperator'`.","category":"DeprecatedImportWarning","filename":"/opt/airflow/dags/branch_pipeline.py","lineno":2,"logger":"py.warnings"}
{"timestamp":"2026-02-08T14:36:42.076478Z","level":"warning","event":"The `airflow.operators.bash.BashOperator` attribute is deprecated. Please use `'airflow.providers.standard.operators.bash.BashOperator'`.","category":"DeprecatedImportWarning","filename":"/opt/airflow/dags/branch_pipeline.py","lineno":3,"logger":"py.warnings"}
{"timestamp":"2026-02-08T14:37:12.705836Z","level":"info","event":"Filling up the DagBag from /opt/airflow/dags/branch_pipeline.py","logger":"airflow.models.dagbag.BundleDagBag","filename":"dagbag.py","lineno":593}
{"timestamp":"2026-02-08T14:37:12.814440Z","level":"warning","event":"The `airflow.decorators.dag` attribute is deprecated. Please use `'airflow.sdk.dag'`.","category":"DeprecatedImportWarning","filename":"/opt/airflow/dags/branch_pipeline.py","lineno":1,"logger":"py.warnings"}
{"timestamp":"2026-02-08T14:37:12.814830Z","level":"warning","event":"The `airflow.decorators.task` attribute is deprecated. Please use `'airflow.sdk.task'`.","category":"DeprecatedImportWarning","filename":"/opt/airflow/dags/branch_pipeline.py","lineno":1,"logger":"py.warnings"}
{"timestamp":"2026-02-08T14:37:12.815044Z","level":"warning","event":"The `airflow.operators.python.BranchPythonOperator` attribute is deprecated. Please use `'airflow.providers.standard.operators.python.BranchPythonOperator'`.","category":"DeprecatedImportWarning","filename":"/opt/airflow/dags/branch_pipeline.py","lineno":2,"logger":"py.warnings"}
{"timestamp":"2026-02-08T14:37:12.815206Z","level":"warning","event":"The `airflow.operators.bash.BashOperator` attribute is deprecated. Please use `'airflow.providers.standard.operators.bash.BashOperator'`.","category":"DeprecatedImportWarning","filename":"/opt/airflow/dags/branch_pipeline.py","lineno":3,"logger":"py.warnings"}
{"timestamp":"2026-02-08T14:37:43.345261Z","level":"info","event":"Filling up the DagBag from /opt/airflow/dags/branch_pipeline.py","logger":"airflow.models.dagbag.BundleDagBag","filename":"dagbag.py","lineno":593}
{"timestamp":"2026-02-08T14:37:43.429822Z","level":"warning","event":"The `airflow.decorators.dag` attribute is deprecated. Please use `'airflow.sdk.dag'`.","category":"DeprecatedImportWarning","filename":"/opt/airflow/dags/branch_pipeline.py","lineno":1,"logger":"py.warnings"}
{"timestamp":"2026-02-08T14:37:43.430234Z","level":"warning","event":"The `airflow.decorators.task` attribute is deprecated. Please use `'airflow.sdk.task'`.","category":"DeprecatedImportWarning","filename":"/opt/airflow/dags/branch_pipeline.py","lineno":1,"logger":"py.warnings"}
{"timestamp":"2026-02-08T14:37:43.430406Z","level":"warning","event":"The `airflow.operators.python.BranchPythonOperator` attribute is deprecated. Please use `'airflow.providers.standard.operators.python.BranchPythonOperator'`.","category":"DeprecatedImportWarning","filename":"/opt/airflow/dags/branch_pipeline.py","lineno":2,"logger":"py.warnings"}
{"timestamp":"2026-02-08T14:37:43.430528Z","level":"warning","event":"The `airflow.operators.bash.BashOperator` attribute is deprecated. Please use `'airflow.providers.standard.operators.bash.BashOperator'`.","category":"DeprecatedImportWarning","filename":"/opt/airflow/dags/branch_pipeline.py","lineno":3,"logger":"py.warnings"}
{"timestamp":"2026-02-08T14:38:13.974748Z","level":"info","event":"Filling up the DagBag from /opt/airflow/dags/branch_pipeline.py","logger":"airflow.models.dagbag.BundleDagBag","filename":"dagbag.py","lineno":593}
{"timestamp":"2026-02-08T14:38:14.038852Z","level":"warning","event":"The `airflow.decorators.dag` attribute is deprecated. Please use `'airflow.sdk.dag'`.","category":"DeprecatedImportWarning","filename":"/opt/airflow/dags/branch_pipeline.py","lineno":1,"logger":"py.warnings"}
{"timestamp":"2026-02-08T14:38:14.039175Z","level":"warning","event":"The `airflow.decorators.task` attribute is deprecated. Please use `'airflow.sdk.task'`.","category":"DeprecatedImportWarning","filename":"/opt/airflow/dags/branch_pipeline.py","lineno":1,"logger":"py.warnings"}
{"timestamp":"2026-02-08T14:38:14.039331Z","level":"warning","event":"The `airflow.operators.python.BranchPythonOperator` attribute is deprecated. Please use `'airflow.providers.standard.operators.python.BranchPythonOperator'`.","category":"DeprecatedImportWarning","filename":"/opt/airflow/dags/branch_pipeline.py","lineno":2,"logger":"py.warnings"}
{"timestamp":"2026-02-08T14:38:14.039455Z","level":"warning","event":"The `airflow.operators.bash.BashOperator` attribute is deprecated. Please use `'airflow.providers.standard.operators.bash.BashOperator'`.","category":"DeprecatedImportWarning","filename":"/opt/airflow/dags/branch_pipeline.py","lineno":3,"logger":"py.warnings"}
{"timestamp":"2026-02-08T14:38:44.561576Z","level":"info","event":"Filling up the DagBag from /opt/airflow/dags/branch_pipeline.py","logger":"airflow.models.dagbag.BundleDagBag","filename":"dagbag.py","lineno":593}
{"timestamp":"2026-02-08T14:38:44.652964Z","level":"warning","event":"The `airflow.decorators.dag` attribute is deprecated. Please use `'airflow.sdk.dag'`.","category":"DeprecatedImportWarning","filename":"/opt/airflow/dags/branch_pipeline.py","lineno":1,"logger":"py.warnings"}
{"timestamp":"2026-02-08T14:38:44.653226Z","level":"warning","event":"The `airflow.decorators.task` attribute is deprecated. Please use `'airflow.sdk.task'`.","category":"DeprecatedImportWarning","filename":"/opt/airflow/dags/branch_pipeline.py","lineno":1,"logger":"py.warnings"}
{"timestamp":"2026-02-08T14:38:44.653439Z","level":"warning","event":"The `airflow.operators.python.BranchPythonOperator` attribute is deprecated. Please use `'airflow.providers.standard.operators.python.BranchPythonOperator'`.","category":"DeprecatedImportWarning","filename":"/opt/airflow/dags/branch_pipeline.py","lineno":2,"logger":"py.warnings"}
{"timestamp":"2026-02-08T14:38:44.653578Z","level":"warning","event":"The `airflow.operators.bash.BashOperator` attribute is deprecated. Please use `'airflow.providers.standard.operators.bash.BashOperator'`.","category":"DeprecatedImportWarning","filename":"/opt/airflow/dags/branch_pipeline.py","lineno":3,"logger":"py.warnings"}
{"timestamp":"2026-02-08T14:39:15.111363Z","level":"info","event":"Filling up the DagBag from /opt/airflow/dags/branch_pipeline.py","logger":"airflow.models.dagbag.BundleDagBag","filename":"dagbag.py","lineno":593}
{"timestamp":"2026-02-08T14:39:15.218398Z","level":"warning","event":"The `airflow.decorators.dag` attribute is deprecated. Please use `'airflow.sdk.dag'`.","category":"DeprecatedImportWarning","filename":"/opt/airflow/dags/branch_pipeline.py","lineno":1,"logger":"py.warnings"}
{"timestamp":"2026-02-08T14:39:15.218758Z","level":"warning","event":"The `airflow.decorators.task` attribute is deprecated. Please use `'airflow.sdk.task'`.","category":"DeprecatedImportWarning","filename":"/opt/airflow/dags/branch_pipeline.py","lineno":1,"logger":"py.warnings"}
{"timestamp":"2026-02-08T14:39:15.218925Z","level":"warning","event":"The `airflow.operators.python.BranchPythonOperator` attribute is deprecated. Please use `'airflow.providers.standard.operators.python.BranchPythonOperator'`.","category":"DeprecatedImportWarning","filename":"/opt/airflow/dags/branch_pipeline.py","lineno":2,"logger":"py.warnings"}
{"timestamp":"2026-02-08T14:39:15.219058Z","level":"warning","event":"The `airflow.operators.bash.BashOperator` attribute is deprecated. Please use `'airflow.providers.standard.operators.bash.BashOperator'`.","category":"DeprecatedImportWarning","filename":"/opt/airflow/dags/branch_pipeline.py","lineno":3,"logger":"py.warnings"}
{"timestamp":"2026-02-08T14:39:45.986360Z","level":"info","event":"Filling up the DagBag from /opt/airflow/dags/branch_pipeline.py","logger":"airflow.models.dagbag.BundleDagBag","filename":"dagbag.py","lineno":593}
{"timestamp":"2026-02-08T14:39:46.102755Z","level":"warning","event":"The `airflow.decorators.dag` attribute is deprecated. Please use `'airflow.sdk.dag'`.","category":"DeprecatedImportWarning","filename":"/opt/airflow/dags/branch_pipeline.py","lineno":1,"logger":"py.warnings"}
{"timestamp":"2026-02-08T14:39:46.103357Z","level":"warning","event":"The `airflow.decorators.task` attribute is deprecated. Please use `'airflow.sdk.task'`.","category":"DeprecatedImportWarning","filename":"/opt/airflow/dags/branch_pipeline.py","lineno":1,"logger":"py.warnings"}
{"timestamp":"2026-02-08T14:39:46.103592Z","level":"warning","event":"The `airflow.operators.python.BranchPythonOperator` attribute is deprecated. Please use `'airflow.providers.standard.operators.python.BranchPythonOperator'`.","category":"DeprecatedImportWarning","filename":"/opt/airflow/dags/branch_pipeline.py","lineno":2,"logger":"py.warnings"}
{"timestamp":"2026-02-08T14:39:46.103742Z","level":"warning","event":"The `airflow.operators.bash.BashOperator` attribute is deprecated. Please use `'airflow.providers.standard.operators.bash.BashOperator'`.","category":"DeprecatedImportWarning","filename":"/opt/airflow/dags/branch_pipeline.py","lineno":3,"logger":"py.warnings"}
{"timestamp":"2026-02-08T14:40:16.758830Z","level":"info","event":"Filling up the DagBag from /opt/airflow/dags/branch_pipeline.py","logger":"airflow.models.dagbag.BundleDagBag","filename":"dagbag.py","lineno":593}
{"timestamp":"2026-02-08T14:40:16.867944Z","level":"warning","event":"The `airflow.decorators.dag` attribute is deprecated. Please use `'airflow.sdk.dag'`.","category":"DeprecatedImportWarning","filename":"/opt/airflow/dags/branch_pipeline.py","lineno":1,"logger":"py.warnings"}
{"timestamp":"2026-02-08T14:40:16.868639Z","level":"warning","event":"The `airflow.decorators.task` attribute is deprecated. Please use `'airflow.sdk.task'`.","category":"DeprecatedImportWarning","filename":"/opt/airflow/dags/branch_pipeline.py","lineno":1,"logger":"py.warnings"}
{"timestamp":"2026-02-08T14:40:16.868940Z","level":"warning","event":"The `airflow.operators.python.BranchPythonOperator` attribute is deprecated. Please use `'airflow.providers.standard.operators.python.BranchPythonOperator'`.","category":"DeprecatedImportWarning","filename":"/opt/airflow/dags/branch_pipeline.py","lineno":2,"logger":"py.warnings"}
{"timestamp":"2026-02-08T14:40:16.869436Z","level":"warning","event":"The `airflow.operators.bash.BashOperator` attribute is deprecated. Please use `'airflow.providers.standard.operators.bash.BashOperator'`.","category":"DeprecatedImportWarning","filename":"/opt/airflow/dags/branch_pipeline.py","lineno":3,"logger":"py.warnings"}
{"timestamp":"2026-02-08T14:40:47.709986Z","level":"info","event":"Filling up the DagBag from /opt/airflow/dags/branch_pipeline.py","logger":"airflow.models.dagbag.BundleDagBag","filename":"dagbag.py","lineno":593}
{"timestamp":"2026-02-08T14:40:47.817593Z","level":"warning","event":"The `airflow.decorators.dag` attribute is deprecated. Please use `'airflow.sdk.dag'`.","category":"DeprecatedImportWarning","filename":"/opt/airflow/dags/branch_pipeline.py","lineno":1,"logger":"py.warnings"}
{"timestamp":"2026-02-08T14:40:47.817899Z","level":"warning","event":"The `airflow.decorators.task` attribute is deprecated. Please use `'airflow.sdk.task'`.","category":"DeprecatedImportWarning","filename":"/opt/airflow/dags/branch_pipeline.py","lineno":1,"logger":"py.warnings"}
{"timestamp":"2026-02-08T14:40:47.818044Z","level":"warning","event":"The `airflow.operators.python.BranchPythonOperator` attribute is deprecated. Please use `'airflow.providers.standard.operators.python.BranchPythonOperator'`.","category":"DeprecatedImportWarning","filename":"/opt/airflow/dags/branch_pipeline.py","lineno":2,"logger":"py.warnings"}
{"timestamp":"2026-02-08T14:40:47.818188Z","level":"warning","event":"The `airflow.operators.bash.BashOperator` attribute is deprecated. Please use `'airflow.providers.standard.operators.bash.BashOperator'`.","category":"DeprecatedImportWarning","filename":"/opt/airflow/dags/branch_pipeline.py","lineno":3,"logger":"py.warnings"}
{"timestamp":"2026-02-08T14:41:18.354976Z","level":"info","event":"Filling up the DagBag from /opt/airflow/dags/branch_pipeline.py","logger":"airflow.models.dagbag.BundleDagBag","filename":"dagbag.py","lineno":593}
{"timestamp":"2026-02-08T14:41:18.413668Z","level":"warning","event":"The `airflow.decorators.dag` attribute is deprecated. Please use `'airflow.sdk.dag'`.","category":"DeprecatedImportWarning","filename":"/opt/airflow/dags/branch_pipeline.py","lineno":1,"logger":"py.warnings"}
{"timestamp":"2026-02-08T14:41:18.414017Z","level":"warning","event":"The `airflow.decorators.task` attribute is deprecated. Please use `'airflow.sdk.task'`.","category":"DeprecatedImportWarning","filename":"/opt/airflow/dags/branch_pipeline.py","lineno":1,"logger":"py.warnings"}
{"timestamp":"2026-02-08T14:41:18.414171Z","level":"warning","event":"The `airflow.operators.python.BranchPythonOperator` attribute is deprecated. Please use `'airflow.providers.standard.operators.python.BranchPythonOperator'`.","category":"DeprecatedImportWarning","filename":"/opt/airflow/dags/branch_pipeline.py","lineno":2,"logger":"py.warnings"}
{"timestamp":"2026-02-08T14:41:18.414338Z","level":"warning","event":"The `airflow.operators.bash.BashOperator` attribute is deprecated. Please use `'airflow.providers.standard.operators.bash.BashOperator'`.","category":"DeprecatedImportWarning","filename":"/opt/airflow/dags/branch_pipeline.py","lineno":3,"logger":"py.warnings"}
{"timestamp":"2026-02-08T14:41:48.895813Z","level":"info","event":"Filling up the DagBag from /opt/airflow/dags/branch_pipeline.py","logger":"airflow.models.dagbag.BundleDagBag","filename":"dagbag.py","lineno":593}
{"timestamp":"2026-02-08T14:41:48.962437Z","level":"warning","event":"The `airflow.decorators.dag` attribute is deprecated. Please use `'airflow.sdk.dag'`.","category":"DeprecatedImportWarning","filename":"/opt/airflow/dags/branch_pipeline.py","lineno":1,"logger":"py.warnings"}
{"timestamp":"2026-02-08T14:41:48.963205Z","level":"warning","event":"The `airflow.decorators.task` attribute is deprecated. Please use `'airflow.sdk.task'`.","category":"DeprecatedImportWarning","filename":"/opt/airflow/dags/branch_pipeline.py","lineno":1,"logger":"py.warnings"}
{"timestamp":"2026-02-08T14:41:48.963382Z","level":"warning","event":"The `airflow.operators.python.BranchPythonOperator` attribute is deprecated. Please use `'airflow.providers.standard.operators.python.BranchPythonOperator'`.","category":"DeprecatedImportWarning","filename":"/opt/airflow/dags/branch_pipeline.py","lineno":2,"logger":"py.warnings"}
{"timestamp":"2026-02-08T14:41:48.963609Z","level":"warning","event":"The `airflow.operators.bash.BashOperator` attribute is deprecated. Please use `'airflow.providers.standard.operators.bash.BashOperator'`.","category":"DeprecatedImportWarning","filename":"/opt/airflow/dags/branch_pipeline.py","lineno":3,"logger":"py.warnings"}
{"timestamp":"2026-02-08T14:42:19.599935Z","level":"info","event":"Filling up the DagBag from /opt/airflow/dags/branch_pipeline.py","logger":"airflow.models.dagbag.BundleDagBag","filename":"dagbag.py","lineno":593}
{"timestamp":"2026-02-08T14:42:19.715877Z","level":"warning","event":"The `airflow.decorators.dag` attribute is deprecated. Please use `'airflow.sdk.dag'`.","category":"DeprecatedImportWarning","filename":"/opt/airflow/dags/branch_pipeline.py","lineno":1,"logger":"py.warnings"}
{"timestamp":"2026-02-08T14:42:19.717778Z","level":"warning","event":"The `airflow.decorators.task` attribute is deprecated. Please use `'airflow.sdk.task'`.","category":"DeprecatedImportWarning","filename":"/opt/airflow/dags/branch_pipeline.py","lineno":1,"logger":"py.warnings"}
{"timestamp":"2026-02-08T14:42:19.720668Z","level":"warning","event":"The `airflow.operators.python.BranchPythonOperator` attribute is deprecated. Please use `'airflow.providers.standard.operators.python.BranchPythonOperator'`.","category":"DeprecatedImportWarning","filename":"/opt/airflow/dags/branch_pipeline.py","lineno":2,"logger":"py.warnings"}
{"timestamp":"2026-02-08T14:42:19.720890Z","level":"warning","event":"The `airflow.operators.bash.BashOperator` attribute is deprecated. Please use `'airflow.providers.standard.operators.bash.BashOperator'`.","category":"DeprecatedImportWarning","filename":"/opt/airflow/dags/branch_pipeline.py","lineno":3,"logger":"py.warnings"}
{"timestamp":"2026-02-08T14:42:50.285662Z","level":"info","event":"Filling up the DagBag from /opt/airflow/dags/branch_pipeline.py","logger":"airflow.models.dagbag.BundleDagBag","filename":"dagbag.py","lineno":593}
{"timestamp":"2026-02-08T14:42:50.362986Z","level":"warning","event":"The `airflow.decorators.dag` attribute is deprecated. Please use `'airflow.sdk.dag'`.","category":"DeprecatedImportWarning","filename":"/opt/airflow/dags/branch_pipeline.py","lineno":1,"logger":"py.warnings"}
{"timestamp":"2026-02-08T14:42:50.363421Z","level":"warning","event":"The `airflow.decorators.task` attribute is deprecated. Please use `'airflow.sdk.task'`.","category":"DeprecatedImportWarning","filename":"/opt/airflow/dags/branch_pipeline.py","lineno":1,"logger":"py.warnings"}
{"timestamp":"2026-02-08T14:42:50.363604Z","level":"warning","event":"The `airflow.operators.python.BranchPythonOperator` attribute is deprecated. Please use `'airflow.providers.standard.operators.python.BranchPythonOperator'`.","category":"DeprecatedImportWarning","filename":"/opt/airflow/dags/branch_pipeline.py","lineno":2,"logger":"py.warnings"}
{"timestamp":"2026-02-08T14:42:50.363745Z","level":"warning","event":"The `airflow.operators.bash.BashOperator` attribute is deprecated. Please use `'airflow.providers.standard.operators.bash.BashOperator'`.","category":"DeprecatedImportWarning","filename":"/opt/airflow/dags/branch_pipeline.py","lineno":3,"logger":"py.warnings"}
{"timestamp":"2026-02-08T14:43:20.999917Z","level":"info","event":"Filling up the DagBag from /opt/airflow/dags/branch_pipeline.py","logger":"airflow.models.dagbag.BundleDagBag","filename":"dagbag.py","lineno":593}
{"timestamp":"2026-02-08T14:43:21.109779Z","level":"warning","event":"The `airflow.decorators.dag` attribute is deprecated. Please use `'airflow.sdk.dag'`.","category":"DeprecatedImportWarning","filename":"/opt/airflow/dags/branch_pipeline.py","lineno":1,"logger":"py.warnings"}
{"timestamp":"2026-02-08T14:43:21.110519Z","level":"warning","event":"The `airflow.decorators.task` attribute is deprecated. Please use `'airflow.sdk.task'`.","category":"DeprecatedImportWarning","filename":"/opt/airflow/dags/branch_pipeline.py","lineno":1,"logger":"py.warnings"}
{"timestamp":"2026-02-08T14:43:21.110775Z","level":"warning","event":"The `airflow.operators.python.BranchPythonOperator` attribute is deprecated. Please use `'airflow.providers.standard.operators.python.BranchPythonOperator'`.","category":"DeprecatedImportWarning","filename":"/opt/airflow/dags/branch_pipeline.py","lineno":2,"logger":"py.warnings"}
{"timestamp":"2026-02-08T14:43:21.111171Z","level":"warning","event":"The `airflow.operators.bash.BashOperator` attribute is deprecated. Please use `'airflow.providers.standard.operators.bash.BashOperator'`.","category":"DeprecatedImportWarning","filename":"/opt/airflow/dags/branch_pipeline.py","lineno":3,"logger":"py.warnings"}
{"timestamp":"2026-02-08T14:43:51.690162Z","level":"info","event":"Filling up the DagBag from /opt/airflow/dags/branch_pipeline.py","logger":"airflow.models.dagbag.BundleDagBag","filename":"dagbag.py","lineno":593}
{"timestamp":"2026-02-08T14:43:51.765636Z","level":"warning","event":"The `airflow.decorators.dag` attribute is deprecated. Please use `'airflow.sdk.dag'`.","category":"DeprecatedImportWarning","filename":"/opt/airflow/dags/branch_pipeline.py","lineno":1,"logger":"py.warnings"}
{"timestamp":"2026-02-08T14:43:51.766006Z","level":"warning","event":"The `airflow.decorators.task` attribute is deprecated. Please use `'airflow.sdk.task'`.","category":"DeprecatedImportWarning","filename":"/opt/airflow/dags/branch_pipeline.py","lineno":1,"logger":"py.warnings"}
{"timestamp":"2026-02-08T14:43:51.766242Z","level":"warning","event":"The `airflow.operators.python.BranchPythonOperator` attribute is deprecated. Please use `'airflow.providers.standard.operators.python.BranchPythonOperator'`.","category":"DeprecatedImportWarning","filename":"/opt/airflow/dags/branch_pipeline.py","lineno":2,"logger":"py.warnings"}
{"timestamp":"2026-02-08T14:43:51.766394Z","level":"warning","event":"The `airflow.operators.bash.BashOperator` attribute is deprecated. Please use `'airflow.providers.standard.operators.bash.BashOperator'`.","category":"DeprecatedImportWarning","filename":"/opt/airflow/dags/branch_pipeline.py","lineno":3,"logger":"py.warnings"}
{"timestamp":"2026-02-08T14:44:22.489857Z","level":"info","event":"Filling up the DagBag from /opt/airflow/dags/branch_pipeline.py","logger":"airflow.models.dagbag.BundleDagBag","filename":"dagbag.py","lineno":593}
{"timestamp":"2026-02-08T14:44:22.574475Z","level":"warning","event":"The `airflow.decorators.dag` attribute is deprecated. Please use `'airflow.sdk.dag'`.","category":"DeprecatedImportWarning","filename":"/opt/airflow/dags/branch_pipeline.py","lineno":1,"logger":"py.warnings"}
{"timestamp":"2026-02-08T14:44:22.574875Z","level":"warning","event":"The `airflow.decorators.task` attribute is deprecated. Please use `'airflow.sdk.task'`.","category":"DeprecatedImportWarning","filename":"/opt/airflow/dags/branch_pipeline.py","lineno":1,"logger":"py.warnings"}
{"timestamp":"2026-02-08T14:44:22.575057Z","level":"warning","event":"The `airflow.operators.python.BranchPythonOperator` attribute is deprecated. Please use `'airflow.providers.standard.operators.python.BranchPythonOperator'`.","category":"DeprecatedImportWarning","filename":"/opt/airflow/dags/branch_pipeline.py","lineno":2,"logger":"py.warnings"}
{"timestamp":"2026-02-08T14:44:22.575171Z","level":"warning","event":"The `airflow.operators.bash.BashOperator` attribute is deprecated. Please use `'airflow.providers.standard.operators.bash.BashOperator'`.","category":"DeprecatedImportWarning","filename":"/opt/airflow/dags/branch_pipeline.py","lineno":3,"logger":"py.warnings"}
{"timestamp":"2026-02-08T14:44:53.236162Z","level":"info","event":"Filling up the DagBag from /opt/airflow/dags/branch_pipeline.py","logger":"airflow.models.dagbag.BundleDagBag","filename":"dagbag.py","lineno":593}
{"timestamp":"2026-02-08T14:44:53.354960Z","level":"warning","event":"The `airflow.decorators.dag` attribute is deprecated. Please use `'airflow.sdk.dag'`.","category":"DeprecatedImportWarning","filename":"/opt/airflow/dags/branch_pipeline.py","lineno":1,"logger":"py.warnings"}
{"timestamp":"2026-02-08T14:44:53.355335Z","level":"warning","event":"The `airflow.decorators.task` attribute is deprecated. Please use `'airflow.sdk.task'`.","category":"DeprecatedImportWarning","filename":"/opt/airflow/dags/branch_pipeline.py","lineno":1,"logger":"py.warnings"}
{"timestamp":"2026-02-08T14:44:53.355465Z","level":"warning","event":"The `airflow.operators.python.BranchPythonOperator` attribute is deprecated. Please use `'airflow.providers.standard.operators.python.BranchPythonOperator'`.","category":"DeprecatedImportWarning","filename":"/opt/airflow/dags/branch_pipeline.py","lineno":2,"logger":"py.warnings"}
{"timestamp":"2026-02-08T14:44:53.355558Z","level":"warning","event":"The `airflow.operators.bash.BashOperator` attribute is deprecated. Please use `'airflow.providers.standard.operators.bash.BashOperator'`.","category":"DeprecatedImportWarning","filename":"/opt/airflow/dags/branch_pipeline.py","lineno":3,"logger":"py.warnings"}
{"timestamp":"2026-02-08T14:45:23.910370Z","level":"info","event":"Filling up the DagBag from /opt/airflow/dags/branch_pipeline.py","logger":"airflow.models.dagbag.BundleDagBag","filename":"dagbag.py","lineno":593}
{"timestamp":"2026-02-08T14:45:23.985788Z","level":"warning","event":"The `airflow.decorators.dag` attribute is deprecated. Please use `'airflow.sdk.dag'`.","category":"DeprecatedImportWarning","filename":"/opt/airflow/dags/branch_pipeline.py","lineno":1,"logger":"py.warnings"}
{"timestamp":"2026-02-08T14:45:23.986079Z","level":"warning","event":"The `airflow.decorators.task` attribute is deprecated. Please use `'airflow.sdk.task'`.","category":"DeprecatedImportWarning","filename":"/opt/airflow/dags/branch_pipeline.py","lineno":1,"logger":"py.warnings"}
{"timestamp":"2026-02-08T14:45:23.986348Z","level":"warning","event":"The `airflow.operators.python.BranchPythonOperator` attribute is deprecated. Please use `'airflow.providers.standard.operators.python.BranchPythonOperator'`.","category":"DeprecatedImportWarning","filename":"/opt/airflow/dags/branch_pipeline.py","lineno":2,"logger":"py.warnings"}
{"timestamp":"2026-02-08T14:45:23.986842Z","level":"warning","event":"The `airflow.operators.bash.BashOperator` attribute is deprecated. Please use `'airflow.providers.standard.operators.bash.BashOperator'`.","category":"DeprecatedImportWarning","filename":"/opt/airflow/dags/branch_pipeline.py","lineno":3,"logger":"py.warnings"}
{"timestamp":"2026-02-08T14:45:54.580237Z","level":"info","event":"Filling up the DagBag from /opt/airflow/dags/branch_pipeline.py","logger":"airflow.models.dagbag.BundleDagBag","filename":"dagbag.py","lineno":593}
{"timestamp":"2026-02-08T14:45:54.650731Z","level":"warning","event":"The `airflow.decorators.dag` attribute is deprecated. Please use `'airflow.sdk.dag'`.","category":"DeprecatedImportWarning","filename":"/opt/airflow/dags/branch_pipeline.py","lineno":1,"logger":"py.warnings"}
{"timestamp":"2026-02-08T14:45:54.651102Z","level":"warning","event":"The `airflow.decorators.task` attribute is deprecated. Please use `'airflow.sdk.task'`.","category":"DeprecatedImportWarning","filename":"/opt/airflow/dags/branch_pipeline.py","lineno":1,"logger":"py.warnings"}
{"timestamp":"2026-02-08T14:45:54.651260Z","level":"warning","event":"The `airflow.operators.python.BranchPythonOperator` attribute is deprecated. Please use `'airflow.providers.standard.operators.python.BranchPythonOperator'`.","category":"DeprecatedImportWarning","filename":"/opt/airflow/dags/branch_pipeline.py","lineno":2,"logger":"py.warnings"}
{"timestamp":"2026-02-08T14:45:54.651385Z","level":"warning","event":"The `airflow.operators.bash.BashOperator` attribute is deprecated. Please use `'airflow.providers.standard.operators.bash.BashOperator'`.","category":"DeprecatedImportWarning","filename":"/opt/airflow/dags/branch_pipeline.py","lineno":3,"logger":"py.warnings"}
{"timestamp":"2026-02-08T14:46:25.255521Z","level":"info","event":"Filling up the DagBag from /opt/airflow/dags/branch_pipeline.py","logger":"airflow.models.dagbag.BundleDagBag","filename":"dagbag.py","lineno":593}
{"timestamp":"2026-02-08T14:46:25.375670Z","level":"warning","event":"The `airflow.decorators.dag` attribute is deprecated. Please use `'airflow.sdk.dag'`.","category":"DeprecatedImportWarning","filename":"/opt/airflow/dags/branch_pipeline.py","lineno":1,"logger":"py.warnings"}
{"timestamp":"2026-02-08T14:46:25.376463Z","level":"warning","event":"The `airflow.decorators.task` attribute is deprecated. Please use `'airflow.sdk.task'`.","category":"DeprecatedImportWarning","filename":"/opt/airflow/dags/branch_pipeline.py","lineno":1,"logger":"py.warnings"}
{"timestamp":"2026-02-08T14:46:25.376906Z","level":"warning","event":"The `airflow.operators.python.BranchPythonOperator` attribute is deprecated. Please use `'airflow.providers.standard.operators.python.BranchPythonOperator'`.","category":"DeprecatedImportWarning","filename":"/opt/airflow/dags/branch_pipeline.py","lineno":2,"logger":"py.warnings"}
{"timestamp":"2026-02-08T14:46:25.377063Z","level":"warning","event":"The `airflow.operators.bash.BashOperator` attribute is deprecated. Please use `'airflow.providers.standard.operators.bash.BashOperator'`.","category":"DeprecatedImportWarning","filename":"/opt/airflow/dags/branch_pipeline.py","lineno":3,"logger":"py.warnings"}
{"timestamp":"2026-02-08T14:46:55.591481Z","level":"info","event":"Filling up the DagBag from /opt/airflow/dags/branch_pipeline.py","logger":"airflow.models.dagbag.BundleDagBag","filename":"dagbag.py","lineno":593}
{"timestamp":"2026-02-08T14:46:55.693353Z","level":"warning","event":"The `airflow.decorators.dag` attribute is deprecated. Please use `'airflow.sdk.dag'`.","category":"DeprecatedImportWarning","filename":"/opt/airflow/dags/branch_pipeline.py","lineno":1,"logger":"py.warnings"}
{"timestamp":"2026-02-08T14:46:55.693692Z","level":"warning","event":"The `airflow.decorators.task` attribute is deprecated. Please use `'airflow.sdk.task'`.","category":"DeprecatedImportWarning","filename":"/opt/airflow/dags/branch_pipeline.py","lineno":1,"logger":"py.warnings"}
{"timestamp":"2026-02-08T14:46:55.693827Z","level":"warning","event":"The `airflow.operators.python.BranchPythonOperator` attribute is deprecated. Please use `'airflow.providers.standard.operators.python.BranchPythonOperator'`.","category":"DeprecatedImportWarning","filename":"/opt/airflow/dags/branch_pipeline.py","lineno":2,"logger":"py.warnings"}
{"timestamp":"2026-02-08T14:46:55.693925Z","level":"warning","event":"The `airflow.operators.bash.BashOperator` attribute is deprecated. Please use `'airflow.providers.standard.operators.bash.BashOperator'`.","category":"DeprecatedImportWarning","filename":"/opt/airflow/dags/branch_pipeline.py","lineno":3,"logger":"py.warnings"}
{"timestamp":"2026-02-08T14:47:26.277170Z","level":"info","event":"Filling up the DagBag from /opt/airflow/dags/branch_pipeline.py","logger":"airflow.models.dagbag.BundleDagBag","filename":"dagbag.py","lineno":593}
{"timestamp":"2026-02-08T14:47:26.374689Z","level":"warning","event":"The `airflow.decorators.dag` attribute is deprecated. Please use `'airflow.sdk.dag'`.","category":"DeprecatedImportWarning","filename":"/opt/airflow/dags/branch_pipeline.py","lineno":1,"logger":"py.warnings"}
{"timestamp":"2026-02-08T14:47:26.375063Z","level":"warning","event":"The `airflow.decorators.task` attribute is deprecated. Please use `'airflow.sdk.task'`.","category":"DeprecatedImportWarning","filename":"/opt/airflow/dags/branch_pipeline.py","lineno":1,"logger":"py.warnings"}
{"timestamp":"2026-02-08T14:47:26.375234Z","level":"warning","event":"The `airflow.operators.python.BranchPythonOperator` attribute is deprecated. Please use `'airflow.providers.standard.operators.python.BranchPythonOperator'`.","category":"DeprecatedImportWarning","filename":"/opt/airflow/dags/branch_pipeline.py","lineno":2,"logger":"py.warnings"}
{"timestamp":"2026-02-08T14:47:26.375350Z","level":"warning","event":"The `airflow.operators.bash.BashOperator` attribute is deprecated. Please use `'airflow.providers.standard.operators.bash.BashOperator'`.","category":"DeprecatedImportWarning","filename":"/opt/airflow/dags/branch_pipeline.py","lineno":3,"logger":"py.warnings"}
{"timestamp":"2026-02-08T14:47:56.846537Z","level":"info","event":"Filling up the DagBag from /opt/airflow/dags/branch_pipeline.py","logger":"airflow.models.dagbag.BundleDagBag","filename":"dagbag.py","lineno":593}
{"timestamp":"2026-02-08T14:47:56.948663Z","level":"warning","event":"The `airflow.decorators.dag` attribute is deprecated. Please use `'airflow.sdk.dag'`.","category":"DeprecatedImportWarning","filename":"/opt/airflow/dags/branch_pipeline.py","lineno":1,"logger":"py.warnings"}
{"timestamp":"2026-02-08T14:47:56.949022Z","level":"warning","event":"The `airflow.decorators.task` attribute is deprecated. Please use `'airflow.sdk.task'`.","category":"DeprecatedImportWarning","filename":"/opt/airflow/dags/branch_pipeline.py","lineno":1,"logger":"py.warnings"}
{"timestamp":"2026-02-08T14:47:56.949179Z","level":"warning","event":"The `airflow.operators.python.BranchPythonOperator` attribute is deprecated. Please use `'airflow.providers.standard.operators.python.BranchPythonOperator'`.","category":"DeprecatedImportWarning","filename":"/opt/airflow/dags/branch_pipeline.py","lineno":2,"logger":"py.warnings"}
{"timestamp":"2026-02-08T14:47:56.949310Z","level":"warning","event":"The `airflow.operators.bash.BashOperator` attribute is deprecated. Please use `'airflow.providers.standard.operators.bash.BashOperator'`.","category":"DeprecatedImportWarning","filename":"/opt/airflow/dags/branch_pipeline.py","lineno":3,"logger":"py.warnings"}
{"timestamp":"2026-02-08T14:48:27.844766Z","level":"info","event":"Filling up the DagBag from /opt/airflow/dags/branch_pipeline.py","logger":"airflow.models.dagbag.BundleDagBag","filename":"dagbag.py","lineno":593}
{"timestamp":"2026-02-08T14:48:27.906697Z","level":"warning","event":"The `airflow.decorators.dag` attribute is deprecated. Please use `'airflow.sdk.dag'`.","category":"DeprecatedImportWarning","filename":"/opt/airflow/dags/branch_pipeline.py","lineno":1,"logger":"py.warnings"}
{"timestamp":"2026-02-08T14:48:27.907110Z","level":"warning","event":"The `airflow.decorators.task` attribute is deprecated. Please use `'airflow.sdk.task'`.","category":"DeprecatedImportWarning","filename":"/opt/airflow/dags/branch_pipeline.py","lineno":1,"logger":"py.warnings"}
{"timestamp":"2026-02-08T14:48:27.907260Z","level":"warning","event":"The `airflow.operators.python.BranchPythonOperator` attribute is deprecated. Please use `'airflow.providers.standard.operators.python.BranchPythonOperator'`.","category":"DeprecatedImportWarning","filename":"/opt/airflow/dags/branch_pipeline.py","lineno":2,"logger":"py.warnings"}
{"timestamp":"2026-02-08T14:48:27.907360Z","level":"warning","event":"The `airflow.operators.bash.BashOperator` attribute is deprecated. Please use `'airflow.providers.standard.operators.bash.BashOperator'`.","category":"DeprecatedImportWarning","filename":"/opt/airflow/dags/branch_pipeline.py","lineno":3,"logger":"py.warnings"}
{"timestamp":"2026-02-08T14:48:58.482608Z","level":"info","event":"Filling up the DagBag from /opt/airflow/dags/branch_pipeline.py","logger":"airflow.models.dagbag.BundleDagBag","filename":"dagbag.py","lineno":593}
{"timestamp":"2026-02-08T14:48:58.590594Z","level":"warning","event":"The `airflow.decorators.dag` attribute is deprecated. Please use `'airflow.sdk.dag'`.","category":"DeprecatedImportWarning","filename":"/opt/airflow/dags/branch_pipeline.py","lineno":1,"logger":"py.warnings"}
{"timestamp":"2026-02-08T14:48:58.591107Z","level":"warning","event":"The `airflow.decorators.task` attribute is deprecated. Please use `'airflow.sdk.task'`.","category":"DeprecatedImportWarning","filename":"/opt/airflow/dags/branch_pipeline.py","lineno":1,"logger":"py.warnings"}
{"timestamp":"2026-02-08T14:48:58.591232Z","level":"warning","event":"The `airflow.operators.python.BranchPythonOperator` attribute is deprecated. Please use `'airflow.providers.standard.operators.python.BranchPythonOperator'`.","category":"DeprecatedImportWarning","filename":"/opt/airflow/dags/branch_pipeline.py","lineno":2,"logger":"py.warnings"}
{"timestamp":"2026-02-08T14:48:58.591307Z","level":"warning","event":"The `airflow.operators.bash.BashOperator` attribute is deprecated. Please use `'airflow.providers.standard.operators.bash.BashOperator'`.","category":"DeprecatedImportWarning","filename":"/opt/airflow/dags/branch_pipeline.py","lineno":3,"logger":"py.warnings"}
{"timestamp":"2026-02-08T14:49:29.613955Z","level":"info","event":"Filling up the DagBag from /opt/airflow/dags/branch_pipeline.py","logger":"airflow.models.dagbag.BundleDagBag","filename":"dagbag.py","lineno":593}
{"timestamp":"2026-02-08T14:49:29.709952Z","level":"warning","event":"The `airflow.decorators.dag` attribute is deprecated. Please use `'airflow.sdk.dag'`.","category":"DeprecatedImportWarning","filename":"/opt/airflow/dags/branch_pipeline.py","lineno":1,"logger":"py.warnings"}
{"timestamp":"2026-02-08T14:49:29.710261Z","level":"warning","event":"The `airflow.decorators.task` attribute is deprecated. Please use `'airflow.sdk.task'`.","category":"DeprecatedImportWarning","filename":"/opt/airflow/dags/branch_pipeline.py","lineno":1,"logger":"py.warnings"}
{"timestamp":"2026-02-08T14:49:29.710370Z","level":"warning","event":"The `airflow.operators.python.BranchPythonOperator` attribute is deprecated. Please use `'airflow.providers.standard.operators.python.BranchPythonOperator'`.","category":"DeprecatedImportWarning","filename":"/opt/airflow/dags/branch_pipeline.py","lineno":2,"logger":"py.warnings"}
{"timestamp":"2026-02-08T14:49:29.710439Z","level":"warning","event":"The `airflow.operators.bash.BashOperator` attribute is deprecated. Please use `'airflow.providers.standard.operators.bash.BashOperator'`.","category":"DeprecatedImportWarning","filename":"/opt/airflow/dags/branch_pipeline.py","lineno":3,"logger":"py.warnings"}
{"timestamp":"2026-02-08T14:50:00.686750Z","level":"info","event":"Filling up the DagBag from /opt/airflow/dags/branch_pipeline.py","logger":"airflow.models.dagbag.BundleDagBag","filename":"dagbag.py","lineno":593}
{"timestamp":"2026-02-08T14:50:00.772632Z","level":"warning","event":"The `airflow.decorators.dag` attribute is deprecated. Please use `'airflow.sdk.dag'`.","category":"DeprecatedImportWarning","filename":"/opt/airflow/dags/branch_pipeline.py","lineno":1,"logger":"py.warnings"}
{"timestamp":"2026-02-08T14:50:00.773705Z","level":"warning","event":"The `airflow.decorators.task` attribute is deprecated. Please use `'airflow.sdk.task'`.","category":"DeprecatedImportWarning","filename":"/opt/airflow/dags/branch_pipeline.py","lineno":1,"logger":"py.warnings"}
{"timestamp":"2026-02-08T14:50:00.773903Z","level":"warning","event":"The `airflow.operators.python.BranchPythonOperator` attribute is deprecated. Please use `'airflow.providers.standard.operators.python.BranchPythonOperator'`.","category":"DeprecatedImportWarning","filename":"/opt/airflow/dags/branch_pipeline.py","lineno":2,"logger":"py.warnings"}
{"timestamp":"2026-02-08T14:50:00.774065Z","level":"warning","event":"The `airflow.operators.bash.BashOperator` attribute is deprecated. Please use `'airflow.providers.standard.operators.bash.BashOperator'`.","category":"DeprecatedImportWarning","filename":"/opt/airflow/dags/branch_pipeline.py","lineno":3,"logger":"py.warnings"}
{"timestamp":"2026-02-08T14:50:31.363764Z","level":"info","event":"Filling up the DagBag from /opt/airflow/dags/branch_pipeline.py","logger":"airflow.models.dagbag.BundleDagBag","filename":"dagbag.py","lineno":593}
{"timestamp":"2026-02-08T14:50:31.459727Z","level":"warning","event":"The `airflow.decorators.dag` attribute is deprecated. Please use `'airflow.sdk.dag'`.","category":"DeprecatedImportWarning","filename":"/opt/airflow/dags/branch_pipeline.py","lineno":1,"logger":"py.warnings"}
{"timestamp":"2026-02-08T14:50:31.460140Z","level":"warning","event":"The `airflow.decorators.task` attribute is deprecated. Please use `'airflow.sdk.task'`.","category":"DeprecatedImportWarning","filename":"/opt/airflow/dags/branch_pipeline.py","lineno":1,"logger":"py.warnings"}
{"timestamp":"2026-02-08T14:50:31.460409Z","level":"warning","event":"The `airflow.operators.python.BranchPythonOperator` attribute is deprecated. Please use `'airflow.providers.standard.operators.python.BranchPythonOperator'`.","category":"DeprecatedImportWarning","filename":"/opt/airflow/dags/branch_pipeline.py","lineno":2,"logger":"py.warnings"}
{"timestamp":"2026-02-08T14:50:31.460553Z","level":"warning","event":"The `airflow.operators.bash.BashOperator` attribute is deprecated. Please use `'airflow.providers.standard.operators.bash.BashOperator'`.","category":"DeprecatedImportWarning","filename":"/opt/airflow/dags/branch_pipeline.py","lineno":3,"logger":"py.warnings"}
{"timestamp":"2026-02-08T14:51:02.330397Z","level":"info","event":"Filling up the DagBag from /opt/airflow/dags/branch_pipeline.py","logger":"airflow.models.dagbag.BundleDagBag","filename":"dagbag.py","lineno":593}
{"timestamp":"2026-02-08T14:51:02.389791Z","level":"warning","event":"The `airflow.decorators.dag` attribute is deprecated. Please use `'airflow.sdk.dag'`.","category":"DeprecatedImportWarning","filename":"/opt/airflow/dags/branch_pipeline.py","lineno":1,"logger":"py.warnings"}
{"timestamp":"2026-02-08T14:51:02.390064Z","level":"warning","event":"The `airflow.decorators.task` attribute is deprecated. Please use `'airflow.sdk.task'`.","category":"DeprecatedImportWarning","filename":"/opt/airflow/dags/branch_pipeline.py","lineno":1,"logger":"py.warnings"}
{"timestamp":"2026-02-08T14:51:02.390195Z","level":"warning","event":"The `airflow.operators.python.BranchPythonOperator` attribute is deprecated. Please use `'airflow.providers.standard.operators.python.BranchPythonOperator'`.","category":"DeprecatedImportWarning","filename":"/opt/airflow/dags/branch_pipeline.py","lineno":2,"logger":"py.warnings"}
{"timestamp":"2026-02-08T14:51:02.390271Z","level":"warning","event":"The `airflow.operators.bash.BashOperator` attribute is deprecated. Please use `'airflow.providers.standard.operators.bash.BashOperator'`.","category":"DeprecatedImportWarning","filename":"/opt/airflow/dags/branch_pipeline.py","lineno":3,"logger":"py.warnings"}
{"timestamp":"2026-02-08T14:51:32.885681Z","level":"info","event":"Filling up the DagBag from /opt/airflow/dags/branch_pipeline.py","logger":"airflow.models.dagbag.BundleDagBag","filename":"dagbag.py","lineno":593}
{"timestamp":"2026-02-08T14:51:32.948738Z","level":"warning","event":"The `airflow.decorators.dag` attribute is deprecated. Please use `'airflow.sdk.dag'`.","category":"DeprecatedImportWarning","filename":"/opt/airflow/dags/branch_pipeline.py","lineno":1,"logger":"py.warnings"}
{"timestamp":"2026-02-08T14:51:32.949035Z","level":"warning","event":"The `airflow.decorators.task` attribute is deprecated. Please use `'airflow.sdk.task'`.","category":"DeprecatedImportWarning","filename":"/opt/airflow/dags/branch_pipeline.py","lineno":1,"logger":"py.warnings"}
{"timestamp":"2026-02-08T14:51:32.949180Z","level":"warning","event":"The `airflow.operators.python.BranchPythonOperator` attribute is deprecated. Please use `'airflow.providers.standard.operators.python.BranchPythonOperator'`.","category":"DeprecatedImportWarning","filename":"/opt/airflow/dags/branch_pipeline.py","lineno":2,"logger":"py.warnings"}
{"timestamp":"2026-02-08T14:51:32.949282Z","level":"warning","event":"The `airflow.operators.bash.BashOperator` attribute is deprecated. Please use `'airflow.providers.standard.operators.bash.BashOperator'`.","category":"DeprecatedImportWarning","filename":"/opt/airflow/dags/branch_pipeline.py","lineno":3,"logger":"py.warnings"}
{"timestamp":"2026-02-08T14:52:03.809859Z","level":"info","event":"Filling up the DagBag from /opt/airflow/dags/branch_pipeline.py","logger":"airflow.models.dagbag.BundleDagBag","filename":"dagbag.py","lineno":593}
{"timestamp":"2026-02-08T14:52:03.930315Z","level":"warning","event":"The `airflow.decorators.dag` attribute is deprecated. Please use `'airflow.sdk.dag'`.","category":"DeprecatedImportWarning","filename":"/opt/airflow/dags/branch_pipeline.py","lineno":1,"logger":"py.warnings"}
{"timestamp":"2026-02-08T14:52:03.931212Z","level":"warning","event":"The `airflow.decorators.task` attribute is deprecated. Please use `'airflow.sdk.task'`.","category":"DeprecatedImportWarning","filename":"/opt/airflow/dags/branch_pipeline.py","lineno":1,"logger":"py.warnings"}
{"timestamp":"2026-02-08T14:52:03.931736Z","level":"warning","event":"The `airflow.operators.python.BranchPythonOperator` attribute is deprecated. Please use `'airflow.providers.standard.operators.python.BranchPythonOperator'`.","category":"DeprecatedImportWarning","filename":"/opt/airflow/dags/branch_pipeline.py","lineno":2,"logger":"py.warnings"}
{"timestamp":"2026-02-08T14:52:03.932679Z","level":"warning","event":"The `airflow.operators.bash.BashOperator` attribute is deprecated. Please use `'airflow.providers.standard.operators.bash.BashOperator'`.","category":"DeprecatedImportWarning","filename":"/opt/airflow/dags/branch_pipeline.py","lineno":3,"logger":"py.warnings"}
{"timestamp":"2026-02-08T14:52:34.506956Z","level":"info","event":"Filling up the DagBag from /opt/airflow/dags/branch_pipeline.py","logger":"airflow.models.dagbag.BundleDagBag","filename":"dagbag.py","lineno":593}
{"timestamp":"2026-02-08T14:52:34.594168Z","level":"warning","event":"The `airflow.decorators.dag` attribute is deprecated. Please use `'airflow.sdk.dag'`.","category":"DeprecatedImportWarning","filename":"/opt/airflow/dags/branch_pipeline.py","lineno":1,"logger":"py.warnings"}
{"timestamp":"2026-02-08T14:52:34.594599Z","level":"warning","event":"The `airflow.decorators.task` attribute is deprecated. Please use `'airflow.sdk.task'`.","category":"DeprecatedImportWarning","filename":"/opt/airflow/dags/branch_pipeline.py","lineno":1,"logger":"py.warnings"}
{"timestamp":"2026-02-08T14:52:34.594784Z","level":"warning","event":"The `airflow.operators.python.BranchPythonOperator` attribute is deprecated. Please use `'airflow.providers.standard.operators.python.BranchPythonOperator'`.","category":"DeprecatedImportWarning","filename":"/opt/airflow/dags/branch_pipeline.py","lineno":2,"logger":"py.warnings"}
{"timestamp":"2026-02-08T14:52:34.594898Z","level":"warning","event":"The `airflow.operators.bash.BashOperator` attribute is deprecated. Please use `'airflow.providers.standard.operators.bash.BashOperator'`.","category":"DeprecatedImportWarning","filename":"/opt/airflow/dags/branch_pipeline.py","lineno":3,"logger":"py.warnings"}
{"timestamp":"2026-02-08T14:53:05.279990Z","level":"info","event":"Filling up the DagBag from /opt/airflow/dags/branch_pipeline.py","logger":"airflow.models.dagbag.BundleDagBag","filename":"dagbag.py","lineno":593}
{"timestamp":"2026-02-08T14:53:05.364436Z","level":"warning","event":"The `airflow.decorators.dag` attribute is deprecated. Please use `'airflow.sdk.dag'`.","category":"DeprecatedImportWarning","filename":"/opt/airflow/dags/branch_pipeline.py","lineno":1,"logger":"py.warnings"}
{"timestamp":"2026-02-08T14:53:05.364757Z","level":"warning","event":"The `airflow.decorators.task` attribute is deprecated. Please use `'airflow.sdk.task'`.","category":"DeprecatedImportWarning","filename":"/opt/airflow/dags/branch_pipeline.py","lineno":1,"logger":"py.warnings"}
{"timestamp":"2026-02-08T14:53:05.364908Z","level":"warning","event":"The `airflow.operators.python.BranchPythonOperator` attribute is deprecated. Please use `'airflow.providers.standard.operators.python.BranchPythonOperator'`.","category":"DeprecatedImportWarning","filename":"/opt/airflow/dags/branch_pipeline.py","lineno":2,"logger":"py.warnings"}
{"timestamp":"2026-02-08T14:53:05.365600Z","level":"warning","event":"The `airflow.operators.bash.BashOperator` attribute is deprecated. Please use `'airflow.providers.standard.operators.bash.BashOperator'`.","category":"DeprecatedImportWarning","filename":"/opt/airflow/dags/branch_pipeline.py","lineno":3,"logger":"py.warnings"}
{"timestamp":"2026-02-08T14:53:36.053679Z","level":"info","event":"Filling up the DagBag from /opt/airflow/dags/branch_pipeline.py","logger":"airflow.models.dagbag.BundleDagBag","filename":"dagbag.py","lineno":593}
{"timestamp":"2026-02-08T14:53:36.191764Z","level":"warning","event":"The `airflow.decorators.dag` attribute is deprecated. Please use `'airflow.sdk.dag'`.","category":"DeprecatedImportWarning","filename":"/opt/airflow/dags/branch_pipeline.py","lineno":1,"logger":"py.warnings"}
{"timestamp":"2026-02-08T14:53:36.192178Z","level":"warning","event":"The `airflow.decorators.task` attribute is deprecated. Please use `'airflow.sdk.task'`.","category":"DeprecatedImportWarning","filename":"/opt/airflow/dags/branch_pipeline.py","lineno":1,"logger":"py.warnings"}
{"timestamp":"2026-02-08T14:53:36.192378Z","level":"warning","event":"The `airflow.operators.python.BranchPythonOperator` attribute is deprecated. Please use `'airflow.providers.standard.operators.python.BranchPythonOperator'`.","category":"DeprecatedImportWarning","filename":"/opt/airflow/dags/branch_pipeline.py","lineno":2,"logger":"py.warnings"}
{"timestamp":"2026-02-08T14:53:36.192509Z","level":"warning","event":"The `airflow.operators.bash.BashOperator` attribute is deprecated. Please use `'airflow.providers.standard.operators.bash.BashOperator'`.","category":"DeprecatedImportWarning","filename":"/opt/airflow/dags/branch_pipeline.py","lineno":3,"logger":"py.warnings"}
{"timestamp":"2026-02-08T14:54:06.423998Z","level":"info","event":"Filling up the DagBag from /opt/airflow/dags/branch_pipeline.py","logger":"airflow.models.dagbag.BundleDagBag","filename":"dagbag.py","lineno":593}
{"timestamp":"2026-02-08T14:54:06.480015Z","level":"warning","event":"The `airflow.decorators.dag` attribute is deprecated. Please use `'airflow.sdk.dag'`.","category":"DeprecatedImportWarning","filename":"/opt/airflow/dags/branch_pipeline.py","lineno":1,"logger":"py.warnings"}
{"timestamp":"2026-02-08T14:54:06.480250Z","level":"warning","event":"The `airflow.decorators.task` attribute is deprecated. Please use `'airflow.sdk.task'`.","category":"DeprecatedImportWarning","filename":"/opt/airflow/dags/branch_pipeline.py","lineno":1,"logger":"py.warnings"}
{"timestamp":"2026-02-08T14:54:06.480344Z","level":"warning","event":"The `airflow.operators.python.BranchPythonOperator` attribute is deprecated. Please use `'airflow.providers.standard.operators.python.BranchPythonOperator'`.","category":"DeprecatedImportWarning","filename":"/opt/airflow/dags/branch_pipeline.py","lineno":2,"logger":"py.warnings"}
{"timestamp":"2026-02-08T14:54:06.480405Z","level":"warning","event":"The `airflow.operators.bash.BashOperator` attribute is deprecated. Please use `'airflow.providers.standard.operators.bash.BashOperator'`.","category":"DeprecatedImportWarning","filename":"/opt/airflow/dags/branch_pipeline.py","lineno":3,"logger":"py.warnings"}
{"timestamp":"2026-02-08T14:54:36.896288Z","level":"info","event":"Filling up the DagBag from /opt/airflow/dags/branch_pipeline.py","logger":"airflow.models.dagbag.BundleDagBag","filename":"dagbag.py","lineno":593}
{"timestamp":"2026-02-08T14:54:36.999046Z","level":"warning","event":"The `airflow.decorators.dag` attribute is deprecated. Please use `'airflow.sdk.dag'`.","category":"DeprecatedImportWarning","filename":"/opt/airflow/dags/branch_pipeline.py","lineno":1,"logger":"py.warnings"}
{"timestamp":"2026-02-08T14:54:36.999537Z","level":"warning","event":"The `airflow.decorators.task` attribute is deprecated. Please use `'airflow.sdk.task'`.","category":"DeprecatedImportWarning","filename":"/opt/airflow/dags/branch_pipeline.py","lineno":1,"logger":"py.warnings"}
{"timestamp":"2026-02-08T14:54:36.999722Z","level":"warning","event":"The `airflow.operators.python.BranchPythonOperator` attribute is deprecated. Please use `'airflow.providers.standard.operators.python.BranchPythonOperator'`.","category":"DeprecatedImportWarning","filename":"/opt/airflow/dags/branch_pipeline.py","lineno":2,"logger":"py.warnings"}
{"timestamp":"2026-02-08T14:54:36.999936Z","level":"warning","event":"The `airflow.operators.bash.BashOperator` attribute is deprecated. Please use `'airflow.providers.standard.operators.bash.BashOperator'`.","category":"DeprecatedImportWarning","filename":"/opt/airflow/dags/branch_pipeline.py","lineno":3,"logger":"py.warnings"}
{"timestamp":"2026-02-08T14:55:07.715053Z","level":"info","event":"Filling up the DagBag from /opt/airflow/dags/branch_pipeline.py","logger":"airflow.models.dagbag.BundleDagBag","filename":"dagbag.py","lineno":593}
{"timestamp":"2026-02-08T14:55:07.825654Z","level":"warning","event":"The `airflow.decorators.dag` attribute is deprecated. Please use `'airflow.sdk.dag'`.","category":"DeprecatedImportWarning","filename":"/opt/airflow/dags/branch_pipeline.py","lineno":1,"logger":"py.warnings"}
{"timestamp":"2026-02-08T14:55:07.826130Z","level":"warning","event":"The `airflow.decorators.task` attribute is deprecated. Please use `'airflow.sdk.task'`.","category":"DeprecatedImportWarning","filename":"/opt/airflow/dags/branch_pipeline.py","lineno":1,"logger":"py.warnings"}
{"timestamp":"2026-02-08T14:55:07.826317Z","level":"warning","event":"The `airflow.operators.python.BranchPythonOperator` attribute is deprecated. Please use `'airflow.providers.standard.operators.python.BranchPythonOperator'`.","category":"DeprecatedImportWarning","filename":"/opt/airflow/dags/branch_pipeline.py","lineno":2,"logger":"py.warnings"}
{"timestamp":"2026-02-08T14:55:07.826437Z","level":"warning","event":"The `airflow.operators.bash.BashOperator` attribute is deprecated. Please use `'airflow.providers.standard.operators.bash.BashOperator'`.","category":"DeprecatedImportWarning","filename":"/opt/airflow/dags/branch_pipeline.py","lineno":3,"logger":"py.warnings"}
{"timestamp":"2026-02-08T14:55:38.513215Z","level":"info","event":"Filling up the DagBag from /opt/airflow/dags/branch_pipeline.py","logger":"airflow.models.dagbag.BundleDagBag","filename":"dagbag.py","lineno":593}
{"timestamp":"2026-02-08T14:55:38.642408Z","level":"warning","event":"The `airflow.decorators.dag` attribute is deprecated. Please use `'airflow.sdk.dag'`.","category":"DeprecatedImportWarning","filename":"/opt/airflow/dags/branch_pipeline.py","lineno":1,"logger":"py.warnings"}
{"timestamp":"2026-02-08T14:55:38.642916Z","level":"warning","event":"The `airflow.decorators.task` attribute is deprecated. Please use `'airflow.sdk.task'`.","category":"DeprecatedImportWarning","filename":"/opt/airflow/dags/branch_pipeline.py","lineno":1,"logger":"py.warnings"}
{"timestamp":"2026-02-08T14:55:38.643763Z","level":"warning","event":"The `airflow.operators.python.BranchPythonOperator` attribute is deprecated. Please use `'airflow.providers.standard.operators.python.BranchPythonOperator'`.","category":"DeprecatedImportWarning","filename":"/opt/airflow/dags/branch_pipeline.py","lineno":2,"logger":"py.warnings"}
{"timestamp":"2026-02-08T14:55:38.644030Z","level":"warning","event":"The `airflow.operators.bash.BashOperator` attribute is deprecated. Please use `'airflow.providers.standard.operators.bash.BashOperator'`.","category":"DeprecatedImportWarning","filename":"/opt/airflow/dags/branch_pipeline.py","lineno":3,"logger":"py.warnings"}
{"timestamp":"2026-02-08T14:56:08.994726Z","level":"info","event":"Filling up the DagBag from /opt/airflow/dags/branch_pipeline.py","logger":"airflow.models.dagbag.BundleDagBag","filename":"dagbag.py","lineno":593}
{"timestamp":"2026-02-08T14:56:09.106553Z","level":"warning","event":"The `airflow.decorators.dag` attribute is deprecated. Please use `'airflow.sdk.dag'`.","category":"DeprecatedImportWarning","filename":"/opt/airflow/dags/branch_pipeline.py","lineno":1,"logger":"py.warnings"}
{"timestamp":"2026-02-08T14:56:09.106796Z","level":"warning","event":"The `airflow.decorators.task` attribute is deprecated. Please use `'airflow.sdk.task'`.","category":"DeprecatedImportWarning","filename":"/opt/airflow/dags/branch_pipeline.py","lineno":1,"logger":"py.warnings"}
{"timestamp":"2026-02-08T14:56:09.106884Z","level":"warning","event":"The `airflow.operators.python.BranchPythonOperator` attribute is deprecated. Please use `'airflow.providers.standard.operators.python.BranchPythonOperator'`.","category":"DeprecatedImportWarning","filename":"/opt/airflow/dags/branch_pipeline.py","lineno":2,"logger":"py.warnings"}
{"timestamp":"2026-02-08T14:56:09.106961Z","level":"warning","event":"The `airflow.operators.bash.BashOperator` attribute is deprecated. Please use `'airflow.providers.standard.operators.bash.BashOperator'`.","category":"DeprecatedImportWarning","filename":"/opt/airflow/dags/branch_pipeline.py","lineno":3,"logger":"py.warnings"}
{"timestamp":"2026-02-08T14:56:40.079873Z","level":"info","event":"Filling up the DagBag from /opt/airflow/dags/branch_pipeline.py","logger":"airflow.models.dagbag.BundleDagBag","filename":"dagbag.py","lineno":593}
{"timestamp":"2026-02-08T14:56:40.145943Z","level":"warning","event":"The `airflow.decorators.dag` attribute is deprecated. Please use `'airflow.sdk.dag'`.","category":"DeprecatedImportWarning","filename":"/opt/airflow/dags/branch_pipeline.py","lineno":1,"logger":"py.warnings"}
{"timestamp":"2026-02-08T14:56:40.146262Z","level":"warning","event":"The `airflow.decorators.task` attribute is deprecated. Please use `'airflow.sdk.task'`.","category":"DeprecatedImportWarning","filename":"/opt/airflow/dags/branch_pipeline.py","lineno":1,"logger":"py.warnings"}
{"timestamp":"2026-02-08T14:56:40.146412Z","level":"warning","event":"The `airflow.operators.python.BranchPythonOperator` attribute is deprecated. Please use `'airflow.providers.standard.operators.python.BranchPythonOperator'`.","category":"DeprecatedImportWarning","filename":"/opt/airflow/dags/branch_pipeline.py","lineno":2,"logger":"py.warnings"}
{"timestamp":"2026-02-08T14:56:40.146505Z","level":"warning","event":"The `airflow.operators.bash.BashOperator` attribute is deprecated. Please use `'airflow.providers.standard.operators.bash.BashOperator'`.","category":"DeprecatedImportWarning","filename":"/opt/airflow/dags/branch_pipeline.py","lineno":3,"logger":"py.warnings"}
{"timestamp":"2026-02-08T14:57:10.702565Z","level":"info","event":"Filling up the DagBag from /opt/airflow/dags/branch_pipeline.py","logger":"airflow.models.dagbag.BundleDagBag","filename":"dagbag.py","lineno":593}
{"timestamp":"2026-02-08T14:57:10.770528Z","level":"warning","event":"The `airflow.decorators.dag` attribute is deprecated. Please use `'airflow.sdk.dag'`.","category":"DeprecatedImportWarning","filename":"/opt/airflow/dags/branch_pipeline.py","lineno":1,"logger":"py.warnings"}
{"timestamp":"2026-02-08T14:57:10.771081Z","level":"warning","event":"The `airflow.decorators.task` attribute is deprecated. Please use `'airflow.sdk.task'`.","category":"DeprecatedImportWarning","filename":"/opt/airflow/dags/branch_pipeline.py","lineno":1,"logger":"py.warnings"}
{"timestamp":"2026-02-08T14:57:10.771311Z","level":"warning","event":"The `airflow.operators.python.BranchPythonOperator` attribute is deprecated. Please use `'airflow.providers.standard.operators.python.BranchPythonOperator'`.","category":"DeprecatedImportWarning","filename":"/opt/airflow/dags/branch_pipeline.py","lineno":2,"logger":"py.warnings"}
{"timestamp":"2026-02-08T14:57:10.771434Z","level":"warning","event":"The `airflow.operators.bash.BashOperator` attribute is deprecated. Please use `'airflow.providers.standard.operators.bash.BashOperator'`.","category":"DeprecatedImportWarning","filename":"/opt/airflow/dags/branch_pipeline.py","lineno":3,"logger":"py.warnings"}
{"timestamp":"2026-02-08T14:57:41.449438Z","level":"info","event":"Filling up the DagBag from /opt/airflow/dags/branch_pipeline.py","logger":"airflow.models.dagbag.BundleDagBag","filename":"dagbag.py","lineno":593}
{"timestamp":"2026-02-08T14:57:41.523458Z","level":"warning","event":"The `airflow.decorators.dag` attribute is deprecated. Please use `'airflow.sdk.dag'`.","category":"DeprecatedImportWarning","filename":"/opt/airflow/dags/branch_pipeline.py","lineno":1,"logger":"py.warnings"}
{"timestamp":"2026-02-08T14:57:41.523685Z","level":"warning","event":"The `airflow.decorators.task` attribute is deprecated. Please use `'airflow.sdk.task'`.","category":"DeprecatedImportWarning","filename":"/opt/airflow/dags/branch_pipeline.py","lineno":1,"logger":"py.warnings"}
{"timestamp":"2026-02-08T14:57:41.523813Z","level":"warning","event":"The `airflow.operators.python.BranchPythonOperator` attribute is deprecated. Please use `'airflow.providers.standard.operators.python.BranchPythonOperator'`.","category":"DeprecatedImportWarning","filename":"/opt/airflow/dags/branch_pipeline.py","lineno":2,"logger":"py.warnings"}
{"timestamp":"2026-02-08T14:57:41.523908Z","level":"warning","event":"The `airflow.operators.bash.BashOperator` attribute is deprecated. Please use `'airflow.providers.standard.operators.bash.BashOperator'`.","category":"DeprecatedImportWarning","filename":"/opt/airflow/dags/branch_pipeline.py","lineno":3,"logger":"py.warnings"}
{"timestamp":"2026-02-08T14:58:12.142300Z","level":"info","event":"Filling up the DagBag from /opt/airflow/dags/branch_pipeline.py","logger":"airflow.models.dagbag.BundleDagBag","filename":"dagbag.py","lineno":593}
{"timestamp":"2026-02-08T14:58:12.228306Z","level":"warning","event":"The `airflow.decorators.dag` attribute is deprecated. Please use `'airflow.sdk.dag'`.","category":"DeprecatedImportWarning","filename":"/opt/airflow/dags/branch_pipeline.py","lineno":1,"logger":"py.warnings"}
{"timestamp":"2026-02-08T14:58:12.229251Z","level":"warning","event":"The `airflow.decorators.task` attribute is deprecated. Please use `'airflow.sdk.task'`.","category":"DeprecatedImportWarning","filename":"/opt/airflow/dags/branch_pipeline.py","lineno":1,"logger":"py.warnings"}
{"timestamp":"2026-02-08T14:58:12.229556Z","level":"warning","event":"The `airflow.operators.python.BranchPythonOperator` attribute is deprecated. Please use `'airflow.providers.standard.operators.python.BranchPythonOperator'`.","category":"DeprecatedImportWarning","filename":"/opt/airflow/dags/branch_pipeline.py","lineno":2,"logger":"py.warnings"}
{"timestamp":"2026-02-08T14:58:12.229839Z","level":"warning","event":"The `airflow.operators.bash.BashOperator` attribute is deprecated. Please use `'airflow.providers.standard.operators.bash.BashOperator'`.","category":"DeprecatedImportWarning","filename":"/opt/airflow/dags/branch_pipeline.py","lineno":3,"logger":"py.warnings"}
{"timestamp":"2026-02-08T14:58:42.736893Z","level":"info","event":"Filling up the DagBag from /opt/airflow/dags/branch_pipeline.py","logger":"airflow.models.dagbag.BundleDagBag","filename":"dagbag.py","lineno":593}
{"timestamp":"2026-02-08T14:58:42.805315Z","level":"warning","event":"The `airflow.decorators.dag` attribute is deprecated. Please use `'airflow.sdk.dag'`.","category":"DeprecatedImportWarning","filename":"/opt/airflow/dags/branch_pipeline.py","lineno":1,"logger":"py.warnings"}
{"timestamp":"2026-02-08T14:58:42.806760Z","level":"warning","event":"The `airflow.decorators.task` attribute is deprecated. Please use `'airflow.sdk.task'`.","category":"DeprecatedImportWarning","filename":"/opt/airflow/dags/branch_pipeline.py","lineno":1,"logger":"py.warnings"}
{"timestamp":"2026-02-08T14:58:42.807073Z","level":"warning","event":"The `airflow.operators.python.BranchPythonOperator` attribute is deprecated. Please use `'airflow.providers.standard.operators.python.BranchPythonOperator'`.","category":"DeprecatedImportWarning","filename":"/opt/airflow/dags/branch_pipeline.py","lineno":2,"logger":"py.warnings"}
{"timestamp":"2026-02-08T14:58:42.807296Z","level":"warning","event":"The `airflow.operators.bash.BashOperator` attribute is deprecated. Please use `'airflow.providers.standard.operators.bash.BashOperator'`.","category":"DeprecatedImportWarning","filename":"/opt/airflow/dags/branch_pipeline.py","lineno":3,"logger":"py.warnings"}
{"timestamp":"2026-02-08T14:59:13.232779Z","level":"info","event":"Filling up the DagBag from /opt/airflow/dags/branch_pipeline.py","logger":"airflow.models.dagbag.BundleDagBag","filename":"dagbag.py","lineno":593}
{"timestamp":"2026-02-08T14:59:13.300752Z","level":"warning","event":"The `airflow.decorators.dag` attribute is deprecated. Please use `'airflow.sdk.dag'`.","category":"DeprecatedImportWarning","filename":"/opt/airflow/dags/branch_pipeline.py","lineno":1,"logger":"py.warnings"}
{"timestamp":"2026-02-08T14:59:13.301099Z","level":"warning","event":"The `airflow.decorators.task` attribute is deprecated. Please use `'airflow.sdk.task'`.","category":"DeprecatedImportWarning","filename":"/opt/airflow/dags/branch_pipeline.py","lineno":1,"logger":"py.warnings"}
{"timestamp":"2026-02-08T14:59:13.301257Z","level":"warning","event":"The `airflow.operators.python.BranchPythonOperator` attribute is deprecated. Please use `'airflow.providers.standard.operators.python.BranchPythonOperator'`.","category":"DeprecatedImportWarning","filename":"/opt/airflow/dags/branch_pipeline.py","lineno":2,"logger":"py.warnings"}
{"timestamp":"2026-02-08T14:59:13.301465Z","level":"warning","event":"The `airflow.operators.bash.BashOperator` attribute is deprecated. Please use `'airflow.providers.standard.operators.bash.BashOperator'`.","category":"DeprecatedImportWarning","filename":"/opt/airflow/dags/branch_pipeline.py","lineno":3,"logger":"py.warnings"}
{"timestamp":"2026-02-08T14:59:43.627075Z","level":"info","event":"Filling up the DagBag from /opt/airflow/dags/branch_pipeline.py","logger":"airflow.models.dagbag.BundleDagBag","filename":"dagbag.py","lineno":593}
{"timestamp":"2026-02-08T14:59:43.688807Z","level":"warning","event":"The `airflow.decorators.dag` attribute is deprecated. Please use `'airflow.sdk.dag'`.","category":"DeprecatedImportWarning","filename":"/opt/airflow/dags/branch_pipeline.py","lineno":1,"logger":"py.warnings"}
{"timestamp":"2026-02-08T14:59:43.689123Z","level":"warning","event":"The `airflow.decorators.task` attribute is deprecated. Please use `'airflow.sdk.task'`.","category":"DeprecatedImportWarning","filename":"/opt/airflow/dags/branch_pipeline.py","lineno":1,"logger":"py.warnings"}
{"timestamp":"2026-02-08T14:59:43.689268Z","level":"warning","event":"The `airflow.operators.python.BranchPythonOperator` attribute is deprecated. Please use `'airflow.providers.standard.operators.python.BranchPythonOperator'`.","category":"DeprecatedImportWarning","filename":"/opt/airflow/dags/branch_pipeline.py","lineno":2,"logger":"py.warnings"}
{"timestamp":"2026-02-08T14:59:43.689332Z","level":"warning","event":"The `airflow.operators.bash.BashOperator` attribute is deprecated. Please use `'airflow.providers.standard.operators.bash.BashOperator'`.","category":"DeprecatedImportWarning","filename":"/opt/airflow/dags/branch_pipeline.py","lineno":3,"logger":"py.warnings"}
{"timestamp":"2026-02-08T15:00:14.103669Z","level":"info","event":"Filling up the DagBag from /opt/airflow/dags/branch_pipeline.py","logger":"airflow.models.dagbag.BundleDagBag","filename":"dagbag.py","lineno":593}
{"timestamp":"2026-02-08T15:00:14.192944Z","level":"warning","event":"The `airflow.decorators.dag` attribute is deprecated. Please use `'airflow.sdk.dag'`.","category":"DeprecatedImportWarning","filename":"/opt/airflow/dags/branch_pipeline.py","lineno":1,"logger":"py.warnings"}
{"timestamp":"2026-02-08T15:00:14.193339Z","level":"warning","event":"The `airflow.decorators.task` attribute is deprecated. Please use `'airflow.sdk.task'`.","category":"DeprecatedImportWarning","filename":"/opt/airflow/dags/branch_pipeline.py","lineno":1,"logger":"py.warnings"}
{"timestamp":"2026-02-08T15:00:14.193515Z","level":"warning","event":"The `airflow.operators.python.BranchPythonOperator` attribute is deprecated. Please use `'airflow.providers.standard.operators.python.BranchPythonOperator'`.","category":"DeprecatedImportWarning","filename":"/opt/airflow/dags/branch_pipeline.py","lineno":2,"logger":"py.warnings"}
{"timestamp":"2026-02-08T15:00:14.193622Z","level":"warning","event":"The `airflow.operators.bash.BashOperator` attribute is deprecated. Please use `'airflow.providers.standard.operators.bash.BashOperator'`.","category":"DeprecatedImportWarning","filename":"/opt/airflow/dags/branch_pipeline.py","lineno":3,"logger":"py.warnings"}
{"timestamp":"2026-02-08T15:00:44.671772Z","level":"info","event":"Filling up the DagBag from /opt/airflow/dags/branch_pipeline.py","logger":"airflow.models.dagbag.BundleDagBag","filename":"dagbag.py","lineno":593}
{"timestamp":"2026-02-08T15:00:44.743531Z","level":"warning","event":"The `airflow.decorators.dag` attribute is deprecated. Please use `'airflow.sdk.dag'`.","category":"DeprecatedImportWarning","filename":"/opt/airflow/dags/branch_pipeline.py","lineno":1,"logger":"py.warnings"}
{"timestamp":"2026-02-08T15:00:44.743799Z","level":"warning","event":"The `airflow.decorators.task` attribute is deprecated. Please use `'airflow.sdk.task'`.","category":"DeprecatedImportWarning","filename":"/opt/airflow/dags/branch_pipeline.py","lineno":1,"logger":"py.warnings"}
{"timestamp":"2026-02-08T15:00:44.743940Z","level":"warning","event":"The `airflow.operators.python.BranchPythonOperator` attribute is deprecated. Please use `'airflow.providers.standard.operators.python.BranchPythonOperator'`.","category":"DeprecatedImportWarning","filename":"/opt/airflow/dags/branch_pipeline.py","lineno":2,"logger":"py.warnings"}
{"timestamp":"2026-02-08T15:00:44.744048Z","level":"warning","event":"The `airflow.operators.bash.BashOperator` attribute is deprecated. Please use `'airflow.providers.standard.operators.bash.BashOperator'`.","category":"DeprecatedImportWarning","filename":"/opt/airflow/dags/branch_pipeline.py","lineno":3,"logger":"py.warnings"}
{"timestamp":"2026-02-08T15:01:15.002915Z","level":"info","event":"Filling up the DagBag from /opt/airflow/dags/branch_pipeline.py","logger":"airflow.models.dagbag.BundleDagBag","filename":"dagbag.py","lineno":593}
{"timestamp":"2026-02-08T15:01:15.067335Z","level":"warning","event":"The `airflow.decorators.dag` attribute is deprecated. Please use `'airflow.sdk.dag'`.","category":"DeprecatedImportWarning","filename":"/opt/airflow/dags/branch_pipeline.py","lineno":1,"logger":"py.warnings"}
{"timestamp":"2026-02-08T15:01:15.067674Z","level":"warning","event":"The `airflow.decorators.task` attribute is deprecated. Please use `'airflow.sdk.task'`.","category":"DeprecatedImportWarning","filename":"/opt/airflow/dags/branch_pipeline.py","lineno":1,"logger":"py.warnings"}
{"timestamp":"2026-02-08T15:01:15.067833Z","level":"warning","event":"The `airflow.operators.python.BranchPythonOperator` attribute is deprecated. Please use `'airflow.providers.standard.operators.python.BranchPythonOperator'`.","category":"DeprecatedImportWarning","filename":"/opt/airflow/dags/branch_pipeline.py","lineno":2,"logger":"py.warnings"}
{"timestamp":"2026-02-08T15:01:15.067949Z","level":"warning","event":"The `airflow.operators.bash.BashOperator` attribute is deprecated. Please use `'airflow.providers.standard.operators.bash.BashOperator'`.","category":"DeprecatedImportWarning","filename":"/opt/airflow/dags/branch_pipeline.py","lineno":3,"logger":"py.warnings"}
{"timestamp":"2026-02-08T15:01:45.355995Z","level":"info","event":"Filling up the DagBag from /opt/airflow/dags/branch_pipeline.py","logger":"airflow.models.dagbag.BundleDagBag","filename":"dagbag.py","lineno":593}
{"timestamp":"2026-02-08T15:01:45.434833Z","level":"warning","event":"The `airflow.decorators.dag` attribute is deprecated. Please use `'airflow.sdk.dag'`.","category":"DeprecatedImportWarning","filename":"/opt/airflow/dags/branch_pipeline.py","lineno":1,"logger":"py.warnings"}
{"timestamp":"2026-02-08T15:01:45.435312Z","level":"warning","event":"The `airflow.decorators.task` attribute is deprecated. Please use `'airflow.sdk.task'`.","category":"DeprecatedImportWarning","filename":"/opt/airflow/dags/branch_pipeline.py","lineno":1,"logger":"py.warnings"}
{"timestamp":"2026-02-08T15:01:45.435680Z","level":"warning","event":"The `airflow.operators.python.BranchPythonOperator` attribute is deprecated. Please use `'airflow.providers.standard.operators.python.BranchPythonOperator'`.","category":"DeprecatedImportWarning","filename":"/opt/airflow/dags/branch_pipeline.py","lineno":2,"logger":"py.warnings"}
{"timestamp":"2026-02-08T15:01:45.435879Z","level":"warning","event":"The `airflow.operators.bash.BashOperator` attribute is deprecated. Please use `'airflow.providers.standard.operators.bash.BashOperator'`.","category":"DeprecatedImportWarning","filename":"/opt/airflow/dags/branch_pipeline.py","lineno":3,"logger":"py.warnings"}
{"timestamp":"2026-02-08T15:26:52.190308Z","level":"info","event":"Filling up the DagBag from /opt/airflow/dags/branch_pipeline.py","logger":"airflow.models.dagbag.BundleDagBag","filename":"dagbag.py","lineno":593}
{"timestamp":"2026-02-08T15:26:55.367839Z","level":"warning","event":"The `airflow.decorators.dag` attribute is deprecated. Please use `'airflow.sdk.dag'`.","category":"DeprecatedImportWarning","filename":"/opt/airflow/dags/branch_pipeline.py","lineno":1,"logger":"py.warnings"}
{"timestamp":"2026-02-08T15:26:55.368919Z","level":"warning","event":"The `airflow.decorators.task` attribute is deprecated. Please use `'airflow.sdk.task'`.","category":"DeprecatedImportWarning","filename":"/opt/airflow/dags/branch_pipeline.py","lineno":1,"logger":"py.warnings"}
{"timestamp":"2026-02-08T15:26:55.369349Z","level":"warning","event":"The `airflow.operators.python.BranchPythonOperator` attribute is deprecated. Please use `'airflow.providers.standard.operators.python.BranchPythonOperator'`.","category":"DeprecatedImportWarning","filename":"/opt/airflow/dags/branch_pipeline.py","lineno":2,"logger":"py.warnings"}
{"timestamp":"2026-02-08T15:26:55.369624Z","level":"warning","event":"The `airflow.operators.bash.BashOperator` attribute is deprecated. Please use `'airflow.providers.standard.operators.bash.BashOperator'`.","category":"DeprecatedImportWarning","filename":"/opt/airflow/dags/branch_pipeline.py","lineno":3,"logger":"py.warnings"}
{"timestamp":"2026-02-08T15:27:30.159956Z","level":"info","event":"Filling up the DagBag from /opt/airflow/dags/branch_pipeline.py","logger":"airflow.models.dagbag.BundleDagBag","filename":"dagbag.py","lineno":593}
{"timestamp":"2026-02-08T15:27:30.754295Z","level":"warning","event":"The `airflow.decorators.dag` attribute is deprecated. Please use `'airflow.sdk.dag'`.","category":"DeprecatedImportWarning","filename":"/opt/airflow/dags/branch_pipeline.py","lineno":1,"logger":"py.warnings"}
{"timestamp":"2026-02-08T15:27:30.755457Z","level":"warning","event":"The `airflow.decorators.task` attribute is deprecated. Please use `'airflow.sdk.task'`.","category":"DeprecatedImportWarning","filename":"/opt/airflow/dags/branch_pipeline.py","lineno":1,"logger":"py.warnings"}
{"timestamp":"2026-02-08T15:27:30.755812Z","level":"warning","event":"The `airflow.operators.python.BranchPythonOperator` attribute is deprecated. Please use `'airflow.providers.standard.operators.python.BranchPythonOperator'`.","category":"DeprecatedImportWarning","filename":"/opt/airflow/dags/branch_pipeline.py","lineno":2,"logger":"py.warnings"}
{"timestamp":"2026-02-08T15:27:30.756046Z","level":"warning","event":"The `airflow.operators.bash.BashOperator` attribute is deprecated. Please use `'airflow.providers.standard.operators.bash.BashOperator'`.","category":"DeprecatedImportWarning","filename":"/opt/airflow/dags/branch_pipeline.py","lineno":3,"logger":"py.warnings"}
{"timestamp":"2026-02-08T15:28:03.419119Z","level":"info","event":"Filling up the DagBag from /opt/airflow/dags/branch_pipeline.py","logger":"airflow.models.dagbag.BundleDagBag","filename":"dagbag.py","lineno":593}
{"timestamp":"2026-02-08T15:28:03.551289Z","level":"warning","event":"The `airflow.decorators.dag` attribute is deprecated. Please use `'airflow.sdk.dag'`.","category":"DeprecatedImportWarning","filename":"/opt/airflow/dags/branch_pipeline.py","lineno":1,"logger":"py.warnings"}
{"timestamp":"2026-02-08T15:28:03.552630Z","level":"warning","event":"The `airflow.decorators.task` attribute is deprecated. Please use `'airflow.sdk.task'`.","category":"DeprecatedImportWarning","filename":"/opt/airflow/dags/branch_pipeline.py","lineno":1,"logger":"py.warnings"}
{"timestamp":"2026-02-08T15:28:03.552939Z","level":"warning","event":"The `airflow.operators.python.BranchPythonOperator` attribute is deprecated. Please use `'airflow.providers.standard.operators.python.BranchPythonOperator'`.","category":"DeprecatedImportWarning","filename":"/opt/airflow/dags/branch_pipeline.py","lineno":2,"logger":"py.warnings"}
{"timestamp":"2026-02-08T15:28:03.553444Z","level":"warning","event":"The `airflow.operators.bash.BashOperator` attribute is deprecated. Please use `'airflow.providers.standard.operators.bash.BashOperator'`.","category":"DeprecatedImportWarning","filename":"/opt/airflow/dags/branch_pipeline.py","lineno":3,"logger":"py.warnings"}
{"timestamp":"2026-02-08T15:28:34.042420Z","level":"info","event":"Filling up the DagBag from /opt/airflow/dags/branch_pipeline.py","logger":"airflow.models.dagbag.BundleDagBag","filename":"dagbag.py","lineno":593}
{"timestamp":"2026-02-08T15:28:34.168662Z","level":"warning","event":"The `airflow.decorators.dag` attribute is deprecated. Please use `'airflow.sdk.dag'`.","category":"DeprecatedImportWarning","filename":"/opt/airflow/dags/branch_pipeline.py","lineno":1,"logger":"py.warnings"}
{"timestamp":"2026-02-08T15:28:34.168912Z","level":"warning","event":"The `airflow.decorators.task` attribute is deprecated. Please use `'airflow.sdk.task'`.","category":"DeprecatedImportWarning","filename":"/opt/airflow/dags/branch_pipeline.py","lineno":1,"logger":"py.warnings"}
{"timestamp":"2026-02-08T15:28:34.169003Z","level":"warning","event":"The `airflow.operators.python.BranchPythonOperator` attribute is deprecated. Please use `'airflow.providers.standard.operators.python.BranchPythonOperator'`.","category":"DeprecatedImportWarning","filename":"/opt/airflow/dags/branch_pipeline.py","lineno":2,"logger":"py.warnings"}
{"timestamp":"2026-02-08T15:28:34.169067Z","level":"warning","event":"The `airflow.operators.bash.BashOperator` attribute is deprecated. Please use `'airflow.providers.standard.operators.bash.BashOperator'`.","category":"DeprecatedImportWarning","filename":"/opt/airflow/dags/branch_pipeline.py","lineno":3,"logger":"py.warnings"}
{"timestamp":"2026-02-08T15:29:04.836203Z","level":"info","event":"Filling up the DagBag from /opt/airflow/dags/branch_pipeline.py","logger":"airflow.models.dagbag.BundleDagBag","filename":"dagbag.py","lineno":593}
{"timestamp":"2026-02-08T15:29:04.901767Z","level":"warning","event":"The `airflow.decorators.dag` attribute is deprecated. Please use `'airflow.sdk.dag'`.","category":"DeprecatedImportWarning","filename":"/opt/airflow/dags/branch_pipeline.py","lineno":1,"logger":"py.warnings"}
{"timestamp":"2026-02-08T15:29:04.902038Z","level":"warning","event":"The `airflow.decorators.task` attribute is deprecated. Please use `'airflow.sdk.task'`.","category":"DeprecatedImportWarning","filename":"/opt/airflow/dags/branch_pipeline.py","lineno":1,"logger":"py.warnings"}
{"timestamp":"2026-02-08T15:29:04.902133Z","level":"warning","event":"The `airflow.operators.python.BranchPythonOperator` attribute is deprecated. Please use `'airflow.providers.standard.operators.python.BranchPythonOperator'`.","category":"DeprecatedImportWarning","filename":"/opt/airflow/dags/branch_pipeline.py","lineno":2,"logger":"py.warnings"}
{"timestamp":"2026-02-08T15:29:04.902203Z","level":"warning","event":"The `airflow.operators.bash.BashOperator` attribute is deprecated. Please use `'airflow.providers.standard.operators.bash.BashOperator'`.","category":"DeprecatedImportWarning","filename":"/opt/airflow/dags/branch_pipeline.py","lineno":3,"logger":"py.warnings"}
{"timestamp":"2026-02-08T15:29:35.538851Z","level":"info","event":"Filling up the DagBag from /opt/airflow/dags/branch_pipeline.py","logger":"airflow.models.dagbag.BundleDagBag","filename":"dagbag.py","lineno":593}
{"timestamp":"2026-02-08T15:29:35.605646Z","level":"warning","event":"The `airflow.decorators.dag` attribute is deprecated. Please use `'airflow.sdk.dag'`.","category":"DeprecatedImportWarning","filename":"/opt/airflow/dags/branch_pipeline.py","lineno":1,"logger":"py.warnings"}
{"timestamp":"2026-02-08T15:29:35.606078Z","level":"warning","event":"The `airflow.decorators.task` attribute is deprecated. Please use `'airflow.sdk.task'`.","category":"DeprecatedImportWarning","filename":"/opt/airflow/dags/branch_pipeline.py","lineno":1,"logger":"py.warnings"}
{"timestamp":"2026-02-08T15:29:35.606255Z","level":"warning","event":"The `airflow.operators.python.BranchPythonOperator` attribute is deprecated. Please use `'airflow.providers.standard.operators.python.BranchPythonOperator'`.","category":"DeprecatedImportWarning","filename":"/opt/airflow/dags/branch_pipeline.py","lineno":2,"logger":"py.warnings"}
{"timestamp":"2026-02-08T15:29:35.606382Z","level":"warning","event":"The `airflow.operators.bash.BashOperator` attribute is deprecated. Please use `'airflow.providers.standard.operators.bash.BashOperator'`.","category":"DeprecatedImportWarning","filename":"/opt/airflow/dags/branch_pipeline.py","lineno":3,"logger":"py.warnings"}
{"timestamp":"2026-02-08T15:30:06.299126Z","level":"info","event":"Filling up the DagBag from /opt/airflow/dags/branch_pipeline.py","logger":"airflow.models.dagbag.BundleDagBag","filename":"dagbag.py","lineno":593}
{"timestamp":"2026-02-08T15:30:06.422397Z","level":"warning","event":"The `airflow.decorators.dag` attribute is deprecated. Please use `'airflow.sdk.dag'`.","category":"DeprecatedImportWarning","filename":"/opt/airflow/dags/branch_pipeline.py","lineno":1,"logger":"py.warnings"}
{"timestamp":"2026-02-08T15:30:06.422781Z","level":"warning","event":"The `airflow.decorators.task` attribute is deprecated. Please use `'airflow.sdk.task'`.","category":"DeprecatedImportWarning","filename":"/opt/airflow/dags/branch_pipeline.py","lineno":1,"logger":"py.warnings"}
{"timestamp":"2026-02-08T15:30:06.422975Z","level":"warning","event":"The `airflow.operators.python.BranchPythonOperator` attribute is deprecated. Please use `'airflow.providers.standard.operators.python.BranchPythonOperator'`.","category":"DeprecatedImportWarning","filename":"/opt/airflow/dags/branch_pipeline.py","lineno":2,"logger":"py.warnings"}
{"timestamp":"2026-02-08T15:30:06.423921Z","level":"warning","event":"The `airflow.operators.bash.BashOperator` attribute is deprecated. Please use `'airflow.providers.standard.operators.bash.BashOperator'`.","category":"DeprecatedImportWarning","filename":"/opt/airflow/dags/branch_pipeline.py","lineno":3,"logger":"py.warnings"}
{"timestamp":"2026-02-08T15:30:37.203561Z","level":"info","event":"Filling up the DagBag from /opt/airflow/dags/branch_pipeline.py","logger":"airflow.models.dagbag.BundleDagBag","filename":"dagbag.py","lineno":593}
{"timestamp":"2026-02-08T15:30:37.280293Z","level":"warning","event":"The `airflow.decorators.dag` attribute is deprecated. Please use `'airflow.sdk.dag'`.","category":"DeprecatedImportWarning","filename":"/opt/airflow/dags/branch_pipeline.py","lineno":1,"logger":"py.warnings"}
{"timestamp":"2026-02-08T15:30:37.280620Z","level":"warning","event":"The `airflow.decorators.task` attribute is deprecated. Please use `'airflow.sdk.task'`.","category":"DeprecatedImportWarning","filename":"/opt/airflow/dags/branch_pipeline.py","lineno":1,"logger":"py.warnings"}
{"timestamp":"2026-02-08T15:30:37.280790Z","level":"warning","event":"The `airflow.operators.python.BranchPythonOperator` attribute is deprecated. Please use `'airflow.providers.standard.operators.python.BranchPythonOperator'`.","category":"DeprecatedImportWarning","filename":"/opt/airflow/dags/branch_pipeline.py","lineno":2,"logger":"py.warnings"}
{"timestamp":"2026-02-08T15:30:37.280896Z","level":"warning","event":"The `airflow.operators.bash.BashOperator` attribute is deprecated. Please use `'airflow.providers.standard.operators.bash.BashOperator'`.","category":"DeprecatedImportWarning","filename":"/opt/airflow/dags/branch_pipeline.py","lineno":3,"logger":"py.warnings"}
{"timestamp":"2026-02-08T15:31:08.178876Z","level":"info","event":"Filling up the DagBag from /opt/airflow/dags/branch_pipeline.py","logger":"airflow.models.dagbag.BundleDagBag","filename":"dagbag.py","lineno":593}
{"timestamp":"2026-02-08T15:31:08.290253Z","level":"warning","event":"The `airflow.decorators.dag` attribute is deprecated. Please use `'airflow.sdk.dag'`.","category":"DeprecatedImportWarning","filename":"/opt/airflow/dags/branch_pipeline.py","lineno":1,"logger":"py.warnings"}
{"timestamp":"2026-02-08T15:31:08.290638Z","level":"warning","event":"The `airflow.decorators.task` attribute is deprecated. Please use `'airflow.sdk.task'`.","category":"DeprecatedImportWarning","filename":"/opt/airflow/dags/branch_pipeline.py","lineno":1,"logger":"py.warnings"}
{"timestamp":"2026-02-08T15:31:08.290834Z","level":"warning","event":"The `airflow.operators.python.BranchPythonOperator` attribute is deprecated. Please use `'airflow.providers.standard.operators.python.BranchPythonOperator'`.","category":"DeprecatedImportWarning","filename":"/opt/airflow/dags/branch_pipeline.py","lineno":2,"logger":"py.warnings"}
{"timestamp":"2026-02-08T15:31:08.291052Z","level":"warning","event":"The `airflow.operators.bash.BashOperator` attribute is deprecated. Please use `'airflow.providers.standard.operators.bash.BashOperator'`.","category":"DeprecatedImportWarning","filename":"/opt/airflow/dags/branch_pipeline.py","lineno":3,"logger":"py.warnings"}
{"timestamp":"2026-02-08T15:31:39.118325Z","level":"info","event":"Filling up the DagBag from /opt/airflow/dags/branch_pipeline.py","logger":"airflow.models.dagbag.BundleDagBag","filename":"dagbag.py","lineno":593}
{"timestamp":"2026-02-08T15:31:39.170908Z","level":"warning","event":"The `airflow.decorators.dag` attribute is deprecated. Please use `'airflow.sdk.dag'`.","category":"DeprecatedImportWarning","filename":"/opt/airflow/dags/branch_pipeline.py","lineno":1,"logger":"py.warnings"}
{"timestamp":"2026-02-08T15:31:39.171213Z","level":"warning","event":"The `airflow.decorators.task` attribute is deprecated. Please use `'airflow.sdk.task'`.","category":"DeprecatedImportWarning","filename":"/opt/airflow/dags/branch_pipeline.py","lineno":1,"logger":"py.warnings"}
{"timestamp":"2026-02-08T15:31:39.171319Z","level":"warning","event":"The `airflow.operators.python.BranchPythonOperator` attribute is deprecated. Please use `'airflow.providers.standard.operators.python.BranchPythonOperator'`.","category":"DeprecatedImportWarning","filename":"/opt/airflow/dags/branch_pipeline.py","lineno":2,"logger":"py.warnings"}
{"timestamp":"2026-02-08T15:31:39.171380Z","level":"warning","event":"The `airflow.operators.bash.BashOperator` attribute is deprecated. Please use `'airflow.providers.standard.operators.bash.BashOperator'`.","category":"DeprecatedImportWarning","filename":"/opt/airflow/dags/branch_pipeline.py","lineno":3,"logger":"py.warnings"}
{"timestamp":"2026-02-08T15:32:09.833605Z","level":"info","event":"Filling up the DagBag from /opt/airflow/dags/branch_pipeline.py","logger":"airflow.models.dagbag.BundleDagBag","filename":"dagbag.py","lineno":593}
{"timestamp":"2026-02-08T15:32:09.883730Z","level":"warning","event":"The `airflow.decorators.dag` attribute is deprecated. Please use `'airflow.sdk.dag'`.","category":"DeprecatedImportWarning","filename":"/opt/airflow/dags/branch_pipeline.py","lineno":1,"logger":"py.warnings"}
{"timestamp":"2026-02-08T15:32:09.884135Z","level":"warning","event":"The `airflow.decorators.task` attribute is deprecated. Please use `'airflow.sdk.task'`.","category":"DeprecatedImportWarning","filename":"/opt/airflow/dags/branch_pipeline.py","lineno":1,"logger":"py.warnings"}
{"timestamp":"2026-02-08T15:32:09.884296Z","level":"warning","event":"The `airflow.operators.python.BranchPythonOperator` attribute is deprecated. Please use `'airflow.providers.standard.operators.python.BranchPythonOperator'`.","category":"DeprecatedImportWarning","filename":"/opt/airflow/dags/branch_pipeline.py","lineno":2,"logger":"py.warnings"}
{"timestamp":"2026-02-08T15:32:09.884416Z","level":"warning","event":"The `airflow.operators.bash.BashOperator` attribute is deprecated. Please use `'airflow.providers.standard.operators.bash.BashOperator'`.","category":"DeprecatedImportWarning","filename":"/opt/airflow/dags/branch_pipeline.py","lineno":3,"logger":"py.warnings"}
{"timestamp":"2026-02-08T15:32:40.882285Z","level":"info","event":"Filling up the DagBag from /opt/airflow/dags/branch_pipeline.py","logger":"airflow.models.dagbag.BundleDagBag","filename":"dagbag.py","lineno":593}
{"timestamp":"2026-02-08T15:32:40.967440Z","level":"warning","event":"The `airflow.decorators.dag` attribute is deprecated. Please use `'airflow.sdk.dag'`.","category":"DeprecatedImportWarning","filename":"/opt/airflow/dags/branch_pipeline.py","lineno":1,"logger":"py.warnings"}
{"timestamp":"2026-02-08T15:32:40.968393Z","level":"warning","event":"The `airflow.decorators.task` attribute is deprecated. Please use `'airflow.sdk.task'`.","category":"DeprecatedImportWarning","filename":"/opt/airflow/dags/branch_pipeline.py","lineno":1,"logger":"py.warnings"}
{"timestamp":"2026-02-08T15:32:40.968777Z","level":"warning","event":"The `airflow.operators.python.BranchPythonOperator` attribute is deprecated. Please use `'airflow.providers.standard.operators.python.BranchPythonOperator'`.","category":"DeprecatedImportWarning","filename":"/opt/airflow/dags/branch_pipeline.py","lineno":2,"logger":"py.warnings"}
{"timestamp":"2026-02-08T15:32:40.969149Z","level":"warning","event":"The `airflow.operators.bash.BashOperator` attribute is deprecated. Please use `'airflow.providers.standard.operators.bash.BashOperator'`.","category":"DeprecatedImportWarning","filename":"/opt/airflow/dags/branch_pipeline.py","lineno":3,"logger":"py.warnings"}
{"timestamp":"2026-02-08T15:33:11.184881Z","level":"info","event":"Filling up the DagBag from /opt/airflow/dags/branch_pipeline.py","logger":"airflow.models.dagbag.BundleDagBag","filename":"dagbag.py","lineno":593}
{"timestamp":"2026-02-08T15:33:11.230856Z","level":"warning","event":"The `airflow.decorators.dag` attribute is deprecated. Please use `'airflow.sdk.dag'`.","category":"DeprecatedImportWarning","filename":"/opt/airflow/dags/branch_pipeline.py","lineno":1,"logger":"py.warnings"}
{"timestamp":"2026-02-08T15:33:11.231106Z","level":"warning","event":"The `airflow.decorators.task` attribute is deprecated. Please use `'airflow.sdk.task'`.","category":"DeprecatedImportWarning","filename":"/opt/airflow/dags/branch_pipeline.py","lineno":1,"logger":"py.warnings"}
{"timestamp":"2026-02-08T15:33:11.231195Z","level":"warning","event":"The `airflow.operators.python.BranchPythonOperator` attribute is deprecated. Please use `'airflow.providers.standard.operators.python.BranchPythonOperator'`.","category":"DeprecatedImportWarning","filename":"/opt/airflow/dags/branch_pipeline.py","lineno":2,"logger":"py.warnings"}
{"timestamp":"2026-02-08T15:33:11.231255Z","level":"warning","event":"The `airflow.operators.bash.BashOperator` attribute is deprecated. Please use `'airflow.providers.standard.operators.bash.BashOperator'`.","category":"DeprecatedImportWarning","filename":"/opt/airflow/dags/branch_pipeline.py","lineno":3,"logger":"py.warnings"}
{"timestamp":"2026-02-08T15:33:41.378113Z","level":"info","event":"Filling up the DagBag from /opt/airflow/dags/branch_pipeline.py","logger":"airflow.models.dagbag.BundleDagBag","filename":"dagbag.py","lineno":593}
{"timestamp":"2026-02-08T15:33:41.459241Z","level":"warning","event":"The `airflow.decorators.dag` attribute is deprecated. Please use `'airflow.sdk.dag'`.","category":"DeprecatedImportWarning","filename":"/opt/airflow/dags/branch_pipeline.py","lineno":1,"logger":"py.warnings"}
{"timestamp":"2026-02-08T15:33:41.459667Z","level":"warning","event":"The `airflow.decorators.task` attribute is deprecated. Please use `'airflow.sdk.task'`.","category":"DeprecatedImportWarning","filename":"/opt/airflow/dags/branch_pipeline.py","lineno":1,"logger":"py.warnings"}
{"timestamp":"2026-02-08T15:33:41.459827Z","level":"warning","event":"The `airflow.operators.python.BranchPythonOperator` attribute is deprecated. Please use `'airflow.providers.standard.operators.python.BranchPythonOperator'`.","category":"DeprecatedImportWarning","filename":"/opt/airflow/dags/branch_pipeline.py","lineno":2,"logger":"py.warnings"}
{"timestamp":"2026-02-08T15:33:41.459941Z","level":"warning","event":"The `airflow.operators.bash.BashOperator` attribute is deprecated. Please use `'airflow.providers.standard.operators.bash.BashOperator'`.","category":"DeprecatedImportWarning","filename":"/opt/airflow/dags/branch_pipeline.py","lineno":3,"logger":"py.warnings"}
{"timestamp":"2026-02-08T15:34:12.401415Z","level":"info","event":"Filling up the DagBag from /opt/airflow/dags/branch_pipeline.py","logger":"airflow.models.dagbag.BundleDagBag","filename":"dagbag.py","lineno":593}
{"timestamp":"2026-02-08T15:34:12.452709Z","level":"warning","event":"The `airflow.decorators.dag` attribute is deprecated. Please use `'airflow.sdk.dag'`.","category":"DeprecatedImportWarning","filename":"/opt/airflow/dags/branch_pipeline.py","lineno":1,"logger":"py.warnings"}
{"timestamp":"2026-02-08T15:34:12.453048Z","level":"warning","event":"The `airflow.decorators.task` attribute is deprecated. Please use `'airflow.sdk.task'`.","category":"DeprecatedImportWarning","filename":"/opt/airflow/dags/branch_pipeline.py","lineno":1,"logger":"py.warnings"}
{"timestamp":"2026-02-08T15:34:12.453232Z","level":"warning","event":"The `airflow.operators.python.BranchPythonOperator` attribute is deprecated. Please use `'airflow.providers.standard.operators.python.BranchPythonOperator'`.","category":"DeprecatedImportWarning","filename":"/opt/airflow/dags/branch_pipeline.py","lineno":2,"logger":"py.warnings"}
{"timestamp":"2026-02-08T15:34:12.453466Z","level":"warning","event":"The `airflow.operators.bash.BashOperator` attribute is deprecated. Please use `'airflow.providers.standard.operators.bash.BashOperator'`.","category":"DeprecatedImportWarning","filename":"/opt/airflow/dags/branch_pipeline.py","lineno":3,"logger":"py.warnings"}
{"timestamp":"2026-02-08T15:34:42.879563Z","level":"info","event":"Filling up the DagBag from /opt/airflow/dags/branch_pipeline.py","logger":"airflow.models.dagbag.BundleDagBag","filename":"dagbag.py","lineno":593}
{"timestamp":"2026-02-08T15:34:42.927980Z","level":"warning","event":"The `airflow.decorators.dag` attribute is deprecated. Please use `'airflow.sdk.dag'`.","category":"DeprecatedImportWarning","filename":"/opt/airflow/dags/branch_pipeline.py","lineno":1,"logger":"py.warnings"}
{"timestamp":"2026-02-08T15:34:42.928317Z","level":"warning","event":"The `airflow.decorators.task` attribute is deprecated. Please use `'airflow.sdk.task'`.","category":"DeprecatedImportWarning","filename":"/opt/airflow/dags/branch_pipeline.py","lineno":1,"logger":"py.warnings"}
{"timestamp":"2026-02-08T15:34:42.928446Z","level":"warning","event":"The `airflow.operators.python.BranchPythonOperator` attribute is deprecated. Please use `'airflow.providers.standard.operators.python.BranchPythonOperator'`.","category":"DeprecatedImportWarning","filename":"/opt/airflow/dags/branch_pipeline.py","lineno":2,"logger":"py.warnings"}
{"timestamp":"2026-02-08T15:34:42.928547Z","level":"warning","event":"The `airflow.operators.bash.BashOperator` attribute is deprecated. Please use `'airflow.providers.standard.operators.bash.BashOperator'`.","category":"DeprecatedImportWarning","filename":"/opt/airflow/dags/branch_pipeline.py","lineno":3,"logger":"py.warnings"}
{"timestamp":"2026-02-08T15:35:13.703765Z","level":"info","event":"Filling up the DagBag from /opt/airflow/dags/branch_pipeline.py","logger":"airflow.models.dagbag.BundleDagBag","filename":"dagbag.py","lineno":593}
{"timestamp":"2026-02-08T15:35:13.774510Z","level":"warning","event":"The `airflow.decorators.dag` attribute is deprecated. Please use `'airflow.sdk.dag'`.","category":"DeprecatedImportWarning","filename":"/opt/airflow/dags/branch_pipeline.py","lineno":1,"logger":"py.warnings"}
{"timestamp":"2026-02-08T15:35:13.774759Z","level":"warning","event":"The `airflow.decorators.task` attribute is deprecated. Please use `'airflow.sdk.task'`.","category":"DeprecatedImportWarning","filename":"/opt/airflow/dags/branch_pipeline.py","lineno":1,"logger":"py.warnings"}
{"timestamp":"2026-02-08T15:35:13.774854Z","level":"warning","event":"The `airflow.operators.python.BranchPythonOperator` attribute is deprecated. Please use `'airflow.providers.standard.operators.python.BranchPythonOperator'`.","category":"DeprecatedImportWarning","filename":"/opt/airflow/dags/branch_pipeline.py","lineno":2,"logger":"py.warnings"}
{"timestamp":"2026-02-08T15:35:13.774916Z","level":"warning","event":"The `airflow.operators.bash.BashOperator` attribute is deprecated. Please use `'airflow.providers.standard.operators.bash.BashOperator'`.","category":"DeprecatedImportWarning","filename":"/opt/airflow/dags/branch_pipeline.py","lineno":3,"logger":"py.warnings"}
{"timestamp":"2026-02-08T15:35:44.257461Z","level":"info","event":"Filling up the DagBag from /opt/airflow/dags/branch_pipeline.py","logger":"airflow.models.dagbag.BundleDagBag","filename":"dagbag.py","lineno":593}
{"timestamp":"2026-02-08T15:35:44.352321Z","level":"warning","event":"The `airflow.decorators.dag` attribute is deprecated. Please use `'airflow.sdk.dag'`.","category":"DeprecatedImportWarning","filename":"/opt/airflow/dags/branch_pipeline.py","lineno":1,"logger":"py.warnings"}
{"timestamp":"2026-02-08T15:35:44.352866Z","level":"warning","event":"The `airflow.decorators.task` attribute is deprecated. Please use `'airflow.sdk.task'`.","category":"DeprecatedImportWarning","filename":"/opt/airflow/dags/branch_pipeline.py","lineno":1,"logger":"py.warnings"}
{"timestamp":"2026-02-08T15:35:44.353053Z","level":"warning","event":"The `airflow.operators.python.BranchPythonOperator` attribute is deprecated. Please use `'airflow.providers.standard.operators.python.BranchPythonOperator'`.","category":"DeprecatedImportWarning","filename":"/opt/airflow/dags/branch_pipeline.py","lineno":2,"logger":"py.warnings"}
{"timestamp":"2026-02-08T15:35:44.353235Z","level":"warning","event":"The `airflow.operators.bash.BashOperator` attribute is deprecated. Please use `'airflow.providers.standard.operators.bash.BashOperator'`.","category":"DeprecatedImportWarning","filename":"/opt/airflow/dags/branch_pipeline.py","lineno":3,"logger":"py.warnings"}
{"timestamp":"2026-02-08T15:36:15.278889Z","level":"info","event":"Filling up the DagBag from /opt/airflow/dags/branch_pipeline.py","logger":"airflow.models.dagbag.BundleDagBag","filename":"dagbag.py","lineno":593}
{"timestamp":"2026-02-08T15:36:15.348432Z","level":"warning","event":"The `airflow.decorators.dag` attribute is deprecated. Please use `'airflow.sdk.dag'`.","category":"DeprecatedImportWarning","filename":"/opt/airflow/dags/branch_pipeline.py","lineno":1,"logger":"py.warnings"}
{"timestamp":"2026-02-08T15:36:15.348800Z","level":"warning","event":"The `airflow.decorators.task` attribute is deprecated. Please use `'airflow.sdk.task'`.","category":"DeprecatedImportWarning","filename":"/opt/airflow/dags/branch_pipeline.py","lineno":1,"logger":"py.warnings"}
{"timestamp":"2026-02-08T15:36:15.349026Z","level":"warning","event":"The `airflow.operators.python.BranchPythonOperator` attribute is deprecated. Please use `'airflow.providers.standard.operators.python.BranchPythonOperator'`.","category":"DeprecatedImportWarning","filename":"/opt/airflow/dags/branch_pipeline.py","lineno":2,"logger":"py.warnings"}
{"timestamp":"2026-02-08T15:36:15.349171Z","level":"warning","event":"The `airflow.operators.bash.BashOperator` attribute is deprecated. Please use `'airflow.providers.standard.operators.bash.BashOperator'`.","category":"DeprecatedImportWarning","filename":"/opt/airflow/dags/branch_pipeline.py","lineno":3,"logger":"py.warnings"}
{"timestamp":"2026-02-08T15:36:45.583830Z","level":"info","event":"Filling up the DagBag from /opt/airflow/dags/branch_pipeline.py","logger":"airflow.models.dagbag.BundleDagBag","filename":"dagbag.py","lineno":593}
{"timestamp":"2026-02-08T15:36:45.659434Z","level":"warning","event":"The `airflow.decorators.dag` attribute is deprecated. Please use `'airflow.sdk.dag'`.","category":"DeprecatedImportWarning","filename":"/opt/airflow/dags/branch_pipeline.py","lineno":1,"logger":"py.warnings"}
{"timestamp":"2026-02-08T15:36:45.660042Z","level":"warning","event":"The `airflow.decorators.task` attribute is deprecated. Please use `'airflow.sdk.task'`.","category":"DeprecatedImportWarning","filename":"/opt/airflow/dags/branch_pipeline.py","lineno":1,"logger":"py.warnings"}
{"timestamp":"2026-02-08T15:36:45.660347Z","level":"warning","event":"The `airflow.operators.python.BranchPythonOperator` attribute is deprecated. Please use `'airflow.providers.standard.operators.python.BranchPythonOperator'`.","category":"DeprecatedImportWarning","filename":"/opt/airflow/dags/branch_pipeline.py","lineno":2,"logger":"py.warnings"}
{"timestamp":"2026-02-08T15:36:45.660749Z","level":"warning","event":"The `airflow.operators.bash.BashOperator` attribute is deprecated. Please use `'airflow.providers.standard.operators.bash.BashOperator'`.","category":"DeprecatedImportWarning","filename":"/opt/airflow/dags/branch_pipeline.py","lineno":3,"logger":"py.warnings"}
{"timestamp":"2026-02-08T15:37:16.157784Z","level":"info","event":"Filling up the DagBag from /opt/airflow/dags/branch_pipeline.py","logger":"airflow.models.dagbag.BundleDagBag","filename":"dagbag.py","lineno":593}
{"timestamp":"2026-02-08T15:37:16.202648Z","level":"warning","event":"The `airflow.decorators.dag` attribute is deprecated. Please use `'airflow.sdk.dag'`.","category":"DeprecatedImportWarning","filename":"/opt/airflow/dags/branch_pipeline.py","lineno":1,"logger":"py.warnings"}
{"timestamp":"2026-02-08T15:37:16.202872Z","level":"warning","event":"The `airflow.decorators.task` attribute is deprecated. Please use `'airflow.sdk.task'`.","category":"DeprecatedImportWarning","filename":"/opt/airflow/dags/branch_pipeline.py","lineno":1,"logger":"py.warnings"}
{"timestamp":"2026-02-08T15:37:16.202961Z","level":"warning","event":"The `airflow.operators.python.BranchPythonOperator` attribute is deprecated. Please use `'airflow.providers.standard.operators.python.BranchPythonOperator'`.","category":"DeprecatedImportWarning","filename":"/opt/airflow/dags/branch_pipeline.py","lineno":2,"logger":"py.warnings"}
{"timestamp":"2026-02-08T15:37:16.203030Z","level":"warning","event":"The `airflow.operators.bash.BashOperator` attribute is deprecated. Please use `'airflow.providers.standard.operators.bash.BashOperator'`.","category":"DeprecatedImportWarning","filename":"/opt/airflow/dags/branch_pipeline.py","lineno":3,"logger":"py.warnings"}
{"timestamp":"2026-02-08T15:37:46.921034Z","level":"info","event":"Filling up the DagBag from /opt/airflow/dags/branch_pipeline.py","logger":"airflow.models.dagbag.BundleDagBag","filename":"dagbag.py","lineno":593}
{"timestamp":"2026-02-08T15:37:46.991383Z","level":"warning","event":"The `airflow.decorators.dag` attribute is deprecated. Please use `'airflow.sdk.dag'`.","category":"DeprecatedImportWarning","filename":"/opt/airflow/dags/branch_pipeline.py","lineno":1,"logger":"py.warnings"}
{"timestamp":"2026-02-08T15:37:46.991933Z","level":"warning","event":"The `airflow.decorators.task` attribute is deprecated. Please use `'airflow.sdk.task'`.","category":"DeprecatedImportWarning","filename":"/opt/airflow/dags/branch_pipeline.py","lineno":1,"logger":"py.warnings"}
{"timestamp":"2026-02-08T15:37:46.992182Z","level":"warning","event":"The `airflow.operators.python.BranchPythonOperator` attribute is deprecated. Please use `'airflow.providers.standard.operators.python.BranchPythonOperator'`.","category":"DeprecatedImportWarning","filename":"/opt/airflow/dags/branch_pipeline.py","lineno":2,"logger":"py.warnings"}
{"timestamp":"2026-02-08T15:37:46.992324Z","level":"warning","event":"The `airflow.operators.bash.BashOperator` attribute is deprecated. Please use `'airflow.providers.standard.operators.bash.BashOperator'`.","category":"DeprecatedImportWarning","filename":"/opt/airflow/dags/branch_pipeline.py","lineno":3,"logger":"py.warnings"}
{"timestamp":"2026-02-08T15:38:17.192227Z","level":"info","event":"Filling up the DagBag from /opt/airflow/dags/branch_pipeline.py","logger":"airflow.models.dagbag.BundleDagBag","filename":"dagbag.py","lineno":593}
{"timestamp":"2026-02-08T15:38:17.240364Z","level":"warning","event":"The `airflow.decorators.dag` attribute is deprecated. Please use `'airflow.sdk.dag'`.","category":"DeprecatedImportWarning","filename":"/opt/airflow/dags/branch_pipeline.py","lineno":1,"logger":"py.warnings"}
{"timestamp":"2026-02-08T15:38:17.240728Z","level":"warning","event":"The `airflow.decorators.task` attribute is deprecated. Please use `'airflow.sdk.task'`.","category":"DeprecatedImportWarning","filename":"/opt/airflow/dags/branch_pipeline.py","lineno":1,"logger":"py.warnings"}
{"timestamp":"2026-02-08T15:38:17.240901Z","level":"warning","event":"The `airflow.operators.python.BranchPythonOperator` attribute is deprecated. Please use `'airflow.providers.standard.operators.python.BranchPythonOperator'`.","category":"DeprecatedImportWarning","filename":"/opt/airflow/dags/branch_pipeline.py","lineno":2,"logger":"py.warnings"}
{"timestamp":"2026-02-08T15:38:17.241487Z","level":"warning","event":"The `airflow.operators.bash.BashOperator` attribute is deprecated. Please use `'airflow.providers.standard.operators.bash.BashOperator'`.","category":"DeprecatedImportWarning","filename":"/opt/airflow/dags/branch_pipeline.py","lineno":3,"logger":"py.warnings"}
{"timestamp":"2026-02-08T15:38:47.956683Z","level":"info","event":"Filling up the DagBag from /opt/airflow/dags/branch_pipeline.py","logger":"airflow.models.dagbag.BundleDagBag","filename":"dagbag.py","lineno":593}
{"timestamp":"2026-02-08T15:38:48.041734Z","level":"warning","event":"The `airflow.decorators.dag` attribute is deprecated. Please use `'airflow.sdk.dag'`.","category":"DeprecatedImportWarning","filename":"/opt/airflow/dags/branch_pipeline.py","lineno":1,"logger":"py.warnings"}
{"timestamp":"2026-02-08T15:38:48.042099Z","level":"warning","event":"The `airflow.decorators.task` attribute is deprecated. Please use `'airflow.sdk.task'`.","category":"DeprecatedImportWarning","filename":"/opt/airflow/dags/branch_pipeline.py","lineno":1,"logger":"py.warnings"}
{"timestamp":"2026-02-08T15:38:48.042217Z","level":"warning","event":"The `airflow.operators.python.BranchPythonOperator` attribute is deprecated. Please use `'airflow.providers.standard.operators.python.BranchPythonOperator'`.","category":"DeprecatedImportWarning","filename":"/opt/airflow/dags/branch_pipeline.py","lineno":2,"logger":"py.warnings"}
{"timestamp":"2026-02-08T15:38:48.042377Z","level":"warning","event":"The `airflow.operators.bash.BashOperator` attribute is deprecated. Please use `'airflow.providers.standard.operators.bash.BashOperator'`.","category":"DeprecatedImportWarning","filename":"/opt/airflow/dags/branch_pipeline.py","lineno":3,"logger":"py.warnings"}
{"timestamp":"2026-02-08T15:39:18.870671Z","level":"info","event":"Filling up the DagBag from /opt/airflow/dags/branch_pipeline.py","logger":"airflow.models.dagbag.BundleDagBag","filename":"dagbag.py","lineno":593}
{"timestamp":"2026-02-08T15:39:18.938372Z","level":"warning","event":"The `airflow.decorators.dag` attribute is deprecated. Please use `'airflow.sdk.dag'`.","category":"DeprecatedImportWarning","filename":"/opt/airflow/dags/branch_pipeline.py","lineno":1,"logger":"py.warnings"}
{"timestamp":"2026-02-08T15:39:18.938678Z","level":"warning","event":"The `airflow.decorators.task` attribute is deprecated. Please use `'airflow.sdk.task'`.","category":"DeprecatedImportWarning","filename":"/opt/airflow/dags/branch_pipeline.py","lineno":1,"logger":"py.warnings"}
{"timestamp":"2026-02-08T15:39:18.938782Z","level":"warning","event":"The `airflow.operators.python.BranchPythonOperator` attribute is deprecated. Please use `'airflow.providers.standard.operators.python.BranchPythonOperator'`.","category":"DeprecatedImportWarning","filename":"/opt/airflow/dags/branch_pipeline.py","lineno":2,"logger":"py.warnings"}
{"timestamp":"2026-02-08T15:39:18.938853Z","level":"warning","event":"The `airflow.operators.bash.BashOperator` attribute is deprecated. Please use `'airflow.providers.standard.operators.bash.BashOperator'`.","category":"DeprecatedImportWarning","filename":"/opt/airflow/dags/branch_pipeline.py","lineno":3,"logger":"py.warnings"}
{"timestamp":"2026-02-08T15:39:49.811158Z","level":"info","event":"Filling up the DagBag from /opt/airflow/dags/branch_pipeline.py","logger":"airflow.models.dagbag.BundleDagBag","filename":"dagbag.py","lineno":593}
{"timestamp":"2026-02-08T15:39:49.895363Z","level":"warning","event":"The `airflow.decorators.dag` attribute is deprecated. Please use `'airflow.sdk.dag'`.","category":"DeprecatedImportWarning","filename":"/opt/airflow/dags/branch_pipeline.py","lineno":1,"logger":"py.warnings"}
{"timestamp":"2026-02-08T15:39:49.895679Z","level":"warning","event":"The `airflow.decorators.task` attribute is deprecated. Please use `'airflow.sdk.task'`.","category":"DeprecatedImportWarning","filename":"/opt/airflow/dags/branch_pipeline.py","lineno":1,"logger":"py.warnings"}
{"timestamp":"2026-02-08T15:39:49.895915Z","level":"warning","event":"The `airflow.operators.python.BranchPythonOperator` attribute is deprecated. Please use `'airflow.providers.standard.operators.python.BranchPythonOperator'`.","category":"DeprecatedImportWarning","filename":"/opt/airflow/dags/branch_pipeline.py","lineno":2,"logger":"py.warnings"}
{"timestamp":"2026-02-08T15:39:49.896064Z","level":"warning","event":"The `airflow.operators.bash.BashOperator` attribute is deprecated. Please use `'airflow.providers.standard.operators.bash.BashOperator'`.","category":"DeprecatedImportWarning","filename":"/opt/airflow/dags/branch_pipeline.py","lineno":3,"logger":"py.warnings"}
{"timestamp":"2026-02-08T15:40:20.423956Z","level":"info","event":"Filling up the DagBag from /opt/airflow/dags/branch_pipeline.py","logger":"airflow.models.dagbag.BundleDagBag","filename":"dagbag.py","lineno":593}
{"timestamp":"2026-02-08T15:40:20.471138Z","level":"warning","event":"The `airflow.decorators.dag` attribute is deprecated. Please use `'airflow.sdk.dag'`.","category":"DeprecatedImportWarning","filename":"/opt/airflow/dags/branch_pipeline.py","lineno":1,"logger":"py.warnings"}
{"timestamp":"2026-02-08T15:40:20.471484Z","level":"warning","event":"The `airflow.decorators.task` attribute is deprecated. Please use `'airflow.sdk.task'`.","category":"DeprecatedImportWarning","filename":"/opt/airflow/dags/branch_pipeline.py","lineno":1,"logger":"py.warnings"}
{"timestamp":"2026-02-08T15:40:20.471633Z","level":"warning","event":"The `airflow.operators.python.BranchPythonOperator` attribute is deprecated. Please use `'airflow.providers.standard.operators.python.BranchPythonOperator'`.","category":"DeprecatedImportWarning","filename":"/opt/airflow/dags/branch_pipeline.py","lineno":2,"logger":"py.warnings"}
{"timestamp":"2026-02-08T15:40:20.471739Z","level":"warning","event":"The `airflow.operators.bash.BashOperator` attribute is deprecated. Please use `'airflow.providers.standard.operators.bash.BashOperator'`.","category":"DeprecatedImportWarning","filename":"/opt/airflow/dags/branch_pipeline.py","lineno":3,"logger":"py.warnings"}
{"timestamp":"2026-02-08T15:40:50.852999Z","level":"info","event":"Filling up the DagBag from /opt/airflow/dags/branch_pipeline.py","logger":"airflow.models.dagbag.BundleDagBag","filename":"dagbag.py","lineno":593}
{"timestamp":"2026-02-08T15:40:50.908479Z","level":"warning","event":"The `airflow.decorators.dag` attribute is deprecated. Please use `'airflow.sdk.dag'`.","category":"DeprecatedImportWarning","filename":"/opt/airflow/dags/branch_pipeline.py","lineno":1,"logger":"py.warnings"}
{"timestamp":"2026-02-08T15:40:50.908740Z","level":"warning","event":"The `airflow.decorators.task` attribute is deprecated. Please use `'airflow.sdk.task'`.","category":"DeprecatedImportWarning","filename":"/opt/airflow/dags/branch_pipeline.py","lineno":1,"logger":"py.warnings"}
{"timestamp":"2026-02-08T15:40:50.908875Z","level":"warning","event":"The `airflow.operators.python.BranchPythonOperator` attribute is deprecated. Please use `'airflow.providers.standard.operators.python.BranchPythonOperator'`.","category":"DeprecatedImportWarning","filename":"/opt/airflow/dags/branch_pipeline.py","lineno":2,"logger":"py.warnings"}
{"timestamp":"2026-02-08T15:40:50.908977Z","level":"warning","event":"The `airflow.operators.bash.BashOperator` attribute is deprecated. Please use `'airflow.providers.standard.operators.bash.BashOperator'`.","category":"DeprecatedImportWarning","filename":"/opt/airflow/dags/branch_pipeline.py","lineno":3,"logger":"py.warnings"}
{"timestamp":"2026-02-08T15:41:21.304845Z","level":"info","event":"Filling up the DagBag from /opt/airflow/dags/branch_pipeline.py","logger":"airflow.models.dagbag.BundleDagBag","filename":"dagbag.py","lineno":593}
{"timestamp":"2026-02-08T15:41:21.360981Z","level":"warning","event":"The `airflow.decorators.dag` attribute is deprecated. Please use `'airflow.sdk.dag'`.","category":"DeprecatedImportWarning","filename":"/opt/airflow/dags/branch_pipeline.py","lineno":1,"logger":"py.warnings"}
{"timestamp":"2026-02-08T15:41:21.361267Z","level":"warning","event":"The `airflow.decorators.task` attribute is deprecated. Please use `'airflow.sdk.task'`.","category":"DeprecatedImportWarning","filename":"/opt/airflow/dags/branch_pipeline.py","lineno":1,"logger":"py.warnings"}
{"timestamp":"2026-02-08T15:41:21.361416Z","level":"warning","event":"The `airflow.operators.python.BranchPythonOperator` attribute is deprecated. Please use `'airflow.providers.standard.operators.python.BranchPythonOperator'`.","category":"DeprecatedImportWarning","filename":"/opt/airflow/dags/branch_pipeline.py","lineno":2,"logger":"py.warnings"}
{"timestamp":"2026-02-08T15:41:21.361526Z","level":"warning","event":"The `airflow.operators.bash.BashOperator` attribute is deprecated. Please use `'airflow.providers.standard.operators.bash.BashOperator'`.","category":"DeprecatedImportWarning","filename":"/opt/airflow/dags/branch_pipeline.py","lineno":3,"logger":"py.warnings"}
{"timestamp":"2026-02-08T15:41:52.055641Z","level":"info","event":"Filling up the DagBag from /opt/airflow/dags/branch_pipeline.py","logger":"airflow.models.dagbag.BundleDagBag","filename":"dagbag.py","lineno":593}
{"timestamp":"2026-02-08T15:41:52.131075Z","level":"warning","event":"The `airflow.decorators.dag` attribute is deprecated. Please use `'airflow.sdk.dag'`.","category":"DeprecatedImportWarning","filename":"/opt/airflow/dags/branch_pipeline.py","lineno":1,"logger":"py.warnings"}
{"timestamp":"2026-02-08T15:41:52.131308Z","level":"warning","event":"The `airflow.decorators.task` attribute is deprecated. Please use `'airflow.sdk.task'`.","category":"DeprecatedImportWarning","filename":"/opt/airflow/dags/branch_pipeline.py","lineno":1,"logger":"py.warnings"}
{"timestamp":"2026-02-08T15:41:52.131424Z","level":"warning","event":"The `airflow.operators.python.BranchPythonOperator` attribute is deprecated. Please use `'airflow.providers.standard.operators.python.BranchPythonOperator'`.","category":"DeprecatedImportWarning","filename":"/opt/airflow/dags/branch_pipeline.py","lineno":2,"logger":"py.warnings"}
{"timestamp":"2026-02-08T15:41:52.131529Z","level":"warning","event":"The `airflow.operators.bash.BashOperator` attribute is deprecated. Please use `'airflow.providers.standard.operators.bash.BashOperator'`.","category":"DeprecatedImportWarning","filename":"/opt/airflow/dags/branch_pipeline.py","lineno":3,"logger":"py.warnings"}
{"timestamp":"2026-02-08T15:42:22.301208Z","level":"info","event":"Filling up the DagBag from /opt/airflow/dags/branch_pipeline.py","logger":"airflow.models.dagbag.BundleDagBag","filename":"dagbag.py","lineno":593}
{"timestamp":"2026-02-08T15:42:22.361364Z","level":"warning","event":"The `airflow.decorators.dag` attribute is deprecated. Please use `'airflow.sdk.dag'`.","category":"DeprecatedImportWarning","filename":"/opt/airflow/dags/branch_pipeline.py","lineno":1,"logger":"py.warnings"}
{"timestamp":"2026-02-08T15:42:22.362066Z","level":"warning","event":"The `airflow.decorators.task` attribute is deprecated. Please use `'airflow.sdk.task'`.","category":"DeprecatedImportWarning","filename":"/opt/airflow/dags/branch_pipeline.py","lineno":1,"logger":"py.warnings"}
{"timestamp":"2026-02-08T15:42:22.362360Z","level":"warning","event":"The `airflow.operators.python.BranchPythonOperator` attribute is deprecated. Please use `'airflow.providers.standard.operators.python.BranchPythonOperator'`.","category":"DeprecatedImportWarning","filename":"/opt/airflow/dags/branch_pipeline.py","lineno":2,"logger":"py.warnings"}
{"timestamp":"2026-02-08T15:42:22.362620Z","level":"warning","event":"The `airflow.operators.bash.BashOperator` attribute is deprecated. Please use `'airflow.providers.standard.operators.bash.BashOperator'`.","category":"DeprecatedImportWarning","filename":"/opt/airflow/dags/branch_pipeline.py","lineno":3,"logger":"py.warnings"}
{"timestamp":"2026-02-08T15:57:21.779587Z","level":"info","event":"Filling up the DagBag from /opt/airflow/dags/branch_pipeline.py","logger":"airflow.models.dagbag.BundleDagBag","filename":"dagbag.py","lineno":593}
{"timestamp":"2026-02-08T15:57:21.958880Z","level":"warning","event":"The `airflow.decorators.dag` attribute is deprecated. Please use `'airflow.sdk.dag'`.","category":"DeprecatedImportWarning","filename":"/opt/airflow/dags/branch_pipeline.py","lineno":1,"logger":"py.warnings"}
{"timestamp":"2026-02-08T15:57:21.959573Z","level":"warning","event":"The `airflow.decorators.task` attribute is deprecated. Please use `'airflow.sdk.task'`.","category":"DeprecatedImportWarning","filename":"/opt/airflow/dags/branch_pipeline.py","lineno":1,"logger":"py.warnings"}
{"timestamp":"2026-02-08T15:57:21.959829Z","level":"warning","event":"The `airflow.operators.python.BranchPythonOperator` attribute is deprecated. Please use `'airflow.providers.standard.operators.python.BranchPythonOperator'`.","category":"DeprecatedImportWarning","filename":"/opt/airflow/dags/branch_pipeline.py","lineno":2,"logger":"py.warnings"}
{"timestamp":"2026-02-08T15:57:21.960014Z","level":"warning","event":"The `airflow.operators.bash.BashOperator` attribute is deprecated. Please use `'airflow.providers.standard.operators.bash.BashOperator'`.","category":"DeprecatedImportWarning","filename":"/opt/airflow/dags/branch_pipeline.py","lineno":3,"logger":"py.warnings"}
